Experiment,Model,Path,sector_1,sector_2,sector_3,sector_4,sector_5,sector_6,sector_7,sector_8,sector_9,sector_10,sector_11,sector_12,sector_13,sector_14,sector_15,sector_16,sector_17,sector_18,AIS,region_1,region_2,region_3,Amundsen,Ross,FilchnerRonne,Aurora,Wilkes
expAE02,DC_ISSM,/Volumes/FMac/computing/data/antarctica/ismip6/hackathon/ComputedScalarsHelene/expAE02/shelfmelt/computed_shelfmelt_AIS_DC_ISSM_expAE02.nc,587.7858793023389,4509.400097992782,1445.6251103440277,4061.3423497482318,26960.883375186488,342.7169332939205,1075.9650505704205,6142.3333231793895,1820.038169420409,3451.4143505170887,13787.428183811142,124.29841069619063,499.41688501593626,3072.37006381832,1159.7720083106572,201.5789109929187,-956.7269713685819,2215.2377245042617,69667.13341399186,37628.57249320611,31403.511689631505,1037.3291888982737,4061.342684637998,4777.266998459924,40752.923249098305,6142.334098224643,1075.964911887533
expAE02,DOE_MALI_4km,/Volumes/FMac/computing/data/antarctica/ismip6/hackathon/ComputedScalarsHelene/expAE02/shelfmelt/computed_shelfmelt_AIS_DOE_MALI_4km_expAE02.nc,3258.5373785975244,9937.92054236406,5602.579960957418,23601.372821415454,66710.58978410842,629.4006458769088,7155.848837105925,24061.115376789625,4115.250430154556,12792.342193289698,24560.73326142851,346.50090702576557,4327.863820742269,4474.211426431779,5328.587208255492,821.597896791421,391.7667623104644,5933.482250229254,196254.5562691267,101724.2349151702,87296.16228713072,6895.194204856743,23601.371742008043,10266.711024578515,91261.62713017708,24061.11700474238,7155.84902113208
expAE02,DOE_MALI_8km_Ant95,/Volumes/FMac/computing/data/antarctica/ismip6/hackathon/ComputedScalarsHelene/expAE02/shelfmelt/computed_shelfmelt_AIS_DOE_MALI_8km_Ant95_expAE02.nc,4071.011772700749,9226.11052903156,6464.315003161347,66447.5693421306,78675.06822129586,852.2647514358943,7211.4611928638315,24134.83579669956,5692.428181783634,17846.494935346098,33545.47413811635,269.0459834835295,1943.3612901076035,4005.1613734089324,8980.289614517815,886.6714315440428,466.3339007226275,5243.836180621591,279294.0802106433,167192.150292098,103828.34349915451,6494.955667375391,66447.5676251455,8134.032739335184,112254.42178777314,24134.833695897785,7211.461241142735
expAE02,DOE_MALI_8km_AntMean,/Volumes/FMac/computing/data/antarctica/ismip6/hackathon/ComputedScalarsHelene/expAE02/shelfmelt/computed_shelfmelt_AIS_DOE_MALI_8km_AntMean_expAE02.nc,3458.317745306802,9046.60888251126,5429.627847304292,48523.16626054332,73466.92346815635,786.8595538664897,4635.182676820898,19767.949479198018,4882.609795372488,15545.446892714697,30382.356987128485,274.20856452319816,1824.9360765613326,3496.734437202667,7850.049829648804,671.6164372100316,577.5950271075117,5452.179842015658,236406.44358183042,139391.4824269996,90143.28448137626,6510.294040069668,48523.16495823125,9138.354071964233,103861.49243537764,19767.95176252992,4635.183895747427
expAE02,IGE_ElmerIce,/Volumes/FMac/computing/data/antarctica/ismip6/hackathon/ComputedScalarsHelene/expAE02/shelfmelt/computed_shelfmelt_AIS_IGE_ElmerIce_expAE02.nc,706.8754049596888,1428.8415991749198,2041.7857094721285,2104.7677358096403,14712.433644099452,39.48312971992678,535.8159282978604,7799.844886461684,2523.2077473037043,3756.2754456110597,5445.173058157948,335.29062551638435,629.5594406807594,1287.693827733802,2938.5410737112497,233.64631561830387,-1561.2786173281647,1906.6534196309094,47081.16092104551,21399.962959631324,24975.030929086075,485.2820749124637,2104.7682656504326,1437.3024282253768,20141.285370983394,7799.845516368798,535.8157893808002
expAE02,ILTS_SICOPOLIS,/Volumes/FMac/computing/data/antarctica/ismip6/hackathon/ComputedScalarsHelene/expAE02/shelfmelt/computed_shelfmelt_AIS_ILTS_SICOPOLIS_expAE02.nc,3677.5017117988664,21564.949006511764,7728.341910728876,42191.613116246226,141391.91559946648,1452.114673013031,866.7667284461309,26280.665577517706,12115.18540292615,21716.251168215702,49719.42176123416,-35.35452696878376,1248.9846941319195,14458.686356643675,10927.2249120673,-70.2436364291816,619.5749303275412,6796.5148784250705,360264.4648994673,214360.9427565342,139046.61080933968,6872.829762199427,42191.62383359501,20207.920623602273,191050.5447087372,26280.664470828196,866.7672083891443
expAE02,IMAU_UFEMISM1,/Volumes/FMac/computing/data/antarctica/ismip6/hackathon/ComputedScalarsHelene/expAE02/shelfmelt/computed_shelfmelt_AIS_IMAU_UFEMISM1_expAE02.nc,,12772.059536883955,,2523.520757918537,40004.41066450072,,,4493.055283705102,,,22571.28644536714,,,,,,,-24.7494346474365,100147.35666877002,57224.492045685096,42791.91319871635,-2813.7430232127417,2523.52070372844,13977.220492140057,64169.72335113955,4493.055338330118,
expAE02,IMAU_UFEMISM2,/Volumes/FMac/computing/data/antarctica/ismip6/hackathon/ComputedScalarsHelene/expAE02/shelfmelt/computed_shelfmelt_AIS_IMAU_UFEMISM2_expAE02.nc,,19852.016442049524,,,46881.52305923688,,,4703.389594025925,,,23521.838320174145,,,,,,,,112097.11211112962,66709.80625375526,45249.579005302156,,,21551.254072875276,70253.3301849243,4703.389743990584,
expAE02,IMAU_UFEMISM3,/Volumes/FMac/computing/data/antarctica/ismip6/hackathon/ComputedScalarsHelene/expAE02/shelfmelt/computed_shelfmelt_AIS_IMAU_UFEMISM3_expAE02.nc,232.89107378023868,26060.161827965603,,6997.510503801359,74678.8905503723,1534.0256591179727,1525.4545480815968,4067.781800060732,5804.9743685069025,,31782.389554435293,1180.7978710579107,,1500.5666005301523,6028.850790193399,,,,158577.21868152177,101031.82336187045,54380.07493409266,,6997.510555594595,27574.892717957504,105955.7953365056,4067.7818486825176,1525.4546502460094
expAE02,IMAU_UFEMISM4,/Volumes/FMac/computing/data/antarctica/ismip6/hackathon/ComputedScalarsHelene/expAE02/shelfmelt/computed_shelfmelt_AIS_IMAU_UFEMISM4_expAE02.nc,85.51299436127749,27526.306019305495,,5642.899338286937,56397.996362592676,,1908.5939600914694,5641.598315744941,2526.096523540641,,22716.078911538913,876.2882904159859,,,,,,,138274.5542474367,90894.5699878054,43232.39317202408,,5642.8985840897885,28893.69400504121,78616.01077357077,5641.598611672092,1908.594144223697
expAE02,LSCE_GRISLI2,/Volumes/FMac/computing/data/antarctica/ismip6/hackathon/ComputedScalarsHelene/expAE02/shelfmelt/computed_shelfmelt_AIS_LSCE_GRISLI2_expAE02.nc,582.3902985699899,13791.049677587253,1312.477134654594,1237.5099051993934,36513.44201540129,-155.81544860692176,814.0149257176222,3351.410045420624,6395.495733808325,3688.1094019632137,2585.138579810733,392.17084599898834,957.2303439386126,46.54277765363841,1623.5696904596145,384.86572468476237,-1894.8617032592983,850.8793824188871,69578.15777813972,51977.73412478225,19338.80870612233,-1124.184762640795,1237.5095175724873,13157.255019197259,38406.11583274729,3351.4098893730875,814.0152442267363
expAE02,LSCE_GRISLI,/Volumes/FMac/computing/data/antarctica/ismip6/hackathon/ComputedScalarsHelene/expAE02/shelfmelt/computed_shelfmelt_AIS_LSCE_GRISLI_expAE02.nc,1621.1860972691802,38137.95708187969,3609.9761391725733,15468.11890092455,65883.02078905705,1076.1652102197177,2212.4777713174817,16845.388116641858,9545.445239921173,12942.916920234104,11629.768214814416,1210.1750339190503,7150.26291793977,4360.647705501915,3860.7143188481787,949.7202410160465,2637.2273631362764,7389.611347100161,202244.94319470748,117834.77237472382,69474.48195006783,11625.621275951748,15468.11308178238,39132.8046677875,77581.47937009177,16845.385222956837,2212.4776222829637
expAE02,NCAR_CISM1,/Volumes/FMac/computing/data/antarctica/ismip6/hackathon/ComputedScalarsHelene/expAE02/shelfmelt/computed_shelfmelt_AIS_NCAR_CISM1_expAE02.nc,1551.831556768446,4066.502287625114,2617.2520863311815,680.0144353411833,31846.453821818322,636.2272481069016,631.8633613801259,-42.841976521150116,2266.2333959040498,3772.952214612399,14344.553021513428,885.0704226757741,2063.5675090011437,738.1033581691794,1616.6394405430333,1229.7085988474187,-1073.48296531392,3471.2076443274595,70335.24528207057,40734.696793425945,27297.739285659918,2659.4686325480643,680.013828080972,4574.911760709225,46175.397307252184,-42.841987199323796,631.8633742498037
expAE02,NCAR_CISM2,/Volumes/FMac/computing/data/antarctica/ismip6/hackathon/ComputedScalarsHelene/expAE02/shelfmelt/computed_shelfmelt_AIS_NCAR_CISM2_expAE02.nc,4709.222755809425,19544.666566245003,5005.682514253433,16618.068518354714,71532.18296847591,1277.7244350708306,1527.0121242334199,10556.832096747363,8519.146632819615,12933.325705024843,40464.32635331838,452.2616035034841,647.6979652175362,5460.640839223941,3953.3049412604996,708.5520738898156,946.1896383170981,6433.56178050141,209439.7574114934,116272.45702855241,85379.97720151242,7625.7926258575635,16618.072812420847,20669.12630157794,112141.95914179878,10556.838457315393,1527.012031564051
expAE02,NORCE_CISM2-MAR364-ERA-t1,/Volumes/FMac/computing/data/antarctica/ismip6/hackathon/ComputedScalarsHelene/expAE02/shelfmelt/computed_shelfmelt_AIS_NORCE_CISM2-MAR364-ERA-t1_expAE02.nc,1667.196497868074,9000.241623820428,5438.097772020871,13041.338260267945,73030.42927196262,1713.1754676543314,3186.156286140404,14683.669098869716,8872.349188665805,5738.772328034234,41629.5993475683,1317.532102483331,2275.707557941223,4606.669130654793,3677.641060419195,1233.1201916421242,-1549.2980835014914,6333.040658940713,194516.45021104146,101872.13312008252,87900.80746155173,5214.35327946852,13041.340690624787,10742.922320168778,114434.43605860145,14683.671801699424,3186.156238166939
expAE02,NORCE_CISM3-MAR364-ERA-t1-local,/Volumes/FMac/computing/data/antarctica/ismip6/hackathon/ComputedScalarsHelene/expAE02/shelfmelt/computed_shelfmelt_AIS_NORCE_CISM3-MAR364-ERA-t1-local_expAE02.nc,1899.8701527591174,9002.07741632088,2805.2854974264683,3607.8443116246945,34897.96038544255,1783.4322644744484,1041.697712674805,2873.350919187328,4734.247626754855,3545.5000676930404,18709.99893509247,1260.1635125621315,2003.4710887059466,2172.9799863441553,2116.1732665058958,1298.6706331255546,-1210.7691220973875,5105.588435596119,95916.11788849044,51909.71516930688,40250.98253830966,4327.05621155159,3607.843267676273,10734.572835548177,53616.70633398981,2873.350569482581,1041.6977001988848
expAE02,NORCE_CISM3-MAR364-ERA-t1-nonlocal,/Volumes/FMac/computing/data/antarctica/ismip6/hackathon/ComputedScalarsHelene/expAE02/shelfmelt/computed_shelfmelt_AIS_NORCE_CISM3-MAR364-ERA-t1-nonlocal_expAE02.nc,1806.6419978909291,7200.690738610156,3252.890754817959,3751.6056303966125,27414.860578635362,1601.8925986870454,1216.7023003735196,2533.93876360034,4286.212592612489,3126.370838998081,14050.949454315209,1238.935713063001,1984.2335580728163,1938.6904555244278,1983.710305859005,1273.5717944476828,-1045.136871891842,5416.899427988066,80563.10746328291,42945.815967396906,33183.107881977274,4609.507895456584,3751.6060001429223,8563.275921907498,41489.57612819503,2533.938969586589,1216.702610618072
expAE02,NORCE_CISM3-MAR364-ERA-t1,/Volumes/FMac/computing/data/antarctica/ismip6/hackathon/ComputedScalarsHelene/expAE02/shelfmelt/computed_shelfmelt_AIS_NORCE_CISM3-MAR364-ERA-t1_expAE02.nc,2664.8026595074025,8897.273222005384,5146.448315409651,19735.28205223507,70824.90563980897,1551.8988726615303,3777.5743746013954,13379.660533710723,11293.026245283618,4880.588043174792,39134.07662497503,1136.3609786696543,2036.071000342378,6508.633816222402,2854.6215339681166,1160.8582919728187,-1227.3701804316088,4850.84013416252,194821.5293210916,105202.05400082967,86338.24237919564,3892.5565478887574,19735.283556320886,10413.291386945031,109880.304382517,13379.660628733634,3777.57345245558
expAE02,NORCE_CISM4-MAR364-ERA-t1-local,/Volumes/FMac/computing/data/antarctica/ismip6/hackathon/ComputedScalarsHelene/expAE02/shelfmelt/computed_shelfmelt_AIS_NORCE_CISM4-MAR364-ERA-t1-local_expAE02.nc,1936.3593558415819,9010.523445028939,4285.508233091817,6769.8393862724815,45894.70819495492,2440.4669961808154,1408.205605650593,5942.755577415479,6312.9318437783895,3711.482672287946,20163.837314086762,1166.0522872687766,2071.999556029208,4235.123835392106,2606.2970312182497,977.785717771215,-1385.9711417814115,3733.6451935841224,119092.78029940867,67406.46573996173,49554.38978115901,2646.506290756355,6769.839136395444,11365.540800243223,66031.6538796853,5942.754088172996,1408.2056389652475
expAE02,NORCE_CISM4-MAR364-ERA-t1-nonlocal,/Volumes/FMac/computing/data/antarctica/ismip6/hackathon/ComputedScalarsHelene/expAE02/shelfmelt/computed_shelfmelt_AIS_NORCE_CISM4-MAR364-ERA-t1-nonlocal_expAE02.nc,2113.3859487975906,6597.0845422358,4503.932743065798,6603.620165855142,34473.03927024987,2545.591832065781,1895.209816855068,5563.064499937222,6096.54141968583,3108.6742006684135,14456.264056700864,1132.299446982251,2155.0511078115323,3705.6925958941997,2446.038932715578,979.6828207699751,-1258.409688613271,4046.236573180102,98401.57399987978,54081.21601268944,41527.50966037017,3035.6309536639737,6603.619593305586,8871.341681544334,48909.13517872544,5563.062959176314,1895.2098413889466
expAE02,NORCE_CISM4-MAR364-ERA-t1,/Volumes/FMac/computing/data/antarctica/ismip6/hackathon/ComputedScalarsHelene/expAE02/shelfmelt/computed_shelfmelt_AIS_NORCE_CISM4-MAR364-ERA-t1_expAE02.nc,1834.7155252169237,6048.434298283602,4740.517110172628,10760.702368702463,66533.93538946981,2024.2907072884118,2040.6705920076997,16164.712936944528,9054.773995670586,2193.507012066928,30194.797427940597,1256.1924332351741,2068.560247855262,3012.613275335808,2657.7263036606982,934.1822601088071,-1676.96558685544,3573.8033872657534,161530.78287972708,89413.49245151892,70427.71047524357,2168.042151308173,10760.701623612229,7982.486425608724,96653.65053207742,16164.714748803584,2040.670534051705
expAE02,NORCE_CISM4-MAR364-JRA-t1,/Volumes/FMac/computing/data/antarctica/ismip6/hackathon/ComputedScalarsHelene/expAE02/shelfmelt/computed_shelfmelt_AIS_NORCE_CISM4-MAR364-JRA-t1_expAE02.nc,1827.6603222967362,9875.632670988745,4784.050743550522,10540.233028175378,71974.83437243267,2979.284839462997,2059.148586681953,17584.98248466864,8232.926132942284,2131.208241367316,30956.931004510137,1191.293305377716,2042.6432408182427,4329.834804067267,2659.083127001217,980.3009354835222,-1268.1140392695443,3680.2401572067033,175066.70187304096,99212.13375391222,73680.9582586427,2750.6775101547128,10540.234294202695,12654.651852045314,102863.95191045164,17584.98170724027,2059.148141645701
expAE02,NORCE_CISM5-MAR364-ERA-t1-local,/Volumes/FMac/computing/data/antarctica/ismip6/hackathon/ComputedScalarsHelene/expAE02/shelfmelt/computed_shelfmelt_AIS_NORCE_CISM5-MAR364-ERA-t1-local_expAE02.nc,2052.744688020002,9140.129168602172,4018.303583155348,7288.657611353206,45321.77561341639,3023.3910898240583,1087.4894982178093,12572.357393831415,5918.209206408549,4743.226376258493,31034.17239833311,724.6109487313349,3679.501676833957,2893.0463100053994,2169.272686499686,1014.0353549335001,-3014.427491651939,3807.470075620571,136354.95332665366,67662.09428874348,67554.01030829726,1581.039060212272,7288.659709760104,12143.132607657153,76080.28123949701,12572.356946995298,1087.489688015042
expAE02,NORCE_CISM5-MAR364-ERA-t1-nonlocal,/Volumes/FMac/computing/data/antarctica/ismip6/hackathon/ComputedScalarsHelene/expAE02/shelfmelt/computed_shelfmelt_AIS_NORCE_CISM5-MAR364-ERA-t1-nonlocal_expAE02.nc,2528.6552477852215,7710.081368041931,3986.904322588533,11807.772698953742,34121.958938324475,2023.9552589444472,955.2787490092442,13708.957645393371,6155.9093014886885,4596.619342059895,21343.829062211167,704.778571588524,3586.8305397961913,2369.554877676128,2252.61962485513,1065.8758016968532,-2481.6228438558155,3909.537745970353,118360.17872812126,59913.78866978406,56645.649536556004,1601.0618618860713,11807.77777777421,9405.131831731262,55567.612701058875,13708.958098853826,955.278756378366
expAE02,NORCE_CISM5-MAR364-ERA-t1,/Volumes/FMac/computing/data/antarctica/ismip6/hackathon/ComputedScalarsHelene/expAE02/shelfmelt/computed_shelfmelt_AIS_NORCE_CISM5-MAR364-ERA-t1_expAE02.nc,2085.3054513350935,8190.686780091293,4035.6078660228395,9371.560604305467,50599.635645652364,2906.355675802806,531.5935720602059,8936.106388487518,6425.683128707797,3200.1221542048497,35447.47421990519,798.2589946397434,3804.637862411646,2691.380341289057,2099.6285392508903,1102.749048361854,-2608.1985198786024,3635.695861717417,142618.39799278032,74892.54982636926,66496.79631830477,1810.3111052455274,9371.559527897933,10975.609418786367,85931.44644435195,8936.105897960784,531.593502329442
expAE02,PIK_PISM,/Volumes/FMac/computing/data/antarctica/ismip6/hackathon/ComputedScalarsHelene/expAE02/shelfmelt/computed_shelfmelt_AIS_PIK_PISM_expAE02.nc,2604.972505367191,3935.0811008291093,10693.177117470099,8665.093546908116,49170.15162535831,900.7590306817356,3192.1344559425766,18749.70879258104,10051.170861985192,8568.435862120667,28738.103065294996,157.5689890116587,2516.329750937559,8245.326664348864,7061.022625422982,443.0103857633151,2561.806502051972,3889.904094654381,169642.92371838173,74861.14899761527,88810.61093412474,6517.529535571523,8665.09331120618,4892.312248112285,78098.10620124344,18749.711474511714,3192.1348904587994
expAE02,UCM_Yelmo,/Volumes/FMac/computing/data/antarctica/ismip6/hackathon/ComputedScalarsHelene/expAE02/shelfmelt/computed_shelfmelt_AIS_UCM_Yelmo_expAE02.nc,2758.411261042924,2651.645806797833,3130.579262221839,2489.234728334895,36214.40528858412,224.94161152794675,840.9865092448424,695.728785526255,2214.773396805582,4359.643824769852,19745.23254446357,396.28462676139185,1936.4246094729651,1513.8995740466335,2774.9751888427054,744.9456810172574,-74.61136149311415,4670.61204095229,86705.1513812384,47783.57275396403,33828.579644306556,5175.664826383562,2489.233785209093,2359.1993678131594,55493.46380721258,695.7287043025481,840.986504800522
expAE02,UCSD_ISSM,/Volumes/FMac/computing/data/antarctica/ismip6/hackathon/ComputedScalarsHelene/expAE02/shelfmelt/computed_shelfmelt_AIS_UCSD_ISSM_expAE02.nc,-505.7519121122664,104.397827348781,65.68979184293562,20110.522232701085,4905.918007492305,41.48014161579153,1395.7870119102809,15461.966958279532,892.8205532759815,872.8749832735748,166.3282630524095,116.44346926303447,363.5569558354756,858.4254097523415,1981.6179663490204,179.88135513545103,-3074.6988425324375,-322.15414549340755,46361.008871269136,27507.296341253783,22343.39955413877,-3187.7692952229586,20110.530827710692,148.1727803802048,4967.336769777117,15461.967194403642,1395.7874515764324
expAE02,ULB_fETISh-KoriBU1,/Volumes/FMac/computing/data/antarctica/ismip6/hackathon/ComputedScalarsHelene/expAE02/shelfmelt/computed_shelfmelt_AIS_ULB_fETISh-KoriBU1_expAE02.nc,2348.925062311948,2712.474387524001,3173.412505761407,9800.943186114977,34243.26077316325,-10.836812086459759,4379.199337088722,7598.560098265304,6158.361250361602,13655.296889156774,15708.760155308662,401.8607182712708,1387.7805789247905,4573.652033775455,9918.213233369095,571.3727964093573,-2403.162546131473,3727.586720210109,117098.5524915053,52056.60649262796,63512.1507157344,1938.0106574441616,9800.94259713002,2781.1300766754484,49931.829208491996,7598.5600330747375,4379.1991290832
expAE02,ULB_fETISh-KoriBU2,/Volumes/FMac/computing/data/antarctica/ismip6/hackathon/ComputedScalarsHelene/expAE02/shelfmelt/computed_shelfmelt_AIS_ULB_fETISh-KoriBU2_expAE02.nc,2079.3763855372245,4147.994920445271,2893.856189849762,59180.7917400837,55652.242681983254,50.297050679058316,2884.1632024884284,6952.17709959562,6181.575735557296,9778.624721621058,19808.987076195976,388.83429341187787,1656.7995488111094,2314.9157458219324,3917.5847521760134,614.15675630396,-2951.185482912802,2587.1699634946726,172350.9984184494,123733.28183644416,54718.688753775576,371.7472110240651,59180.8178213276,2805.9363685363314,75290.92184120676,6952.178428538368,2884.163222699875
expAE02,UNN_Ua,/Volumes/FMac/computing/data/antarctica/ismip6/hackathon/ComputedScalarsHelene/expAE02/shelfmelt/computed_shelfmelt_AIS_UNN_Ua_expAE02.nc,2376.6378753663566,12992.094946714207,2796.3666353678664,7813.1594462013345,54530.08962827567,863.4679571707352,1424.6756592914776,8236.61169631151,5057.21724649072,4146.736255100179,19994.68902723228,-550.5754991068519,107.08394634617241,3407.3529419430843,1935.768526687752,-513.8188641838678,690.8976859617501,2247.437207773432,125706.19613459933,79834.3424023462,44177.603136027145,1344.2381057543353,7813.157780153942,13618.675491101825,74501.07339859905,8236.610016963503,1424.675472047172
expAE02,UTAS_ElmerIce,/Volumes/FMac/computing/data/antarctica/ismip6/hackathon/ComputedScalarsHelene/expAE02/shelfmelt/computed_shelfmelt_AIS_UTAS_ElmerIce_expAE02.nc,1250.7933206141242,5415.089239690937,1629.5041778276943,243.15313508797522,24763.856193992142,206.61493041911552,1005.6643911079096,4850.028218947311,1525.3527289840974,1471.5003728399288,11347.271171432689,353.2927450572789,1052.881004143301,1256.3330491779557,1364.8731277521947,254.47992669918563,-87.24789982012817,2265.172475871244,59494.91964553931,33290.63286293755,24421.354169954757,1797.5806497047124,243.1531329827808,5553.285682046573,36109.30894620171,4850.027652711128,1005.6643480373444
expAE02,VUB_AISMPALEO,/Volumes/FMac/computing/data/antarctica/ismip6/hackathon/ComputedScalarsHelene/expAE02/shelfmelt/computed_shelfmelt_AIS_VUB_AISMPALEO_expAE02.nc,,14287.728933222634,,,36647.16141600216,4364.419101140842,,,9143.997333930069,,27591.474560993498,853.3723911217442,,,2551.128600953286,979.1974328122673,,,92336.55321225696,52591.249175653356,43177.331065787694,-3046.448108125065,,18640.85846459971,64269.85799839499,,
expAE02,VUW_PISM1,/Volumes/FMac/computing/data/antarctica/ismip6/hackathon/ComputedScalarsHelene/expAE02/shelfmelt/computed_shelfmelt_AIS_VUW_PISM1_expAE02.nc,6250.419307668392,22478.354440624847,8057.339545101777,10940.330019741192,135932.45870264166,-254.0116712154662,1947.207376392906,15186.37502707825,10956.94092866359,12017.835466237528,32774.54437281056,156.83987058254257,3822.219994960795,11322.458103630157,14801.342348316888,361.0166331719886,-170.81575678859735,8895.530320485841,295586.58028755116,183566.90347582742,102758.56021612433,9199.99389888324,10940.328672114989,21965.474335911236,168344.4949430246,15186.375527537757,1947.207077401177
expAE02,VUW_PISM1_s1,/Volumes/FMac/computing/data/antarctica/ismip6/hackathon/ComputedScalarsHelene/expAE02/shelfmelt/computed_shelfmelt_AIS_VUW_PISM1_s1_expAE02.nc,,,,,,,,,,,,,,,,,,,,,,,,,,,
expAE02,VUW_PISM1_s2,/Volumes/FMac/computing/data/antarctica/ismip6/hackathon/ComputedScalarsHelene/expAE02/shelfmelt/computed_shelfmelt_AIS_VUW_PISM1_s2_expAE02.nc,5912.461638719734,19389.55575448584,8343.360924465927,6880.63264066691,122916.70882531465,4.759195220645552,450.1876686987082,8251.998203645458,9637.369753811887,8975.921133901225,29733.938908251817,34.37616432073416,3730.182093917598,9128.29511881129,14004.581553446184,281.6778549049969,-302.925902101083,8049.826203824859,255633.01842595224,163307.14124606553,84166.87425825548,8158.467065753287,6880.628968937417,19230.00814150498,152535.53366386972,8251.996072729908,450.1880351250679
expAE02,VUW_PISM1_s3,/Volumes/FMac/computing/data/antarctica/ismip6/hackathon/ComputedScalarsHelene/expAE02/shelfmelt/computed_shelfmelt_AIS_VUW_PISM1_s3_expAE02.nc,5702.590807386824,14290.42058520717,7691.04062148282,14500.524723409966,105131.43857653231,1388.7529842685635,3361.287961317854,11732.615702113513,10022.457951520391,11405.256820564411,27773.805793471198,731.172594027068,3635.3041398246164,9442.8953351595,13466.86807060808,338.4392622952263,-424.5583345083039,7236.925256306393,246882.35908737738,146681.10240057076,93094.09156530454,7162.517420231593,14500.520975355885,15721.865573509549,132450.24132780026,11732.615960529474,3361.2877227322037
expAE02,VUW_PISM1_s4,/Volumes/FMac/computing/data/antarctica/ismip6/hackathon/ComputedScalarsHelene/expAE02/shelfmelt/computed_shelfmelt_AIS_VUW_PISM1_s4_expAE02.nc,7140.683737246014,28529.922563554977,7791.838119148507,21590.624254730727,144278.30664731094,1484.2602016651153,1113.1229020361502,15672.150902986525,11750.93149460021,12809.049110168848,39579.65177822393,570.1449450366091,3846.3428148044195,11326.190616736327,15912.7545373715,403.37269158991114,-49.27799990408448,9722.953448903016,333324.4395000587,208665.42272439745,114622.62015943616,10012.208865935827,21590.632907917854,29908.579621965844,183212.9063716132,15672.151903268485,1113.1233632377441
expAE02,VUW_PISM2,/Volumes/FMac/computing/data/antarctica/ismip6/hackathon/ComputedScalarsHelene/expAE02/shelfmelt/computed_shelfmelt_AIS_VUW_PISM2_expAE02.nc,14189.601381088061,25367.662655045413,11654.865792780663,42077.68167381502,161177.61064932344,-161.32697814250423,3863.010266213854,19236.57580067856,13689.387833307217,12469.016060597296,47910.72007581315,584.5033328870124,5323.90868530369,14571.652174523702,25809.02051462847,797.7018445802669,-656.6571260521869,14354.798342050255,394808.21503136854,238011.97770942404,142806.15324456262,14420.550487793405,42077.6694788333,24667.24454655412,206011.63695247966,19236.575255450516,3863.0105881525124
expAE02,VUW_PISM2_s1,/Volumes/FMac/computing/data/antarctica/ismip6/hackathon/ComputedScalarsHelene/expAE02/shelfmelt/computed_shelfmelt_AIS_VUW_PISM2_s1_expAE02.nc,16036.747294688088,29457.430913578086,14285.309337837383,32875.09117835866,176898.30669670022,204.42590960223038,5527.155629125982,25729.463071999176,15798.204029674478,14325.140967656445,47596.82796891313,821.4624551156703,6531.99377176781,17664.274382936586,28865.459499523517,813.5075966918546,-77.03148422735057,15754.22303675403,425299.38923587714,246469.661682849,162627.27205766446,16309.300857374248,32875.09757052159,29021.14515228187,220458.6613301025,25729.46142913831,5527.1545605321635
expAE02,VUW_PISM2_s2,/Volumes/FMac/computing/data/antarctica/ismip6/hackathon/ComputedScalarsHelene/expAE02/shelfmelt/computed_shelfmelt_AIS_VUW_PISM2_s2_expAE02.nc,11528.000078794214,22318.59286232571,11098.513264783247,14805.362468506784,147575.30585510167,-89.60206517177414,3613.602414840327,11533.232184307872,11230.753870263987,9967.959949527947,41959.439081626,711.88123390648,5398.379559290488,13769.17987694462,23480.353917704328,614.8278489948149,-899.892054669983,13209.347739920204,335412.60032553034,201196.98086913305,121211.52397501227,12776.57181079872,14805.36890353664,21792.9161511484,187611.62767565675,11533.23364812299,3613.6007055554805
expAE02,VUW_PISM2_s3,/Volumes/FMac/computing/data/antarctica/ismip6/hackathon/ComputedScalarsHelene/expAE02/shelfmelt/computed_shelfmelt_AIS_VUW_PISM2_s3_expAE02.nc,7476.296265386549,17280.48411467347,10948.699731325676,18342.401502679906,128406.55973675744,1476.0147328038083,5415.185204208941,15184.572358461051,12124.733503323176,12596.867934474118,38308.02755980535,1328.8956571260092,5566.90584508772,15316.54802814812,21908.6065379262,694.928103674647,-180.1134970796627,11960.603282403408,319064.094255475,179235.52461568837,128730.4528115955,12212.411653546598,18342.405869785758,18788.562106787213,163265.43464608194,15184.574023876892,5415.185585958261
expAE02,VUW_PISM2_s4,/Volumes/FMac/computing/data/antarctica/ismip6/hackathon/ComputedScalarsHelene/expAE02/shelfmelt/computed_shelfmelt_AIS_VUW_PISM2_s4_expAE02.nc,14955.254640807969,31119.25793931834,13085.33013746409,61746.91881806634,169567.554700247,1117.5308397720787,5049.392899640479,22487.946469007242,13431.87392096737,12722.793246387253,53837.85056387474,915.4993224883779,5497.776459944702,20610.01398313223,28732.025350582022,913.7854983243617,-253.81239642235641,15672.147803486281,444905.17154176877,265660.29634007043,164304.84121385711,16396.880130659818,61746.901151570026,32249.279661937027,220482.52044894348,22487.946321825864,5049.393105762896
expAE02,IMAU_UFEMISM1,/Volumes/FMac/computing/data/antarctica/ismip6/hackathon/ComputedScalarsHelene/expAE02/shelfmelt/jb_computed_shelfmelt_AIS_IMAU_UFEMISM1_expAE02.nc,,12772.059536883955,,2523.520757918537,40004.41066450072,,,4493.055283705102,,,22571.28644536714,,,,,,,-24.7494346474365,100147.35666877002,57224.492045685096,42791.91319871635,-2813.7430232127417,2523.52070372844,13977.220492140057,64169.72335113955,4493.055338330118,
expAE02,IMAU_UFEMISM2,/Volumes/FMac/computing/data/antarctica/ismip6/hackathon/ComputedScalarsHelene/expAE02/shelfmelt/jb_computed_shelfmelt_AIS_IMAU_UFEMISM2_expAE02.nc,,19852.016442049524,,,46881.52305923688,,,4703.389594025925,,,23521.838320174145,,,,,,,,112097.11211112962,66709.80625375526,45249.579005302156,,,21551.254072875276,70253.3301849243,4703.389743990584,
expAE02,IMAU_UFEMISM3,/Volumes/FMac/computing/data/antarctica/ismip6/hackathon/ComputedScalarsHelene/expAE02/shelfmelt/jb_computed_shelfmelt_AIS_IMAU_UFEMISM3_expAE02.nc,232.89107378023868,26060.161827965603,,6997.510503801359,74678.8905503723,1534.0256591179727,1525.4545480815968,4067.781800060732,5804.9743685069025,,31782.389554435293,1180.7978710579107,,1500.5666005301523,6028.850790193399,,,,158577.21868152177,101031.82336187045,54380.07493409266,,6997.510555594595,27574.892717957504,105955.7953365056,4067.7818486825176,1525.4546502460094
expAE02,IMAU_UFEMISM4,/Volumes/FMac/computing/data/antarctica/ismip6/hackathon/ComputedScalarsHelene/expAE02/shelfmelt/jb_computed_shelfmelt_AIS_IMAU_UFEMISM4_expAE02.nc,85.51299436127749,27526.306019305495,,5642.899338286937,56397.996362592676,,1908.5939600914694,5641.598315744941,2526.096523540641,,22716.078911538913,876.2882904159859,,,,,,,138274.5542474367,90894.5699878054,43232.39317202408,,5642.8985840897885,28893.69400504121,78616.01077357077,5641.598611672092,1908.594144223697
expAE03,DC_ISSM,/Volumes/FMac/computing/data/antarctica/ismip6/hackathon/ComputedScalarsHelene/expAE03/shelfmelt/computed_shelfmelt_AIS_DC_ISSM_expAE03.nc,1029.1731577300275,13858.413889378035,3658.8407327716986,7930.044992255876,19312.85692643795,978.1390041442149,1701.8830223132068,6601.670914726357,1960.5337470022673,5400.25152398267,8348.238473397822,77.12885060075112,-403.86319798391855,1849.6691176770187,1006.958586209631,-25.802421177873157,-4573.434601589908,1464.1562217339995,68607.4415102315,44976.1709337877,28070.71228993106,-3769.9660057927867,7930.0440118165425,14751.418364147888,27724.772276518346,6601.6699819210035,1701.8824581787435
expAE03,DOE_MALI_4km,/Volumes/FMac/computing/data/antarctica/ismip6/hackathon/ComputedScalarsHelene/expAE03/shelfmelt/computed_shelfmelt_AIS_DOE_MALI_4km_expAE03.nc,5454.174796527707,35704.525310066514,6800.0546367739025,94190.82880668296,40506.18085606399,1960.8266192197755,21659.200338972238,24469.592735103404,4214.651331549973,17319.538079431462,14116.154494452465,515.8322000280613,365.13025933610095,2585.44594328237,8300.059374296012,133.5977429372864,-1239.5770390598832,4702.079145302979,278289.74995062297,179618.48945406848,96296.88122957194,3382.601849044754,94190.84163389311,37546.27679635628,54578.99484419757,24469.590647773508,21659.197939509635
expAE03,DOE_MALI_8km_Ant95,/Volumes/FMac/computing/data/antarctica/ismip6/hackathon/ComputedScalarsHelene/expAE03/shelfmelt/computed_shelfmelt_AIS_DOE_MALI_8km_Ant95_expAE03.nc,7267.020837138118,100833.0554129054,9080.66797041419,292321.2366974745,94789.52608627977,2028.7723120532262,28298.244407642087,27189.180276550935,6334.805098414408,25483.458288590056,23384.760489561806,47.18902403213201,1407.7501981591508,2906.5995771323696,14062.189920720411,235.2592403679294,-820.0728387602339,4314.386238228985,594748.1251555276,460674.6256102965,130928.41125581533,4089.5998487000443,292321.2348328872,102559.18024526001,117978.41187041138,27189.17937194949,28298.244844644596
expAE03,DOE_MALI_8km_AntMean,/Volumes/FMac/computing/data/antarctica/ismip6/hackathon/ComputedScalarsHelene/expAE03/shelfmelt/computed_shelfmelt_AIS_DOE_MALI_8km_AntMean_expAE03.nc,3743.5137724764213,70759.3953232366,8471.974487425021,242935.05160699162,71598.8172848651,1893.1545886280603,22819.06926832864,24400.90976905403,5412.3375999999735,23749.191201969723,20301.77353038019,11.629308705123208,1354.1085346708996,1992.649214902345,11978.205213811387,215.28183115494062,-1078.8835836660096,4142.129269318921,481775.7438179485,365652.2694106682,113280.3519880083,3478.775708745957,242935.06359313743,72147.18695434145,91031.34519793747,24400.909180444687,22819.071536477466
expAE03,IGE_ElmerIce,/Volumes/FMac/computing/data/antarctica/ismip6/hackathon/ComputedScalarsHelene/expAE03/shelfmelt/computed_shelfmelt_AIS_IGE_ElmerIce_expAE03.nc,363.69561980407434,6869.985569629238,1410.647307008128,5140.29739719021,11050.70960130207,745.3288354476791,2661.1963606355666,7630.201996442561,3454.8385377126724,4247.392097644421,3675.5153169256255,961.1609121249636,-534.4972723886874,116.45155597022108,3027.752114983926,122.860607511772,-4862.071703694527,-851.121732194254,43111.59695970851,24240.497414929287,25012.10141435812,-6002.014983145775,5140.297767320118,7549.951088645695,14669.076209058268,7630.201517646541,2661.1959014811146
expAE03,ILTS_SICOPOLIS,/Volumes/FMac/computing/data/antarctica/ismip6/hackathon/ComputedScalarsHelene/expAE03/shelfmelt/computed_shelfmelt_AIS_ILTS_SICOPOLIS_expAE03.nc,9113.996454990542,140709.0111800076,10308.409956045236,117075.33357224798,118165.36566406339,3989.2552504327896,4489.03758284403,27263.13726089565,13950.311828554017,33231.99051252719,35707.77260962524,-94.51257241808526,-228.81883893042937,13140.549299844293,17900.551403907168,-129.8703613115053,-240.53993994606913,11409.345599548486,562310.1779462752,400650.5058665558,150446.7308197976,11253.643517064858,117075.31745011066,144671.74053415493,153721.84758812562,27263.139811147517,4489.0358234573105
expAE03,IMAU_UFEMISM1,/Volumes/FMac/computing/data/antarctica/ismip6/hackathon/ComputedScalarsHelene/expAE03/shelfmelt/computed_shelfmelt_AIS_IMAU_UFEMISM1_expAE03.nc,,27606.466033789242,,,37638.61010543569,,,,,,23970.31860984289,,,,,,,-3310.857820499285,103483.7141456575,68744.17159606224,37763.094645295896,-6508.497507977693,,27714.610232949457,61599.66071236526,,
expAE03,IMAU_UFEMISM2,/Volumes/FMac/computing/data/antarctica/ismip6/hackathon/ComputedScalarsHelene/expAE03/shelfmelt/computed_shelfmelt_AIS_IMAU_UFEMISM2_expAE03.nc,,40755.13270070005,,,43377.798473470466,,,,,,21866.745614358842,,,,,,,,115274.87507034474,83763.4093441396,34770.41354662611,,,41693.27119252413,63963.44832435143,,
expAE03,IMAU_UFEMISM3,/Volumes/FMac/computing/data/antarctica/ismip6/hackathon/ComputedScalarsHelene/expAE03/shelfmelt/computed_shelfmelt_AIS_IMAU_UFEMISM3_expAE03.nc,-163.84542435929808,60578.31644633835,,6129.50781758873,67416.6043912009,,2131.9371194391647,,7928.744367583817,2851.1426115593877,28902.07806736167,,,,4796.22215783321,,,,184481.83097093343,133263.14531060398,49521.76209256453,,6129.507324470356,62943.28221578062,94612.66710230231,,2131.9369226828294
expAE03,IMAU_UFEMISM4,/Volumes/FMac/computing/data/antarctica/ismip6/hackathon/ComputedScalarsHelene/expAE03/shelfmelt/computed_shelfmelt_AIS_IMAU_UFEMISM4_expAE03.nc,-296.09936217247497,54789.66340807339,,4813.916499800126,49950.52731835678,1565.233692925156,670.3675708337548,,6593.49434242042,2715.111991799879,20202.48480386267,,-1969.3734527672805,,4168.768405062224,,,,154098.05323869502,114198.54010535478,40504.04869142817,,4813.916880631941,56629.82699451085,69461.1872890289,,670.3673848871881
expAE03,LSCE_GRISLI2,/Volumes/FMac/computing/data/antarctica/ismip6/hackathon/ComputedScalarsHelene/expAE03/shelfmelt/computed_shelfmelt_AIS_LSCE_GRISLI2_expAE03.nc,290.40243220311163,42976.50822063217,-455.26562630264834,2043.3289545651187,32443.673744195967,-834.6832676826284,607.9046182465936,2755.1740338027435,5732.465998781125,6834.450476984529,1969.0157329110948,297.0373036206927,-960.1426592502933,-3078.460882113955,1306.8169073765507,3.474573393309697,-5724.898072650094,-2908.410652410912,78894.01639012166,76029.87667053573,14751.632208138126,-8098.746205066373,2043.3279140351306,42063.908697388746,33475.81910245665,2755.174150083169,607.9046082886066
expAE03,LSCE_GRISLI,/Volumes/FMac/computing/data/antarctica/ismip6/hackathon/ComputedScalarsHelene/expAE03/shelfmelt/computed_shelfmelt_AIS_LSCE_GRISLI_expAE03.nc,9970.29500144858,89891.25573673246,14639.765670680972,83324.05870053168,54424.78833863222,1464.9163142394962,2394.5354389752297,17922.301672319412,10367.324112009455,18251.150567859786,13381.93164209519,1355.515281360159,4746.162699426153,6556.016737027089,15972.434282698161,1002.6531567240794,-1934.8421345102051,12325.723124289623,347048.8030793947,248949.5830154327,93515.7099087662,12959.339510287607,83324.0882934967,91328.01186468873,65895.70670872676,17922.303444153644,2394.535902436669
expAE03,NCAR_CISM1,/Volumes/FMac/computing/data/antarctica/ismip6/hackathon/ComputedScalarsHelene/expAE03/shelfmelt/computed_shelfmelt_AIS_NCAR_CISM1_expAE03.nc,1134.5475995633076,15346.549303998636,3084.0983499630584,6114.7641938082825,20637.93319219321,1496.880666595628,1315.2639643900984,-1494.7581524291704,2106.3964018284005,4015.8372966188595,7368.534967639596,598.2471542508562,-1040.8640620587857,-1395.9720130232638,2030.9259775627077,192.3421566145263,-6069.717674538759,-526.7455919569315,54993.30617155841,45974.13711729265,16475.69877322045,-6419.06756938575,6114.766711327228,16682.264711975764,27975.123796613596,-1494.75810630639,1315.2641157536864
expAE03,NCAR_CISM2,/Volumes/FMac/computing/data/antarctica/ismip6/hackathon/ComputedScalarsHelene/expAE03/shelfmelt/computed_shelfmelt_AIS_NCAR_CISM2_expAE03.nc,11142.787480089726,63689.11066144819,15073.564054596678,83845.98549199858,49097.684054717756,4441.869093740983,10456.27794260098,23994.94035795791,13098.25532925038,36718.24276030368,28389.95016204507,1800.6406542258114,1774.0419343611816,6155.149825103346,13616.803791021808,481.1717293873212,772.151723524389,13034.807731243489,381216.8039829263,223179.49682476,140397.56610607862,14200.245091156034,83846.022589065,67848.90048672167,77359.18786712484,23994.94055648051,10456.275348414863
expAE03,NORCE_CISM2-MAR364-ERA-t1,/Volumes/FMac/computing/data/antarctica/ismip6/hackathon/ComputedScalarsHelene/expAE03/shelfmelt/computed_shelfmelt_AIS_NORCE_CISM2-MAR364-ERA-t1_expAE03.nc,713.2174678802444,48797.58973941982,12108.894194873363,45019.96375251886,62064.74090384072,14976.536233247602,4068.0209627364798,20454.931391205788,10618.358667668766,11906.850852455664,29889.607523211915,1019.5057055752903,26.79002489060406,3052.650983927998,8175.058525398359,643.4521999080962,-4859.113142741009,4189.699006542413,265979.8992890569,162059.19740602406,105345.26932705355,-151.24784627051486,45019.96320505696,63795.707564195,91897.8836962863,20454.931711510573,4068.021112008338
expAE03,NORCE_CISM3-MAR364-ERA-t1-local,/Volumes/FMac/computing/data/antarctica/ismip6/hackathon/ComputedScalarsHelene/expAE03/shelfmelt/computed_shelfmelt_AIS_NORCE_CISM3-MAR364-ERA-t1-local_expAE03.nc,1632.6834428409675,26051.075817692767,4999.17915985714,14932.201184173227,23633.351125820034,3340.92050824307,1304.6013568288868,3901.699354727618,6883.774346410368,7266.086439407842,11167.955906400894,871.6498668284735,-528.4497729422174,469.35564283602207,3158.1966312992217,198.17020240654793,-5091.993624764864,1175.890063624572,102939.47942154673,69313.93891226538,37734.33041338892,-3597.0347692177247,14932.203396968225,29159.260117342485,34815.34281751481,3901.698732757596,1304.6012736703678
expAE03,NORCE_CISM3-MAR364-ERA-t1-nonlocal,/Volumes/FMac/computing/data/antarctica/ismip6/hackathon/ComputedScalarsHelene/expAE03/shelfmelt/computed_shelfmelt_AIS_NORCE_CISM3-MAR364-ERA-t1-nonlocal_expAE03.nc,1509.312050863191,23953.44067762139,5680.644474540923,13665.4515498351,19070.66383906674,3631.059808666665,1004.139238091521,1966.91519083836,5252.035535229539,6454.102930146957,7125.299035970205,812.2607577145139,-492.8643034269372,275.99884838589765,3307.4770669990094,171.50362193474692,-4189.910943114403,1810.1083170917043,87535.51443021264,62027.53515343965,29305.65174816613,-2717.385541949093,13665.449395543343,27394.011300969174,26376.978007324404,1966.9153082019002,1004.1392735474459
expAE03,NORCE_CISM3-MAR364-ERA-t1,/Volumes/FMac/computing/data/antarctica/ismip6/hackathon/ComputedScalarsHelene/expAE03/shelfmelt/computed_shelfmelt_AIS_NORCE_CISM3-MAR364-ERA-t1_expAE03.nc,2174.27712970379,40844.565932387566,9620.31110760851,61155.728189927824,58275.98152019884,6602.432549734313,3846.1326839940357,17281.807487742877,11799.02754186909,14926.849709645114,28201.152696246292,477.90910474714366,-205.9946119075249,3707.788658765218,7200.762191773192,92.07414961700769,-4775.566801456271,974.1728976534861,252678.38160671532,163797.70707546978,94532.12856540504,-3928.9205204216128,61155.71633204015,46949.703314560444,86529.9507330566,17281.81024832982,3846.133156389684
expAE03,NORCE_CISM4-MAR364-ERA-t1-local,/Volumes/FMac/computing/data/antarctica/ismip6/hackathon/ComputedScalarsHelene/expAE03/shelfmelt/computed_shelfmelt_AIS_NORCE_CISM4-MAR364-ERA-t1-local_expAE03.nc,1730.533445805095,29785.080452100563,6102.955170001719,16198.363815562872,32558.954423314004,4690.071923001063,1139.1334769115588,9394.860833468965,7859.084429938026,10115.307859831944,13310.479778871526,635.1841941345824,-253.2289518682377,1465.414802055126,3872.4690273098895,198.87651543605784,-4682.294770594939,431.30184385909547,130980.18873783159,84118.77787430318,52038.2675643827,-3986.4965896276008,16198.366214617532,34131.35164327563,45844.23641468324,9394.861712072652,1139.1333385769171
expAE03,NORCE_CISM4-MAR364-ERA-t1-nonlocal,/Volumes/FMac/computing/data/antarctica/ismip6/hackathon/ComputedScalarsHelene/expAE03/shelfmelt/computed_shelfmelt_AIS_NORCE_CISM4-MAR364-ERA-t1-nonlocal_expAE03.nc,1800.5439050038644,25491.275520315918,5398.796351003147,17498.658849072785,24457.69076286867,5034.1869638557655,1529.597841066968,7876.1428252965925,6567.454725603324,9536.023085911445,8337.089865695174,673.8980736105219,-186.31411277418147,1007.3540202346451,3788.556601210682,166.50200182026003,-4361.7997080054,992.1134498729923,112283.28100664655,72766.33635237848,43956.71811975913,-3427.942553988326,17498.66129015216,30277.400908991887,32930.13517757378,7876.142665665395,1529.597788902441
expAE03,NORCE_CISM4-MAR364-ERA-t1,/Volumes/FMac/computing/data/antarctica/ismip6/hackathon/ComputedScalarsHelene/expAE03/shelfmelt/computed_shelfmelt_AIS_NORCE_CISM4-MAR364-ERA-t1_expAE03.nc,1276.218317467465,33764.92360889731,5763.074916616661,38271.53459632233,53469.81877487268,5468.379555285943,1159.9864856185109,20985.554252907794,8554.363725411027,13777.805815667138,21035.894913386815,612.6354186961718,-289.0753364243033,576.8811126625385,7143.737292358188,125.84237987086703,-5387.760331797995,502.51880552390446,199004.36564447437,126609.60005406491,78073.27662025965,-4679.441872766463,38271.53259450038,38796.329821953645,74479.82045781458,20985.554347261856,1159.98708691512
expAE03,NORCE_CISM4-MAR364-JRA-t1,/Volumes/FMac/computing/data/antarctica/ismip6/hackathon/ComputedScalarsHelene/expAE03/shelfmelt/computed_shelfmelt_AIS_NORCE_CISM4-MAR364-JRA-t1_expAE03.nc,1314.9363894760877,37950.13552028149,5674.177172900865,36413.53934632304,57813.89432897471,7420.234695395345,1143.076709042934,22473.548581849776,7568.570608079686,13844.967678148474,21598.45508651097,563.4392844231006,-358.40014307447086,2670.5104335525284,7119.011159819127,158.72096942411065,-5214.698305598968,509.2336769136906,211259.2049808417,133880.56795343297,83032.48450064297,-4508.839372522146,36413.536275004924,44926.636107192535,79354.35782580111,22473.548801172845,1143.076415067651
expAE03,NORCE_CISM5-MAR364-ERA-t1-local,/Volumes/FMac/computing/data/antarctica/ismip6/hackathon/ComputedScalarsHelene/expAE03/shelfmelt/computed_shelfmelt_AIS_NORCE_CISM5-MAR364-ERA-t1-local_expAE03.nc,1648.2056212925886,33959.859927451165,4596.34253975255,12960.431965472731,30431.851088177806,3777.95469182114,543.9382237580838,19669.099245316436,7395.07459875978,10250.184655866886,20984.239000521124,4.708052842836196,1419.7615624266919,2624.9103018334326,4005.0224099560473,465.94134226060544,-5909.2035493673475,380.96607103328324,144921.16766599088,81292.4684179696,70014.42370064078,-4911.666407380658,12960.42844415828,37288.074957087825,50849.6638190161,19669.096568514356,543.9382220127641
expAE03,NORCE_CISM5-MAR364-ERA-t1-nonlocal,/Volumes/FMac/computing/data/antarctica/ismip6/hackathon/ComputedScalarsHelene/expAE03/shelfmelt/computed_shelfmelt_AIS_NORCE_CISM5-MAR364-ERA-t1-nonlocal_expAE03.nc,1494.597991309028,30087.93540930975,6455.0117254994075,23622.38811299683,23525.415322891393,2727.786831961803,347.43983345753963,16068.04708135258,6762.325608125055,11930.990297156479,12679.657975923263,25.258338571813283,1254.704643210926,3613.6886632469086,4687.281000709577,549.5751367063021,-5974.500788104098,1325.6411566839436,138121.42513820596,82711.15268461825,60013.013226431955,-4033.7790853474517,23622.38770487031,32559.195023059656,36277.67528044146,16068.048481521448,347.43986069015637
expAE03,NORCE_CISM5-MAR364-ERA-t1,/Volumes/FMac/computing/data/antarctica/ismip6/hackathon/ComputedScalarsHelene/expAE03/shelfmelt/computed_shelfmelt_AIS_NORCE_CISM5-MAR364-ERA-t1_expAE03.nc,1357.264508678082,31569.799615685206,5792.975480525411,25240.128923453653,41997.56786118693,3997.1835367916838,498.11447013164326,14662.328491977147,7071.199540418622,10743.187484145328,24215.692935245064,200.24367648521456,411.2251868218318,393.6631570440568,3234.0409615919543,515.6840545745473,-5217.364001797313,251.00474794120407,165096.1590364812,105156.99968558112,65476.64812826022,-4443.642300985845,25240.126773558008,34692.94750076363,66219.37593361939,14662.33032274032,498.1144621116964
expAE03,PIK_PISM,/Volumes/FMac/computing/data/antarctica/ismip6/hackathon/ComputedScalarsHelene/expAE03/shelfmelt/computed_shelfmelt_AIS_PIK_PISM_expAE03.nc,2332.6951406562766,37542.45916854001,14577.931995219835,23094.65099060133,36997.8046064495,4213.285467625976,7556.947597416489,23067.927502283288,27545.574148250453,8693.50963311349,22346.26288152204,510.3723890432902,441.3754195877535,7558.9289062380985,6968.508023396747,1080.2459419403299,241.2843080417788,2174.8608225818143,223029.15601785138,114302.7986249402,107582.80923699356,1919.5885389113955,23094.648094936198,41682.42697815746,59185.4114900867,23067.928658925637,7556.947597835242
expAE03,UCM_Yelmo,/Volumes/FMac/computing/data/antarctica/ismip6/hackathon/ComputedScalarsHelene/expAE03/shelfmelt/computed_shelfmelt_AIS_UCM_Yelmo_expAE03.nc,5150.658683755328,12674.08611891754,8264.215473056796,5269.815350315019,24036.786028028862,1204.752686321296,507.5034335631252,-873.9608692426949,2154.6902657199994,8149.646003826092,13401.386234381673,848.6963018645897,1330.4313435404536,812.8227100300201,4945.125340795214,254.40985034155665,14.57823686071788,7736.706738079901,89852.25038846792,52954.17197176787,33590.23075472892,4696.537448436349,5269.815062670465,13898.27391872545,36685.2748789261,-873.9605773710009,507.5034007875329
expAE03,UCSD_ISSM,/Volumes/FMac/computing/data/antarctica/ismip6/hackathon/ComputedScalarsHelene/expAE03/shelfmelt/computed_shelfmelt_AIS_UCSD_ISSM_expAE03.nc,-1771.946454239037,8776.48723127396,-1843.5757053605646,83599.772234034,6233.690138331837,398.7386636420249,4542.8735819799695,13282.116125685847,3227.1261138613077,2180.8284256287593,2827.380708316401,465.3929000752394,690.4155458050875,2309.4693097474596,3954.9175924742126,-117.69583911139732,-4108.947663951669,-1938.1430098597177,121158.74827375342,93853.49780165264,33901.87482382265,-6189.1384702986525,83599.76443591817,9180.983132562036,9538.463195487708,13282.117160921705,4542.8730410355565
expAE03,ULB_fETISh-KoriBU1,/Volumes/FMac/computing/data/antarctica/ismip6/hackathon/ComputedScalarsHelene/expAE03/shelfmelt/computed_shelfmelt_AIS_ULB_fETISh-KoriBU1_expAE03.nc,4648.8455155797865,24593.099112357813,7529.653490352218,60748.92759607348,32891.90276511814,1393.0084645720194,24289.928137075953,10865.998698570453,10162.673855039964,17321.598354465717,15405.49055066933,189.69710470403902,-514.2232851400079,3090.0972370982713,16536.873875570378,-104.46077216185367,-1578.7910807410763,2696.2055889497506,221825.34251825724,126583.97660552111,98276.0796882229,881.0411911128576,60748.91914993402,25829.935702830076,48001.37699183752,10865.999992087356,24289.922158746704
expAE03,ULB_fETISh-KoriBU2,/Volumes/FMac/computing/data/antarctica/ismip6/hackathon/ComputedScalarsHelene/expAE03/shelfmelt/computed_shelfmelt_AIS_ULB_fETISh-KoriBU2_expAE03.nc,5262.510948412341,29948.39159535493,8614.889977756297,266960.79053056124,62098.11287763304,1484.6634343414535,6317.7429581404795,10607.117203716542,9348.230238910006,18669.212353856958,12407.357408331383,123.92771154519274,-6.804715886394206,1279.519032383989,8276.675289603716,32.10365897260557,-1837.245313866145,1275.405348968627,431490.90392316406,362804.431670791,67476.47387860208,-1249.247352305418,266960.7707300398,30677.942551910586,73307.82187895168,10607.117749617031,6317.739138340636
expAE03,UNN_Ua,/Volumes/FMac/computing/data/antarctica/ismip6/hackathon/ComputedScalarsHelene/expAE03/shelfmelt/computed_shelfmelt_AIS_UNN_Ua_expAE03.nc,3001.729620862643,29873.283105253144,4060.3187395626196,25104.396948616253,41087.94948383879,1814.4339464025975,2372.2524367217056,8599.625695498402,6354.378550055475,10012.172220358632,14717.278558901246,33.810540938357576,548.5815488076089,2701.4256056866307,3686.357785981392,-109.15530235113198,298.83695192860523,4138.052171830724,156138.69742103768,101941.50839475374,50753.762614523155,4306.298906242151,25104.38901475091,31528.167298598015,55790.58131447921,8599.626772900481,2372.252338998963
expAE03,UTAS_ElmerIce,/Volumes/FMac/computing/data/antarctica/ismip6/hackathon/ComputedScalarsHelene/expAE03/shelfmelt/computed_shelfmelt_AIS_UTAS_ElmerIce_expAE03.nc,1012.0753972638483,12281.183748287138,1518.6285580812373,934.5435927621656,16760.661800381942,1292.3904924703586,1357.6384458675052,5689.379169605126,2370.191808970035,2192.2825089154885,7395.789806440358,553.6013899241078,-160.7986442226263,-178.30748799945957,1517.3648601373607,158.5466993021048,-2193.8261972620385,172.04438330307198,52729.894129831984,32352.955167069656,22435.14485769249,-2071.253555574651,934.5430408542466,13538.424800879295,24172.56845506234,5689.379287630713,1357.638431437616
expAE03,VUB_AISMPALEO,/Volumes/FMac/computing/data/antarctica/ismip6/hackathon/ComputedScalarsHelene/expAE03/shelfmelt/computed_shelfmelt_AIS_VUB_AISMPALEO_expAE03.nc,,15436.364731523052,-1500.0986841565284,-762.7389510353512,24784.120907190525,5584.142437312764,,,7963.887830940124,-5207.220920700049,19332.438198907457,-1094.84217356694,-1105.7164230137064,,28.05598456167513,297.59732520248826,-5622.233949281008,-3424.6966418927886,64438.74682082618,38609.83485158813,28416.53107013098,-6363.574278662202,-762.7389680505192,20989.263044445503,43915.492500685985,,
expAE03,VUW_PISM1,/Volumes/FMac/computing/data/antarctica/ismip6/hackathon/ComputedScalarsHelene/expAE03/shelfmelt/computed_shelfmelt_AIS_VUW_PISM1_expAE03.nc,18739.194556533756,30692.02632492743,14118.167851940374,25704.781022044415,122722.73456387791,-500.14581461508874,3225.5263275034476,14783.111843549106,10523.80204839988,13245.570415792803,23770.749677767344,24.668838046388643,2674.524879589451,6460.7634899859195,19861.579167818596,325.25351798445354,-1519.3404733615512,16616.04101786807,320010.68093128165,210502.14014721446,94029.05090894955,15923.920465025078,25704.78613311349,29999.12873940659,146536.19545538625,14783.112073668835,3225.5268106991707
expAE03,VUW_PISM1_s1,/Volumes/FMac/computing/data/antarctica/ismip6/hackathon/ComputedScalarsHelene/expAE03/shelfmelt/computed_shelfmelt_AIS_VUW_PISM1_s1_expAE03.nc,21886.13767205199,35616.62343585086,15083.297569292048,31796.46186432788,136221.27690610132,-13.42315689635916,3242.6829032789697,20965.782979800424,14875.018609353723,13457.555346534533,28151.77390196652,295.50364706499175,3094.440997207371,9754.209419975232,20979.444036871457,287.9338689698493,-1481.172877639861,17547.427385089784,367698.6285656751,237223.30474428186,114483.83954828806,16625.826765698137,31796.461162348514,35635.33108575401,163671.99882197296,20965.787270890432,3242.6833953961795
expAE03,VUW_PISM1_s2,/Volumes/FMac/computing/data/antarctica/ismip6/hackathon/ComputedScalarsHelene/expAE03/shelfmelt/computed_shelfmelt_AIS_VUW_PISM1_s2_expAE03.nc,16691.416292164817,26511.174833306697,14754.254784501916,15728.397938931364,108514.29613868936,462.33685632027755,1480.13181511035,7589.3049214687035,9764.845413976655,10323.223275916775,22047.795431070983,59.779935112312586,2915.048118699704,6142.982156957283,16621.221330478438,174.85687455857666,-1633.1164508098345,14925.345928501905,272796.56321824424,181546.07221439248,77727.65796648503,13772.595331490631,15728.402145818258,27006.6497711558,130560.13607063449,7589.304048201404,1480.1318980236085
expAE03,VUW_PISM1_s3,/Volumes/FMac/computing/data/antarctica/ismip6/hackathon/ComputedScalarsHelene/expAE03/shelfmelt/computed_shelfmelt_AIS_VUW_PISM1_s3_expAE03.nc,14916.318884092112,17039.402108985734,12924.99072303892,14266.189981130072,90399.56613753288,1141.3901308432853,1697.0565732147788,17594.338296961316,9640.890062215043,8738.677245233856,20433.895029241427,698.5158507735221,2383.603847064888,5506.434136315678,16886.870356930005,230.28558850216874,-1975.3107295152122,13375.923107677369,245080.14517399608,149248.08952116914,84197.22410568537,11930.707533549154,14266.193495144442,18061.960245603914,110478.65723759183,17594.33993036426,1697.0565527088593
expAE03,VUW_PISM1_s4,/Volumes/FMac/computing/data/antarctica/ismip6/hackathon/ComputedScalarsHelene/expAE03/shelfmelt/computed_shelfmelt_AIS_VUW_PISM1_s4_expAE03.nc,19278.78767913713,39278.572463324774,14642.886893948775,28841.898983397066,127782.33974264612,1102.6821463136425,4070.4012382731976,21396.858781232928,11597.788198032098,14483.606039749437,31869.84870585288,568.427236648596,3166.347408985449,5696.129557837832,21762.516007313836,353.6905338617696,-1667.8555078405561,17961.483957101707,357431.3699925564,226430.86630961712,114691.18629323272,17106.226003954805,28841.899092845375,40402.062582315906,158926.97815912127,21396.859679462686,4070.400860582414
expAE03,VUW_PISM2,/Volumes/FMac/computing/data/antarctica/ismip6/hackathon/ComputedScalarsHelene/expAE03/shelfmelt/computed_shelfmelt_AIS_VUW_PISM2_expAE03.nc,31372.330321567537,34429.955259705086,22971.30989296922,100288.23566119737,140154.91157546814,-1065.880582149953,2335.4360191389133,22036.668631204382,11419.454748683913,14223.359720892415,34279.10832987292,1446.9112166247626,4818.371685919292,14226.61907009578,26436.058589040946,731.348730133654,-2842.4327282614922,27444.188524632802,479591.6655723512,325580.0622125998,130401.16811346526,25924.96483984787,100288.24098105519,33490.61010595773,173668.0766912621,22036.67001253713,2335.4353839493306
expAE03,VUW_PISM2_s1,/Volumes/FMac/computing/data/antarctica/ismip6/hackathon/ComputedScalarsHelene/expAE03/shelfmelt/computed_shelfmelt_AIS_VUW_PISM2_s1_expAE03.nc,32183.102634000807,42093.962803277755,26525.6637771441,109740.58758842491,154937.98652633143,-936.1584531769465,4942.1240624233615,29661.842480593514,14571.947992223919,14360.827247344143,40023.78679821761,1611.6543059521612,5382.425376657691,22903.288361634295,32207.970004675026,725.8984839640191,-2127.33316421817,28181.41330946363,546320.3150830086,357881.37436958606,165990.58471363116,27229.88962142139,109740.59541190768,41191.330968297705,189983.55461133335,29661.83923017504,4942.122025765242
expAE03,VUW_PISM2_s2,/Volumes/FMac/computing/data/antarctica/ismip6/hackathon/ComputedScalarsHelene/expAE03/shelfmelt/computed_shelfmelt_AIS_VUW_PISM2_s2_expAE03.nc,28001.74255402291,29872.33700150661,20463.62033525681,92773.39707790644,129370.27355593583,-914.4197101296122,3598.0583576678,14150.179746173904,10992.8784288475,10491.967681370106,30860.51732901181,1480.5615026098003,4321.721495157081,8708.180267542788,24607.166592490164,505.1589432972666,-2776.7889732200374,26272.851297670306,429039.6668452834,297913.3698384586,108377.29849586147,24976.948792258972,92773.39084591478,29063.273210708852,158178.10652892193,14150.18141121469,3598.0579026993637
expAE03,VUW_PISM2_s3,/Volumes/FMac/computing/data/antarctica/ismip6/hackathon/ComputedScalarsHelene/expAE03/shelfmelt/computed_shelfmelt_AIS_VUW_PISM2_s3_expAE03.nc,26480.842042864577,23155.81306422157,16595.96561206498,32513.824973268725,110974.89595951981,1555.07026642514,4073.948233120538,16585.8121384236,10802.05088635975,10596.641333158102,29498.701184593112,2085.5886411117,4425.1889240911905,12533.96825087554,23195.74770511159,592.4476045874462,-2596.2109612077656,24278.59544980357,341048.79464814335,203581.60968235577,115722.76874484376,23289.195220108762,32513.8290448603,24731.163238616104,139020.00471777405,16585.813751756228,4073.9467241321163
expAE03,VUW_PISM2_s4,/Volumes/FMac/computing/data/antarctica/ismip6/hackathon/ComputedScalarsHelene/expAE03/shelfmelt/computed_shelfmelt_AIS_VUW_PISM2_s4_expAE03.nc,31731.41470348865,44208.0370155515,25335.99232540174,126335.82016740527,146145.45897600867,1384.3818964000316,4450.500174282886,26228.64694421665,12884.068990702057,11943.606644747473,42411.69740307868,1742.8885099270756,4760.008270615533,12625.573303660729,27995.37118668032,838.3515047355781,-2615.109513074246,28296.97090796602,535495.9757205886,366508.3264375292,146540.49395652598,27315.86765588996,126335.8278749428,45627.58514949928,186900.13511493703,26228.644289826796,4450.497675086506
expAE03,IMAU_UFEMISM1,/Volumes/FMac/computing/data/antarctica/ismip6/hackathon/ComputedScalarsHelene/expAE03/shelfmelt/jb_computed_shelfmelt_AIS_IMAU_UFEMISM1_expAE03.nc,,27606.466033789242,,,37638.61010543569,,,,,,23970.31860984289,,,,,,,-3310.857820499285,103483.7141456575,68744.17159606224,37763.094645295896,-6508.497507977693,,27714.610232949457,61599.66071236526,,
expAE03,IMAU_UFEMISM2,/Volumes/FMac/computing/data/antarctica/ismip6/hackathon/ComputedScalarsHelene/expAE03/shelfmelt/jb_computed_shelfmelt_AIS_IMAU_UFEMISM2_expAE03.nc,,40755.13270070005,,,43377.798473470466,,,,,,21866.745614358842,,,,,,,,115274.87507034474,83763.4093441396,34770.41354662611,,,41693.27119252413,63963.44832435143,,
expAE03,IMAU_UFEMISM3,/Volumes/FMac/computing/data/antarctica/ismip6/hackathon/ComputedScalarsHelene/expAE03/shelfmelt/jb_computed_shelfmelt_AIS_IMAU_UFEMISM3_expAE03.nc,-163.84542435929808,60578.31644633835,,6129.50781758873,67416.6043912009,,2131.9371194391647,,7928.744367583817,2851.1426115593877,28902.07806736167,,,,4796.22215783321,,,,184481.83097093343,133263.14531060398,49521.76209256453,,6129.507324470356,62943.28221578062,94612.66710230231,,2131.9369226828294
expAE03,IMAU_UFEMISM4,/Volumes/FMac/computing/data/antarctica/ismip6/hackathon/ComputedScalarsHelene/expAE03/shelfmelt/jb_computed_shelfmelt_AIS_IMAU_UFEMISM4_expAE03.nc,-296.09936217247497,54789.66340807339,,4813.916499800126,49950.52731835678,1565.233692925156,670.3675708337548,,6593.49434242042,2715.111991799879,20202.48480386267,,-1969.3734527672805,,4168.768405062224,,,,154098.05323869502,114198.54010535478,40504.04869142817,,4813.916880631941,56629.82699451085,69461.1872890289,,670.3673848871881
expAE04,DC_ISSM,/Volumes/FMac/computing/data/antarctica/ismip6/hackathon/ComputedScalarsHelene/expAE04/shelfmelt/computed_shelfmelt_AIS_DC_ISSM_expAE04.nc,-690.6944672418381,10133.919106256737,2332.7668679777853,5843.088415887792,37083.150821319934,759.451819105681,1065.5255296932392,7535.483815080592,2639.7525419972644,7492.785993216288,20496.095869681503,-13.013766470400697,-648.9511838906474,2788.9626373384513,2729.794429952583,337.32824382272247,-9653.005791554562,-1931.461280346086,80545.43336857762,54133.79249399965,44164.402470082525,-17229.7108201292,5843.08927649395,10716.222395884604,57447.052680538385,7535.483139679507,1065.524623189257
expAE04,DOE_MALI_4km,/Volumes/FMac/computing/data/antarctica/ismip6/hackathon/ComputedScalarsHelene/expAE04/shelfmelt/computed_shelfmelt_AIS_DOE_MALI_4km_expAE04.nc,3532.316788571842,29689.50385578812,6059.721301560827,36298.55324818136,104480.07979921465,2055.3410164375246,11650.905489307523,23972.194970335084,5522.854018328657,22513.490430527927,37313.97278855963,421.58660004170997,2184.228894130042,5761.479948503036,12239.137654848972,1268.3045261942011,-3081.801022963579,4861.7826945225925,306900.9327888382,178373.6510068384,123687.71473462446,3476.6675147085375,36298.55347344249,31714.66436325622,142120.6003331209,23972.191895654993,11650.907728165112
expAE04,DOE_MALI_8km_Ant95,/Volumes/FMac/computing/data/antarctica/ismip6/hackathon/ComputedScalarsHelene/expAE04/shelfmelt/computed_shelfmelt_AIS_DOE_MALI_8km_Ant95_expAE04.nc,3374.5999379208015,37516.591935096134,7152.042712360424,128603.78993495797,120969.25520204742,1737.0534054516397,10447.960526700255,27185.671661418884,7759.392230032651,27204.244118930295,49584.64173580899,146.2309729894535,-898.0684517278901,5706.897265302368,18949.74361228221,1131.1352767027329,-3399.240389243979,2629.048663042162,439976.854214032,288753.66609433613,149728.98661738663,1042.4571698072868,128603.78823070806,39189.41677304791,169679.09834431543,27185.669247150792,10447.954948377599
expAE04,DOE_MALI_8km_AntMean,/Volumes/FMac/computing/data/antarctica/ismip6/hackathon/ComputedScalarsHelene/expAE04/shelfmelt/computed_shelfmelt_AIS_DOE_MALI_8km_AntMean_expAE04.nc,2701.6185255541504,29875.47067090214,7461.834648260319,93492.66163045031,105409.62557336854,1527.0602825812218,8826.357632669035,24138.775515613037,6831.190892180885,28211.129715665,41237.44770695624,174.60622003658366,-1784.0003097334577,5453.400350720605,19121.490040792192,1011.7649821984835,-3389.1066048261773,3173.565886472451,376320.8489512307,238156.0404931098,134729.90092285734,1602.8918698861908,93492.63444208294,31304.166224296874,146766.7664456244,24138.77349158807,8826.355598283651
expAE04,IGE_ElmerIce,/Volumes/FMac/computing/data/antarctica/ismip6/hackathon/ComputedScalarsHelene/expAE04/shelfmelt/computed_shelfmelt_AIS_IGE_ElmerIce_expAE04.nc,-1325.3333887832637,4414.374983673884,1105.8493579506735,2368.2699199976664,16845.255247713314,674.1171603540495,1612.6837263483221,6629.982020849256,2405.247690407588,4613.8944858081995,6355.4632825397075,213.31020483530574,-1885.8260585738326,1061.3532915213643,2508.5185209633664,-51.87779154661496,-5127.991913251976,-1905.6957148000747,36779.3107570763,23352.819081375972,23787.322755013174,-8806.598146726608,2368.2705362580427,4943.856236755659,23141.3397717571,6629.981833809099,1612.6830655026342
expAE04,ILTS_SICOPOLIS,/Volumes/FMac/computing/data/antarctica/ismip6/hackathon/ComputedScalarsHelene/expAE04/shelfmelt/computed_shelfmelt_AIS_ILTS_SICOPOLIS_expAE04.nc,11169.962944742885,116095.31015037242,9980.78285477984,78831.60974401062,197568.68058607643,3888.84806785049,5296.276357223625,29701.669178831944,19077.669702756455,45168.83795251611,76354.86792252422,136.93648844088307,799.082283890656,22605.54099459561,28448.868280777093,1123.3071439526861,,15152.087066158078,651541.147018353,403848.98623643076,231504.32389634638,15345.280956906783,78831.61361230101,119988.18121076425,273100.5712749038,29701.670357794617,5296.276782151985
expAE04,IMAU_UFEMISM1,/Volumes/FMac/computing/data/antarctica/ismip6/hackathon/ComputedScalarsHelene/expAE04/shelfmelt/computed_shelfmelt_AIS_IMAU_UFEMISM1_expAE04.nc,,29906.699950268936,,,46108.50660897967,,,,,,28299.936741590813,,,,,,,,96849.07145770312,79953.01163024118,33972.20728899306,,,30693.022607239043,74317.63324224835,,
expAE04,IMAU_UFEMISM2,/Volumes/FMac/computing/data/antarctica/ismip6/hackathon/ComputedScalarsHelene/expAE04/shelfmelt/computed_shelfmelt_AIS_IMAU_UFEMISM2_expAE04.nc,,36564.52834395091,,,60613.33878439945,,,,,,23388.967590668526,,,,3404.6390237766404,,,,112901.11764380813,92559.49761086928,32573.782039391066,,,38018.52347165022,89846.4345272633,,
expAE04,IMAU_UFEMISM3,/Volumes/FMac/computing/data/antarctica/ismip6/hackathon/ComputedScalarsHelene/expAE04/shelfmelt/computed_shelfmelt_AIS_IMAU_UFEMISM3_expAE04.nc,,51413.63030743725,223.11002597130687,5838.933357781717,89802.06929373513,,,2156.0512333933752,5482.915727635677,4669.9243587411365,43393.07006770571,,-2836.7752473339297,,6112.126934964364,,,,197034.65521664062,143665.4510946834,60703.47493369359,,5838.933544632688,54886.97507695414,132764.62358318313,2156.051215032842,
expAE04,IMAU_UFEMISM4,/Volumes/FMac/computing/data/antarctica/ismip6/hackathon/ComputedScalarsHelene/expAE04/shelfmelt/computed_shelfmelt_AIS_IMAU_UFEMISM4_expAE04.nc,-2250.913763255393,50347.2270544497,-81.3975248445119,6766.067342387476,65789.89483176543,,,4029.365537369548,3979.4102387348394,1474.76446323448,26894.459039754693,,-3155.109276563884,,4224.984189276824,,,,169322.95923072606,131554.49508985196,41866.30273225719,,6766.066101823465,53309.720652558666,88502.60468874546,4029.365632164075,
expAE04,LSCE_GRISLI2,/Volumes/FMac/computing/data/antarctica/ismip6/hackathon/ComputedScalarsHelene/expAE04/shelfmelt/computed_shelfmelt_AIS_LSCE_GRISLI2_expAE04.nc,-730.9197495583348,33074.488426601165,1587.9697731716155,4298.365386477702,44088.29890004202,-710.142678174976,1703.487060925649,1384.742387351971,6199.865941392425,7030.1846054547195,3284.062956601674,1078.7168500341559,-2333.217708970876,-1879.1629726519068,2146.452669561039,554.3312312630324,-9178.950284219229,-6283.048516707467,82613.32067178452,80370.08916834017,18407.602045455104,-16547.657255209746,4298.365628956039,32717.73760329747,47356.20847363805,1384.7420321188667,1703.4871571546987
expAE04,LSCE_GRISLI,/Volumes/FMac/computing/data/antarctica/ismip6/hackathon/ComputedScalarsHelene/expAE04/shelfmelt/computed_shelfmelt_AIS_LSCE_GRISLI_expAE04.nc,19543.891374191815,80182.00442834836,13179.359473870798,42553.28992611793,87788.82651585944,4585.296848860667,10259.906660789584,33288.947898006,12388.640590737083,43427.740919764954,29035.264179197053,3415.67582922338,18687.989328620057,20245.51282159314,31577.119956413702,1817.7947844967673,,30926.69275883921,493586.86694165366,246471.19228258132,219093.9297258606,32113.36842435191,42553.30017980469,84597.78246003565,115847.91825687386,33288.94893477613,10259.906205569332
expAE04,NCAR_CISM1,/Volumes/FMac/computing/data/antarctica/ismip6/hackathon/ComputedScalarsHelene/expAE04/shelfmelt/computed_shelfmelt_AIS_NCAR_CISM1_expAE04.nc,-305.0793506003138,13212.819344224627,2483.930120321845,3410.898984183131,46616.589246948744,2045.2321228389853,268.41305704473234,-3127.073301820107,2882.5905774026655,6640.357691373897,21986.297488262746,417.40108611133655,-418.5700320197925,717.4135945856606,3584.237451098391,924.7182370438111,-10331.442082126672,-730.9246970184649,89031.52279194619,66023.73751375648,35057.73853211963,-9840.991226369044,3410.898863675563,15120.824721002089,68578.58570747661,-3127.0732780236026,268.4130112814063
expAE04,NCAR_CISM2,/Volumes/FMac/computing/data/antarctica/ismip6/hackathon/ComputedScalarsHelene/expAE04/shelfmelt/computed_shelfmelt_AIS_NCAR_CISM2_expAE04.nc,10312.165404933687,52203.40850354433,7844.524135120819,17715.021642077627,96798.6338591199,4568.021113521856,2688.677912828849,14819.970810941013,8563.733338085902,25918.215443402965,56373.860538638306,1470.255565366079,3633.3849394235576,6537.967822085777,10116.013299612068,1979.4894052416687,1007.7467589590058,17319.43289670636,340816.44751739316,180844.64767962956,135464.21604633052,20289.004773635454,17715.023480368247,56722.780496531894,154156.1841062543,14819.964463132157,2688.6785514068297
expAE04,NORCE_CISM2-MAR364-ERA-t1,/Volumes/FMac/computing/data/antarctica/ismip6/hackathon/ComputedScalarsHelene/expAE04/shelfmelt/computed_shelfmelt_AIS_NORCE_CISM2-MAR364-ERA-t1_expAE04.nc,4553.766964199406,38551.13684734846,10742.880449335138,64561.847208353276,102318.4207851422,16692.974111115953,3683.0457069609874,26319.367985866826,15229.556709928072,21765.03637550617,66483.73231220688,2048.221614045281,1749.607706718551,5868.866563812731,12399.091397677263,1514.272721442122,-10274.541375310113,4727.72789343563,372840.3639403425,204085.8624594329,172446.1525281796,-4048.8918353748004,64561.8286951312,55435.72419185178,161821.16413436225,26319.371179648057,3683.0453332168718
expAE04,NORCE_CISM3-MAR364-ERA-t1-local,/Volumes/FMac/computing/data/antarctica/ismip6/hackathon/ComputedScalarsHelene/expAE04/shelfmelt/computed_shelfmelt_AIS_NORCE_CISM3-MAR364-ERA-t1-local_expAE04.nc,1062.2616812616145,19771.026296878976,2825.5014585334843,6046.602637301316,44291.259521480984,4497.032421136086,228.8931357254844,1669.1231874882114,4580.3808501512685,8341.334942105033,25505.97214993171,1017.4212083488945,112.46961564809911,2510.381716039539,4492.142135248697,1894.8932591609318,-10545.882852897372,1562.2713084361199,118480.55985573282,73811.99221397852,53221.796910384975,-7661.891185301854,6046.601191232605,24223.7158939774,69445.6930735191,1669.1220470758353,228.8929843760909
expAE04,NORCE_CISM3-MAR364-ERA-t1-nonlocal,/Volumes/FMac/computing/data/antarctica/ismip6/hackathon/ComputedScalarsHelene/expAE04/shelfmelt/computed_shelfmelt_AIS_NORCE_CISM3-MAR364-ERA-t1-nonlocal_expAE04.nc,1397.3662640492983,20578.588957745393,4271.337355703316,8475.949735584825,42248.17265216543,4792.343282146987,373.89524519013094,2564.690647403393,5528.687077400404,10319.653027988508,24541.591921481704,1077.4189310376123,408.18168425038374,3363.076031449875,5657.587188193678,1609.8802461708008,-10591.930128334528,2283.3876740247542,128178.91920723452,77047.99807963257,58967.56709827822,-7196.670759442118,8475.95192505378,25307.12669457784,66325.37098698913,2564.6909082863986,373.8954827209491
expAE04,NORCE_CISM3-MAR364-ERA-t1,/Volumes/FMac/computing/data/antarctica/ismip6/hackathon/ComputedScalarsHelene/expAE04/shelfmelt/computed_shelfmelt_AIS_NORCE_CISM3-MAR364-ERA-t1_expAE04.nc,5280.865873739925,33642.932107782515,8988.21009707099,58653.16571917797,105417.06223102775,6275.974916804882,3894.3765788294895,20685.17849922118,14760.238205307924,24475.85770505353,57192.987905568865,1267.3499153875698,1156.5322902054277,7645.797265684433,12277.547356263525,1282.8749546209526,-10847.750677882072,3730.583336785685,345906.09827391227,194034.74991360598,152147.13025342007,-6502.95189048047,58653.16777837163,41285.721483996094,161330.62960803154,20685.18077495053,3894.378195273839
expAE04,NORCE_CISM4-MAR364-ERA-t1-local,/Volumes/FMac/computing/data/antarctica/ismip6/hackathon/ComputedScalarsHelene/expAE04/shelfmelt/computed_shelfmelt_AIS_NORCE_CISM4-MAR364-ERA-t1-local_expAE04.nc,766.3952833536518,24328.151444307972,4110.708407477814,10507.616333940836,55683.86767945719,6316.623836802076,896.6678752274051,8663.280268545412,7131.455905862258,12642.379949137545,27729.002977307347,782.7414145821033,1890.515563075415,4784.134847869374,6929.537281582258,635.7790513603613,-10629.711091267078,1758.0437745582449,164356.37965665667,95485.64729712295,77852.73575576236,-7149.46405938086,10507.614994364507,30508.820358566496,83181.46869932843,8663.280440390405,896.6681627044645
expAE04,NORCE_CISM4-MAR364-ERA-t1-nonlocal,/Volumes/FMac/computing/data/antarctica/ismip6/hackathon/ComputedScalarsHelene/expAE04/shelfmelt/computed_shelfmelt_AIS_NORCE_CISM4-MAR364-ERA-t1-nonlocal_expAE04.nc,936.2668458448557,23787.24616536603,4805.043928283534,13185.59845006917,53177.029412729156,6928.888443547482,1053.4507625084725,10269.246232014677,8016.016394793397,14516.325281424462,26599.11884422216,593.1123361701773,2152.0918142221685,5129.526575341178,8376.573881260405,719.1629111518121,-11406.690657300715,2239.057650333769,172068.19079786813,96504.6962609237,83589.6057312462,-6641.691820990169,13185.600066273168,30603.972304385672,79314.362555826,10269.246357510798,1053.4501783861815
expAE04,NORCE_CISM4-MAR364-ERA-t1,/Volumes/FMac/computing/data/antarctica/ismip6/hackathon/ComputedScalarsHelene/expAE04/shelfmelt/computed_shelfmelt_AIS_NORCE_CISM4-MAR364-ERA-t1_expAE04.nc,3052.130126266111,31803.07598639607,5386.639958585052,32992.56033491619,114635.17998724277,7196.866905795014,2464.14645968241,26642.228124321075,11533.808845765847,21176.16452752101,48700.801197099,1345.632360447285,2342.9825597687786,4675.230075222737,12258.259312671309,1386.5383810489827,-10706.166191398639,2768.1613068917823,311661.0696558408,172979.25690272968,139193.93973055575,-7774.664629721693,32992.56556112936,39949.63394137699,164855.95213106566,26642.23165214153,2464.146680050643
expAE04,NORCE_CISM4-MAR364-JRA-t1,/Volumes/FMac/computing/data/antarctica/ismip6/hackathon/ComputedScalarsHelene/expAE04/shelfmelt/computed_shelfmelt_AIS_NORCE_CISM4-MAR364-JRA-t1_expAE04.nc,3177.750926680137,35613.72297777537,5246.972325274101,33667.67041041986,123748.204591193,9251.848295115897,2388.264368529056,28663.51501526175,10731.826735846593,20886.968634130164,50453.88390998024,1307.2404635981902,2358.968664491385,7356.172956180522,11907.961516013002,1386.372819265392,-10794.528799514337,2650.1645153728564,332283.5155324043,186094.61561490654,146423.0257591557,-7930.452793489634,33667.66429739026,45715.48178441948,175961.8731648377,28663.512847899834,2388.26407012446
expAE04,NORCE_CISM5-MAR364-ERA-t1-local,/Volumes/FMac/computing/data/antarctica/ismip6/hackathon/ComputedScalarsHelene/expAE04/shelfmelt/computed_shelfmelt_AIS_NORCE_CISM5-MAR364-ERA-t1-local_expAE04.nc,2284.2265191361757,26479.71966767391,4675.638344721617,13384.513572406533,63970.77282573381,3920.1459492103104,1495.2219237017189,25051.32883372446,7311.026985913868,25522.143936486395,44708.26454651791,-968.3659937095254,6894.311898430906,9044.267628104963,10986.802140241842,-217.06085751412576,-11490.647481899548,6085.849017880371,238321.12805983165,111732.23403252191,132235.46554826235,-10269.06355301222,13384.516135570448,29800.64322812351,109423.75142417978,25051.332312419676,1495.2223609357607
expAE04,NORCE_CISM5-MAR364-ERA-t1-nonlocal,/Volumes/FMac/computing/data/antarctica/ismip6/hackathon/ComputedScalarsHelene/expAE04/shelfmelt/computed_shelfmelt_AIS_NORCE_CISM5-MAR364-ERA-t1-nonlocal_expAE04.nc,3203.3602009505194,27262.865414723405,7216.298639867261,21220.746766336,61851.848039153716,3437.538913681279,1613.1652954761757,24862.442639056975,6658.573512539857,25229.233465076057,43263.19893226138,-821.3364523931353,7220.884502422703,9849.97591670959,11962.000986453155,364.3403825309273,-18146.968352370342,5225.056398440215,249486.49858733808,123463.64236336347,131582.2436298841,-11004.097375753507,21220.739579722882,29927.251163556917,105527.11840923202,24862.444840293658,1613.1648033232577
expAE04,NORCE_CISM5-MAR364-ERA-t1,/Volumes/FMac/computing/data/antarctica/ismip6/hackathon/ComputedScalarsHelene/expAE04/shelfmelt/computed_shelfmelt_AIS_NORCE_CISM5-MAR364-ERA-t1_expAE04.nc,2499.081730938894,24946.20415019701,6163.962186139377,12900.525531897736,89534.96825632248,5135.107487348206,-292.6158964000824,28478.067706285266,11550.259016440505,23665.634854889853,54340.50541799136,-651.4791766231863,4517.789260364433,8355.581428669246,10589.36126090932,-430.7015701994707,-11237.90071324202,6362.510799246442,282370.774115428,137538.8772802953,142724.8154127176,-9513.310086664118,12900.53108671109,27981.567589710066,146080.04714647564,28478.062238270497,-292.61621223446855
expAE04,PIK_PISM,/Volumes/FMac/computing/data/antarctica/ismip6/hackathon/ComputedScalarsHelene/expAE04/shelfmelt/computed_shelfmelt_AIS_PIK_PISM_expAE04.nc,1765.609308227657,22656.72482999094,10476.610627940881,11642.46233805823,51477.02592282083,3101.0336572074725,3494.467931029709,16127.391353716243,15140.07879728325,10083.768930168844,28548.06891718265,476.25013111636224,504.4215502686511,9020.599213334479,7478.290661927065,597.970474337294,-4524.555928500387,394.18721097526213,186621.31540959943,98541.02624937797,92941.2043355448,-5936.538861116376,11642.462335274804,25552.761725783683,81554.40783874574,16127.393587633816,3494.466410311248
expAE04,UCM_Yelmo,/Volumes/FMac/computing/data/antarctica/ismip6/hackathon/ComputedScalarsHelene/expAE04/shelfmelt/computed_shelfmelt_AIS_UCM_Yelmo_expAE04.nc,2947.867875577766,14091.778127247251,6124.172112216831,5249.719064474679,61218.962926873806,2060.7132993787964,377.4934109511969,-555.5913336879275,4549.825971025124,10899.502525637396,27127.092862512553,2782.581430966761,6863.893949195091,4396.760407360816,8724.928014823372,1896.0740068465802,-38372.56437128381,10598.366900018056,152192.86479238392,88864.51288533221,75479.94962391927,-19886.91407824026,5249.720035218374,16036.012216877383,88697.3373853789,-555.5915017325892,377.493223418021
expAE04,UCSD_ISSM,/Volumes/FMac/computing/data/antarctica/ismip6/hackathon/ComputedScalarsHelene/expAE04/shelfmelt/computed_shelfmelt_AIS_UCSD_ISSM_expAE04.nc,1021.262935220823,11201.722429450489,-561.3442761258035,44931.00336510639,9949.88172259568,2001.5801018166537,3795.9110137451135,17243.585612079118,2311.5311113288035,8630.49906506088,2290.7900967495643,866.890146709406,3248.9307288464115,3596.743200164772,4763.678523464981,1766.9960158506838,-6143.219875976152,4165.577743916962,111514.1097418498,65610.11258271604,47863.48751243009,-206.36658410420705,44931.004818787194,13248.374835663046,12156.198661377144,17243.587760999875,3795.909541597588
expAE04,ULB_fETISh-KoriBU1,/Volumes/FMac/computing/data/antarctica/ismip6/hackathon/ComputedScalarsHelene/expAE04/shelfmelt/computed_shelfmelt_AIS_ULB_fETISh-KoriBU1_expAE04.nc,2903.9224337854976,18070.319471322095,2487.3904374018075,8033.687435698527,39858.97297296742,2539.996387483484,5812.308862187536,7618.126549376168,5177.805196460378,15456.278549599996,18050.07794900574,714.1895614956582,591.3307863638311,4644.308014677474,13224.394756144906,955.1611524114076,182.09465925015684,3625.893185370671,144993.50619795162,71399.03904731777,72675.7045249388,3060.807216777528,8033.6877580337205,20146.547244065943,57918.480175081204,7618.126826039574,5812.309211904014
expAE04,ULB_fETISh-KoriBU2,/Volumes/FMac/computing/data/antarctica/ismip6/hackathon/ComputedScalarsHelene/expAE04/shelfmelt/computed_shelfmelt_AIS_ULB_fETISh-KoriBU2_expAE04.nc,5233.518492154283,26466.13802686848,7092.702529721946,93936.51410242043,88517.22521770804,2208.8181683425237,3245.748836545308,12004.43177777688,8223.36103097835,27325.049437673093,33696.201500011055,665.6924862940671,1116.2882673256588,5236.14705362111,13947.315341706415,681.1859268208922,-2645.937413621039,5677.57177467362,328913.00117488595,220231.02788582342,107357.68731560191,2192.306885230715,93936.51563734717,28329.613209803676,122209.55781641361,12004.431160439997,3245.7488395577657
expAE04,UNN_Ua,/Volumes/FMac/computing/data/antarctica/ismip6/hackathon/ComputedScalarsHelene/expAE04/shelfmelt/computed_shelfmelt_AIS_UNN_Ua_expAE04.nc,3654.8986697305154,23434.865392275504,3757.958965419037,8516.670857369405,65923.38008725437,1915.4209948991866,1456.1132604976883,10040.81857144909,5515.431571062989,10551.703821744122,26550.24458984067,891.3537882337614,3019.3273096673947,4471.766944878504,5110.507775513757,476.8954746972441,,7463.921002820986,186626.61297612623,109142.79917700215,68964.41048663002,7186.6483022625625,8516.667129286758,25282.1504678638,91987.79961972983,10040.820083402188,1456.1134657428536
expAE04,UTAS_ElmerIce,/Volumes/FMac/computing/data/antarctica/ismip6/hackathon/ComputedScalarsHelene/expAE04/shelfmelt/computed_shelfmelt_AIS_UTAS_ElmerIce_expAE04.nc,169.06033046961556,9646.749274985823,1522.8141090667277,1469.3680700998868,31848.658764262356,1892.5911970211332,231.6952028072725,4596.094027353125,1842.2775321017002,2844.1596537761247,14084.06357076683,965.5230943783496,667.9808252276443,766.7179972823734,1765.2529223341987,553.4568836702518,-3086.4748432727583,929.7702207957363,70600.48054334326,44923.25643494082,29376.757567002096,-2542.223244789897,1469.3678646800972,11592.803010436146,45929.294839699825,4596.094116974892,231.69521442764005
expAE04,VUB_AISMPALEO,/Volumes/FMac/computing/data/antarctica/ismip6/hackathon/ComputedScalarsHelene/expAE04/shelfmelt/computed_shelfmelt_AIS_VUB_AISMPALEO_expAE04.nc,8060.349110719201,8834.64291404082,719.2454833549489,6957.519068879363,37743.03763143518,1570.073940712094,-2675.288796196149,-2080.29667842078,8242.291627054667,4349.393729597754,24284.518290678654,-1899.600802171961,-75.2044157868313,8929.07244932405,403.9511497525052,690.8258589558359,31345.22660148062,14076.987771228178,104290.77435046862,52348.79297743176,15751.473487547773,45770.593596004925,6957.519272225933,10649.646348130555,61911.5305145955,-2080.295372268608,-2675.2883615480796
expAE04,VUW_PISM1,/Volumes/FMac/computing/data/antarctica/ismip6/hackathon/ComputedScalarsHelene/expAE04/shelfmelt/computed_shelfmelt_AIS_VUW_PISM1_expAE04.nc,13619.843914258787,23099.35323331566,10701.80941084621,34862.3125411325,170505.40751136368,-492.3699233450395,2039.1444881582315,15196.806809271637,10351.865285851658,17310.939506054554,38775.94938004215,337.609117923232,6160.2910606854975,10907.864913170837,19666.060527448004,137.8949109674786,-2578.7325008632693,12708.180312923756,378066.5593867964,247079.1365678509,120627.29931459049,10181.285455243235,34862.31341813656,22577.89893758173,206488.99440878868,15196.810058388699,2039.1446771077644
expAE04,VUW_PISM1_s1,/Volumes/FMac/computing/data/antarctica/ismip6/hackathon/ComputedScalarsHelene/expAE04/shelfmelt/computed_shelfmelt_AIS_VUW_PISM1_s1_expAE04.nc,16634.69492897032,28736.108094791507,12867.783916398486,37958.43929017147,183717.6248361927,-684.4004845453837,2559.4677870270193,19781.06527393232,14411.68893412575,18799.226233250793,42379.92221938935,306.56887909786786,5577.925249670197,15368.35754491896,22093.8615920826,99.00326127730423,-2232.9792047762667,15101.042873566748,423323.88247073174,268996.9479392228,141878.50478623505,12872.045001303011,37958.42743365137,27973.089457489288,222754.28728867345,19781.071688464388,2559.4680885358684
expAE04,VUW_PISM1_s2,/Volumes/FMac/computing/data/antarctica/ismip6/hackathon/ComputedScalarsHelene/expAE04/shelfmelt/computed_shelfmelt_AIS_VUW_PISM1_s2_expAE04.nc,10161.160834016147,19506.49510868454,10568.46138314787,28247.59965167983,156214.63408040942,981.1635666734591,2127.0326151017484,14239.205602708073,9295.410190381634,13453.275319423676,35593.76772759518,352.3504520858344,5458.5073680512005,10632.537115452067,18082.66062070441,75.87800344313598,-2252.951498303699,10881.67938108378,340757.20549117384,222499.254944663,110264.8773758194,7675.344027520036,28247.610509114304,20460.019734051264,189914.53272009853,14239.20410174692,2127.032616035115
expAE04,VUW_PISM1_s3,/Volumes/FMac/computing/data/antarctica/ismip6/hackathon/ComputedScalarsHelene/expAE04/shelfmelt/computed_shelfmelt_AIS_VUW_PISM1_s3_expAE04.nc,10256.537497045481,15228.440005673481,9906.951675599767,15640.387874567023,132405.22465401806,1961.9477251784974,2383.1875308260483,14080.187274494629,9946.877127457277,14998.430060976385,34869.96467954674,1087.1004845025038,5731.809786332672,10388.477586249548,17095.403637522868,41.755342338635046,-2907.3548308346844,8797.299690699336,301273.54895349423,182913.78617307107,112907.25421098899,5386.524729319375,15640.38068763696,17271.777815505295,165452.4459650849,14080.188078778821,2383.1873624388845
expAE04,VUW_PISM1_s4,/Volumes/FMac/computing/data/antarctica/ismip6/hackathon/ComputedScalarsHelene/expAE04/shelfmelt/computed_shelfmelt_AIS_VUW_PISM1_s4_expAE04.nc,15151.665596037037,30279.55472245809,10491.126250553458,35984.13291409958,176236.39180010353,1593.2364214203265,3232.430950890065,21017.41548828916,11062.019027700208,19432.4989284524,49825.0023382544,705.737984549098,6437.369982048604,12539.4872086449,20292.706228701558,195.91275756243652,-1360.623192289875,14405.514210590696,414403.6429837325,256982.4197065734,145664.72090154694,11838.671108228587,35984.13661058954,31704.412102413644,221228.323237588,21017.412647517267,3232.43087183603
expAE04,VUW_PISM2,/Volumes/FMac/computing/data/antarctica/ismip6/hackathon/ComputedScalarsHelene/expAE04/shelfmelt/computed_shelfmelt_AIS_VUW_PISM2_expAE04.nc,26468.323332081087,26845.168167186937,19900.259572201878,87538.99734920007,191482.88168494156,223.9007348943685,3300.998657569011,20922.258092517062,13133.154672460714,17888.788072869593,71611.1532292398,1361.8829314414734,9704.390820060398,16834.06500477844,31971.962504517323,742.6436239449564,-3104.3780284204317,25810.40697639195,545025.3214452635,338233.58605348,185768.18213852603,24753.674655590403,87538.99049418644,26526.570606659618,262285.50185591535,20922.257953336066,3300.9984637982834
expAE04,VUW_PISM2_s1,/Volumes/FMac/computing/data/antarctica/ismip6/hackathon/ComputedScalarsHelene/expAE04/shelfmelt/computed_shelfmelt_AIS_VUW_PISM2_s1_expAE04.nc,30563.319482937703,31421.691794368642,24444.97358424971,77159.1676035995,208547.26275031953,311.5062914238531,6977.245393536174,26834.67131639635,16015.37035215151,19975.320568465482,68820.89176151049,1449.6346925693906,10514.359219907452,26703.740802033903,36222.78724615698,792.4244167657174,-3156.003309232999,29968.824919492108,596701.6167744169,357131.29958607105,214095.159193327,31348.059526439258,77159.15284088108,31138.411243933464,275824.30358211225,26834.68000044392,6977.243560584891
expAE04,VUW_PISM2_s2,/Volumes/FMac/computing/data/antarctica/ismip6/hackathon/ComputedScalarsHelene/expAE04/shelfmelt/computed_shelfmelt_AIS_VUW_PISM2_s2_expAE04.nc,22796.177743017906,22745.257128312605,16722.38106028131,76823.06964131258,178028.10269131337,853.5505800295116,2946.548657393949,18847.40745916419,10863.698794627902,15474.649521294128,59812.95683602852,1643.1444269948238,8862.729717982254,14013.157716782396,29021.412822445218,644.6502147421127,-2459.888424798419,23224.619214484344,485179.42815152253,305132.033118246,161691.14494016333,21290.150268982834,76823.08029257489,23323.89516256098,237072.3035086079,18847.40706105718,2946.5493776037038
expAE04,VUW_PISM2_s3,/Volumes/FMac/computing/data/antarctica/ismip6/hackathon/ComputedScalarsHelene/expAE04/shelfmelt/computed_shelfmelt_AIS_VUW_PISM2_s3_expAE04.nc,19123.747559538642,18659.638428605194,16859.044293688596,38598.322429504726,157697.76043786574,3294.286454089741,4270.895116269138,14076.397632305376,11453.063191635287,15288.563735847614,53438.67502649798,2360.1700025069317,9314.951484488574,15018.013046011694,26539.534341122424,664.4018327887435,-2710.873432882071,20325.36074277915,419831.5732259392,247037.58320373966,155405.5884549042,18577.0922532287,38598.31751273458,22160.87852357247,209507.13985359753,14076.392374231224,4270.89398975603
expAE04,VUW_PISM2_s4,/Volumes/FMac/computing/data/antarctica/ismip6/hackathon/ComputedScalarsHelene/expAE04/shelfmelt/computed_shelfmelt_AIS_VUW_PISM2_s4_expAE04.nc,28709.980128559866,33275.62346859189,21033.671321377115,111283.22854548086,201433.34525129793,1948.4138325073918,6514.74413076623,23094.69422896282,13595.222843298572,17175.374624083044,73214.67501344388,1915.0490085949402,9400.604281994114,15767.147697788856,35922.52083515603,848.3664026935026,-2188.1931285024784,27736.903146724813,615914.6055917426,392014.4461935049,198881.51614887879,28156.431460229458,111283.22071129474,35145.2422326519,273682.6883731207,23094.690865471955,6514.743830114039
expAE04,IMAU_UFEMISM1,/Volumes/FMac/computing/data/antarctica/ismip6/hackathon/ComputedScalarsHelene/expAE04/shelfmelt/jb_computed_shelfmelt_AIS_IMAU_UFEMISM1_expAE04.nc,,29906.699950268936,,,46108.50660897967,,,,,,28299.936741590813,,,,,,,,96849.07145770312,79953.01163024118,33972.20728899306,,,30693.022607239043,74317.63324224835,,
expAE04,IMAU_UFEMISM2,/Volumes/FMac/computing/data/antarctica/ismip6/hackathon/ComputedScalarsHelene/expAE04/shelfmelt/jb_computed_shelfmelt_AIS_IMAU_UFEMISM2_expAE04.nc,,36564.52834395091,,,60613.33878439945,,,,,,23388.967590668526,,,,3404.6390237766404,,,,112901.11764380813,92559.49761086928,32573.782039391066,,,38018.52347165022,89846.4345272633,,
expAE04,IMAU_UFEMISM3,/Volumes/FMac/computing/data/antarctica/ismip6/hackathon/ComputedScalarsHelene/expAE04/shelfmelt/jb_computed_shelfmelt_AIS_IMAU_UFEMISM3_expAE04.nc,,51413.63030743725,223.11002597130687,5838.933357781717,89802.06929373513,,,2156.0512333933752,5482.915727635677,4669.9243587411365,43393.07006770571,,-2836.7752473339297,,6112.126934964364,,,,197034.65521664062,143665.4510946834,60703.47493369359,,5838.933544632688,54886.97507695414,132764.62358318313,2156.051215032842,
expAE04,IMAU_UFEMISM4,/Volumes/FMac/computing/data/antarctica/ismip6/hackathon/ComputedScalarsHelene/expAE04/shelfmelt/jb_computed_shelfmelt_AIS_IMAU_UFEMISM4_expAE04.nc,-2250.913763255393,50347.2270544497,-81.3975248445119,6766.067342387476,65789.89483176543,,,4029.365537369548,3979.4102387348394,1474.76446323448,26894.459039754693,,-3155.109276563884,,4224.984189276824,,,,169322.95923072606,131554.49508985196,41866.30273225719,,6766.066101823465,53309.720652558666,88502.60468874546,4029.365632164075,
expAE05,DC_ISSM,/Volumes/FMac/computing/data/antarctica/ismip6/hackathon/ComputedScalarsHelene/expAE05/shelfmelt/computed_shelfmelt_AIS_DC_ISSM_expAE05.nc,-1012.7619681461065,18912.06333914607,4252.701374398114,5776.443655616313,13466.135110742056,763.4026780262201,2828.2604363980245,5895.582536553846,2216.463850806649,3958.8897901097744,7728.4276754776,-413.53527836723333,-854.149132423174,2777.1666733616266,890.1304871175303,-238.38969780799619,-1668.0028379308887,-681.8496322151723,62163.36478689416,40907.658645996635,25539.844475346457,-4377.460744529441,5776.447084132371,19647.528544776236,21091.689620580677,5895.583311939417,2828.2608433529203
expAE05,DOE_MALI_4km,/Volumes/FMac/computing/data/antarctica/ismip6/hackathon/ComputedScalarsHelene/expAE05/shelfmelt/computed_shelfmelt_AIS_DOE_MALI_4km_expAE05.nc,4155.85167828046,57201.8802985646,7494.640826778285,45699.15317686388,40998.3155043547,2633.01916863993,29054.211245030987,20117.850072131158,6501.4774062554,14838.23827414414,16799.11883194856,396.2408218933235,541.7884606612249,5118.106350466714,7469.543164425599,241.36943509261988,-103.59434654685583,2322.512351952935,266674.4882832918,159709.96195879177,104738.4727770021,1498.4420189197635,45699.16256906047,59940.33834295366,57134.56718853826,20117.850049951532,29054.220346379363
expAE05,DOE_MALI_8km_Ant95,/Volumes/FMac/computing/data/antarctica/ismip6/hackathon/ComputedScalarsHelene/expAE05/shelfmelt/computed_shelfmelt_AIS_DOE_MALI_8km_Ant95_expAE05.nc,1898.3222301872947,109143.61480725324,8280.281866464926,207714.76708878577,79254.83806305904,2244.534862488662,36204.258320651286,19252.374039674643,9941.68774038155,22846.504268464687,25843.6934477303,404.4494056933544,229.37992760320685,4126.850932552686,12966.554648461819,316.65108499478845,-745.1436829186023,2025.9795790577173,532977.7174941149,395507.317239469,134591.01620251956,1424.4979757215776,207714.76865291846,111392.08499595555,104646.32537987326,19252.37102461006,36204.2561012161
expAE05,DOE_MALI_8km_AntMean,/Volumes/FMac/computing/data/antarctica/ismip6/hackathon/ComputedScalarsHelene/expAE05/shelfmelt/computed_shelfmelt_AIS_DOE_MALI_8km_AntMean_expAE05.nc,2446.350012305972,66042.71980030095,8249.986880596867,146423.0215849543,49723.14263121928,1832.230736000838,30905.671640175195,17033.355136118807,8052.795092693045,20380.027499610696,22627.548404568173,128.68832763285877,-35.2696177516807,3804.416608756394,10809.678660891544,281.3216533813438,-701.520103784937,2617.4269143341967,399641.2407058072,280048.4979775487,116550.55253491168,2010.9190735294017,146423.0131055022,67825.80695795594,72417.18568439996,17033.35502017838,30905.673729230228
expAE05,IGE_ElmerIce,/Volumes/FMac/computing/data/antarctica/ismip6/hackathon/ComputedScalarsHelene/expAE05/shelfmelt/computed_shelfmelt_AIS_IGE_ElmerIce_expAE05.nc,-1828.0355085712663,8306.417378720213,1577.6572536017873,4558.063345415919,8459.550367225373,1001.6537388237891,3679.7451869480483,7395.662879697995,3895.2293759339873,4421.22778705338,2201.17250242139,200.37703749176637,-1095.8907161051159,552.8266658275573,2247.0124662774556,-72.4460565195206,-3170.730243259873,261.8073808881554,41748.668842727755,20567.499942716,24150.43682289264,-3255.5804084676456,4558.064832865592,9035.689671854368,10539.3058467351,7395.66328926311,3679.7458037051165
expAE05,ILTS_SICOPOLIS,/Volumes/FMac/computing/data/antarctica/ismip6/hackathon/ComputedScalarsHelene/expAE05/shelfmelt/computed_shelfmelt_AIS_ILTS_SICOPOLIS_expAE05.nc,13137.238848296507,209658.14721533837,12005.171845000008,57308.372482357154,128205.48597424,4018.406355493285,22026.556409818833,25163.179620676445,17236.850203639115,32658.314899736655,41108.00928028245,-11.238025119249414,195.67463573389057,21816.681787599697,17986.410210064005,44.320054263718305,-55.2786484476203,1154.9275113316098,598851.1039207131,414682.5870187702,184553.854674068,282.94753374608354,57308.37090057907,213649.59641597717,167534.4501538204,25163.1809024799,22026.557334430283
expAE05,IMAU_UFEMISM1,/Volumes/FMac/computing/data/antarctica/ismip6/hackathon/ComputedScalarsHelene/expAE05/shelfmelt/computed_shelfmelt_AIS_IMAU_UFEMISM1_expAE05.nc,,28421.626595433423,,,24466.998766190434,,,,,,21792.079142080718,,,,,,,-2070.590519132868,86598.58646070347,64431.50151201576,30273.37566364479,-6311.3142956892525,,28304.02274396926,49546.05911639747,,
expAE05,IMAU_UFEMISM2,/Volumes/FMac/computing/data/antarctica/ismip6/hackathon/ComputedScalarsHelene/expAE05/shelfmelt/computed_shelfmelt_AIS_IMAU_UFEMISM2_expAE05.nc,,44969.659052472845,,,38702.96591278009,,,,,,18974.245220501332,,,,2610.1238331995514,,,,108831.78338539375,84827.17219630512,28640.80264846194,,,45555.243872684136,53815.512248835395,,
expAE05,IMAU_UFEMISM3,/Volumes/FMac/computing/data/antarctica/ismip6/hackathon/ComputedScalarsHelene/expAE05/shelfmelt/computed_shelfmelt_AIS_IMAU_UFEMISM3_expAE05.nc,-1003.339945809493,58494.12344427803,,5815.0870404353755,45542.72945300025,1420.1404444661046,,,7971.883086478635,2317.058102542268,23442.022404167998,,,,3843.3666958708054,,,,153762.59755516727,111789.07383462036,43042.94673414511,,5815.087687215924,59657.441395472255,64310.397165423805,,
expAE05,IMAU_UFEMISM4,/Volumes/FMac/computing/data/antarctica/ismip6/hackathon/ComputedScalarsHelene/expAE05/shelfmelt/computed_shelfmelt_AIS_IMAU_UFEMISM4_expAE05.nc,-1344.1608920699869,52879.452521400905,,4988.406529500631,47026.531206911604,,,82.78300902391453,,1787.5987274426057,17253.370258161725,,,,,,,,128591.03092317256,99111.62579198641,29674.297018048113,,4988.405812492103,53718.6743225215,64361.14208379202,82.78298649735581,
expAE05,LSCE_GRISLI2,/Volumes/FMac/computing/data/antarctica/ismip6/hackathon/ComputedScalarsHelene/expAE05/shelfmelt/computed_shelfmelt_AIS_LSCE_GRISLI2_expAE05.nc,-485.47999741389594,56746.33866558646,-65.70507403428067,2081.8734454579235,34298.12344452366,-766.9986762535875,3879.760379394492,1307.6120725241483,6501.786764225227,4840.079516088129,1962.824702409488,-18.57491983724117,-504.70462352160257,-42.40479079741817,2140.1831650577337,-74.29067207300409,-2767.0307993377746,519.0542801017591,108388.89832789046,92304.88175854893,19870.30639630346,-4015.078776945833,2081.873864220844,55997.111052203494,35760.148843207775,1307.6119610073918,3879.7612302830544
expAE05,LSCE_GRISLI,/Volumes/FMac/computing/data/antarctica/ismip6/hackathon/ComputedScalarsHelene/expAE05/shelfmelt/computed_shelfmelt_AIS_LSCE_GRISLI_expAE05.nc,16994.659530500136,125637.24331082014,19114.592617232876,47601.712957120995,61985.586125292546,3891.0732043870853,10102.44270132136,26429.91406303133,12294.360277488828,20434.781831896278,14270.572627387943,2720.385924838992,6959.098561505333,13070.435310611472,17738.174231816523,1340.014161322998,762.8936543666614,10618.679555848104,410497.2835457716,268336.911279829,127676.61496139898,12647.316939929635,47601.72518738873,129793.94242372367,74203.33762998923,26429.91441801121,10102.44341881371
expAE05,NCAR_CISM1,/Volumes/FMac/computing/data/antarctica/ismip6/hackathon/ComputedScalarsHelene/expAE05/shelfmelt/computed_shelfmelt_AIS_NCAR_CISM1_expAE05.nc,-1416.2720769702069,26207.661578145453,4058.4073878848853,3957.66619845875,19087.927276031107,1953.7343760053768,1513.2952348908445,-79.40091825097852,4152.621601430112,4390.622291200211,8437.911650239388,176.31966898958353,-853.2015221543613,1208.5441651889391,2203.53070770032,-4.612304218389397,-1733.755607868854,758.5563157258271,68761.93451415004,50744.18965912906,23967.447608979674,-4095.779644082111,3957.6663503506643,27956.727170450853,27484.856740396004,-79.40122834823615,1513.294840991212
expAE05,NCAR_CISM2,/Volumes/FMac/computing/data/antarctica/ismip6/hackathon/ComputedScalarsHelene/expAE05/shelfmelt/computed_shelfmelt_AIS_NCAR_CISM2_expAE05.nc,17466.701766429156,120237.10368987024,18034.811154209907,46544.18118040785,73493.70662600998,6455.500339991348,20974.389234293336,26240.1450700946,17099.604879177372,40629.31939620339,34201.70042190588,1614.0808229293275,1143.474116452891,11334.89203160268,13300.060724480709,311.0054647725141,842.1524108863016,3378.475563309793,441597.6998137934,266736.1738900021,173447.11738714235,3184.3247701679666,46544.18621187003,126715.38981611091,108120.89360615659,26240.142854295646,20974.393634613898
expAE05,NORCE_CISM2-MAR364-ERA-t1,/Volumes/FMac/computing/data/antarctica/ismip6/hackathon/ComputedScalarsHelene/expAE05/shelfmelt/computed_shelfmelt_AIS_NORCE_CISM2-MAR364-ERA-t1_expAE05.nc,-483.4033636837348,82824.26643418067,13176.655696457727,34574.518129520075,68601.1649470665,20844.60042680629,7545.885927097368,26529.087995187336,15669.155977472983,12570.900971523806,30076.93865323865,2106.5958913805493,-211.09209511129643,6654.922337817364,7554.694473229516,715.186556821011,1386.0192775072937,1745.6218165928146,309490.94952579145,181840.46191299823,130217.55961981075,-2799.46854572759,34574.50461204469,103255.55197600773,99014.20172562925,26529.08040104883,7545.8861678586345
expAE05,NORCE_CISM3-MAR364-ERA-t1-local,/Volumes/FMac/computing/data/antarctica/ismip6/hackathon/ComputedScalarsHelene/expAE05/shelfmelt/computed_shelfmelt_AIS_NORCE_CISM3-MAR364-ERA-t1-local_expAE05.nc,-117.13973091431473,42537.26529420438,5821.985388013385,9575.442257961928,20208.100154557214,3811.493714925322,2143.1001786763745,6318.3943491686405,9848.758301231548,5958.576243305994,11101.914891909852,570.9871991902335,-634.4594236592251,3501.361970137806,3373.922082773167,150.95506842087767,-2015.7093776577003,1332.7985793157297,116063.23338364446,74478.34403168614,46353.62301926275,-3486.2958927662685,9575.442708262177,46048.90975371675,31121.259153181214,6318.3961509239925,2143.0999959871456
expAE05,NORCE_CISM3-MAR364-ERA-t1-nonlocal,/Volumes/FMac/computing/data/antarctica/ismip6/hackathon/ComputedScalarsHelene/expAE05/shelfmelt/computed_shelfmelt_AIS_NORCE_CISM3-MAR364-ERA-t1-nonlocal_expAE05.nc,83.67329120843834,40148.684577731896,6850.668681052976,8855.43945720972,17379.460729029102,4162.190977488435,2035.6063825509245,4298.441573954371,7079.353805748875,5875.115352951287,8535.53402784295,631.3935772046503,-554.01537889663,3478.8844011044134,3781.6921084919377,139.37910959061767,-1410.6287235054206,1860.955325267082,105105.7240566088,70380.76402200968,39448.17100411655,-3008.837931177157,8855.440092259372,44204.255820520004,25863.587201842558,4298.444734345647,2035.606967068874
expAE05,NORCE_CISM3-MAR364-ERA-t1,/Volumes/FMac/computing/data/antarctica/ismip6/hackathon/ComputedScalarsHelene/expAE05/shelfmelt/computed_shelfmelt_AIS_NORCE_CISM3-MAR364-ERA-t1_expAE05.nc,515.5333455879058,63127.410320359224,11332.235039847186,33106.239054038095,60484.8759468982,12985.259418119478,7935.429898187905,19959.910495715638,16861.405657547617,14690.339285624632,28126.147635264875,919.9181029171309,-222.95410658736614,7669.208065936744,7121.6887557675545,99.13015378915249,-413.5179816931559,1148.3448079480559,275330.23826824565,163169.3649526172,115665.39087366847,-4263.908061554221,33106.22903334628,75961.30861312133,89510.91143467747,19959.91015191698,7935.426936324131
expAE05,NORCE_CISM4-MAR364-ERA-t1-local,/Volumes/FMac/computing/data/antarctica/ismip6/hackathon/ComputedScalarsHelene/expAE05/shelfmelt/computed_shelfmelt_AIS_NORCE_CISM4-MAR364-ERA-t1-local_expAE05.nc,-595.9302609020169,47474.8981749404,6657.047605174845,12454.613687886429,29936.3551078662,4467.368337628992,1021.2978814856001,10424.038412238315,9581.98407406709,7381.056547143766,12107.129358620099,131.18757660479218,-277.21034748272456,4451.462687374709,4671.350255751043,-191.39696779506016,-796.183881564215,1016.0565045945602,140073.77387267412,91288.37743231177,53677.745251778666,-4002.643908765611,12454.61234042928,51700.33926346091,42217.9498029569,10424.036175275221,1021.2978520609377
expAE05,NORCE_CISM4-MAR364-ERA-t1-nonlocal,/Volumes/FMac/computing/data/antarctica/ismip6/hackathon/ComputedScalarsHelene/expAE05/shelfmelt/computed_shelfmelt_AIS_NORCE_CISM4-MAR364-ERA-t1-nonlocal_expAE05.nc,-300.1048843011847,43965.25595137831,6245.7107594247045,14119.946234995388,23102.175686613096,5030.428087045393,2008.5490960767215,9472.434241645646,8965.677671432859,7012.895525590322,10851.053449617764,-81.16484075899336,-113.96554413114677,4117.136816544066,5266.7778333698625,-203.36256520343227,-2229.210954535836,1452.2615580893578,131884.55846937033,83247.5561251123,52605.64426172375,-3921.350232134082,14119.945292588887,48899.99787696883,33825.98978161388,9472.437147643239,2008.5494025399503
expAE05,NORCE_CISM4-MAR364-ERA-t1,/Volumes/FMac/computing/data/antarctica/ismip6/hackathon/ComputedScalarsHelene/expAE05/shelfmelt/computed_shelfmelt_AIS_NORCE_CISM4-MAR364-ERA-t1_expAE05.nc,-897.8867776797019,51660.638746390614,6162.158194601729,24893.69053927352,52096.027428403235,7232.755502320895,2583.1697307421373,22303.87247418014,8979.96880777314,8277.400563337293,18499.266167870843,361.0019778140264,-19.974126268812483,3952.4166777576456,7613.3472288415105,-201.3525792370624,-1325.6984850627869,1224.4132954566558,204513.2175551664,129836.98598583622,78912.21820160162,-3739.84523325823,24893.684791624393,58996.37596602885,71214.61983315278,22303.86553983117,2583.169299247378
expAE05,NORCE_CISM4-MAR364-JRA-t1,/Volumes/FMac/computing/data/antarctica/ismip6/hackathon/ComputedScalarsHelene/expAE05/shelfmelt/computed_shelfmelt_AIS_NORCE_CISM4-MAR364-JRA-t1_expAE05.nc,-855.5233274481229,54858.5223470419,6056.621500837256,24287.475275364377,55014.82475963768,9514.506723421262,2980.270333618133,24179.762449616523,8611.019092725857,9489.783681286222,19230.232223586703,372.8823373650406,-45.6321052072542,6439.4903519149975,7607.633692976231,-195.27398825977485,-665.1400044310831,1264.0119742315253,218060.0133375327,134872.13553922196,87347.9161895906,-3383.962204102054,24287.476145082903,64566.19929313588,74794.86596499267,24179.77218218162,2980.2702284602883
expAE05,NORCE_CISM5-MAR364-ERA-t1-local,/Volumes/FMac/computing/data/antarctica/ismip6/hackathon/ComputedScalarsHelene/expAE05/shelfmelt/computed_shelfmelt_AIS_NORCE_CISM5-MAR364-ERA-t1-local_expAE05.nc,333.33232359872045,50641.16671830779,5607.315347071073,13624.828173937522,28181.946130233548,3250.8238122140174,1505.158924792173,16773.705675491186,8725.900997683422,6319.85077158742,19725.52794778156,-584.4312105411461,4170.701323420563,4578.336156477547,5417.319299498817,528.6944456599538,-6659.34227195115,3270.1110057414708,159947.74553118172,94574.31875436935,70257.77217954196,-3058.238301141111,13624.831689819608,53488.38049219588,47194.88188081018,16773.698494086715,1505.159027224695
expAE05,NORCE_CISM5-MAR364-ERA-t1-nonlocal,/Volumes/FMac/computing/data/antarctica/ismip6/hackathon/ComputedScalarsHelene/expAE05/shelfmelt/computed_shelfmelt_AIS_NORCE_CISM5-MAR364-ERA-t1-nonlocal_expAE05.nc,451.3222276776273,47213.20733897487,8962.77132763653,22452.15870110371,22863.90272359069,2364.116673708677,1438.6871483142888,16298.865829394354,12511.317118611409,8324.492836011135,16290.08036673022,-611.7304432063438,3507.8325158146254,5321.005744391294,6413.492967276838,-128.61596685533914,-5539.8277236197155,3270.072322412577,166858.71780077746,99203.19060990939,71984.4193512377,-4070.318850350177,22452.156836316823,49185.03506914848,38109.99745549931,16298.864537275518,1438.6872615071204
expAE05,NORCE_CISM5-MAR364-ERA-t1,/Volumes/FMac/computing/data/antarctica/ismip6/hackathon/ComputedScalarsHelene/expAE05/shelfmelt/computed_shelfmelt_AIS_NORCE_CISM5-MAR364-ERA-t1_expAE05.nc,1794.0266741297219,44191.318156089925,7531.46157642313,18897.09929895805,36163.3438811555,3885.3515570545073,1079.0108856087768,8776.618970954889,7635.705055521719,7636.040420127212,20089.97001960192,-818.2762449162999,2605.3263143445647,3969.5827524322594,5198.301252454011,139.8807096475707,-5184.8595863336905,1994.5467872733116,160220.72035842383,105369.27124404331,59391.6115465218,-4248.553657323018,18897.097747459207,47566.20961348439,56588.784836882085,8776.614733996998,1079.0108180237448
expAE05,PIK_PISM,/Volumes/FMac/computing/data/antarctica/ismip6/hackathon/ComputedScalarsHelene/expAE05/shelfmelt/computed_shelfmelt_AIS_PIK_PISM_expAE05.nc,610.0922683885619,36848.49780859133,16757.751410065983,21848.803166563706,32621.92764687087,3959.6039620060287,6833.13688518243,21774.589080096943,25414.720417565703,9250.355535937164,18246.03539159584,358.59755833345866,664.0829473250246,9507.602187632008,3683.1715583031655,753.6690565842995,1118.429190450801,2867.559132446035,209867.96693187294,108904.09744356008,98760.47608402622,3535.7735630954476,21848.80654501395,40624.45264249845,50826.198472352786,21774.589534485927,6833.137045302057
expAE05,UCM_Yelmo,/Volumes/FMac/computing/data/antarctica/ismip6/hackathon/ComputedScalarsHelene/expAE05/shelfmelt/computed_shelfmelt_AIS_UCM_Yelmo_expAE05.nc,5625.432780019895,26468.098481558995,11304.853979057076,6822.260910699071,23099.215911968604,2116.6824523195883,1210.5942352597317,1494.0618292085383,5421.6783011176785,8482.412489313065,13016.781081669098,1454.0399425038436,1359.5612649943255,6207.544962161977,4141.718458188092,246.52997416720018,-4435.968614507525,1127.3329697394595,117486.9079211439,72658.29344328733,46267.82876327439,-698.4762638976999,6822.260832440374,28619.510139127713,35394.592837177755,1494.0629164973843,1210.5941110173558
expAE05,UCSD_ISSM,/Volumes/FMac/computing/data/antarctica/ismip6/hackathon/ComputedScalarsHelene/expAE05/shelfmelt/computed_shelfmelt_AIS_UCSD_ISSM_expAE05.nc,-739.622237832857,17924.32075566002,-2174.228332095562,68742.84384921774,7061.987558461586,577.8470309013667,4039.478557923144,16223.891143886318,3136.4146306214643,244.8892671610074,2433.6256109038195,303.31274250460206,-49.03239273367194,1198.5161619588166,253.91499553359097,-141.67386034527698,-5130.857680648305,-1426.1429708603116,111928.23804015317,90108.14901669734,28830.92354463357,-6649.481082401043,68742.85712753364,18457.2732137513,9449.626933567894,16223.895224578931,4039.479489082496
expAE05,ULB_fETISh-KoriBU1,/Volumes/FMac/computing/data/antarctica/ismip6/hackathon/ComputedScalarsHelene/expAE05/shelfmelt/computed_shelfmelt_AIS_ULB_fETISh-KoriBU1_expAE05.nc,3981.406193348208,29761.00836242462,7306.788580171147,26099.925995186735,27008.347572985385,963.2935379345449,35756.68740269623,12415.923527423862,10397.445321926392,16856.499356554144,10190.620101308967,-640.3482317229202,-1789.3444217482834,4564.827946308155,14707.386288225525,-682.5600079182334,-4457.255081199168,1773.3795633447608,184026.0895197293,87903.33088769423,103864.07364131892,-4520.87586328537,26099.937148318415,30664.110823528623,36990.46495533678,12415.926949204137,35756.67781257054
expAE05,ULB_fETISh-KoriBU2,/Volumes/FMac/computing/data/antarctica/ismip6/hackathon/ComputedScalarsHelene/expAE05/shelfmelt/computed_shelfmelt_AIS_ULB_fETISh-KoriBU2_expAE05.nc,5131.891969049128,72444.44113476784,9366.398693552303,183897.70520571538,46467.60757467008,733.5142870013262,17162.935873487746,12997.427440037382,10423.44329874133,19335.15388779911,13952.090191230793,-1182.881243929215,-1460.6453871380852,3556.61921036264,9355.563169215737,-441.81380792001323,-6678.807753636522,-420.1068513524706,395529.06095329666,319073.2909354331,84975.9105100439,-7978.2646529237445,183897.7026990265,73557.6708405434,60150.31226179522,12997.426153986098,17162.93767172619
expAE05,UNN_Ua,/Volumes/FMac/computing/data/antarctica/ismip6/hackathon/ComputedScalarsHelene/expAE05/shelfmelt/computed_shelfmelt_AIS_UNN_Ua_expAE05.nc,2697.870622949544,39208.20461542252,4628.211885450814,10713.242715208326,30898.419315725805,1853.3141491818928,3274.7114214990465,3673.4026193290265,7500.710345618083,6741.408920154925,8957.573978855322,368.1176537551931,1105.7852945693214,3618.9546592371717,3193.487525314659,-387.68832253667574,920.854761286572,3103.2937170206633,132808.89756210122,88163.67323090907,40557.99640057111,3074.512031912196,10713.249637587505,41025.15292886083,39971.29641302286,3673.4027368325014,3274.7117336035462
expAE05,UTAS_ElmerIce,/Volumes/FMac/computing/data/antarctica/ismip6/hackathon/ComputedScalarsHelene/expAE05/shelfmelt/computed_shelfmelt_AIS_UTAS_ElmerIce_expAE05.nc,-506.1871514597515,18459.856387709646,2066.903518008458,2180.3792956619036,15409.207106069243,1554.0948560077595,1427.2546216702983,5012.615508852978,3248.266929495535,1979.8926287818226,7221.761480162306,614.5207317226441,-248.95215925483905,1165.5717065872227,1183.2645053022616,89.29134337066489,85.6581606027612,717.7274533295933,62006.79976830278,38543.56181600164,23888.875458358943,-30.419199716584444,2180.3794096741167,20030.333832866025,22583.50557345987,5012.614570748883,1427.2544684609222
expAE05,VUB_AISMPALEO,/Volumes/FMac/computing/data/antarctica/ismip6/hackathon/ComputedScalarsHelene/expAE05/shelfmelt/computed_shelfmelt_AIS_VUB_AISMPALEO_expAE05.nc,-1001.710955321246,8973.305772060443,-863.3539865192129,1091.26842658809,19046.400785515485,3907.5585321567232,,-5617.912627272675,8275.119060750756,-3090.3742790647266,14995.105337559895,,-1119.088531726518,-3860.888181281951,737.0851126008338,-476.67979573544636,-5938.048495609626,-1678.5659520011634,44450.200972094666,28279.924414745532,23559.547330663798,-10468.791475855494,1091.2683625816612,12853.972651734754,33654.04246950683,-5617.913208007807,
expAE05,VUW_PISM1,/Volumes/FMac/computing/data/antarctica/ismip6/hackathon/ComputedScalarsHelene/expAE05/shelfmelt/computed_shelfmelt_AIS_VUW_PISM1_expAE05.nc,22641.029572531075,32542.165662653522,15421.642452159113,17241.83957896902,115623.78746104677,-534.3369332090941,3638.716800079902,9567.46453547474,10588.975101550037,9877.64961239553,20911.65829258695,140.4461766405293,2176.061562488424,9285.352248139781,15033.409590539719,157.71674736335837,-412.3649579818921,7613.763302166852,290127.69954749197,202820.62471747,80682.42495103397,6561.455585736972,17241.84064006443,32201.554782236664,136319.32030113315,9567.463935302472,3638.7169466061587
expAE05,VUW_PISM1_s1,/Volumes/FMac/computing/data/antarctica/ismip6/hackathon/ComputedScalarsHelene/expAE05/shelfmelt/computed_shelfmelt_AIS_VUW_PISM1_s1_expAE05.nc,26257.53371902871,37870.30522430106,19368.79802918295,16258.429727406918,130460.3060386723,-107.34241259677049,4356.354781901227,21402.844905752892,14913.983044293189,13188.978773675488,23368.624250365763,98.41988359963018,3106.439436697763,15543.147967946212,17277.06015910264,97.62243244514492,-466.7899710280326,8845.397802431009,348591.57209513604,227946.85396110395,113179.30459682662,7817.933135150298,16258.427560863813,37710.192061472415,152771.1007436224,21402.845706674234,4356.354963645584
expAE05,VUW_PISM1_s2,/Volumes/FMac/computing/data/antarctica/ismip6/hackathon/ComputedScalarsHelene/expAE05/shelfmelt/computed_shelfmelt_AIS_VUW_PISM1_s2_expAE05.nc,18934.85763717039,27946.71626369342,14742.451625920632,9748.49948782352,104571.31188912463,75.57242781514603,2851.217058796797,13900.820457802967,9551.752839116123,8070.1043940058025,20202.95874261038,563.8935374138896,2567.5781194439096,8635.24611620194,13832.475425337268,74.93352694690682,-713.9007530538006,6909.386947135918,260753.06598392822,174659.29364795482,80497.18938366434,5866.5507157993725,9748.496926377102,28032.6429527229,124845.00388701932,13900.816662309035,2851.2172217701027
expAE05,VUW_PISM1_s3,/Volumes/FMac/computing/data/antarctica/ismip6/hackathon/ComputedScalarsHelene/expAE05/shelfmelt/computed_shelfmelt_AIS_VUW_PISM1_s3_expAE05.nc,21137.95831485072,18282.44854711472,13948.669105513545,12236.78423596375,85638.34830323822,1618.9619498802838,3276.7893216512366,10496.248449972643,9706.139228584034,8460.763590668583,18009.67227463823,777.1241132180418,2657.2996702915984,9715.10645513856,13961.588891659667,118.21166989352136,-814.2350403281584,5611.703946703395,233618.6467628925,150705.45157801942,78777.58496014288,4389.207429702996,12236.787342927972,19881.122898545196,103709.8966366086,10496.248775119464,3276.7889041446815
expAE05,VUW_PISM1_s4,/Volumes/FMac/computing/data/antarctica/ismip6/hackathon/ComputedScalarsHelene/expAE05/shelfmelt/computed_shelfmelt_AIS_VUW_PISM1_s4_expAE05.nc,24246.82326902709,40341.79511116822,16181.379290247132,20653.586548689298,112982.83406373743,1205.370579688345,3647.89259235411,12351.214021951188,11539.049744009386,10617.492187388882,29546.900289708003,925.9729558367737,2615.829511437179,7878.734250885049,16736.390889480273,160.245619356113,-215.8994779246409,8343.575935978053,318427.01519014686,214311.23603275145,96917.89890059204,7092.787752594523,20653.594092294603,41567.05386444842,142446.1511031046,12351.216820062913,3647.891825131745
expAE05,VUW_PISM2,/Volumes/FMac/computing/data/antarctica/ismip6/hackathon/ComputedScalarsHelene/expAE05/shelfmelt/computed_shelfmelt_AIS_VUW_PISM2_expAE05.nc,29910.200384044078,39966.6447672269,26536.273821747352,56783.32846403972,131218.34062589996,-325.22770139262525,9252.765852083208,22903.126414538758,12875.4723394928,10350.065963248337,27332.851658139592,1534.9609846398682,4705.374042287329,15679.649504354995,25165.97675756394,567.7182895974219,-1807.7045185870488,10039.194877031787,395717.8116197556,259718.76180911117,128207.01787308481,8007.112153729523,56783.33318538137,40004.04649417229,155699.0656233274,22903.120467362263,9252.765791587812
expAE05,VUW_PISM2_s1,/Volumes/FMac/computing/data/antarctica/ismip6/hackathon/ComputedScalarsHelene/expAE05/shelfmelt/computed_shelfmelt_AIS_VUW_PISM2_s1_expAE05.nc,34699.96799377535,50527.44598727486,29406.32525841172,42647.52259371668,149791.0443248411,66.64607260565163,18916.155502628135,35484.7916258272,15632.822819577626,13027.813169500092,29702.276595467665,1138.8775895161593,5137.120988467495,29161.62469449077,27606.55152613962,555.5944993370578,-594.1745192192284,11622.047201458763,460215.9848076872,274647.44613568764,174799.3500597936,10065.742885044261,42647.516682071524,50208.95331718545,174699.45565317041,35484.792173302565,18916.164305055936
expAE05,VUW_PISM2_s2,/Volumes/FMac/computing/data/antarctica/ismip6/hackathon/ComputedScalarsHelene/expAE05/shelfmelt/computed_shelfmelt_AIS_VUW_PISM2_s2_expAE05.nc,28799.92782869799,33009.13945649713,21716.517194201624,71849.67388923344,117501.20700023099,2241.9685918545847,8006.742396725465,19282.19669164845,11272.949782442282,8291.089017917766,26630.083944297356,1418.0759136694708,4047.9115546325197,15867.699743700408,22297.50156481033,318.26497719193327,-1582.2553811664648,9276.529154402258,386142.43625490926,259619.78807940215,119088.98332832001,7368.758134653618,71849.66478445176,35167.265815607374,143426.94986219937,19282.19770301122,8006.744395536243
expAE05,VUW_PISM2_s3,/Volumes/FMac/computing/data/antarctica/ismip6/hackathon/ComputedScalarsHelene/expAE05/shelfmelt/computed_shelfmelt_AIS_VUW_PISM2_s3_expAE05.nc,29548.932468332918,25181.0181044484,19395.172325384952,18519.88776965796,103985.36075759484,1976.8933307852594,8451.897846906792,18057.099084162037,12025.532103051431,9663.639154381111,24264.721405890654,1832.0173402439518,5057.424262932658,16198.193542014404,20114.645480649524,474.73584820168765,-86.98740864837418,8292.240958007846,313759.17184654344,191963.04352509137,116594.79882312755,6913.47267644662,18519.89236280271,27142.077826288772,126214.17549322998,18057.099670391566,8451.898757760595
expAE05,VUW_PISM2_s4,/Volumes/FMac/computing/data/antarctica/ismip6/hackathon/ComputedScalarsHelene/expAE05/shelfmelt/computed_shelfmelt_AIS_VUW_PISM2_s4_expAE05.nc,33143.273542131006,46869.1620450672,25112.285458441194,83887.46735392924,136575.42212894425,3417.0708975550997,12847.40027080819,23187.89003777275,13861.142850823511,11258.696953236304,33837.985119535166,1551.7579005168782,4058.6724801568193,19256.331106268633,26021.500204170632,542.5396683096744,-350.7129692537983,10811.64617152022,471110.4089990817,312771.0442422498,148435.5403587982,9328.005172759587,83887.4797375903,50283.12597198054,167469.75665340395,23187.885889767607,12847.396879590724
expAE05,IMAU_UFEMISM1,/Volumes/FMac/computing/data/antarctica/ismip6/hackathon/ComputedScalarsHelene/expAE05/shelfmelt/jb_computed_shelfmelt_AIS_IMAU_UFEMISM1_expAE05.nc,,28421.626595433423,,,24466.998766190434,,,,,,21792.079142080718,,,,,,,-2070.590519132868,86598.58646070347,64431.50151201576,30273.37566364479,-6311.3142956892525,,28304.02274396926,49546.05911639747,,
expAE05,IMAU_UFEMISM2,/Volumes/FMac/computing/data/antarctica/ismip6/hackathon/ComputedScalarsHelene/expAE05/shelfmelt/jb_computed_shelfmelt_AIS_IMAU_UFEMISM2_expAE05.nc,,44969.659052472845,,,38702.96591278009,,,,,,18974.245220501332,,,,2610.1238331995514,,,,108831.78338539375,84827.17219630512,28640.80264846194,,,45555.243872684136,53815.512248835395,,
expAE05,IMAU_UFEMISM3,/Volumes/FMac/computing/data/antarctica/ismip6/hackathon/ComputedScalarsHelene/expAE05/shelfmelt/jb_computed_shelfmelt_AIS_IMAU_UFEMISM3_expAE05.nc,-1003.339945809493,58494.12344427803,,5815.0870404353755,45542.72945300025,1420.1404444661046,,,7971.883086478635,2317.058102542268,23442.022404167998,,,,3843.3666958708054,,,,153762.59755516727,111789.07383462036,43042.94673414511,,5815.087687215924,59657.441395472255,64310.397165423805,,
expAE05,IMAU_UFEMISM4,/Volumes/FMac/computing/data/antarctica/ismip6/hackathon/ComputedScalarsHelene/expAE05/shelfmelt/jb_computed_shelfmelt_AIS_IMAU_UFEMISM4_expAE05.nc,-1344.1608920699869,52879.452521400905,,4988.406529500631,47026.531206911604,,,82.78300902391453,,1787.5987274426057,17253.370258161725,,,,,,,,128591.03092317256,99111.62579198641,29674.297018048113,,4988.405812492103,53718.6743225215,64361.14208379202,82.78298649735581,
