Experiment,Model,Path,sector_1,sector_2,sector_3,sector_4,sector_5,sector_6,sector_7,sector_8,sector_9,sector_10,sector_11,sector_12,sector_13,sector_14,sector_15,sector_16,sector_17,sector_18,AIS,region_1,region_2,region_3,Amundsen,Ross,FilchnerRonne,Aurora,Wilkes
expAE02,DC_ISSM,/Volumes/FMac/computing/data/antarctica/ismip6/hackathon/ComputedScalarsHelene/expAE02/shelfmelt/computed_shelfmelt_AIS_DC_ISSM_expAE02.nc,368.18020956024895,871.6690682504413,473.3847584422176,1198.8018150603875,11744.584178699606,157.12595432121202,413.11583347103874,3141.0797157786646,289.8251991586012,988.4405755720918,5341.730163000393,146.38915624068864,425.28143134568535,1591.4026085823673,472.6888785146152,136.58082832047666,259.9970604822288,1249.0128274178116,29520.685593845745,15388.998824058566,13460.735718745033,1181.7388824175548,1198.8015783410856,827.5998410350348,17161.36254272091,3141.0807123233453,413.1157792007634
expAE02,DOE_MALI_4km,/Volumes/FMac/computing/data/antarctica/ismip6/hackathon/ComputedScalarsHelene/expAE02/shelfmelt/computed_shelfmelt_AIS_DOE_MALI_4km_expAE02.nc,993.6292264062927,1422.4671674216952,1865.4244257673363,6115.115263504238,37445.072585173475,279.9073038993814,2899.8506499530104,13650.773915453123,1165.5022826570657,2387.558147309959,14025.201574842813,148.28887014134085,1075.0574163172091,2482.753631019632,2196.168293111694,233.19204033896267,1037.0881855971065,1831.5703411481381,80285.79644308955,39867.95602326935,37976.47237226156,2511.23850816316,6115.115627901876,1237.6170903145103,51474.830142355175,13650.77308380929,2899.8529802719077
expAE02,DOE_MALI_8km_Ant95,/Volumes/FMac/computing/data/antarctica/ismip6/hackathon/ComputedScalarsHelene/expAE02/shelfmelt/computed_shelfmelt_AIS_DOE_MALI_8km_Ant95_expAE02.nc,1969.2821605313407,-4351.927672761856,2320.349765460359,26327.380805146066,47813.5521199104,557.0506713294878,2675.6602076494855,11250.94764742873,1925.2095306031624,4418.784667749693,20764.94561253421,124.80273271870999,751.072428068157,2096.707135892048,3943.6575647764676,277.91142024603346,1346.8364735432904,2138.7432961536415,119043.54379641858,72037.22433274362,45415.63747119342,3043.817244418902,26327.381201261465,-5437.828175978793,68536.21972776088,11250.948428145988,2675.6602476616335
expAE02,DOE_MALI_8km_AntMean,/Volumes/FMac/computing/data/antarctica/ismip6/hackathon/ComputedScalarsHelene/expAE02/shelfmelt/computed_shelfmelt_AIS_DOE_MALI_8km_AntMean_expAE02.nc,1739.2823930073214,-1818.223500595719,1578.5416865768575,18844.120844693593,42588.50184360581,490.69188080963966,1668.6782652099955,8804.679422844765,1518.701083002723,3642.1227144333716,16911.12669245697,150.1427302068741,774.5003504068138,1788.4688512944895,3430.86498713955,278.10115383525863,1186.6708873346631,2350.6182170030916,94137.29549855442,55563.001306134276,37833.186185234576,3199.070909588703,18844.127594710837,-2243.3070609172573,59435.3431507139,8804.682206622794,1668.6758220270694
expAE02,IGE_ElmerIce,/Volumes/FMac/computing/data/antarctica/ismip6/hackathon/ComputedScalarsHelene/expAE02/shelfmelt/computed_shelfmelt_AIS_IGE_ElmerIce_expAE02.nc,594.1546579004751,580.879607961429,908.8864451135894,724.9333708555018,5710.192849222643,-2.308785588373155,-510.0785216623299,4956.393693547225,1069.0224669380814,1420.0153303408301,1600.660333489156,266.9431413036409,489.519004645912,1194.177937780446,1144.3541215520595,162.25373349557265,-192.684401991472,1458.3541832353258,22719.984573313384,9301.204032841702,12015.031165813496,1282.7363589348324,724.9335321749868,561.289128189891,7238.495745420663,4956.394043414199,-510.0783984252862
expAE02,ILTS_SICOPOLIS,/Volumes/FMac/computing/data/antarctica/ismip6/hackathon/ComputedScalarsHelene/expAE02/shelfmelt/computed_shelfmelt_AIS_ILTS_SICOPOLIS_expAE02.nc,-48.89508985397515,-680.7518534944174,3288.4132764106926,13624.481293977631,92294.17347385485,462.95543342048904,-248.6610749274132,13232.336483296021,3546.8426923019397,5457.144882495257,28751.24439765236,29.966052894955858,-66.67710987491819,5551.195699730855,2976.380131572241,-157.11659468143904,347.4125669442408,1687.5332320297312,162889.90864885994,103148.12968513367,59966.16351181624,1314.3686956762376,13624.479234197242,-3458.994233418518,121119.68427770575,13232.336402791483,-248.6604082124186
expAE02,IMAU_UFEMISM1,/Volumes/FMac/computing/data/antarctica/ismip6/hackathon/ComputedScalarsHelene/expAE02/shelfmelt/computed_shelfmelt_AIS_IMAU_UFEMISM1_expAE02.nc,,6075.835690152355,,2358.3753454128846,12509.147938481528,1126.0837571859556,,3817.3764541331857,,,12694.912235828124,,,,,,,88.60537278825893,61522.37565690007,29229.848485023307,33235.427539420685,-1990.1339722221128,2358.3754837480233,6833.776077803039,23944.390508443954,3817.376520772827,
expAE02,IMAU_UFEMISM2,/Volumes/FMac/computing/data/antarctica/ismip6/hackathon/ComputedScalarsHelene/expAE02/shelfmelt/computed_shelfmelt_AIS_IMAU_UFEMISM2_expAE02.nc,,2638.4865406333956,,,19370.39386815999,1511.5608166872917,,4400.873093511153,,,15829.77922525864,,,,,,,,64296.35798415089,27236.96002909713,36653.73619383394,,,3647.5180888624345,36172.29378232042,4400.873031616385,
expAE02,IMAU_UFEMISM3,/Volumes/FMac/computing/data/antarctica/ismip6/hackathon/ComputedScalarsHelene/expAE02/shelfmelt/computed_shelfmelt_AIS_IMAU_UFEMISM3_expAE02.nc,224.8616263099394,2079.3057744593825,,2766.7356377950637,27124.25626462364,691.7463219713857,1335.4493364307878,2036.8273209838826,2581.9789163793857,1305.0226063414598,17912.808353907265,843.3856582271691,441.6529440749117,1493.638927303206,1765.0948506756386,,,,66181.46609401642,33896.62777970555,30876.888719779636,,2766.735593915784,2868.2775834491767,44784.16210879217,2036.8267127299996,1335.4492502577207
expAE02,IMAU_UFEMISM4,/Volumes/FMac/computing/data/antarctica/ismip6/hackathon/ComputedScalarsHelene/expAE02/shelfmelt/computed_shelfmelt_AIS_IMAU_UFEMISM4_expAE02.nc,137.9867018889558,1006.4794563667529,,4655.469438049061,24246.802308925602,1278.9707300775267,1441.3649528417516,2668.2741424304036,2327.365129299215,1846.301106224002,12258.907852952267,635.3963530446646,330.28334452526934,1352.3455739307096,,,,,53860.99422765752,28365.08964818924,23878.80845715362,,4655.469166416141,2005.17194059772,36282.11960095026,2668.273686524102,1441.365029221856
expAE02,LSCE_GRISLI2,/Volumes/FMac/computing/data/antarctica/ismip6/hackathon/ComputedScalarsHelene/expAE02/shelfmelt/computed_shelfmelt_AIS_LSCE_GRISLI2_expAE02.nc,383.73802411614224,4003.4501676588297,559.8659327457829,-306.28122237410525,18631.438522840665,113.79140385739908,158.52386054870135,3566.1156771602764,2864.750665664361,709.3754038981087,1972.2213823150526,395.55440202542695,942.7586816364565,-266.0345101939252,532.1359770412178,134.6012792907291,190.6582928772482,288.8366577017963,32642.822859770793,23880.615027408603,9537.148202769105,321.9699159177344,-306.2817483200024,2733.420056644627,20840.994920662506,3566.1156237106306,158.52367371838568
expAE02,LSCE_GRISLI,/Volumes/FMac/computing/data/antarctica/ismip6/hackathon/ComputedScalarsHelene/expAE02/shelfmelt/computed_shelfmelt_AIS_LSCE_GRISLI_expAE02.nc,-1463.1289973736866,11854.792607963114,389.79563294279706,7886.6591333172255,41499.982100524605,368.01167336416665,408.6096693920658,7694.534073228935,6750.560846266355,2213.4661216543464,10374.176862894426,567.8891687496025,3032.6262052277752,635.2534681754796,-9.91626510412425,313.12942495885795,3918.9649059508583,-1038.628216707164,85921.72750087094,51601.910402105306,25420.37930906238,2281.7318602089417,7886.660497179782,10818.083945575752,51965.13990395992,7694.529964903908,408.60947893559114
expAE02,NCAR_CISM1,/Volumes/FMac/computing/data/antarctica/ismip6/hackathon/ComputedScalarsHelene/expAE02/shelfmelt/computed_shelfmelt_AIS_NCAR_CISM1_expAE02.nc,1020.40529610625,172.1276319646313,488.46340018929277,-1094.4236445531242,17160.985292786,202.0955583443175,441.6728376184772,81.2022844102004,490.489241751367,807.9735601858483,6861.781071890642,599.6660855232261,1077.990696740763,159.22726347752814,469.79664006852136,543.6584898319948,345.5132312676724,2173.749240458466,31450.018760366613,18313.64319500741,11526.704952637,2273.0862431255164,-1094.423857266071,136.20790872874932,24003.88452770195,81.2023259969403,441.67293283305895
expAE02,NCAR_CISM2,/Volumes/FMac/computing/data/antarctica/ismip6/hackathon/ComputedScalarsHelene/expAE02/shelfmelt/computed_shelfmelt_AIS_NCAR_CISM2_expAE02.nc,1873.1386474539604,7318.053710133019,1689.6456314596226,3710.349313911869,37817.833501373476,536.0054700414041,298.79190067170794,2980.928024708761,3714.8944875766647,1492.4280425203942,21192.06500936725,218.5500252989641,-107.04181700103868,2398.0311031933134,-336.9917869777655,309.79678196641146,827.611506874082,2013.5279121143594,84566.19036596568,50532.74300555422,31208.258500698532,2954.810000351703,3710.35065845379,7320.709779565306,58882.62103143077,2980.9308800222225,298.7916898728822
expAE02,NORCE_CISM2-MAR364-ERA-t1,/Volumes/FMac/computing/data/antarctica/ismip6/hackathon/ComputedScalarsHelene/expAE02/shelfmelt/computed_shelfmelt_AIS_NORCE_CISM2-MAR364-ERA-t1_expAE02.nc,469.3292787076771,3475.3978682057677,449.6014402221663,626.5657291652496,41788.70744095251,-231.42143109055723,1649.8039056695152,4024.2683306013714,5019.150350807009,-1944.389658232085,22708.94377650587,795.8055827536549,884.3722833605666,1681.739673614241,217.98652236339694,385.07464088615893,1116.980323885311,3071.469492458741,85580.85632835253,48378.475927792795,34460.05152122522,3528.713673151404,626.5739510468156,3057.7532521663743,64686.69219266133,4024.2681965389165,1649.804526783299
expAE02,NORCE_CISM3-MAR364-ERA-t1-local,/Volumes/FMac/computing/data/antarctica/ismip6/hackathon/ComputedScalarsHelene/expAE02/shelfmelt/computed_shelfmelt_AIS_NORCE_CISM3-MAR364-ERA-t1-local_expAE02.nc,1132.4954184941719,2756.436005329764,792.001120584805,853.9275501086677,13916.339052948962,712.1394348776898,831.016168572173,1355.2964299956357,1671.713930204216,4.412343340664847,6775.396309863932,799.4819648670453,861.1390741279865,923.6690511269285,571.4409415364344,482.2072092464689,341.3864410301494,3325.876373231107,38773.74586926642,20374.538468976192,15198.503764916139,4062.058225981262,853.9274918295205,3321.87501516629,20722.80335268812,1355.2963053228027,831.0161813005873
expAE02,NORCE_CISM3-MAR364-ERA-t1-nonlocal,/Volumes/FMac/computing/data/antarctica/ismip6/hackathon/ComputedScalarsHelene/expAE02/shelfmelt/computed_shelfmelt_AIS_NORCE_CISM3-MAR364-ERA-t1-nonlocal_expAE02.nc,1007.9188886777691,3280.5846453682916,780.4794648351344,794.1551037995605,15310.48702636854,703.2313753578501,985.3256245514165,1181.9347112426462,1108.8134744006666,-256.21914215878223,5948.838749634508,784.2165750602326,900.8683452025407,648.8436877355161,182.70294139933685,457.9982795119406,1087.303994765557,3395.631865279946,37173.01658133791,21530.869437501897,12294.8468035587,4274.900865148698,794.1547654499827,3719.999616538551,21325.479640806945,1181.9348532804897,985.3256270966165
expAE02,NORCE_CISM3-MAR364-ERA-t1,/Volumes/FMac/computing/data/antarctica/ismip6/hackathon/ComputedScalarsHelene/expAE02/shelfmelt/computed_shelfmelt_AIS_NORCE_CISM3-MAR364-ERA-t1_expAE02.nc,1417.967709222622,4092.058159974753,1082.1005594703947,4775.884378854167,35598.33088374777,274.7137839190559,1539.4658648849654,4486.903398476727,7055.607013031537,-1531.3522892894944,20868.974972499,691.902826575736,802.9649145892538,2737.8137132082084,-84.20439062994046,464.05902784086175,1044.5475944699256,3182.1608212608267,87766.65681004844,48939.80620223428,36159.77141020881,4184.372437259906,4775.892064399319,3988.038790259023,56448.81229488271,4486.901644278176,1539.4658026535299
expAE02,NORCE_CISM4-MAR364-ERA-t1-local,/Volumes/FMac/computing/data/antarctica/ismip6/hackathon/ComputedScalarsHelene/expAE02/shelfmelt/computed_shelfmelt_AIS_NORCE_CISM4-MAR364-ERA-t1-local_expAE02.nc,1068.177232292972,2939.93573755995,1310.3301477303257,1473.1046022256269,18728.129166753817,974.8104769672041,1009.3671791107703,958.5330925882936,2411.030611067752,-284.71492008056885,8103.360509488721,752.7353220611687,936.4332110692644,2469.7145887691163,792.6646467784794,293.0778086853161,1244.9536489103675,2390.18911303711,47449.86039591166,27185.896745878228,17952.657916173586,3344.1032064587534,1473.1055799569804,3676.855491986291,26771.53280932938,958.5321786861805,1009.367185418453
expAE02,NORCE_CISM4-MAR364-ERA-t1-nonlocal,/Volumes/FMac/computing/data/antarctica/ismip6/hackathon/ComputedScalarsHelene/expAE02/shelfmelt/computed_shelfmelt_AIS_NORCE_CISM4-MAR364-ERA-t1-nonlocal_expAE02.nc,1139.046636940422,2581.683779392799,1582.695137287531,1251.3097407721416,18885.50946466791,1193.6451225846995,1151.2530112203187,660.7562676952275,1932.5379247452893,-988.156663243717,6559.193411312279,785.2847660877318,1031.310552446274,1858.83749555112,173.62295209050535,310.379829583028,1678.5397153312224,2448.342415793223,43100.49258417354,26313.289367961857,14177.361940396644,3587.847835263932,1251.3104735695943,3455.3398391417068,25500.781137467144,660.7560645206995,1151.253235210674
expAE02,NORCE_CISM4-MAR364-ERA-t1,/Volumes/FMac/computing/data/antarctica/ismip6/hackathon/ComputedScalarsHelene/expAE02/shelfmelt/computed_shelfmelt_AIS_NORCE_CISM4-MAR364-ERA-t1_expAE02.nc,971.2817494678613,2036.19421131307,1436.4847851572786,1071.2916337272218,35299.96859082003,750.1648208110828,937.4683955329645,5368.370237932424,6061.056626853819,-1310.4295665299014,15523.554275734146,826.714963136799,840.19861535669,1692.4375978030657,764.2398407567753,351.4171655497544,416.1705206794895,2079.150298606173,75647.60831227794,43205.86625853028,30761.5693836406,2507.8775417805364,1071.2906209052853,2479.1779471490227,50761.34562611673,5368.367468563272,937.4680178537985
expAE02,NORCE_CISM4-MAR364-JRA-t1,/Volumes/FMac/computing/data/antarctica/ismip6/hackathon/ComputedScalarsHelene/expAE02/shelfmelt/computed_shelfmelt_AIS_NORCE_CISM4-MAR364-JRA-t1_expAE02.nc,917.3215754794142,4200.40132416728,1473.0133374482639,914.5265309675888,37108.24589641134,1297.4604824066796,874.970323201132,5854.263628342269,5607.738888758312,-810.4619619646037,16189.984768862978,774.8049808881156,775.2972139292442,1971.1986537641924,770.4042911523957,378.1806148209463,563.3658024165961,2115.0039257966346,82289.39323173818,47533.1753042982,33064.75481660354,2764.1245449156318,914.5235875420913,5007.296534569396,53207.96077306593,5854.260596460808,874.9705570409769
expAE02,NORCE_CISM5-MAR364-ERA-t1-local,/Volumes/FMac/computing/data/antarctica/ismip6/hackathon/ComputedScalarsHelene/expAE02/shelfmelt/computed_shelfmelt_AIS_NORCE_CISM5-MAR364-ERA-t1-local_expAE02.nc,872.4591423422387,3127.2184306669333,1688.4180769487457,1880.0318476914508,19256.432764900303,1883.2916489616482,1068.8339407936903,6264.594169750437,2357.064479025459,-977.2042034380938,11104.116514569861,618.1705455080197,1494.19283340042,1835.4900494743838,456.18538645371973,328.8692701561399,367.8005219843726,2258.7628179967824,56896.93315517032,28480.58921114258,26747.067740290557,2020.6199405675497,1880.033047421235,4744.565366714785,30360.35838566313,6264.594453308775,1068.8339385457757
expAE02,NORCE_CISM5-MAR364-ERA-t1-nonlocal,/Volumes/FMac/computing/data/antarctica/ismip6/hackathon/ComputedScalarsHelene/expAE02/shelfmelt/computed_shelfmelt_AIS_NORCE_CISM5-MAR364-ERA-t1-nonlocal_expAE02.nc,1115.1429726489873,2894.8375749992647,1156.6294568085295,3166.04877185003,19296.933345715832,1257.1490455599617,987.4038461065516,8013.935971577133,1385.0625301210566,-932.0405334366114,8384.530658701184,606.8898948233309,1662.421535541339,1428.9319385086787,29.120200255640157,445.66105429361596,916.642215989872,2206.906677367284,53336.6208686544,28510.90699054805,23189.410595473106,2327.052844077735,3166.0506045012153,3716.9811197432064,28190.3934675579,8013.935869002105,987.4038427582419
expAE02,NORCE_CISM5-MAR364-ERA-t1,/Volumes/FMac/computing/data/antarctica/ismip6/hackathon/ComputedScalarsHelene/expAE02/shelfmelt/computed_shelfmelt_AIS_NORCE_CISM5-MAR364-ERA-t1_expAE02.nc,770.9120623606727,3763.938189288805,1375.9312827341791,663.9449449855783,24403.027662499808,1682.2188158961185,642.3110773819807,222.0772330345244,3543.2837894672484,-34.248738726926604,12046.541118366731,669.7394759324903,2346.122270506401,1496.1153594194752,703.2127836603008,381.0289315904579,431.3242614921637,2399.3949825357668,59117.76738637441,33626.57971961894,23247.919073216806,2625.735899780642,663.9428765311641,5104.775753100634,36692.11124470284,222.07546244699915,642.3111035021178
expAE02,PIK_PISM,/Volumes/FMac/computing/data/antarctica/ismip6/hackathon/ComputedScalarsHelene/expAE02/shelfmelt/computed_shelfmelt_AIS_PIK_PISM_expAE02.nc,1256.0490340591366,-4198.777577639805,5005.093631052652,1497.9565876181514,3875.2439138962945,-877.8030306107589,1832.2027315465562,10669.678761245186,-839.3109391361104,3707.27611949082,-9141.834745330256,134.08648204665374,1517.7308945605157,4026.074553885268,4485.183944055319,211.41367255258234,3526.2791541319048,2277.997273589637,28968.87296843782,9690.361651055719,13869.857631699415,5615.858800587078,1497.9546781501122,-5405.554609892144,-7904.476168433161,10669.68009841203,1832.2021202472756
expAE02,UCM_Yelmo,/Volumes/FMac/computing/data/antarctica/ismip6/hackathon/ComputedScalarsHelene/expAE02/shelfmelt/computed_shelfmelt_AIS_UCM_Yelmo_expAE02.nc,0.8835263794317143,-640.449828511124,348.80910049201793,-239.71250072577732,15086.347317543412,143.63584080663117,958.4385056661531,1244.3558452282798,728.0361070317144,-2976.6251313999874,5800.330766717012,342.0009907756116,-3.8959734753302655,383.0012840102586,-12.294569452501491,276.2759280046256,708.4449732807861,1568.2462450276817,24550.349839374016,15318.607901122145,6563.480889210499,2931.209797362502,-239.71233678570934,-694.5716293579226,20953.98861749014,1244.3558506708046,958.4384463703789
expAE02,UCSD_ISSM,/Volumes/FMac/computing/data/antarctica/ismip6/hackathon/ComputedScalarsHelene/expAE02/shelfmelt/computed_shelfmelt_AIS_UCSD_ISSM_expAE02.nc,-171.08370464821996,22.65228739347873,198.7884962437239,2120.252993210648,381.6806475793346,20.51712437701348,209.08932734200062,10426.898380909348,486.1714747704219,520.2553377110557,-168.7054752962572,161.53962437652626,366.07957980730635,504.98653382055943,775.1331723980813,162.29067615724733,-1390.6889491103075,200.81853469712905,15223.065638936117,3192.0021435533054,13963.067172346111,-950.4167326399674,2120.24773341493,44.27296143679882,123.12233625318913,10426.899156157782,209.0894176153206
expAE02,ULB_fETISh-KoriBU1,/Volumes/FMac/computing/data/antarctica/ismip6/hackathon/ComputedScalarsHelene/expAE02/shelfmelt/computed_shelfmelt_AIS_ULB_fETISh-KoriBU1_expAE02.nc,1362.22941186939,559.721954171041,670.5186571982026,2404.192355887033,20490.30849205532,-84.36638328123337,945.6993865231998,3250.910659916198,3587.667919324914,8130.442111588747,8232.108954165175,351.2081405668099,793.4069382398536,3574.20670681667,3388.6111073135144,262.4141651404067,-646.2631107231173,2762.794951274061,58917.82036009182,25125.281759601297,32040.417370888856,2384.227186446453,2404.194415060052,569.1738481553621,28414.0221131643,3250.909807862102,945.7000903495755
expAE02,ULB_fETISh-KoriBU2,/Volumes/FMac/computing/data/antarctica/ismip6/hackathon/ComputedScalarsHelene/expAE02/shelfmelt/computed_shelfmelt_AIS_ULB_fETISh-KoriBU2_expAE02.nc,475.22234755991485,-1479.177540407327,-68.16437240396954,20250.256209327534,34845.705139560065,-281.7580595616289,1658.6699956202547,2708.3264081075667,1888.4251239425694,1401.1893569696185,11805.179681788064,377.8828044527943,877.3526596861786,1469.878656397395,604.8234467479842,268.8576247705766,-320.42846308894514,904.1352413628774,59724.446033855726,47303.404097299644,22220.100663069068,589.5666457723805,20250.25462522279,-3105.505298954711,46256.1529651483,2708.3265850142334,1658.6700868060002
expAE02,UNN_Ua,/Volumes/FMac/computing/data/antarctica/ismip6/hackathon/ComputedScalarsHelene/expAE02/shelfmelt/computed_shelfmelt_AIS_UNN_Ua_expAE02.nc,1089.0514421104042,5237.047110451176,838.1243423261626,167.99944117354244,19928.267408307067,306.0319100964132,794.4277063134006,4437.656591887657,2423.755659373086,258.47307811277915,8246.095074786543,-403.2429432063035,-422.64067902866645,2115.9306303131198,995.29719240761,-282.2677876755065,370.3787439542457,582.7888531584781,47291.418797111866,28048.945245440802,18959.771092998548,480.36085424679686,167.99872891127234,5398.368440449156,28027.188045333205,4437.656720694697,794.427462889374
expAE02,UTAS_ElmerIce,/Volumes/FMac/computing/data/antarctica/ismip6/hackathon/ComputedScalarsHelene/expAE02/shelfmelt/computed_shelfmelt_AIS_UTAS_ElmerIce_expAE02.nc,1045.376506109356,1831.5069635154678,479.8794093355898,-722.5804952320918,8811.049437375128,67.38057953251695,752.95484930096,2227.9633575294556,461.0216984330398,-157.96230949513028,4701.349769330825,93.24496138515377,567.0823008798782,861.2176794662204,421.95296673935877,67.33053960590775,470.16512478930827,1331.5243304951337,24393.190624375093,12275.104108726322,10220.996605138269,1832.6988104986783,-722.5805408792867,1885.7917014766326,13460.700389561986,2227.9627235738008,752.954838187425
expAE02,VUB_AISMPALEO,/Volumes/FMac/computing/data/antarctica/ismip6/hackathon/ComputedScalarsHelene/expAE02/shelfmelt/computed_shelfmelt_AIS_VUB_AISMPALEO_expAE02.nc,104.45911439321264,8260.216269173055,188.82326324469943,2724.215363188112,15797.016059497433,1952.651515266191,847.2976847786565,,5452.339261207347,1253.9530813214149,15100.178159895297,938.6956165183815,,,1460.7863507315453,524.6460037792334,1311.148806071311,,55499.92989501891,26382.57980861856,28245.401298285902,5065.490066735321,2724.2154413213507,10188.255543486142,30976.99912759025,,847.2976007907808
expAE02,VUW_PISM1,/Volumes/FMac/computing/data/antarctica/ismip6/hackathon/ComputedScalarsHelene/expAE02/shelfmelt/computed_shelfmelt_AIS_VUW_PISM1_expAE02.nc,2300.126456338413,7183.572843577418,1877.4866476959105,-4637.327642833152,80376.47349197393,125.33055274774563,923.4969397048535,7502.411730806913,6768.3699229986905,5799.586750552475,21534.64968846463,189.52495203940742,1537.7412012654422,6442.527178265416,7645.337738544804,218.18937868311409,456.8559645668979,3229.873707995721,149298.49430362906,85985.9577816214,59081.750451335334,4063.259446900396,-4637.322383035105,7371.13885684088,101615.61299876901,7502.40988909075,923.4970114051753
expAE02,VUW_PISM1_s1,/Volumes/FMac/computing/data/antarctica/ismip6/hackathon/ComputedScalarsHelene/expAE02/shelfmelt/computed_shelfmelt_AIS_VUW_PISM1_s1_expAE02.nc,,,,,,,,,,,,,,,,,,,,,,,,,,,
expAE02,VUW_PISM1_s2,/Volumes/FMac/computing/data/antarctica/ismip6/hackathon/ComputedScalarsHelene/expAE02/shelfmelt/computed_shelfmelt_AIS_VUW_PISM1_s2_expAE02.nc,2121.734307832554,6072.0779158587175,2889.5717954384872,-1850.160832162077,67274.95955234156,147.16495971897496,-117.87884591155625,2785.3719947456993,5704.320157597819,4259.981208127627,18642.367384939927,108.75975469325971,1364.383365554867,4167.055526313006,7183.687741699541,42.19608092183077,376.3320854358883,2994.924868266309,124878.43952557223,75917.92370301377,45373.05026711713,3658.7169928963704,-1850.1684157252748,6509.642146026941,85560.14383570284,2785.3710828429284,-117.87884321726574
expAE02,VUW_PISM1_s3,/Volumes/FMac/computing/data/antarctica/ismip6/hackathon/ComputedScalarsHelene/expAE02/shelfmelt/computed_shelfmelt_AIS_VUW_PISM1_s3_expAE02.nc,2002.0585214643334,1594.1990962837408,1755.827442035299,-2208.3425516635143,58882.36014303159,769.5933280916081,1909.4807167323909,5967.207785554121,5743.271332852754,5259.53190239335,15992.006679318521,1031.941929020389,1540.1084677140893,4624.833866880286,7795.416969800037,193.74745309922753,224.86738577792153,1868.1191330241927,113266.6881817794,60510.30267970754,50327.1301140617,2519.0835865207664,-2208.3498441359916,2399.519108448785,74489.27128385536,5967.206359721778,1909.480335170028
expAE02,VUW_PISM1_s4,/Volumes/FMac/computing/data/antarctica/ismip6/hackathon/ComputedScalarsHelene/expAE02/shelfmelt/computed_shelfmelt_AIS_VUW_PISM1_s4_expAE02.nc,2291.7680168391944,9496.049208184944,1818.1719344605026,2755.130343740733,85426.31284272105,1374.948161788787,40.4511990830938,7717.543931237718,6930.267620663519,5448.971809753761,25924.33259040041,536.1720340559391,1375.0212286919982,5110.599285796288,7773.611285682076,131.85750710162017,819.9400707088557,3240.746021676692,167721.20786207437,100232.01890117119,63268.32163983701,4168.225248343628,2755.131936549551,10940.648110703798,110798.75283390238,7717.5447670869635,40.451559034706406
expAE02,VUW_PISM2,/Volumes/FMac/computing/data/antarctica/ismip6/hackathon/ComputedScalarsHelene/expAE02/shelfmelt/computed_shelfmelt_AIS_VUW_PISM2_expAE02.nc,6364.826931144336,8049.152848997455,4567.616347134894,9779.981392850481,98359.29096068672,101.70078324441727,1720.859759242534,7721.345595649123,8913.218430234214,7876.853911961752,24521.2889437454,520.2578261513734,2292.229347786677,6916.007146428661,16031.872815796076,554.6123000507706,345.5020811187985,5115.4080418905,190112.4910302176,109789.52751170789,75081.17674389927,5754.380232133381,9779.989506278835,8056.439782277725,118965.66690305035,7721.344250460323,1720.8592893668265
expAE02,VUW_PISM2_s1,/Volumes/FMac/computing/data/antarctica/ismip6/hackathon/ComputedScalarsHelene/expAE02/shelfmelt/computed_shelfmelt_AIS_VUW_PISM2_s1_expAE02.nc,6294.395501912224,9097.732996492996,5526.569510778883,-634.9735655803088,115430.14325162632,431.9956545067638,1889.1766860910793,12022.980707703075,9680.459867697982,8961.019067311088,26529.215098535606,885.1592278425765,2611.0653797501764,8359.211864440484,17779.526742392278,575.6338621012721,426.82998710654965,5820.68093542844,208452.29474536807,114468.31031081433,87772.32342628896,6859.118378136955,-634.9796139365644,9345.4091605426,138532.4075216956,12022.980994397763,1889.177914929478
expAE02,VUW_PISM2_s2,/Volumes/FMac/computing/data/antarctica/ismip6/hackathon/ComputedScalarsHelene/expAE02/shelfmelt/computed_shelfmelt_AIS_VUW_PISM2_s2_expAE02.nc,4629.612227617959,7294.533096298044,4431.814553624728,-1253.3253727639021,85648.30200150325,75.97350978388926,1769.8071674891185,5637.807303010157,6462.895192166759,5529.039769640587,23565.045149747846,711.3340633260118,2277.5500282726707,8027.754832848361,14876.90425339062,428.9741768950722,-103.52453754487556,5064.116579730538,168056.50003440818,94733.64782952837,68422.47259443747,5240.6011066952215,-1253.3261921149024,7253.908538914417,107201.24060345402,5637.806986206355,1769.8065593241413
expAE02,VUW_PISM2_s3,/Volumes/FMac/computing/data/antarctica/ismip6/hackathon/ComputedScalarsHelene/expAE02/shelfmelt/computed_shelfmelt_AIS_VUW_PISM2_s3_expAE02.nc,3123.489160450703,1960.012377170231,4555.017894944893,-423.6687955790985,72023.93707433956,922.7446488060647,2946.597693912863,7739.421468469189,7451.317129448123,7481.551055063397,19857.262840939664,1351.7746471720832,1997.8083052480679,7374.665494374685,13239.03335422811,423.3022692818878,573.1038252981996,3554.0952244483105,151707.38798742485,79436.27899078085,69642.03188096223,4352.400831316234,-423.67407998955605,2868.672227036579,88903.47351299554,7739.423074331768,2946.597712404605
expAE02,VUW_PISM2_s4,/Volumes/FMac/computing/data/antarctica/ismip6/hackathon/ComputedScalarsHelene/expAE02/shelfmelt/computed_shelfmelt_AIS_VUW_PISM2_s4_expAE02.nc,6551.54197175477,10238.576134059578,5254.811030096118,24865.183013178146,102851.87023203829,1015.0565860770373,2524.68162719306,8642.052920664304,8282.200576481764,7585.343301075585,30039.857721875713,905.3614829826915,2308.2049996339156,8566.188390636213,17824.200841967122,567.7836192561815,823.6821489473318,5986.171521813467,207446.74507501716,114588.6108783347,86489.19764396493,7051.525562238216,24865.17351463948,11227.364140106736,129827.07949153776,8642.049604767337,2524.681081257231
expAE02,IMAU_UFEMISM1,/Volumes/FMac/computing/data/antarctica/ismip6/hackathon/ComputedScalarsHelene/expAE02/shelfmelt/jb_computed_shelfmelt_AIS_IMAU_UFEMISM1_expAE02.nc,,6075.835690152355,,2358.3753454128846,12509.147938481528,1126.0837571859556,,3817.3764541331857,,,12694.912235828124,,,,,,,88.60537278825893,61522.37565690007,29229.848485023307,33235.427539420685,-1990.1339722221128,2358.3754837480233,6833.776077803039,23944.390508443954,3817.376520772827,
expAE02,IMAU_UFEMISM2,/Volumes/FMac/computing/data/antarctica/ismip6/hackathon/ComputedScalarsHelene/expAE02/shelfmelt/jb_computed_shelfmelt_AIS_IMAU_UFEMISM2_expAE02.nc,,2638.4865406333956,,,19370.39386815999,1511.5608166872917,,4400.873093511153,,,15829.77922525864,,,,,,,,64296.35798415089,27236.96002909713,36653.73619383394,,,3647.5180888624345,36172.29378232042,4400.873031616385,
expAE02,IMAU_UFEMISM3,/Volumes/FMac/computing/data/antarctica/ismip6/hackathon/ComputedScalarsHelene/expAE02/shelfmelt/jb_computed_shelfmelt_AIS_IMAU_UFEMISM3_expAE02.nc,224.8616263099394,2079.3057744593825,,2766.7356377950637,27124.25626462364,691.7463219713857,1335.4493364307878,2036.8273209838826,2581.9789163793857,1305.0226063414598,17912.808353907265,843.3856582271691,441.6529440749117,1493.638927303206,1765.0948506756386,,,,66181.46609401642,33896.62777970555,30876.888719779636,,2766.735593915784,2868.2775834491767,44784.16210879217,2036.8267127299996,1335.4492502577207
expAE02,IMAU_UFEMISM4,/Volumes/FMac/computing/data/antarctica/ismip6/hackathon/ComputedScalarsHelene/expAE02/shelfmelt/jb_computed_shelfmelt_AIS_IMAU_UFEMISM4_expAE02.nc,137.9867018889558,1006.4794563667529,,4655.469438049061,24246.802308925602,1278.9707300775267,1441.3649528417516,2668.2741424304036,2327.365129299215,1846.301106224002,12258.907852952267,635.3963530446646,330.28334452526934,1352.3455739307096,,,,,53860.99422765752,28365.08964818924,23878.80845715362,,4655.469166416141,2005.17194059772,36282.11960095026,2668.273686524102,1441.365029221856
expAE03,DC_ISSM,/Volumes/FMac/computing/data/antarctica/ismip6/hackathon/ComputedScalarsHelene/expAE03/shelfmelt/computed_shelfmelt_AIS_DC_ISSM_expAE03.nc,1006.5849738452368,-1015.8711636810658,1912.334755743389,2787.626509636013,4874.428572959794,147.95148809743216,402.30169655648933,3099.0847391075977,283.60185508282166,1226.8267119506545,1297.647078794911,158.74749408315472,155.5335401039374,585.8249950209797,-1445.6706609630019,52.73204123767539,-435.50560213223616,1980.4312102326594,16797.368146943132,9234.103151713542,4566.671910258105,1288.7490576853234,2787.6291940088795,-2723.1793664406505,6208.602846895425,3099.0843140452253,402.3020974985657
expAE03,DOE_MALI_4km,/Volumes/FMac/computing/data/antarctica/ismip6/hackathon/ComputedScalarsHelene/expAE03/shelfmelt/computed_shelfmelt_AIS_DOE_MALI_4km_expAE03.nc,3901.2861319378294,-11226.214994719034,5434.458458504638,36090.4831423485,8414.046372478551,-786.4850996109599,10462.843994706996,13432.086361437228,1288.9751474977584,3473.9782925398213,4229.881414219348,41.9495331016559,-130.05066980101833,1015.2136698746049,-1380.1902161036523,-9.396509083445153,-386.3377899148127,4069.609374877435,62852.508613233804,38571.15779618331,29156.562153575593,3607.0575478846986,36090.48139387381,-18385.750284588925,12529.1471863857,13432.081092759869,10462.840432225152
expAE03,DOE_MALI_8km_Ant95,/Volumes/FMac/computing/data/antarctica/ismip6/hackathon/ComputedScalarsHelene/expAE03/shelfmelt/computed_shelfmelt_AIS_DOE_MALI_8km_Ant95_expAE03.nc,3000.1479108018148,19796.248610570183,7397.1232713417985,132580.88686483004,27033.7453174587,1030.6353547634544,11108.28715181797,13768.545534612833,2345.8404507496607,8362.114142665127,9460.994661242963,-328.4427924678571,1274.6340286395198,1048.411121585702,86.98597724238425,131.54720783695768,-339.93477318029227,4348.967504002914,207906.68490808224,158737.79334758956,44974.43786474432,3997.3956276152903,132580.8712828482,13746.899130398873,35748.58400102786,13768.54475590305,11108.288209701226
expAE03,DOE_MALI_8km_AntMean,/Volumes/FMac/computing/data/antarctica/ismip6/hackathon/ComputedScalarsHelene/expAE03/shelfmelt/computed_shelfmelt_AIS_DOE_MALI_8km_AntMean_expAE03.nc,3522.01432495739,-1082.1581780219858,7171.386385077191,102130.76241368151,13941.013524911177,1060.244021405129,9126.971542080551,11350.547683446583,2159.9980366188483,7510.743175110016,7669.432208216422,-234.65983401485664,1170.820440018314,1150.8242919673457,-189.37537246931242,122.5313219542353,-362.49412067361345,4025.430359709411,152854.87476994947,116974.53159728495,34277.64745269045,3727.79235707831,102130.78488418213,-10136.147147917422,20951.381134377327,11350.544750200343,9126.969899735013
expAE03,IGE_ElmerIce,/Volumes/FMac/computing/data/antarctica/ismip6/hackathon/ComputedScalarsHelene/expAE03/shelfmelt/computed_shelfmelt_AIS_IGE_ElmerIce_expAE03.nc,702.8707307187194,3481.713528911585,1699.4337050925515,1655.4066744067413,1074.116352456651,617.1424172769875,429.16122391890804,5488.772406432447,2230.305386703506,3034.680108444464,-283.83462354282983,931.2180962401585,160.38022940463952,422.1201835029499,2007.6090768247159,417.4683933737603,2942.7642994380803,520.1746543996446,19849.22088329029,7787.682396107448,13092.301016623576,103.28574101348931,1655.406330760652,4125.273784258867,612.7109295899172,5488.771812659365,429.160487822146
expAE03,ILTS_SICOPOLIS,/Volumes/FMac/computing/data/antarctica/ismip6/hackathon/ComputedScalarsHelene/expAE03/shelfmelt/computed_shelfmelt_AIS_ILTS_SICOPOLIS_expAE03.nc,5270.957671572557,27968.94290827267,7509.758184820213,56444.07743864853,54748.39566781714,-257.6932256039572,-1744.5589624359309,13665.086965302246,3823.2908430476273,11339.472377048216,10350.495795770374,-381.79257178355385,523.6600227800809,856.8765506788295,826.7869442218907,-103.8123680027694,-309.41209348396086,6083.25519169272,187327.92101684585,146685.41441788734,36447.32266231498,6213.516252017987,56444.08015633497,26470.130156348692,65279.78603117203,13665.08999915505,-1744.5595611663994
expAE03,IMAU_UFEMISM1,/Volumes/FMac/computing/data/antarctica/ismip6/hackathon/ComputedScalarsHelene/expAE03/shelfmelt/computed_shelfmelt_AIS_IMAU_UFEMISM1_expAE03.nc,,22207.56010107421,,,13884.98215621421,,2095.7114364119398,2618.9287192145002,4839.886164629902,,10055.559101519928,,,,,404.3808218787801,-256.1096791189584,-2633.900467884577,54839.51412139751,25418.10600602768,28889.720962112784,-895.6944424973099,,22603.684644685993,24143.41497058236,2618.9290260373855,2095.7114431025475
expAE03,IMAU_UFEMISM2,/Volumes/FMac/computing/data/antarctica/ismip6/hackathon/ComputedScalarsHelene/expAE03/shelfmelt/computed_shelfmelt_AIS_IMAU_UFEMISM2_expAE03.nc,,32821.78918215672,,,13741.141154562443,,1936.0604304143853,3278.239833754199,4768.922223343082,,10393.79241420095,,,,,367.4273497377528,-567.9343936736414,,52930.49170548095,20121.863781950247,29982.903700271374,-523.5511214642884,,33988.95788988244,24125.309622350345,3278.2398236977137,1936.0604988742946
expAE03,IMAU_UFEMISM3,/Volumes/FMac/computing/data/antarctica/ismip6/hackathon/ComputedScalarsHelene/expAE03/shelfmelt/computed_shelfmelt_AIS_IMAU_UFEMISM3_expAE03.nc,55.149263308760624,36580.98569940144,,4757.869620785767,11623.115769214659,,1873.2036040344362,1938.7908804983545,2803.853050941496,2057.037257908075,11231.252586824718,,-546.0651283234147,172.75334018910485,2820.241161049887,268.50995538725533,-602.3284105789426,,48125.79841187605,25553.256223975317,24053.400308942662,-396.8214210483857,4757.869987221629,38519.81476295047,23335.09735148448,1938.7905879567027,1873.2034897496148
expAE03,IMAU_UFEMISM4,/Volumes/FMac/computing/data/antarctica/ismip6/hackathon/ComputedScalarsHelene/expAE03/shelfmelt/computed_shelfmelt_AIS_IMAU_UFEMISM4_expAE03.nc,37.894707604617224,36352.103563669996,,4221.353726421816,9768.123736952184,1444.1531030435608,554.296957673477,3089.2899287283626,1705.1807849985553,953.1472789428958,8882.561528303624,,-1429.9440103548,1126.262727731838,3619.114796184408,400.30027034012187,-183.72779536096232,,40099.27473926233,20383.786309325747,19744.597129795446,268.7130304903976,4221.354052955932,37987.61884857953,18987.169843225027,3089.289702789983,554.2968726518459
expAE03,LSCE_GRISLI2,/Volumes/FMac/computing/data/antarctica/ismip6/hackathon/ComputedScalarsHelene/expAE03/shelfmelt/computed_shelfmelt_AIS_LSCE_GRISLI2_expAE03.nc,35.39624837066992,14341.623108890235,360.03156150182826,-413.36360622755456,10289.173659827757,-41.26043362481346,-112.04278718407613,4499.029112139537,2371.2255104262304,3891.801225635736,1293.9959019441205,432.0443273739161,64.09501083433793,-163.26905534014531,518.4779571333343,349.6986490110784,1905.9029992078576,955.1082822339822,28940.423878583417,20413.56095932481,12903.385962564193,1367.0612797183949,-413.36286833803206,13863.559449822373,10166.253449481199,4499.029154052822,-112.04250687139165
expAE03,LSCE_GRISLI,/Volumes/FMac/computing/data/antarctica/ismip6/hackathon/ComputedScalarsHelene/expAE03/shelfmelt/computed_shelfmelt_AIS_LSCE_GRISLI_expAE03.nc,5237.076861981268,46796.16698610869,7747.111483173698,26278.6211940285,17352.423536352922,1404.7525726891854,164.65767272438097,11325.539090301063,7488.882944146948,8466.673523263518,-424.1433560534497,281.7361093287059,2430.07405450351,2014.5059669702587,-1355.4945548187643,442.6476959743676,4611.028922087308,8989.054599986699,136885.56077921786,93736.20751675923,27186.49151589036,10229.075562383776,26278.617120200593,48204.398852241175,17630.413501619274,11325.539706761798,164.65768882672637
expAE03,NCAR_CISM1,/Volumes/FMac/computing/data/antarctica/ismip6/hackathon/ComputedScalarsHelene/expAE03/shelfmelt/computed_shelfmelt_AIS_NCAR_CISM1_expAE03.nc,1243.7544090576896,-1408.7314977251008,2528.4018149721637,739.3851434287644,7705.784805457686,485.06023652375234,839.4963818362029,-1171.7348869143261,411.0159025684511,-609.242318526145,2023.9695475338085,527.603716711169,-340.74563307229755,-781.9455284536534,-712.6282468829768,303.251409990222,-2871.7836337525296,883.8779040848653,9461.269697875963,10704.625978672091,1922.5947306915696,-1664.8146687175376,739.3879089348538,-2720.4360488354214,9614.445804155097,-1171.7349826038417,839.4963589342799
expAE03,NCAR_CISM2,/Volumes/FMac/computing/data/antarctica/ismip6/hackathon/ComputedScalarsHelene/expAE03/shelfmelt/computed_shelfmelt_AIS_NCAR_CISM2_expAE03.nc,5174.266629308186,18292.648133320123,7999.80746041842,44144.5831395032,12128.828562466791,991.8146075460427,3174.0772125926815,7375.250675625779,5872.2066497585765,9074.127015665967,9483.761200107976,668.6343224424056,2.4943020383598196,885.8434671266459,-191.22148693590498,-33.081608798749244,535.2387776177713,6214.637697072772,116938.59914204746,77511.36952830257,32879.72873505205,6820.599767367261,44144.58658288882,14439.758655322134,21327.32560860223,7375.250591007396,3174.081292070172
expAE03,NORCE_CISM2-MAR364-ERA-t1,/Volumes/FMac/computing/data/antarctica/ismip6/hackathon/ComputedScalarsHelene/expAE03/shelfmelt/computed_shelfmelt_AIS_NORCE_CISM2-MAR364-ERA-t1_expAE03.nc,206.20692646086582,15362.46689338849,7930.00343792533,19926.805997084215,22954.919903542926,3857.3652005685763,1602.8075046431231,5919.655017498524,4454.621671554103,-2998.698740384243,8407.521106724533,534.7598433784163,-154.3118456835174,435.7897244419041,-989.5914544393163,442.9472368256894,-2146.117773323337,3916.1643827050457,74095.95782667259,53170.020764689136,21926.920584243286,2162.3816353906586,19926.80820965815,18551.561832919382,31590.16289559193,5919.659170432336,1602.8080516454675
expAE03,NORCE_CISM3-MAR364-ERA-t1-local,/Volumes/FMac/computing/data/antarctica/ismip6/hackathon/ComputedScalarsHelene/expAE03/shelfmelt/computed_shelfmelt_AIS_NORCE_CISM3-MAR364-ERA-t1-local_expAE03.nc,1407.0463475628394,2043.5228819184995,2988.8209255545344,4622.011736076103,7591.611460931712,1001.353267798173,782.2572314842457,170.69338473714197,3454.5918555349535,-2600.196098038963,2409.657057340948,766.0235397567753,-82.1945551452452,-788.6479680157026,-2049.713795592681,243.5838583303894,-2448.96717249861,2054.1801464212467,20233.084273406945,17794.329986708486,2213.606577847153,-192.753027034737,4622.01238983099,1916.2061735560565,10028.145199864099,170.69347733217637,782.2569617934926
expAE03,NORCE_CISM3-MAR364-ERA-t1-nonlocal,/Volumes/FMac/computing/data/antarctica/ismip6/hackathon/ComputedScalarsHelene/expAE03/shelfmelt/computed_shelfmelt_AIS_NORCE_CISM3-MAR364-ERA-t1-nonlocal_expAE03.nc,1280.945070436866,-1061.8136009988812,3403.6124388609383,3644.720296182284,6639.080938454586,939.2849180539865,555.0933485827308,-642.291286333415,1966.6822697764992,-3592.009069792577,619.9586881815994,742.9720583014926,-130.59315244517404,-972.7698201773269,-1818.1323324772857,229.21310147467204,-2540.5915762587347,2432.7771141887333,10391.475362624362,13048.002665068081,-2565.913916287056,287.9627801500592,3644.7182718785953,-1151.010910450772,7284.01276312126,-642.2913234736816,555.0932212025035
expAE03,NORCE_CISM3-MAR364-ERA-t1,/Volumes/FMac/computing/data/antarctica/ismip6/hackathon/ComputedScalarsHelene/expAE03/shelfmelt/computed_shelfmelt_AIS_NORCE_CISM3-MAR364-ERA-t1_expAE03.nc,1825.1038328590985,9781.129655362667,6351.832705633731,28803.312757604755,17918.920002216342,1722.3926179139416,996.0901746512782,5420.422450720987,6796.439343349502,-3550.2002633443662,7594.07042799599,489.8370266561981,-108.29992436469013,526.9681825423149,-2188.340932405288,260.6138799934572,-2270.690796513093,1183.0423038276754,64183.89899407112,50466.12964052087,17169.94523779409,-921.7097002984392,28803.315294081272,9806.82419707445,25657.93232444604,5420.424998906699,996.0901432998362
expAE03,NORCE_CISM4-MAR364-ERA-t1-local,/Volumes/FMac/computing/data/antarctica/ismip6/hackathon/ComputedScalarsHelene/expAE03/shelfmelt/computed_shelfmelt_AIS_NORCE_CISM4-MAR364-ERA-t1-local_expAE03.nc,1596.3446947362024,2274.226163958636,4064.455476979171,6568.948508893405,11152.535061583505,2668.7153813119776,408.8426409916881,751.8965372163711,4645.827077568681,-2395.526774650836,3818.573442925699,648.7960899834446,59.17109283656191,481.19037870192005,-2005.1728133233282,282.3916265746315,-2380.704779560705,921.2784707413227,30094.357765456924,24201.573702626367,6698.780906419444,-982.6221196818879,6568.949401390415,2999.4164541472273,14985.858135342118,751.89577239541,408.842550746245
expAE03,NORCE_CISM4-MAR364-ERA-t1-nonlocal,/Volumes/FMac/computing/data/antarctica/ismip6/hackathon/ComputedScalarsHelene/expAE03/shelfmelt/computed_shelfmelt_AIS_NORCE_CISM4-MAR364-ERA-t1-nonlocal_expAE03.nc,1581.9499553300952,-3370.1459587303543,4074.2377974872356,6898.775007548189,8688.313155823147,2478.436809668867,606.792164705831,-86.1700493344033,2966.9084202830572,-3691.8795166198797,1714.7618841356598,777.5973735619665,46.03405088994083,-119.48908124481159,-1913.0974940378674,324.62665946116965,-2571.0350575216844,1207.8456929727556,16915.115544020606,17343.48888600427,262.3276279146521,-757.9130940731284,6898.770792021718,-2592.0741657663457,10361.805187708087,-86.16872265646089,606.7919039739675
expAE03,NORCE_CISM4-MAR364-ERA-t1,/Volumes/FMac/computing/data/antarctica/ismip6/hackathon/ComputedScalarsHelene/expAE03/shelfmelt/computed_shelfmelt_AIS_NORCE_CISM4-MAR364-ERA-t1_expAE03.nc,1031.0178583624067,3345.9738470696393,4393.810152582763,16789.766200552454,17263.90121304836,1487.0715297084298,-144.49668594344894,5659.304754922872,6245.294540893357,-4624.025861208891,4428.520584479469,672.9140728144208,-66.63695009551691,445.508354588702,-2136.1332146583263,251.77210359773835,-2695.3575462588396,548.619767762726,41309.75571771647,32730.16070706799,11495.974900185945,-1665.5033636111084,16789.7629812261,3661.284657317825,21708.215475687903,5659.29941199618,-144.49653320600237
expAE03,NORCE_CISM4-MAR364-JRA-t1,/Volumes/FMac/computing/data/antarctica/ismip6/hackathon/ComputedScalarsHelene/expAE03/shelfmelt/computed_shelfmelt_AIS_NORCE_CISM4-MAR364-JRA-t1_expAE03.nc,1047.5373405480366,3534.9128356558504,4375.280299214973,15228.204727086399,18136.980249151675,2922.9153617603424,-174.42814789010436,6266.652131670344,5538.976848500535,-4670.980822923033,4550.419812774224,708.4181676962187,-152.61899821273872,420.0274785115075,-2106.704246699299,294.9466952469735,-2312.276267239272,628.6997140930873,44642.33774985914,33659.88251919433,13027.476234259593,-1248.3346459317881,15228.207615595857,5596.430049205279,22680.740969421226,6266.651578926409,-174.4288291968337
expAE03,NORCE_CISM5-MAR364-ERA-t1-local,/Volumes/FMac/computing/data/antarctica/ismip6/hackathon/ComputedScalarsHelene/expAE03/shelfmelt/computed_shelfmelt_AIS_NORCE_CISM5-MAR364-ERA-t1-local_expAE03.nc,1463.997824935887,3338.562821217456,2930.7822252310416,4640.319825559667,11374.467729737356,3393.819698491844,189.31603937289265,6815.8735847707285,3803.774447758882,-2850.7419677405123,4093.327507589627,613.7941034675321,519.4290912670981,-923.0686299243416,-2251.1379817563848,329.0393385191058,-2858.2082904039107,1126.7484194845724,34642.79179284099,23591.569792925744,11483.47303502803,-1411.6162107908276,4640.320483675223,4522.802796591182,15885.343347150847,6815.879024640475,189.31608055598292
expAE03,NORCE_CISM5-MAR364-ERA-t1-nonlocal,/Volumes/FMac/computing/data/antarctica/ismip6/hackathon/ComputedScalarsHelene/expAE03/shelfmelt/computed_shelfmelt_AIS_NORCE_CISM5-MAR364-ERA-t1-nonlocal_expAE03.nc,1300.6718332235316,-1012.1840989261545,3986.4203058610847,11232.266684390146,7933.105086513686,2361.834724780636,-144.7266206078409,8668.819287568875,-342.55498405919934,-1549.1951195112706,76.03578232089785,687.5451285885272,689.0993351543639,-618.6149638032457,-1408.328441097532,406.5674680744618,-2419.7115712212108,1145.6627582744936,29772.339485329285,24083.05215101155,6248.135146673405,-911.2448980746385,11232.26733662283,-711.5936436409756,8579.109100587491,8668.818591709542,-144.72664745186535
expAE03,NORCE_CISM5-MAR364-ERA-t1,/Volumes/FMac/computing/data/antarctica/ismip6/hackathon/ComputedScalarsHelene/expAE03/shelfmelt/computed_shelfmelt_AIS_NORCE_CISM5-MAR364-ERA-t1_expAE03.nc,1285.1137171429182,3739.722864016512,3849.0878580162534,9266.896424207185,11834.416247211855,2936.693803169258,277.1415329914196,424.2826341344553,3320.0375967035334,-1751.0009886109474,1196.9773121381659,801.5706193786214,452.1615579432371,-1352.4882175223956,-1705.5270116803567,448.38642546884023,-2239.1065714368115,248.66987951665737,30593.021439337055,29670.160174655102,2013.8169710346847,-1355.8456188695582,9266.897571528054,5772.145134427687,13356.02532298991,424.2803524696792,277.1415720345705
expAE03,PIK_PISM,/Volumes/FMac/computing/data/antarctica/ismip6/hackathon/ComputedScalarsHelene/expAE03/shelfmelt/computed_shelfmelt_AIS_PIK_PISM_expAE03.nc,1725.3833188690346,17391.63561878825,10166.836822384388,8383.600493181999,-11305.247265782076,2560.482660476483,2888.5637884353073,13456.220403547792,8925.49119756939,5614.778095205561,-15055.098322588317,223.99005517374331,716.8458611156387,3961.968914894441,5154.249428969069,779.489040020917,2518.627141613846,2055.943933794271,58274.233092646755,25889.794235879148,28479.060095249908,4581.59810164975,8383.604843201876,19769.843510127794,-28439.21966001978,13456.2224429235,2888.562757980788
expAE03,UCM_Yelmo,/Volumes/FMac/computing/data/antarctica/ismip6/hackathon/ComputedScalarsHelene/expAE03/shelfmelt/computed_shelfmelt_AIS_UCM_Yelmo_expAE03.nc,3853.571076068293,2345.1481149934225,4289.725184617994,1666.6457779469038,4253.885340421184,256.5592446157041,329.9134553629402,3.966522264973264,-364.014824650485,-4132.22264574753,-1480.050357649954,121.90176965184605,-476.3310213130185,-1470.0679244173498,-1397.581936173674,125.12676303415373,1662.2655122516753,3066.7468061290538,9224.332567299978,11812.356886643916,-9580.332405161884,5478.1461722794065,1666.6457328422712,2520.0597140539285,2985.001875666858,3.966319349318155,329.91343427664856
expAE03,UCSD_ISSM,/Volumes/FMac/computing/data/antarctica/ismip6/hackathon/ComputedScalarsHelene/expAE03/shelfmelt/computed_shelfmelt_AIS_UCSD_ISSM_expAE03.nc,-1570.7913692446073,4408.9299110259235,-702.4583895336182,67160.36382137156,2586.2116026329495,36.82460753762564,1005.2973902532503,7010.444856388305,1506.4667610991114,1523.2960358240534,626.4424847012369,248.2893216881443,126.11386793151496,94.45940805068767,1943.2430995934587,-22.20286623837822,-2662.4360432109047,-1231.2137030817075,78459.50797513257,68720.4245922902,14868.248951879788,-3837.3751371987796,67160.35969729484,4443.091220017948,3747.846286714246,7010.443612675466,1005.297076321498
expAE03,ULB_fETISh-KoriBU1,/Volumes/FMac/computing/data/antarctica/ismip6/hackathon/ComputedScalarsHelene/expAE03/shelfmelt/computed_shelfmelt_AIS_ULB_fETISh-KoriBU1_expAE03.nc,3147.6564278107553,14649.649819826562,4238.301412795012,19488.22398771961,16098.283077091131,956.3673531852245,11421.198016382474,3624.491446335951,5223.583300138825,15341.817575334186,6877.714565081371,-0.5646526332039912,-104.5126778798151,1678.081079284481,7909.8180973083545,-121.07265513879331,-420.6273296767631,2686.174359551568,95807.52688549508,49475.2825731576,50181.401905981416,2164.995341704637,19488.236475776124,14926.563487293199,22582.8099137464,3624.4916576418746,11421.19831578874
expAE03,ULB_fETISh-KoriBU2,/Volumes/FMac/computing/data/antarctica/ismip6/hackathon/ComputedScalarsHelene/expAE03/shelfmelt/computed_shelfmelt_AIS_ULB_fETISh-KoriBU2_expAE03.nc,2098.5392465309433,-26199.14504614458,4546.639137955211,109769.92912789361,18776.42581148194,362.1257115090468,1381.3821410686178,3770.1107941469654,2220.914648336011,5565.901218620362,4089.255145502695,54.85111515054089,61.73369760099524,139.18654097412082,601.1821050206072,1.2684894753330127,-560.2254265489964,-389.4114902569436,127621.66349462041,115975.35087059706,13177.109055834866,-1328.7983010453263,109769.91819159323,-32590.170290082184,20675.70759053866,3770.111713264854,1381.381931461703
expAE03,UNN_Ua,/Volumes/FMac/computing/data/antarctica/ismip6/hackathon/ComputedScalarsHelene/expAE03/shelfmelt/computed_shelfmelt_AIS_UNN_Ua_expAE03.nc,2243.629443055739,6188.482790727161,3321.9074614386873,5895.661377408222,12339.424441760195,871.1905904470132,1571.6268870603876,4210.050906082135,3426.7768616810945,2757.6476372782945,4852.097950200568,-193.0576271939559,175.10758808280912,1354.2259910934013,225.62988731174028,-141.69296066577158,869.5133780126177,2906.2413445374964,42079.56491318971,24801.697369782632,16864.99207686558,3689.180739270755,5895.65764565819,4478.148166336563,17175.556082296942,4210.051966765887,1571.6268984279
expAE03,UTAS_ElmerIce,/Volumes/FMac/computing/data/antarctica/ismip6/hackathon/ComputedScalarsHelene/expAE03/shelfmelt/computed_shelfmelt_AIS_UTAS_ElmerIce_expAE03.nc,1333.1027191549379,2021.4572676303687,1494.4461640500836,-63.22678914474636,4846.6095560686335,430.0320126314348,1079.8543192780123,2754.1342118962148,955.169143143514,502.57900874800225,2367.7137107506187,219.39288797560505,-34.34167665194673,201.95078300159435,128.0958241203623,77.61847293335039,-27.288650942424283,1027.9954565514888,19377.49317606152,9775.507430503254,8622.952196946178,673.1312471025776,-63.22655244668431,1326.664373280797,7199.688115424393,2754.1335763300453,1079.854299109611
expAE03,VUB_AISMPALEO,/Volumes/FMac/computing/data/antarctica/ismip6/hackathon/ComputedScalarsHelene/expAE03/shelfmelt/computed_shelfmelt_AIS_VUB_AISMPALEO_expAE03.nc,,11642.94429868481,-1175.4568781958126,-143.6368695244655,11800.52449504147,4819.244623322865,2556.0970728958655,,4651.512525444539,-3793.0044701382294,10853.504854649014,1798.8935015764519,-742.7798705173703,,605.6140140952818,477.17875267737224,-3919.289503562578,-2452.9362718666075,48579.027084553425,25304.39253837144,29578.273958302445,-4716.85280875623,-143.6367060337654,16573.62201195657,22672.39780845326,,2556.097508588665
expAE03,VUW_PISM1,/Volumes/FMac/computing/data/antarctica/ismip6/hackathon/ComputedScalarsHelene/expAE03/shelfmelt/computed_shelfmelt_AIS_VUW_PISM1_expAE03.nc,10562.161169138577,16206.143365668358,10611.459781556914,7431.750811852333,58211.78463208274,486.35539126157005,1129.071648601785,7353.689766142423,7274.218467174454,7119.0522197989885,14906.855768490139,72.38287653541316,1696.3867019540521,2843.334173933523,11226.427795572676,171.21740615211678,-403.42806240422624,9934.690734774747,167616.75362562196,102638.30376096105,54566.081809039264,10124.824539128556,7431.748238776025,16224.222350120523,73037.1001727067,7353.691455218015,1129.071397608879
expAE03,VUW_PISM1_s1,/Volumes/FMac/computing/data/antarctica/ismip6/hackathon/ComputedScalarsHelene/expAE03/shelfmelt/computed_shelfmelt_AIS_VUW_PISM1_s1_expAE03.nc,13009.139008591004,17967.120371402845,10619.565707065281,12509.404623935741,68238.8229039603,275.6384766680105,896.7363259749168,12375.322209398997,9975.08566904001,7574.793114411314,17229.401481301564,262.49519698525586,1930.7718130100557,3160.715520090849,13299.372913667989,29.333149374923323,-598.1404240980289,10991.947893526849,199254.47246564072,121078.33861974304,67213.42689913214,10921.473214248053,12509.405187167053,18139.10029149722,85158.48133982558,12375.323189211154,896.737294857945
expAE03,VUW_PISM1_s2,/Volumes/FMac/computing/data/antarctica/ismip6/hackathon/ComputedScalarsHelene/expAE03/shelfmelt/computed_shelfmelt_AIS_VUW_PISM1_s2_expAE03.nc,9148.324840007832,14398.783390779241,11820.012884007181,4801.456461738027,48292.79464999963,761.0097714653767,607.1987543774661,1437.9550892198058,6745.344598633354,5204.261647954194,13545.874419196294,123.48965814728041,1740.3401288382274,1797.2913667350358,9614.906946759715,53.878674743716005,-530.1583246124264,8927.21803306304,139822.15786775292,88644.71180919325,42058.67531238653,8775.40171440893,4801.45667057738,15064.80090344337,61721.7307918147,1437.9557470057425,607.1985931586305
expAE03,VUW_PISM1_s3,/Volumes/FMac/computing/data/antarctica/ismip6/hackathon/ComputedScalarsHelene/expAE03/shelfmelt/computed_shelfmelt_AIS_VUW_PISM1_s3_expAE03.nc,8701.845781271386,6859.243124981065,10267.37436076241,4887.557020848086,40198.542404270025,823.8132772387279,1023.8008294195521,9843.608849756085,6134.480697334139,4569.250599498365,10953.831083319052,363.5748453101654,1334.3605079693798,1919.832200558998,9711.990786720353,81.36255899715641,-481.717401219586,7596.068914912397,125366.58324714753,71180.4497452545,46494.87129611815,7513.612350597123,4887.563196695479,7632.723563745687,50433.04126146204,9843.607955405128,1023.8006800881586
expAE03,VUW_PISM1_s4,/Volumes/FMac/computing/data/antarctica/ismip6/hackathon/ComputedScalarsHelene/expAE03/shelfmelt/computed_shelfmelt_AIS_VUW_PISM1_s4_expAE03.nc,10540.658197652341,20312.10283525342,11068.89427166658,8270.437885700332,59226.45616094681,1435.4847040258503,1643.1233839436354,11165.7742134163,7824.848599519778,7713.468360914914,18458.43385422817,344.0562995579518,1791.7704104473778,1462.2430426434603,13172.248644919746,83.59244089083148,-356.14587031698375,11185.91033532905,183413.28428249218,107501.3207151728,64680.49994589883,11072.299224801885,8270.435967571204,21644.037143823603,76805.47140964451,11165.774411547403,1643.123275041151
expAE03,VUW_PISM2,/Volumes/FMac/computing/data/antarctica/ismip6/hackathon/ComputedScalarsHelene/expAE03/shelfmelt/computed_shelfmelt_AIS_VUW_PISM2_expAE03.nc,20887.68729772233,13804.466297777057,17284.27317756343,41184.50534282366,66568.1265551634,241.74569166247602,-2186.1566310636535,7511.396509792012,7101.464465600375,8276.517492457097,18808.576783706976,1162.1553306200335,2042.4127028935382,5454.54595207465,16794.442125447094,193.0723932861781,-1047.2623262706106,17931.32932861104,231871.16538011387,150648.83487684157,65023.59138741599,18208.18365651654,41184.5153218949,14098.228994594807,84737.80211335045,7511.395673800114,-2186.157716656202
expAE03,VUW_PISM2_s1,/Volumes/FMac/computing/data/antarctica/ismip6/hackathon/ComputedScalarsHelene/expAE03/shelfmelt/computed_shelfmelt_AIS_VUW_PISM2_s1_expAE03.nc,21737.44792285662,14217.986883498786,19339.16296475399,46393.24812966664,81606.94562211337,406.3576043654648,-714.5717383869123,12394.732738233219,9489.192877759095,9171.782403738778,17991.59746298461,1001.9614607934058,2064.4959188840157,8481.127096636625,19144.87948731996,183.64209422207307,-682.2075288355795,19729.4902810069,268848.3294992442,171310.75691137492,80318.82275908807,20755.411313445657,46393.26546144689,14700.578826294804,96222.79950906336,12394.734424535956,-714.5717018714058
expAE03,VUW_PISM2_s2,/Volumes/FMac/computing/data/antarctica/ismip6/hackathon/ComputedScalarsHelene/expAE03/shelfmelt/computed_shelfmelt_AIS_VUW_PISM2_s2_expAE03.nc,17729.292214883997,14381.038630343486,16118.011885923752,39333.062836678975,57328.95397305906,322.1584920292278,-357.93549819470536,3583.947269911052,6869.016878862382,6403.2730573548815,15289.29252743294,1168.915610139505,1820.7950511746262,2954.9712073226365,15650.944488292978,100.03921149689802,-932.9414485936959,16151.07394374592,204372.73059021315,136912.38379878126,52992.53073451755,16172.340410121375,39333.07201942528,14642.233119755634,71594.17408155793,3583.9484443273104,-357.9355881975407
expAE03,VUW_PISM2_s3,/Volumes/FMac/computing/data/antarctica/ismip6/hackathon/ComputedScalarsHelene/expAE03/shelfmelt/computed_shelfmelt_AIS_VUW_PISM2_s3_expAE03.nc,17370.422472319187,8894.750977085048,13269.966429319698,8312.572931017363,49005.173097881896,1623.5688309269076,671.3631203343703,6382.683616564067,6691.639613528678,5668.276738649875,13743.84721072061,1152.469348013413,1683.4201219210472,5019.9701963341595,14491.637424938208,75.05728108268954,-459.75579876519987,15001.79383972986,161875.5928671498,90916.35079642388,56488.79114830808,15133.293140790494,8312.56781608484,10508.036524936579,61312.50012943095,6382.685608183932,671.363920053931
expAE03,VUW_PISM2_s4,/Volumes/FMac/computing/data/antarctica/ismip6/hackathon/ComputedScalarsHelene/expAE03/shelfmelt/computed_shelfmelt_AIS_VUW_PISM2_s4_expAE03.nc,21167.568248021664,16429.5522584618,19161.972443679027,53548.92206995134,70734.9646340924,1782.0256889493457,-1404.397839240024,9352.35257268048,7699.742413739143,7481.0035153940025,23518.964885750087,1108.5900023086756,1970.7836721755266,4837.96423702315,18041.656272272707,193.94699074147286,-884.4841308527575,18446.230676342268,262260.1074966922,172140.47721815348,73570.11928841803,19014.931626430247,53548.92427873748,18208.17209033805,92394.90862466686,9352.350295827491,-1404.4023844418662
expAE03,IMAU_UFEMISM1,/Volumes/FMac/computing/data/antarctica/ismip6/hackathon/ComputedScalarsHelene/expAE03/shelfmelt/jb_computed_shelfmelt_AIS_IMAU_UFEMISM1_expAE03.nc,,22207.56010107421,,,13884.98215621421,,2095.7114364119398,2618.9287192145002,4839.886164629902,,10055.559101519928,,,,,404.3808218787801,-256.1096791189584,-2633.900467884577,54839.51412139751,25418.10600602768,28889.720962112784,-895.6944424973099,,22603.684644685993,24143.41497058236,2618.9290260373855,2095.7114431025475
expAE03,IMAU_UFEMISM2,/Volumes/FMac/computing/data/antarctica/ismip6/hackathon/ComputedScalarsHelene/expAE03/shelfmelt/jb_computed_shelfmelt_AIS_IMAU_UFEMISM2_expAE03.nc,,32821.78918215672,,,13741.141154562443,,1936.0604304143853,3278.239833754199,4768.922223343082,,10393.79241420095,,,,,367.4273497377528,-567.9343936736414,,52930.49170548095,20121.863781950247,29982.903700271374,-523.5511214642884,,33988.95788988244,24125.309622350345,3278.2398236977137,1936.0604988742946
expAE03,IMAU_UFEMISM3,/Volumes/FMac/computing/data/antarctica/ismip6/hackathon/ComputedScalarsHelene/expAE03/shelfmelt/jb_computed_shelfmelt_AIS_IMAU_UFEMISM3_expAE03.nc,55.149263308760624,36580.98569940144,,4757.869620785767,11623.115769214659,,1873.2036040344362,1938.7908804983545,2803.853050941496,2057.037257908075,11231.252586824718,,-546.0651283234147,172.75334018910485,2820.241161049887,268.50995538725533,-602.3284105789426,,48125.79841187605,25553.256223975317,24053.400308942662,-396.8214210483857,4757.869987221629,38519.81476295047,23335.09735148448,1938.7905879567027,1873.2034897496148
expAE03,IMAU_UFEMISM4,/Volumes/FMac/computing/data/antarctica/ismip6/hackathon/ComputedScalarsHelene/expAE03/shelfmelt/jb_computed_shelfmelt_AIS_IMAU_UFEMISM4_expAE03.nc,37.894707604617224,36352.103563669996,,4221.353726421816,9768.123736952184,1444.1531030435608,554.296957673477,3089.2899287283626,1705.1807849985553,953.1472789428958,8882.561528303624,,-1429.9440103548,1126.262727731838,3619.114796184408,400.30027034012187,-183.72779536096232,,40099.27473926233,20383.786309325747,19744.597129795446,268.7130304903976,4221.354052955932,37987.61884857953,18987.169843225027,3089.289702789983,554.2968726518459
expAE04,DC_ISSM,/Volumes/FMac/computing/data/antarctica/ismip6/hackathon/ComputedScalarsHelene/expAE04/shelfmelt/computed_shelfmelt_AIS_DC_ISSM_expAE04.nc,1704.8389464957745,-6216.1550128172385,1429.1870615249318,1444.14578580767,10395.521005766583,1197.396132020861,-517.787708513265,3400.9690995848823,592.213071540586,4321.043282296063,6780.19248789105,686.0320051634617,1555.1127499668182,1803.3556544562518,623.3492681602957,3520.6037024893567,14428.64465000503,4342.29883178009,38791.74996523388,10120.931548447275,18341.200492160104,9423.199812230763,1444.1456014709856,-8047.863147217955,16867.950391659346,3400.968432951263,-517.7874538781834
expAE04,DOE_MALI_4km,/Volumes/FMac/computing/data/antarctica/ismip6/hackathon/ComputedScalarsHelene/expAE04/shelfmelt/computed_shelfmelt_AIS_DOE_MALI_4km_expAE04.nc,2900.9938156399867,-19586.002918267128,4900.429824038253,13502.050082546572,35830.92298255225,-2582.9847904923827,3477.9900053743713,11433.351892714676,1271.6900925470209,12919.74430312552,13193.331879949437,-5.714133096380124,1661.9447990087506,3384.1151190786,4066.9635657504386,640.6455440917086,155.13619328639425,5190.092399105797,77358.35753392469,30083.949519835995,41392.917098754944,6241.261077582549,13502.044758988028,-28814.843761278054,47401.4305235596,11433.349458690296,3477.988073499426
expAE04,DOE_MALI_8km_Ant95,/Volumes/FMac/computing/data/antarctica/ismip6/hackathon/ComputedScalarsHelene/expAE04/shelfmelt/computed_shelfmelt_AIS_DOE_MALI_8km_Ant95_expAE04.nc,2891.4474468439253,-33230.845268331876,6461.343928309929,45986.66230770899,57078.07145246818,-2105.7771081129194,2283.5684054106714,9582.59661730822,2070.4271613735928,21866.100080115426,23181.69728508203,11.036236084368454,2595.1080963776285,3933.5267734586905,7020.09204056594,706.1600168645823,2023.057911313008,4739.06037682469,165883.3417821462,91973.46642561728,63361.37323645833,6432.894288930704,45986.69098638251,-44413.57076917999,79667.43172514558,9582.590420855544,2283.568467029945
expAE04,DOE_MALI_8km_AntMean,/Volumes/FMac/computing/data/antarctica/ismip6/hackathon/ComputedScalarsHelene/expAE04/shelfmelt/computed_shelfmelt_AIS_DOE_MALI_8km_AntMean_expAE04.nc,3162.758576094439,-31134.709762985323,6128.754231056451,35908.14392898705,41881.90834182924,-654.7677460770851,2223.8329203899702,7508.951472121673,1427.8669983826367,19285.192691818575,19237.046159286372,170.37941341961948,559.4184185458485,3224.5776140808866,6459.461535555458,638.1966769465646,2666.5729696975322,5426.820016669206,126162.0747910979,66119.02511760395,50942.898824076736,6521.3993949373125,35908.13492416336,-42440.5062508062,60594.35825141697,7508.948949511232,2223.8298759872196
expAE04,IGE_ElmerIce,/Volumes/FMac/computing/data/antarctica/ismip6/hackathon/ComputedScalarsHelene/expAE04/shelfmelt/computed_shelfmelt_AIS_IGE_ElmerIce_expAE04.nc,1042.0786403654738,801.567944801338,2414.064436301372,973.2579827975756,6290.276631735127,583.8165176837454,-507.0646805412389,5209.662440475668,1475.1568473550974,3964.1393355676255,1975.0712624578018,798.0894182894981,-533.805708320232,1443.6361244002085,1759.102977395536,459.65901568371487,-1205.6515431556236,1240.233129681902,25939.63708013975,10798.294572523551,15926.328062813698,-931.8919534156194,973.2584207254922,1302.0944425631178,8093.705289186466,5209.662278728337,-507.0649515406567
expAE04,ILTS_SICOPOLIS,/Volumes/FMac/computing/data/antarctica/ismip6/hackathon/ComputedScalarsHelene/expAE04/shelfmelt/computed_shelfmelt_AIS_ILTS_SICOPOLIS_expAE04.nc,4437.910477840294,1151.3790812805528,6037.636178239386,33186.48071370255,121774.6160927248,-1522.6700842147793,-2741.0524523472777,11927.683977694851,3966.8787876625756,22776.48900222953,39503.513163176685,-471.3600007760822,373.48760157660627,4796.850072686924,11278.229737991565,606.9021863174293,523.2994287234933,7583.556789998254,246869.38483797212,149297.35443329136,86040.45900526075,8197.85740140385,33186.465846198684,-4943.021707918786,157191.6422867864,11927.685096682308,-2741.049210194662
expAE04,IMAU_UFEMISM1,/Volumes/FMac/computing/data/antarctica/ismip6/hackathon/ComputedScalarsHelene/expAE04/shelfmelt/computed_shelfmelt_AIS_IMAU_UFEMISM1_expAE04.nc,,23788.19147763802,,,39595.36676427121,,,2735.165495403448,,,25122.35015191748,,,,,,,,90182.27499558902,68847.5518113375,33640.69829545311,,,24470.24161022433,64746.58338146574,2735.165575603228,
expAE04,IMAU_UFEMISM2,/Volumes/FMac/computing/data/antarctica/ismip6/hackathon/ComputedScalarsHelene/expAE04/shelfmelt/computed_shelfmelt_AIS_IMAU_UFEMISM2_expAE04.nc,,25323.90507617703,,,48279.39998301063,,,3802.96595203062,,,16345.170019797893,,,,3392.8768306696697,,,,96169.08148387376,70746.69261513911,33638.45509553679,,,26816.489019512996,66718.84784042981,3802.965639778457,
expAE04,IMAU_UFEMISM3,/Volumes/FMac/computing/data/antarctica/ismip6/hackathon/ComputedScalarsHelene/expAE04/shelfmelt/computed_shelfmelt_AIS_IMAU_UFEMISM3_expAE04.nc,119.46272984564735,30912.28742943931,519.0009381284408,3961.737472286606,76598.69717857856,,981.7658429508867,2099.7799077275513,2169.1650585759917,1861.2750534157194,23470.67554623194,1437.6774349524035,-1691.13571863595,1153.9853730168918,2676.69779763059,-306.16360551868183,,,143818.94458996283,102786.89779806699,36051.97104361838,-5514.143653434066,3961.738673874682,33467.35527042297,111484.0861559374,2099.780069771438,981.7656584503179
expAE04,IMAU_UFEMISM4,/Volumes/FMac/computing/data/antarctica/ismip6/hackathon/ComputedScalarsHelene/expAE04/shelfmelt/computed_shelfmelt_AIS_IMAU_UFEMISM4_expAE04.nc,168.4340030156975,34124.21544579203,287.0971175414015,5496.322177337808,46620.86125704056,,784.7206759191633,2510.256121463738,2740.541999911612,1261.9753933402567,8395.366492088797,939.8060646236831,-2112.5976377631036,1613.1509274784285,3832.583913063053,,,,122065.9501957268,90094.37836514329,27819.666440567355,,5496.321891406398,36295.74000528257,57742.00169091259,2510.2563302783346,784.7203619222371
expAE04,LSCE_GRISLI2,/Volumes/FMac/computing/data/antarctica/ismip6/hackathon/ComputedScalarsHelene/expAE04/shelfmelt/computed_shelfmelt_AIS_LSCE_GRISLI2_expAE04.nc,1141.4087570109932,1599.1120354158993,2785.645995638359,-485.91444259975833,25954.10846410931,2102.6115434070975,145.0078374356208,5657.811586152724,2167.320053192826,4235.463605329587,2221.716376349942,1032.5646300301842,388.4072898117329,775.9960136851746,940.2569830392918,149.5650664725356,-3002.8307417446285,102.0574802758465,39475.37484187945,28769.85623907963,16572.90330447511,-2391.947752456923,-485.9161552876312,1638.232519121164,26939.940440409795,5657.811139915435,145.00692692425582
expAE04,LSCE_GRISLI,/Volumes/FMac/computing/data/antarctica/ismip6/hackathon/ComputedScalarsHelene/expAE04/shelfmelt/computed_shelfmelt_AIS_LSCE_GRISLI_expAE04.nc,8035.844586739819,22932.66361738644,2005.6742294411306,19143.36186606367,45143.36358798013,2560.162742518623,2042.5290491684427,8591.022750923214,455.94481250272656,14564.842433016282,16572.095161598238,1202.322861363612,5180.775451823203,1443.954424886957,5822.424718937531,1976.3201693192723,-963.9105639033032,15281.187439036388,180060.25263159157,88506.77619380041,75209.33092454766,19582.999631087754,19143.34951067828,24921.893955319072,49950.0151091851,8591.025395117635,2042.5307037531966
expAE04,NCAR_CISM1,/Volumes/FMac/computing/data/antarctica/ismip6/hackathon/ComputedScalarsHelene/expAE04/shelfmelt/computed_shelfmelt_AIS_NCAR_CISM1_expAE04.nc,1229.9609089209657,-7932.141120105036,2487.3622829079804,-1056.6194724235047,10507.385035186693,108.45524024950555,165.4027468242713,-2161.431409107968,539.5150160155113,3758.003694107987,5301.7557689990645,673.051372344049,439.20141865687947,1131.7702002693547,1204.8745215219174,811.721698294147,2549.393309271705,3102.3706052673488,17415.51043644415,5239.171539247502,13486.979998007402,1780.1210881215957,-1056.6185532344762,-10290.75818074284,15785.796356404506,-2161.43132760482,165.40274281472637
expAE04,NCAR_CISM2,/Volumes/FMac/computing/data/antarctica/ismip6/hackathon/ComputedScalarsHelene/expAE04/shelfmelt/computed_shelfmelt_AIS_NCAR_CISM2_expAE04.nc,3186.7562975445726,-3820.2167452537687,1355.6315118886068,-2628.8715477409714,51863.65815547641,-1988.3023159538807,-635.7809696054373,1980.923405745507,1898.7695077635835,7741.735370964925,21772.08322514657,81.76132271782353,494.5370688707644,652.6802038452424,2943.8100645921077,988.4988553451147,1231.5982345955397,7462.74660245596,82839.96501679451,45255.884922195575,25306.825624752848,8533.184288231052,-2628.8681003089805,-11741.579554265307,74880.02827479989,1980.922627014399,-635.7809882909287
expAE04,NORCE_CISM2-MAR364-ERA-t1,/Volumes/FMac/computing/data/antarctica/ismip6/hackathon/ComputedScalarsHelene/expAE04/shelfmelt/computed_shelfmelt_AIS_NORCE_CISM2-MAR364-ERA-t1_expAE04.nc,496.97957499359654,-23564.61864609756,4524.5563837388545,20998.975154010914,56444.79631306605,-3849.712300644551,-659.1238036836239,3956.225052071546,4987.36339694414,7846.168715038177,23209.641977716383,786.538694337567,644.5786568377265,1394.058158504593,2679.321732018616,1443.3526897533498,-4279.069003927052,4246.094276739542,70432.88121355354,31035.908265106846,37816.53255998911,3022.6862487746184,20998.971878886223,-27673.98540211559,76893.2351239429,3956.220022377973,-659.1233964234834
expAE04,NORCE_CISM3-MAR364-ERA-t1-local,/Volumes/FMac/computing/data/antarctica/ismip6/hackathon/ComputedScalarsHelene/expAE04/shelfmelt/computed_shelfmelt_AIS_NORCE_CISM3-MAR364-ERA-t1-local_expAE04.nc,1151.555273708262,-10110.335450270679,650.892813549643,217.14345358489663,13551.349159041143,45.38866430137932,-282.33676382906833,-1481.6432043927707,284.47753404118885,197.6001393220704,5573.474348453012,828.6599932049196,-28.941314870861106,155.094187347795,289.74556549747376,786.503215590116,-3.978560431056394,3181.7516348084782,5895.233464634017,3497.3679225912783,1841.3012827994535,415.0596181017172,217.14391914234693,-11633.389000405827,19130.774111830164,-1481.6426979110538,-282.3367448624472
expAE04,NORCE_CISM3-MAR364-ERA-t1-nonlocal,/Volumes/FMac/computing/data/antarctica/ismip6/hackathon/ComputedScalarsHelene/expAE04/shelfmelt/computed_shelfmelt_AIS_NORCE_CISM3-MAR364-ERA-t1-nonlocal_expAE04.nc,1172.484893317925,-13870.576889141863,1040.784730983125,951.3595204274716,9073.581893875766,-1123.2606485229126,-442.2604704914229,-1979.6888583407708,507.0125985909608,1285.9422367215702,2752.0584545492675,814.7456593201651,87.19881990758495,223.16665925040888,296.42685264000283,747.2880989422165,-160.34033465988978,3445.5803279576403,-5253.170279182203,-4075.6545325829647,-1798.1325944513374,312.9229285951078,951.3554012861823,-16956.440153968724,11743.553739435709,-1979.6889165611046,-442.2604925545643
expAE04,NORCE_CISM3-MAR364-ERA-t1,/Volumes/FMac/computing/data/antarctica/ismip6/hackathon/ComputedScalarsHelene/expAE04/shelfmelt/computed_shelfmelt_AIS_NORCE_CISM3-MAR364-ERA-t1_expAE04.nc,401.01106689454537,-26400.15267761631,2815.41230158078,15429.122885862846,53298.84889434524,-5135.577699666381,-984.885273505588,1357.7329008439701,4445.417913823734,5749.821954755887,19093.177997841543,693.6595412755108,331.944259179809,2221.3509759992376,2319.9327354131674,860.0474650456838,-5092.179814257548,2111.8325678302467,51952.228991848824,23927.054455078964,27049.149102778116,-1003.7797619609937,15429.133258394751,-33109.04768332219,73818.88795756613,1357.7309312730576,-984.8861185678834
expAE04,NORCE_CISM4-MAR364-ERA-t1-local,/Volumes/FMac/computing/data/antarctica/ismip6/hackathon/ComputedScalarsHelene/expAE04/shelfmelt/computed_shelfmelt_AIS_NORCE_CISM4-MAR364-ERA-t1-local_expAE04.nc,728.8219393489442,-13539.052193416523,1257.45790179011,1287.4348568757523,18277.34338523777,1441.7734871651555,-785.3737207723161,-1130.77724838649,413.04293181177127,870.9808066733494,7018.529712695145,779.5959937284118,290.78245405893176,591.3299548799432,755.7612254825708,531.5779451610451,-3504.5254621895874,1743.6235351991527,1959.1538626225956,4698.825057263661,-935.0872350861318,-709.4413751305929,1287.4315600504924,-14646.193211874386,25246.908667598997,-1130.7758800804804,-785.373360915607
expAE04,NORCE_CISM4-MAR364-ERA-t1-nonlocal,/Volumes/FMac/computing/data/antarctica/ismip6/hackathon/ComputedScalarsHelene/expAE04/shelfmelt/computed_shelfmelt_AIS_NORCE_CISM4-MAR364-ERA-t1-nonlocal_expAE04.nc,831.6649940193486,-18589.21832722768,2389.6623868781503,1746.3619565447843,11035.266422065339,486.68241410077644,-1175.1267692341753,-1222.8551860748048,-256.4584501303925,-146.92225492564103,4092.7934504361,733.778724702853,609.7964421441807,298.78525557852936,751.9317242927718,538.4903675999676,-4970.764058470304,2792.902532537,-14179.436937755789,-5517.788595052698,-8644.575573548645,634.5844957230256,1746.365246419071,-21599.152724914347,14790.451741503086,-1222.8566748388694,-1175.1256070690165
expAE04,NORCE_CISM4-MAR364-ERA-t1,/Volumes/FMac/computing/data/antarctica/ismip6/hackathon/ComputedScalarsHelene/expAE04/shelfmelt/computed_shelfmelt_AIS_NORCE_CISM4-MAR364-ERA-t1_expAE04.nc,151.00769160884101,-25154.307217012567,2205.4581550512166,-1928.02132824836,57891.214918036436,-251.01262619726185,-876.974903617358,3726.1020952638282,3919.272120482081,2443.267845704071,11948.152813523804,1068.973269884602,513.9608251766012,679.170831525762,1605.8080682456166,585.0823844451327,-3927.988815756198,1018.5313537505008,38305.0343301167,19700.677445461042,13969.82617157622,-2150.0484948937265,-1928.0131887567768,-29942.507577950862,72608.13006888152,3726.1073239078614,-876.976281753572
expAE04,NORCE_CISM4-MAR364-JRA-t1,/Volumes/FMac/computing/data/antarctica/ismip6/hackathon/ComputedScalarsHelene/expAE04/shelfmelt/computed_shelfmelt_AIS_NORCE_CISM4-MAR364-JRA-t1_expAE04.nc,276.0299634916655,-25371.079713816667,2146.2478624881514,-1818.440492169524,63161.19236110145,1218.7468262912753,-914.2158384212144,4375.047515335995,3547.982790763883,1030.9346694705455,12636.619672376546,930.2443164283429,423.6590842555597,1358.430763024211,1509.1226602112838,625.2770798167924,-3065.841701616515,986.4346949679759,43950.53922156675,23635.137916386477,14759.807267543249,-1572.858092895931,-1818.4202623874735,-28588.493309371974,78523.54979507363,4375.046869566853,-914.2168459702407
expAE04,NORCE_CISM5-MAR364-ERA-t1-local,/Volumes/FMac/computing/data/antarctica/ismip6/hackathon/ComputedScalarsHelene/expAE04/shelfmelt/computed_shelfmelt_AIS_NORCE_CISM5-MAR364-ERA-t1-local_expAE04.nc,-764.1792951557081,-15262.5653363335,510.40440343703995,453.50257711694576,17017.67221201492,3975.9060569209287,-1686.7418762213129,6160.997869074457,-378.01797496837935,5511.35177577948,10053.012455608587,784.4659038533275,3099.094973268968,-251.25473604956278,2201.9378385862874,1029.0586719080377,-3892.7331320870835,668.3270202063595,4933.622728988994,-542.1573386002274,9536.87881846077,-5581.52225025844,453.50625270339515,-15719.3300395435,26431.409449959945,6160.995600571921,-1686.742718241835
expAE04,NORCE_CISM5-MAR364-ERA-t1-nonlocal,/Volumes/FMac/computing/data/antarctica/ismip6/hackathon/ComputedScalarsHelene/expAE04/shelfmelt/computed_shelfmelt_AIS_NORCE_CISM5-MAR364-ERA-t1-nonlocal_expAE04.nc,-623.3894143664284,-21123.16019582242,2115.7486320520256,3836.73307670113,11619.44075966609,3247.9056006386177,-1549.8457633914222,9222.518618817463,-291.43354947738953,3446.7488648292056,4957.5961631499085,695.2071258294784,2688.9934695983,-376.15938250014733,2472.15623561316,326.3146600623106,-7392.12111900347,-1321.3201873587004,-4956.557383816922,-5646.923163730273,4732.518592204811,-6802.656600558488,3836.7310637892806,-24606.724872975843,16523.774123745592,9222.515535128929,-1549.8458382230829
expAE04,NORCE_CISM5-MAR364-ERA-t1,/Volumes/FMac/computing/data/antarctica/ismip6/hackathon/ComputedScalarsHelene/expAE04/shelfmelt/computed_shelfmelt_AIS_NORCE_CISM5-MAR364-ERA-t1_expAE04.nc,-2574.5023782366115,-23747.983312914046,807.6772463989437,-6374.141282995966,33513.02317655446,2852.38673885303,-2419.670348631974,2971.776523787492,-212.17468231496605,623.7664328017418,14445.06674687389,742.4270655382222,650.6623581443991,-950.1475045377156,975.8305267152464,691.7447783243167,-5101.441377742765,154.6645097783221,8575.420459177461,1498.1372439695697,6129.916700879199,-4284.453481761711,-6374.146915761543,-25382.64445499325,49482.273634985235,2971.7696740231113,-2419.6702909300093
expAE04,PIK_PISM,/Volumes/FMac/computing/data/antarctica/ismip6/hackathon/ComputedScalarsHelene/expAE04/shelfmelt/computed_shelfmelt_AIS_PIK_PISM_expAE04.nc,2353.4149623538196,5818.546580476632,6052.332556137424,3047.1006120570673,-4891.739690040078,1631.049512358218,1327.2010553342552,6665.129013689444,5847.92018977063,6256.522924272889,-6306.727185605232,679.834342219788,1699.5378134127413,5126.668914305946,5350.422268178501,1065.5192594112723,7124.731954687646,2438.7929298189943,49693.86682049581,14779.062389740488,30943.4005165742,3791.7506756193907,3047.1022774177945,7103.112094591488,-12755.277343700698,6665.129968752142,1327.200466286924
expAE04,UCM_Yelmo,/Volumes/FMac/computing/data/antarctica/ismip6/hackathon/ComputedScalarsHelene/expAE04/shelfmelt/computed_shelfmelt_AIS_UCM_Yelmo_expAE04.nc,3448.6728404741284,3489.6747592733045,3202.194072813828,1910.856891957379,10168.348580188438,3826.166524469323,-668.400706111097,-1944.3713174576833,2026.1414959588374,3441.51889836965,7724.730308797443,1819.711372299069,5594.938792577943,2177.3271603571566,2837.741551283445,4655.798561721669,-4486.515362637983,13009.897915145839,77597.9077142172,27933.662345719393,23519.533217348915,29799.43716837479,1910.857319783694,4178.442720014904,15771.18724142488,-1944.3714897883135,-668.4012944905494
expAE04,UCSD_ISSM,/Volumes/FMac/computing/data/antarctica/ismip6/hackathon/ComputedScalarsHelene/expAE04/shelfmelt/computed_shelfmelt_AIS_UCSD_ISSM_expAE04.nc,-235.7883922830133,679.465208251826,-592.0438628724676,9687.71257974425,1799.867722254552,511.3205081021388,233.47120976290716,9000.212288661181,-256.5544292116956,613.999756960171,-2501.618802807465,-168.32110917188447,193.24612822624113,-827.9948871216257,581.7095078997518,836.0527471160487,-3649.771941243982,1388.0102010469182,11053.11333569017,9102.033828153959,5975.122316301597,-1445.5100551203382,9687.71271850259,1344.5875730419175,-621.1047650265682,9000.209190091633,233.4706567388148
expAE04,ULB_fETISh-KoriBU1,/Volumes/FMac/computing/data/antarctica/ismip6/hackathon/ComputedScalarsHelene/expAE04/shelfmelt/computed_shelfmelt_AIS_ULB_fETISh-KoriBU1_expAE04.nc,1755.396086897665,5496.344402182513,246.01184609686788,2861.006230139981,25327.285088290188,821.5719919080518,880.00674027887,1797.8388653920174,2592.560977993903,12089.417068411438,11466.84115973578,473.87106442972475,762.6837145801242,3300.487674044454,5900.46304203346,559.5862903370379,1893.4346021503698,3282.2833729750723,78539.31607531027,35676.724357556544,38577.32588886884,5474.11950470374,2861.006372726217,5441.282927049295,36835.56926241577,1797.8397960263246,880.0075435295676
expAE04,ULB_fETISh-KoriBU2,/Volumes/FMac/computing/data/antarctica/ismip6/hackathon/ComputedScalarsHelene/expAE04/shelfmelt/computed_shelfmelt_AIS_ULB_fETISh-KoriBU2_expAE04.nc,2172.1967893023666,-10040.000198603186,2832.3610053425145,33712.292974671436,36854.390359443976,-256.5870994421357,-635.9686076436192,3398.082768535185,1783.0247473648978,13649.779187432525,7527.114111735733,470.812617664376,1087.0661521224902,2615.5898110681705,4776.7283778076435,414.74079727006426,318.8654566899095,2551.837932546855,79878.79191405687,51243.77678743692,29303.836252907553,1962.073118919605,33712.30354419314,-16163.865424949181,44371.00717236633,3398.082406373622,-635.9685058020805
expAE04,UNN_Ua,/Volumes/FMac/computing/data/antarctica/ismip6/hackathon/ComputedScalarsHelene/expAE04/shelfmelt/computed_shelfmelt_AIS_UNN_Ua_expAE04.nc,2448.473056220051,-6315.901386153018,1929.2337197665697,1497.8593542882118,21502.98028142423,-122.54858443104922,661.1310474623198,3857.413525475713,1692.503418687903,4151.3888054909,7556.46610431447,-74.02325392955004,2206.6453297192265,2005.1312449419274,1538.92531976575,143.08860556561092,,5515.946959938747,49489.75038386209,25320.004569182827,15982.206172607941,7502.695879623934,1497.860494853754,-10118.022984097013,27836.56220845779,3857.4124606135247,661.1309985349362
expAE04,UTAS_ElmerIce,/Volumes/FMac/computing/data/antarctica/ismip6/hackathon/ComputedScalarsHelene/expAE04/shelfmelt/computed_shelfmelt_AIS_UTAS_ElmerIce_expAE04.nc,1647.388129254793,-420.7229357488486,1872.5892859105475,-6.750353125329184,9324.902467179374,-548.9496390973814,271.13783623890606,2048.622809214629,548.9123481627787,1494.0830105912955,6544.064265961886,330.48215830644176,728.1322641338135,920.343290477491,636.4481840892693,698.9270377793923,1323.6377988632557,2774.8049235994567,29748.938567299025,13939.943224939372,12552.185771147375,3387.1802300561903,-6.750577132508624,-1962.6787397725311,15727.49318511557,2048.622616635481,271.1379156054861
expAE04,VUB_AISMPALEO,/Volumes/FMac/computing/data/antarctica/ismip6/hackathon/ComputedScalarsHelene/expAE04/shelfmelt/computed_shelfmelt_AIS_VUB_AISMPALEO_expAE04.nc,4670.721523277156,3805.4420609014114,676.0952890732437,4774.88805133604,20423.09586730022,5540.781967358756,-2065.628962987187,-2382.961765138326,6401.625784469063,2029.5193395001606,16361.594403193829,3109.292047736856,-952.025169017862,4539.464467173635,1273.9785134830156,465.71621247055464,21204.24925698486,-889.6173244071906,-97743.77459794638,4094.818521215093,-27436.430888513583,24981.31795451982,4774.887601916862,12103.137394027472,36785.30630481252,-2382.9590522548374,-2065.6289935248046
expAE04,VUW_PISM1,/Volumes/FMac/computing/data/antarctica/ismip6/hackathon/ComputedScalarsHelene/expAE04/shelfmelt/computed_shelfmelt_AIS_VUW_PISM1_expAE04.nc,6401.75906115645,7049.876665380463,4725.624943188879,6557.858163288525,116907.89743004282,1033.7195845909202,1004.6925823977863,7090.711009152959,5441.239988988865,8670.952838986866,25188.90398025208,121.0787300911204,3695.4942606403256,5762.654444426289,10786.547697766822,619.8495438022917,137.21818086748772,6646.252542056673,211613.5313931784,136131.75747647442,68703.58010936725,6145.4293371330195,6557.849089501804,7151.236448585671,140257.4751297859,7090.7119668773375,1004.6925765120627
expAE04,VUW_PISM1_s1,/Volumes/FMac/computing/data/antarctica/ismip6/hackathon/ComputedScalarsHelene/expAE04/shelfmelt/computed_shelfmelt_AIS_VUW_PISM1_s1_expAE04.nc,7376.197151025912,8340.18933318153,4826.560311452382,4167.578649940209,130753.7664137728,745.8004938644499,588.2797973621236,9395.147246641365,7491.805180781004,8768.5297531715,27480.69277555288,330.6690079924607,3472.249012566573,6251.14108711201,12086.493832382706,472.1304906921867,-491.84561992770296,7845.619048086257,229053.9741787495,144372.63633103788,76993.85067585965,7357.138586472792,4167.579000537247,8258.048037331886,155448.2727203369,9395.149639692809,588.2800324068176
expAE04,VUW_PISM1_s2,/Volumes/FMac/computing/data/antarctica/ismip6/hackathon/ComputedScalarsHelene/expAE04/shelfmelt/computed_shelfmelt_AIS_VUW_PISM1_s2_expAE04.nc,4704.487179780255,6339.028074575599,6091.323687693867,5643.01277273539,104183.92169387004,1001.1987853158241,1452.5182316508633,5416.083264307457,5407.82345186966,6506.471447914637,23117.708095809972,102.97677706724278,3110.281115263065,5989.1046495212295,10145.059346131738,553.3590359316672,-273.37610998687524,5954.08065201548,190808.97100765302,122684.26078334945,62396.59076627348,5157.036854723177,5643.007919314339,7132.66856915985,125912.88988866488,5416.084294534965,1452.5182287535276
expAE04,VUW_PISM1_s3,/Volumes/FMac/computing/data/antarctica/ismip6/hackathon/ComputedScalarsHelene/expAE04/shelfmelt/computed_shelfmelt_AIS_VUW_PISM1_s3_expAE04.nc,5437.016769033187,4354.069933423245,5179.613169127697,-2672.910923711577,89766.7267968152,1171.4235513454266,2334.049512998695,6701.755930791167,4951.715130802833,6544.795685994928,20786.311954425324,520.1074859033486,3212.0694427925873,5537.477705296942,9872.156292181717,554.2586741296623,-122.02018396787662,4807.846318254781,167547.35178265694,100626.89267548814,62765.30002555839,3947.566708791741,-2672.917172977064,5745.187750091507,108749.71212298161,6701.755131918642,2334.049493565064
expAE04,VUW_PISM1_s4,/Volumes/FMac/computing/data/antarctica/ismip6/hackathon/ComputedScalarsHelene/expAE04/shelfmelt/computed_shelfmelt_AIS_VUW_PISM1_s4_expAE04.nc,7122.491553577251,11001.936001028203,4371.45797043476,5988.049907908629,119165.90351735378,1836.3554508567145,1196.846840617694,9997.792975325508,5434.370040938859,8685.316219627006,30352.348696981942,396.3746562165045,3792.1339401593805,4854.959489152778,11165.539819871532,632.0403711408226,166.6812993156418,7498.283536600144,221550.3260449043,137966.52368833806,76499.30515171966,7207.602505807775,5988.066447267818,12482.074236695888,144499.3559516871,9997.795225406404,1196.8463508834143
expAE04,VUW_PISM2,/Volumes/FMac/computing/data/antarctica/ismip6/hackathon/ComputedScalarsHelene/expAE04/shelfmelt/computed_shelfmelt_AIS_VUW_PISM2_expAE04.nc,12181.379929916608,9138.1695418393,7967.355343048401,41011.29805792848,135420.98028642574,1606.9317492382052,-1775.034827900934,4307.212824465034,6721.6956887096985,9230.900056334764,39605.90305224882,726.5518586824593,5820.679006691969,9237.460083939672,20797.384112685875,1173.6449627513528,1456.5381370034775,12232.203491580738,275077.38926206715,169050.40859454108,95383.23894713327,12716.96506858648,41011.30183879373,9621.76151130817,169493.68554182723,4307.216157736944,-1775.0346648030481
expAE04,VUW_PISM2_s1,/Volumes/FMac/computing/data/antarctica/ismip6/hackathon/ComputedScalarsHelene/expAE04/shelfmelt/computed_shelfmelt_AIS_VUW_PISM2_s1_expAE04.nc,16020.949581111483,7393.886481773334,10168.208398258139,28986.940818227187,150655.17325094173,1804.553089581474,2.481702731714904,5679.319008334212,8123.093457712774,10194.853135242147,36582.66197168298,971.0024633910277,6526.929270033236,13708.035913602846,23412.66563354616,1060.6242832911907,1204.5259389115072,13492.165498061411,286069.0151170116,167517.1630937938,105611.55917494217,14508.20637516087,28986.938857521513,7917.897164809874,179165.70250126708,5679.316656432144,2.4781455688134884
expAE04,VUW_PISM2_s2,/Volumes/FMac/computing/data/antarctica/ismip6/hackathon/ComputedScalarsHelene/expAE04/shelfmelt/computed_shelfmelt_AIS_VUW_PISM2_s2_expAE04.nc,11013.294087448086,7941.826780176176,7637.245711355283,32541.10147084664,122489.31877703562,973.6952346379002,-1189.6164967384266,6100.337111327783,5728.012368802444,8420.920211728557,33929.55899208244,887.8977387365231,5676.210442892382,7633.094568878729,18852.03013812987,1001.3251893889272,1932.753751787961,11278.156282743455,244465.48951275967,148356.6635015169,86167.91733357444,11337.414350121646,32541.107146502894,8386.55475150764,151987.21819905122,6100.332715819703,-1189.6166558296864
expAE04,VUW_PISM2_s3,/Volumes/FMac/computing/data/antarctica/ismip6/hackathon/ComputedScalarsHelene/expAE04/shelfmelt/computed_shelfmelt_AIS_VUW_PISM2_s3_expAE04.nc,9688.669043640826,4209.246665498558,8350.113090179126,8197.511152741397,107035.37429360961,1242.882441379562,670.8449070090501,6385.127534808391,5952.589418301279,8008.556190392201,28072.695352004994,970.6494338081295,5696.782722643761,8912.800090326553,16929.990192160483,988.2842004912171,1765.0612484418243,9708.839389246108,224081.43204678316,131690.0747215552,84102.01797748111,10294.824229089394,8197.520802209176,6247.3644333312,128774.58012585388,6385.127460062022,670.8465525999454
expAE04,VUW_PISM2_s4,/Volumes/FMac/computing/data/antarctica/ismip6/hackathon/ComputedScalarsHelene/expAE04/shelfmelt/computed_shelfmelt_AIS_VUW_PISM2_s4_expAE04.nc,13428.066690787942,10738.806529322232,9113.420051577405,55874.773433213864,138627.44030076062,2376.7742373140622,-465.28202626185885,6479.652041428177,7270.577463871854,10008.866263277529,41279.02510506319,807.3103914230956,5687.196744736588,8312.936549916161,21998.826468418618,1129.6821581019815,1173.7950314505933,13069.851347840708,315897.2559078179,201110.31027821475,102831.41383746747,14006.577309274537,55874.77524977538,12452.585387376035,173580.09602488138,6479.654139350023,-465.2845627023162
expAE04,IMAU_UFEMISM1,/Volumes/FMac/computing/data/antarctica/ismip6/hackathon/ComputedScalarsHelene/expAE04/shelfmelt/jb_computed_shelfmelt_AIS_IMAU_UFEMISM1_expAE04.nc,,23788.19147763802,,,39595.36676427121,,,2735.165495403448,,,25122.35015191748,,,,,,,,90182.27499558902,68847.5518113375,33640.69829545311,,,24470.24161022433,64746.58338146574,2735.165575603228,
expAE04,IMAU_UFEMISM2,/Volumes/FMac/computing/data/antarctica/ismip6/hackathon/ComputedScalarsHelene/expAE04/shelfmelt/jb_computed_shelfmelt_AIS_IMAU_UFEMISM2_expAE04.nc,,25323.90507617703,,,48279.39998301063,,,3802.96595203062,,,16345.170019797893,,,,3392.8768306696697,,,,96169.08148387376,70746.69261513911,33638.45509553679,,,26816.489019512996,66718.84784042981,3802.965639778457,
expAE04,IMAU_UFEMISM3,/Volumes/FMac/computing/data/antarctica/ismip6/hackathon/ComputedScalarsHelene/expAE04/shelfmelt/jb_computed_shelfmelt_AIS_IMAU_UFEMISM3_expAE04.nc,119.46272984564735,30912.28742943931,519.0009381284408,3961.737472286606,76598.69717857856,,981.7658429508867,2099.7799077275513,2169.1650585759917,1861.2750534157194,23470.67554623194,1437.6774349524035,-1691.13571863595,1153.9853730168918,2676.69779763059,-306.16360551868183,,,143818.94458996283,102786.89779806699,36051.97104361838,-5514.143653434066,3961.738673874682,33467.35527042297,111484.0861559374,2099.780069771438,981.7656584503179
expAE04,IMAU_UFEMISM4,/Volumes/FMac/computing/data/antarctica/ismip6/hackathon/ComputedScalarsHelene/expAE04/shelfmelt/jb_computed_shelfmelt_AIS_IMAU_UFEMISM4_expAE04.nc,168.4340030156975,34124.21544579203,287.0971175414015,5496.322177337808,46620.86125704056,,784.7206759191633,2510.256121463738,2740.541999911612,1261.9753933402567,8395.366492088797,939.8060646236831,-2112.5976377631036,1613.1509274784285,3832.583913063053,,,,122065.9501957268,90094.37836514329,27819.666440567355,,5496.321891406398,36295.74000528257,57742.00169091259,2510.2563302783346,784.7203619222371
expAE05,DC_ISSM,/Volumes/FMac/computing/data/antarctica/ismip6/hackathon/ComputedScalarsHelene/expAE05/shelfmelt/computed_shelfmelt_AIS_DC_ISSM_expAE05.nc,786.8378384254938,1781.868228796462,2359.459591847023,1477.8664864701605,-3667.187149650985,-246.3213219833906,-399.2732862562498,241.69081614141396,-867.6279587315412,-475.4757518001552,-3777.1721354993897,-79.59331933358783,-96.17771838515273,630.0334617072176,-1660.0600463942028,-39.664013340482256,-79.89192171054401,664.8913877563491,-7762.274369467952,258.9422244531743,-9081.057219152128,655.7411883802706,1477.8693947057018,1235.67145104066,-7323.1919859847185,241.68991172569895,-399.2736857326927
expAE05,DOE_MALI_4km,/Volumes/FMac/computing/data/antarctica/ismip6/hackathon/ComputedScalarsHelene/expAE05/shelfmelt/computed_shelfmelt_AIS_DOE_MALI_4km_expAE05.nc,2784.651190039982,2167.299781160633,5834.312037123727,19379.484787520138,-5447.352374999042,384.01735870994935,10934.989996078642,1996.5697690476845,-875.1055090995033,-2395.969321368135,-5992.124419581603,-311.6321550845628,7.989281185608604,1408.942920555216,-2633.0671062303227,-54.61165573400683,210.04598729495547,2210.7947052789423,1254.0849640551605,3465.371913435578,-378.2828657904756,2253.7420869151592,19379.49889318779,2398.4114386339497,-11406.985437420415,1996.5675394377104,10934.990932401735
expAE05,DOE_MALI_8km_Ant95,/Volumes/FMac/computing/data/antarctica/ismip6/hackathon/ComputedScalarsHelene/expAE05/shelfmelt/computed_shelfmelt_AIS_DOE_MALI_8km_Ant95_expAE05.nc,1707.1643002632427,8095.026620963414,7199.425398747392,76423.8838841079,-9705.625834777093,1093.8625528005994,11745.604508012315,1165.9109882772245,-1454.1168851921702,356.67874705418217,-3185.1580039777473,-618.6943541953519,264.95362683951157,1337.1607979683413,-406.7186796647293,-17.48074655765788,150.21479482476298,1988.5184967220048,97696.84004423721,83941.23780090851,8502.58731435024,2346.915559381471,76423.88248257304,8932.514357454696,-13468.399957906251,1165.910455168596,11745.604628510235
expAE05,DOE_MALI_8km_AntMean,/Volumes/FMac/computing/data/antarctica/ismip6/hackathon/ComputedScalarsHelene/expAE05/shelfmelt/computed_shelfmelt_AIS_DOE_MALI_8km_AntMean_expAE05.nc,3466.203455534561,1175.2926258111256,7247.172040449048,55359.05209665434,-10149.15684090677,924.6802326214249,9814.126141107343,64.76125737119219,-747.3978877305435,-203.89504587996998,-2611.083802782021,-450.04916014957735,171.45629294219498,1278.7772124138078,-1501.4455776311115,-11.247817422049025,172.41207546591932,2376.377254251015,59012.56968471524,54693.2124114224,3250.5026630662323,2660.70361910341,55359.042130091795,1768.8380147476564,-13136.907690850232,64.76303255854509,9814.143791769522
expAE05,IGE_ElmerIce,/Volumes/FMac/computing/data/antarctica/ismip6/hackathon/ComputedScalarsHelene/expAE05/shelfmelt/computed_shelfmelt_AIS_IGE_ElmerIce_expAE05.nc,626.791205466343,3753.58174929907,1929.9779010278455,2136.92902384381,-1636.5714358054574,842.6121707763729,512.7455353288788,4526.886785048179,2433.080311589145,2760.7580784993424,-1376.1504747159015,440.84913100445476,-68.3194343722505,728.2596734996923,1516.2830698136688,456.3442540996466,3155.9695042100175,1708.5909960261956,17459.118032787177,5957.938957192502,9995.09388978604,2252.30061477854,2136.928891489815,4244.456740069521,-3287.814425252098,4526.888055967756,512.7459114953381
expAE05,ILTS_SICOPOLIS,/Volumes/FMac/computing/data/antarctica/ismip6/hackathon/ComputedScalarsHelene/expAE05/shelfmelt/computed_shelfmelt_AIS_ILTS_SICOPOLIS_expAE05.nc,7514.956197050309,47157.79454969335,7261.518836733503,21297.01054170179,34010.17353878758,2263.0918672274497,1442.2040631858035,3019.1297850610754,128.19872366842537,2627.6981614379547,-3739.477990921485,-1196.122274741716,19.243243665986824,1473.5808063680452,-423.99128643250515,-214.59767759182125,-315.75101258574523,4.45986678630652,103245.7358713398,102342.64576032734,1178.4937771999394,-796.3764827021396,21297.00676669595,49408.93645133189,30702.837158152455,3019.1232547087275,1442.2129085938723
expAE05,IMAU_UFEMISM1,/Volumes/FMac/computing/data/antarctica/ismip6/hackathon/ComputedScalarsHelene/expAE05/shelfmelt/computed_shelfmelt_AIS_IMAU_UFEMISM1_expAE05.nc,,23113.85036606422,,,11461.227691354787,,,991.6429117216694,3754.366189983034,,6658.544554068578,,,,,80.72436841335002,-1216.1982275495193,-1401.810404933827,39083.25440461388,13928.993231698078,23808.42279061149,420.06486844820756,,23311.434214477853,18318.64988695294,991.6432631342145,
expAE05,IMAU_UFEMISM2,/Volumes/FMac/computing/data/antarctica/ismip6/hackathon/ComputedScalarsHelene/expAE05/shelfmelt/computed_shelfmelt_AIS_IMAU_UFEMISM2_expAE05.nc,,31485.131850471567,,,6679.751591063323,,,1949.837970006578,,,5367.262002239269,,,,2677.8755043633787,71.87213325430662,-1081.2761823139708,,32509.937527923612,5176.226007523655,25313.600901053942,-735.4001285642298,,32418.068701749267,11982.941809337026,1949.837975662032,
expAE05,IMAU_UFEMISM3,/Volumes/FMac/computing/data/antarctica/ismip6/hackathon/ComputedScalarsHelene/expAE05/shelfmelt/computed_shelfmelt_AIS_IMAU_UFEMISM3_expAE05.nc,-161.96850387345557,39160.85805441009,,3746.6565619073517,2091.7501786586727,1359.131428945022,1252.6752659225692,186.46595883410077,1784.9947553538077,1819.3686089153011,3192.4108144214115,1023.9152045512412,759.2415611988367,779.298203315026,2086.7972163333247,48.79239388715041,-772.1567506743554,,22723.9562867145,11174.602454794891,10676.808191693068,-616.7819473056197,3746.656123936888,40326.976976855556,5522.247307522615,186.4659520481996,1252.675082255486
expAE05,IMAU_UFEMISM4,/Volumes/FMac/computing/data/antarctica/ismip6/hackathon/ComputedScalarsHelene/expAE05/shelfmelt/computed_shelfmelt_AIS_IMAU_UFEMISM4_expAE05.nc,-290.04611560543754,37614.014911776394,,4237.206842254212,-8187.189422695577,,976.7297081679628,-1764.5269773390985,1604.4400766179915,1052.4263128350644,2704.6734171939097,657.8882070776963,-853.4842550683911,755.4639628217367,2566.969711942365,174.57837866969373,-340.8381740302848,,3812.6716492305277,-2572.4307416444935,7239.81759931409,118.87032733630076,4237.206988047983,38634.210297237485,-6304.892725684927,-1764.5272170257674,976.7296778249312
expAE05,LSCE_GRISLI2,/Volumes/FMac/computing/data/antarctica/ismip6/hackathon/ComputedScalarsHelene/expAE05/shelfmelt/computed_shelfmelt_AIS_LSCE_GRISLI2_expAE05.nc,532.0199739436384,24780.28825486741,435.89764774905416,-161.20951611868713,4281.895713436716,161.51202032358333,810.1089564335653,2852.413944049087,3165.6913236520827,460.588997200206,555.423685906655,775.819151786847,545.7737039121134,-1012.381953722745,58.1043665647062,334.51601947399627,1245.7297783741114,1935.9555324067865,29833.92289928597,23953.151403596232,5503.294417817284,1607.515023143822,-161.20908192030856,24528.989784754165,2714.1979508928925,2852.4141159206088,810.1099091446113
expAE05,LSCE_GRISLI,/Volumes/FMac/computing/data/antarctica/ismip6/hackathon/ComputedScalarsHelene/expAE05/shelfmelt/computed_shelfmelt_AIS_LSCE_GRISLI_expAE05.nc,9086.746207292408,56771.04211700053,6549.850812729033,21880.671643548776,9422.670606343163,2849.047917785012,2390.920348888667,4122.016093815102,444.64433895709954,-4604.623233992272,-10731.128675913264,1293.439455432318,2151.2946050355076,592.3591452812507,-5073.861442204001,786.8048199399093,4912.129627658137,6539.48994148114,94745.70424272685,86991.54171732592,-21441.70631867519,9999.217771926607,21880.68115778717,58681.280909018664,1407.8955262216332,4122.018636598408,2390.920344374512
expAE05,NCAR_CISM1,/Volumes/FMac/computing/data/antarctica/ismip6/hackathon/ComputedScalarsHelene/expAE05/shelfmelt/computed_shelfmelt_AIS_NCAR_CISM1_expAE05.nc,285.2963192175994,915.7341688514425,2863.6475691360297,65.02559996965738,-2963.404134312528,280.3645365233897,524.2472173114434,-1219.9020499744347,-227.68921484492148,-2354.0488143740185,-3004.68873134772,329.3698152980978,-374.664805887194,-135.88514527824077,-1029.7301994457885,192.42489302877402,-1371.5386587516432,1716.5771928894342,-8008.076723350125,-1455.9029949173128,-5837.496219178494,422.97483928784095,65.02354087998447,460.8597152320872,-6202.033113520076,-1219.9020572636948,524.2472357233089
expAE05,NCAR_CISM2,/Volumes/FMac/computing/data/antarctica/ismip6/hackathon/ComputedScalarsHelene/expAE05/shelfmelt/computed_shelfmelt_AIS_NCAR_CISM2_expAE05.nc,9379.807453783103,36259.41932047441,9253.117149374877,17934.220843643234,12379.247868924853,-537.379369195336,6530.800554001071,1530.9086602621974,1848.054218716461,950.3218391045666,-2382.661995886592,184.1925221353349,-299.74076790950085,307.4910850928645,-2333.8500562169647,-58.19602717380542,309.52994083060617,492.41068067296965,65379.89312762325,63544.21098385926,50.39954492961988,331.8436294983312,17934.23084991439,34733.84386180373,10184.143220415164,1530.9134841021878,6530.799046217049
expAE05,NORCE_CISM2-MAR364-ERA-t1,/Volumes/FMac/computing/data/antarctica/ismip6/hackathon/ComputedScalarsHelene/expAE05/shelfmelt/computed_shelfmelt_AIS_NORCE_CISM2-MAR364-ERA-t1_expAE05.nc,-1081.462385211289,9925.324848868127,8353.378976365362,4638.708967016231,14793.062252078715,2649.019527239834,759.8365716332137,204.4602360615827,1067.5429935487264,-8311.876753772915,-2452.1842566701307,809.8216476000123,-442.7867989288744,1379.6729059726686,-2140.6802687856616,285.6654968336985,-897.7458001170289,1612.928765283633,14406.700579781085,19874.260150890972,-7131.588068940677,538.3595572096747,4638.716948263413,12737.680757441995,13388.903194306855,204.45083787455224,759.8356081820511
expAE05,NORCE_CISM3-MAR364-ERA-t1-local,/Volumes/FMac/computing/data/antarctica/ismip6/hackathon/ComputedScalarsHelene/expAE05/shelfmelt/computed_shelfmelt_AIS_NORCE_CISM3-MAR364-ERA-t1-local_expAE05.nc,488.8136719448321,15664.516407402072,3275.719502364619,2642.088420852868,-3035.2988812261683,170.27179425491158,447.1463030319196,-1443.0456834802499,2411.5208310670805,-4584.758670199091,-2721.3929391549973,552.5166360141429,-418.50706825240854,-623.2517418991401,-2517.0002976521046,199.52916193099404,-1505.483423662915,2114.1116146636923,-1654.2369490410783,9286.275915985956,-10696.004910188436,973.7944114270213,2642.0874904455122,13143.304293054396,-5627.474600496047,-1443.0455509355907,447.14663010745244
expAE05,NORCE_CISM3-MAR364-ERA-t1-nonlocal,/Volumes/FMac/computing/data/antarctica/ismip6/hackathon/ComputedScalarsHelene/expAE05/shelfmelt/computed_shelfmelt_AIS_NORCE_CISM3-MAR364-ERA-t1-nonlocal_expAE05.nc,554.4472708827595,8449.126056663023,3734.018500938181,1992.1062711080085,-5343.291532594856,1582.7310276113349,24.8193815310442,-2516.1183943149153,-70.6230642715218,-5512.835367104068,-5879.696885652189,547.1555610341813,-429.44863269755194,-584.1973831621581,-2070.440027348619,152.44475957267522,-1080.305966007969,2287.0741127521087,-17077.530547305214,198.92617489839904,-16655.65318816465,1397.8602433632805,1992.1049627035209,9617.850708314203,-11191.894069783964,-2516.12066431112,24.818513943372636
expAE05,NORCE_CISM3-MAR364-ERA-t1,/Volumes/FMac/computing/data/antarctica/ismip6/hackathon/ComputedScalarsHelene/expAE05/shelfmelt/computed_shelfmelt_AIS_NORCE_CISM3-MAR364-ERA-t1_expAE05.nc,844.0798276654482,8533.807814230298,6550.685294016119,7538.4210195702835,5010.938901376954,-2348.460313507323,1502.4369848716015,306.00598984467797,2432.306076737299,-7948.719876613846,-2277.5954831826966,649.2122399359107,-380.64233637860553,2195.7150845557553,-3257.351551444368,165.0800709677839,-818.7517752189751,1657.565023595438,8334.521962382481,17613.156970141514,-10306.335337084398,765.4454680195722,7538.418594942486,6468.589814242412,3469.3028788622178,305.99924065658706,1502.4358427012849
expAE05,NORCE_CISM4-MAR364-ERA-t1-local,/Volumes/FMac/computing/data/antarctica/ismip6/hackathon/ComputedScalarsHelene/expAE05/shelfmelt/computed_shelfmelt_AIS_NORCE_CISM4-MAR364-ERA-t1-local_expAE05.nc,283.84996635675407,17965.407997193644,4202.4097952256025,3747.480813703198,44.1846289426976,1093.1246446381165,-424.8188341468217,-2353.106709910946,4174.747792314495,-4106.36785480371,-655.5322789690035,628.5321948295654,-300.9904772603248,494.3439624991697,-1600.5021379850805,238.2020219972926,-821.6060806634541,1796.5595847875422,8290.956050939916,15425.483015186968,-7054.767792080849,1351.911527123175,3747.478820180082,15637.154145296678,-630.7026665344165,-2353.107045127472,-424.8191852271566
expAE05,NORCE_CISM4-MAR364-ERA-t1-nonlocal,/Volumes/FMac/computing/data/antarctica/ismip6/hackathon/ComputedScalarsHelene/expAE05/shelfmelt/computed_shelfmelt_AIS_NORCE_CISM4-MAR364-ERA-t1-nonlocal_expAE05.nc,466.3277664222668,9571.790909843505,4325.473689912553,4406.938614840812,-3750.572970164212,2731.8481785104536,-128.50252018432639,-2807.351784347422,2928.8326326695633,-4553.4180160629185,-4056.321149678486,546.9744721053614,-273.1670415578766,297.02766040077495,-1273.9955463350434,298.325414767966,-592.6083976802765,1971.9296701771095,-6170.5467041670345,4639.682036717306,-10690.817913310617,1923.0423095134192,4406.941177403143,11800.311754321534,-8116.28938601281,-2807.348611972997,-128.50230185140117
expAE05,NORCE_CISM4-MAR364-ERA-t1,/Volumes/FMac/computing/data/antarctica/ismip6/hackathon/ComputedScalarsHelene/expAE05/shelfmelt/computed_shelfmelt_AIS_NORCE_CISM4-MAR364-ERA-t1_expAE05.nc,-361.6468119610072,3821.0774011194444,4179.187459314886,4331.531697137361,1137.0007206805021,194.14038158479707,128.88536411080713,-1458.8305939282945,4414.361193702493,-6990.102802417488,-4734.346341961769,785.0729836529745,-260.884285733552,1103.600527295996,-3098.700390848944,10.446267526958366,-583.8093390626054,1525.9488257611506,-11767.947704629856,3829.886059619137,-13017.732074315572,709.5054948501529,4331.531297976006,1397.990023559134,-3389.0549323864398,-1458.8298223370366,128.88524202412282
expAE05,NORCE_CISM4-MAR364-JRA-t1,/Volumes/FMac/computing/data/antarctica/ismip6/hackathon/ComputedScalarsHelene/expAE05/shelfmelt/computed_shelfmelt_AIS_NORCE_CISM4-MAR364-JRA-t1_expAE05.nc,-408.76472498501994,5490.311728019282,4180.122116353431,3797.2510144443295,797.0201690436952,3124.041623046047,-489.5280774231196,-1394.037592613975,4065.111110310105,-6911.906504095481,-4809.56553759161,680.4340518858072,-330.05985080791197,1362.7650289224357,-3112.630348061295,47.95824875749793,-751.7223217311312,1565.130129127524,-8744.2068973133,4856.854100187833,-11862.637778276578,887.8762566537571,3797.2527192079797,5028.161374518881,-3823.857067080855,-1394.036366929031,-489.52849453812087
expAE05,NORCE_CISM5-MAR364-ERA-t1-local,/Volumes/FMac/computing/data/antarctica/ismip6/hackathon/ComputedScalarsHelene/expAE05/shelfmelt/computed_shelfmelt_AIS_NORCE_CISM5-MAR364-ERA-t1-local_expAE05.nc,274.2818300397164,18573.701250784943,3014.241826945381,2760.8083084281134,1126.444022926531,1603.1594115519738,659.5574538174238,-3415.5626461032152,1376.1857238488483,-3030.5398940909563,-3449.624587144084,470.3585732985382,2327.009699098126,104.29215901664338,-709.0852227490068,564.4451949437938,1012.0758541042214,3385.1035501660335,11309.03192573326,16367.624983332993,-6689.515039903403,3171.930192321086,2760.809514178174,16293.871728296319,-1411.8892882259097,-3415.5581826313282,659.5575508157121
expAE05,NORCE_CISM5-MAR364-ERA-t1-nonlocal,/Volumes/FMac/computing/data/antarctica/ismip6/hackathon/ComputedScalarsHelene/expAE05/shelfmelt/computed_shelfmelt_AIS_NORCE_CISM5-MAR364-ERA-t1-nonlocal_expAE05.nc,80.6459302668045,11802.684370599163,4873.444568375937,6068.947558030231,-4450.755578043885,1707.2579244809706,725.5915973234958,549.5825806534049,-1772.0792309935023,-1853.2666593992508,-9317.87592890233,509.2733245652955,1781.9782891121308,296.8953728472188,260.6072670814501,319.3491521474216,2366.128944436221,3540.2975152890076,2271.2657629898167,10098.92592488593,-8787.975396379668,4023.4954011183054,6068.948560452573,12639.903669035164,-12947.602092558474,549.5788504231386,725.5915149131333
expAE05,NORCE_CISM5-MAR364-ERA-t1,/Volumes/FMac/computing/data/antarctica/ismip6/hackathon/ComputedScalarsHelene/expAE05/shelfmelt/computed_shelfmelt_AIS_NORCE_CISM5-MAR364-ERA-t1_expAE05.nc,149.40798823540172,2261.910582976183,4386.421051417545,3208.1121389930704,-184.33509001748462,1474.591342803335,381.7980169642991,-4743.679099548088,3995.1405246732074,-3135.941833533754,-8431.835645977437,257.3607696967024,1100.2820610367753,723.3902551823621,-1904.1739652672022,791.3886089858402,1199.494562622851,2628.199049256422,-13682.84930918616,3197.702224984212,-16155.716985279083,3717.443033040732,3208.11256023436,-1078.2272407526616,-7882.136474623185,-4743.6860601711705,381.7980601568898
expAE05,PIK_PISM,/Volumes/FMac/computing/data/antarctica/ismip6/hackathon/ComputedScalarsHelene/expAE05/shelfmelt/computed_shelfmelt_AIS_PIK_PISM_expAE05.nc,1768.3373779304834,14808.468280166002,11946.293125224158,7881.749447530394,-26097.68351096609,2110.2358175594245,2225.8949150678236,11485.19513332837,9523.167566884626,5160.144153130694,-20806.115289662805,286.30203698185113,803.5956424726498,5366.362328337117,3373.999680554831,823.6832705356242,3164.4059980805323,2871.881438964164,28073.072574663034,7444.471022084152,13591.684994679847,6247.353510783273,7881.747336575252,16484.369099668962,-48352.573695840125,11485.196086505295,2225.8971074349374
expAE05,UCM_Yelmo,/Volumes/FMac/computing/data/antarctica/ismip6/hackathon/ComputedScalarsHelene/expAE05/shelfmelt/computed_shelfmelt_AIS_UCM_Yelmo_expAE05.nc,3876.943571362196,4388.761022864463,4546.93338585884,1584.2911637344369,-5391.8157474092,411.89699985451807,-1106.8239534163154,-2373.4932400512953,-736.6344891301924,-10671.081560732338,-9070.875522446884,870.0777356102528,-2015.2776579128513,68.07780592896415,-3167.25214019731,24.730554382702195,266.64071241487545,1036.3809134740084,-22526.577002206643,2401.410493250747,-30609.707898916997,2291.062743736744,1584.2924498984921,4728.8223702578325,-13889.795742193455,-2373.493227578728,-1106.8232776233558
expAE05,UCSD_ISSM,/Volumes/FMac/computing/data/antarctica/ismip6/hackathon/ComputedScalarsHelene/expAE05/shelfmelt/computed_shelfmelt_AIS_UCSD_ISSM_expAE05.nc,-542.2353751179844,5207.734281915535,-860.3249237485461,48782.8019688253,1552.7788137451607,364.07177973030235,1459.2726418362781,8319.991858477348,797.2899048544732,1018.6746354413513,-147.47113337173505,129.03633771451837,-277.0190942577252,116.50839813715947,335.3590558302021,-39.37174435846447,-2579.0753217859656,-475.22521249053807,62323.402586326774,52799.78788176028,13498.891365761581,-2745.639979422939,48782.80234251286,5459.02305088894,1776.6013979688778,8319.992568570839,1459.2724641183186
expAE05,ULB_fETISh-KoriBU1,/Volumes/FMac/computing/data/antarctica/ismip6/hackathon/ComputedScalarsHelene/expAE05/shelfmelt/computed_shelfmelt_AIS_ULB_fETISh-KoriBU1_expAE05.nc,4821.949319493364,13760.398515344077,4805.63130393981,2272.9868219429554,3994.8701687657594,1327.061840135388,16042.962304962737,1300.082083463105,5116.884215709686,11940.039399967132,-1161.1365901002755,-95.18530418813793,5.955760773765178,2351.031803794137,3690.757851771461,-66.76406753762353,1589.4481405786373,2760.1958328201836,60670.29767824945,22982.981665480853,36598.267323966065,2029.1362263088995,2272.9781169159323,14112.561722163602,1987.9380581612058,1300.0846393542033,16042.959064468308
expAE05,ULB_fETISh-KoriBU2,/Volumes/FMac/computing/data/antarctica/ismip6/hackathon/ComputedScalarsHelene/expAE05/shelfmelt/computed_shelfmelt_AIS_ULB_fETISh-KoriBU2_expAE05.nc,3182.7646212312447,-8375.670859295904,5769.800050764814,64509.167272486724,-4699.7449104184925,525.4965111549739,2320.861366252404,1958.1298563720738,2571.6534423572593,1580.057540646194,-4024.101475519361,-207.64122774900352,510.4136910640659,1259.9061657665293,-773.8954769281227,5.649459508978225,-938.1457131979096,1875.0639269602152,48668.93352569197,54338.535150615906,17.157798110099975,519.296809940708,64509.19129560774,-9111.164176517865,-9694.71055297379,1958.1285334829536,2320.861571223686
expAE05,UNN_Ua,/Volumes/FMac/computing/data/antarctica/ismip6/hackathon/ComputedScalarsHelene/expAE05/shelfmelt/computed_shelfmelt_AIS_UNN_Ua_expAE05.nc,2265.369930793245,14207.397448880962,3302.0641711985504,1472.940957128747,2092.1912112157224,882.6360232293431,1611.5537295539652,-1388.4926348987465,2611.2207302113784,-726.1567526777635,-1394.1202186658993,-109.51613556354539,430.17110169826753,1360.8032346111304,-1659.2142847620526,-175.8749680374155,530.1048492226892,1558.0197040239827,13732.126351455023,17559.846692314924,-3056.1764079429267,1416.085150282579,1472.9417078714105,7916.21740988145,621.9002760193252,-1388.4932521467335,1611.5531687435623
expAE05,UTAS_ElmerIce,/Volumes/FMac/computing/data/antarctica/ismip6/hackathon/ComputedScalarsHelene/expAE05/shelfmelt/computed_shelfmelt_AIS_UTAS_ElmerIce_expAE05.nc,1362.886748299285,7143.723928215932,1772.688263306684,500.51252683382336,-713.4981632320851,68.09863083437494,955.8989070067857,575.6220356320919,664.2345625713233,-720.7567516781319,-211.64228739930877,353.44730033692474,-104.75778044033922,592.261726880209,-396.2342143919709,24.121008427718408,275.81668967634096,1507.337781927973,11462.981527709228,7942.204908746498,1704.4401235902042,1810.3534384633713,500.5127638698186,5999.400030948844,-1006.0417187178682,575.6217702290105,955.898877377276
expAE05,VUB_AISMPALEO,/Volumes/FMac/computing/data/antarctica/ismip6/hackathon/ComputedScalarsHelene/expAE05/shelfmelt/computed_shelfmelt_AIS_VUB_AISMPALEO_expAE05.nc,-1313.6661291461273,11321.69947234411,-577.2105680840427,1428.7868611663175,7511.6341743436205,3106.7498339480408,,-3442.332762400256,3889.0920007760387,-2327.5590330653695,6435.260526871374,3387.953540638253,-636.0486456168726,-2773.503051079151,953.4047073929455,351.1870450035683,-2202.99885306556,-925.7799679099606,34104.81870050503,18336.741935048954,17648.39816160995,-1697.3756034727921,1428.7868216863246,14730.887173264051,14083.921413796448,-3442.3331428790348,
expAE05,VUW_PISM1,/Volumes/FMac/computing/data/antarctica/ismip6/hackathon/ComputedScalarsHelene/expAE05/shelfmelt/computed_shelfmelt_AIS_VUW_PISM1_expAE05.nc,13828.517163929602,17758.665016287603,9936.338880073006,2680.2854037433935,48271.530189847705,1015.4816758748104,1167.4120947091787,-561.451143220278,6039.135577190623,3156.0851093808506,7560.485964932785,93.56173086053457,479.0466930992327,2664.3561378013856,5766.677719894278,27.590629549807076,142.14919965241688,5676.582270506848,127118.89161503321,92384.87395630087,28433.888923560356,6483.372706538412,2680.2828295912186,18173.107803103394,56312.11300650764,-561.4506855301042,1167.412195492925
expAE05,VUW_PISM1_s1,/Volumes/FMac/computing/data/antarctica/ismip6/hackathon/ComputedScalarsHelene/expAE05/shelfmelt/computed_shelfmelt_AIS_VUW_PISM1_s1_expAE05.nc,19219.7133564123,19499.150102669773,11200.627990228153,-2833.65129168002,55204.43150607156,242.29676741053436,-707.3840012092405,9983.91457166426,8879.752781690366,5209.590939079382,8763.17856840666,287.07497052489066,617.754521467788,6334.36047621627,5735.553644367481,-29.80254594633201,1610.6848740329579,5868.512350901109,155169.96233647346,101456.61677464776,47144.8761566608,6582.907128730742,-2833.65013207867,19499.659907565154,64837.50159821259,9983.906772456503,-707.3825703625898
expAE05,VUW_PISM1_s2,/Volumes/FMac/computing/data/antarctica/ismip6/hackathon/ComputedScalarsHelene/expAE05/shelfmelt/computed_shelfmelt_AIS_VUW_PISM1_s2_expAE05.nc,10999.226389641937,15602.818494826803,10759.226638361037,676.8287514192998,46455.74605602684,382.35274749042696,1752.5765577939337,5896.1693612734,5657.497835150321,2146.4157343981587,9101.862264415602,235.92804620711576,622.2062980959113,2347.7487380464936,6116.851994379702,21.486247113326726,701.2742053002034,5175.689288737729,125162.4922795133,84706.94016003385,35371.258605335184,5897.564425228653,676.8306956984925,15873.533306486413,55577.389251068074,5896.167231417727,1752.5764029690943
expAE05,VUW_PISM1_s3,/Volumes/FMac/computing/data/antarctica/ismip6/hackathon/ComputedScalarsHelene/expAE05/shelfmelt/computed_shelfmelt_AIS_VUW_PISM1_s3_expAE05.nc,14963.568461183968,7866.589911562143,10331.066507512092,-797.4261838155217,34144.24299369317,919.9534339301961,1491.8036483969954,3026.378847517348,5120.815954521592,2546.949643824484,4357.645968253419,342.6627389880098,763.0380050041445,3659.7050571059935,5810.091551180405,16.371817154720503,665.5132623701256,4858.294675081381,102309.80029638155,66582.43676814217,29992.183671651335,5675.620848248775,-797.4223916396841,8902.70902153834,39387.142322554195,3026.380007414873,1491.80383527415
expAE05,VUW_PISM1_s4,/Volumes/FMac/computing/data/antarctica/ismip6/hackathon/ComputedScalarsHelene/expAE05/shelfmelt/computed_shelfmelt_AIS_VUW_PISM1_s4_expAE05.nc,16143.522314792352,22005.31815468295,10230.733780944847,5191.251653441301,44649.41655716213,1692.8279700983414,852.4471942045438,363.43850662565455,6543.1480613880185,3352.1262879935675,12834.31964336519,497.4019759526143,583.697777575544,767.95119511954,5731.010626449264,-118.42206125431397,525.7620188004976,5396.084311575597,137280.99797879503,97304.12833247331,33840.62456808137,6176.203277950226,5191.249833843576,23300.1280088825,57671.795765521834,363.44043331396097,852.4466178238481
expAE05,VUW_PISM2,/Volumes/FMac/computing/data/antarctica/ismip6/hackathon/ComputedScalarsHelene/expAE05/shelfmelt/computed_shelfmelt_AIS_VUW_PISM2_expAE05.nc,25010.458047339318,20194.70934965358,18537.309592681653,17635.97162657726,41646.27415931961,2465.710284513658,-1111.2604159759612,4678.902857782676,7458.494271018011,4950.490890101625,8754.741525509755,1027.4902600253463,234.09107561489873,4820.132300159163,13319.170025693009,127.89466818155381,595.4903165397154,6893.740392549004,141777.55686845875,92689.51934486709,42921.56882909493,6334.816661583389,17635.957360434055,20959.20245035659,49496.467365695746,4678.897021609631,-1111.2634454116996
expAE05,VUW_PISM2_s1,/Volumes/FMac/computing/data/antarctica/ismip6/hackathon/ComputedScalarsHelene/expAE05/shelfmelt/computed_shelfmelt_AIS_VUW_PISM2_s1_expAE05.nc,28068.67377517755,23386.487496702917,20288.338175601402,1260.4856723489502,52924.678950661866,2603.681351294398,2447.1318322925654,10193.597981747516,9234.092430495946,5342.035127795807,9423.82118676597,762.1165621140588,62.335390469333106,9371.01183566319,14965.125393956572,71.56845297919091,483.86534318159465,7949.232272804684,161250.7192934184,94657.96096544311,60362.29057763569,7649.800987428554,1260.478690650576,24103.365912294066,61128.561948013405,10193.606647266322,2447.1286429821703
expAE05,VUW_PISM2_s2,/Volumes/FMac/computing/data/antarctica/ismip6/hackathon/ComputedScalarsHelene/expAE05/shelfmelt/computed_shelfmelt_AIS_VUW_PISM2_s2_expAE05.nc,22969.547611517708,16545.399178442407,16195.961404788864,30641.687563038868,34468.48054907234,2507.0235039218232,-619.1055836741034,1932.4626566799416,6418.671375801335,2935.899574762808,11056.566579536942,1002.5642371220913,147.56403532154127,3625.7631427756096,11071.766721017948,-38.696614034865604,17.49923339632005,6746.897526910871,137806.8771968368,93025.33204756794,38456.15002764974,6084.21607772753,30641.659505034244,18729.707145307664,44964.73846079438,1932.4634625520885,-619.1091902301669
expAE05,VUW_PISM2_s3,/Volumes/FMac/computing/data/antarctica/ismip6/hackathon/ComputedScalarsHelene/expAE05/shelfmelt/computed_shelfmelt_AIS_VUW_PISM2_s3_expAE05.nc,23852.174746315777,10552.411510936563,13876.987691291972,-2006.0865678732953,28742.80108594033,1407.862173644955,485.565322325725,4749.050356132349,6636.872263380261,3420.4236188101077,6430.300204934774,884.0566680084567,537.1537824201996,6036.955106369729,10196.928068571477,45.6193206076573,940.5681196651949,5938.92365470998,115895.77478391136,71532.87629063037,39960.51165539514,5771.320971233741,-2006.0834666306619,12078.55090047203,34199.46986622659,4749.049761944287,485.5640682187586
expAE05,VUW_PISM2_s4,/Volumes/FMac/computing/data/antarctica/ismip6/hackathon/ComputedScalarsHelene/expAE05/shelfmelt/computed_shelfmelt_AIS_VUW_PISM2_s4_expAE05.nc,25790.443147353297,22204.389431992793,19191.753391302795,38129.75207620175,43829.98093526295,2894.35108571237,-204.33697428355663,3884.205491187502,7976.924462449539,4744.122849895823,12008.984171367912,890.6630929963258,142.3872319055281,5448.539620291274,13920.652590183905,38.325119846183725,741.1322848270702,6993.366431018688,175370.90766162495,118659.60890849959,49254.25774652342,6785.115792077302,38129.74668168998,25091.05148459872,54430.3367450682,3884.2084271587337,-204.34016977117062
expAE05,IMAU_UFEMISM1,/Volumes/FMac/computing/data/antarctica/ismip6/hackathon/ComputedScalarsHelene/expAE05/shelfmelt/jb_computed_shelfmelt_AIS_IMAU_UFEMISM1_expAE05.nc,,23113.85036606422,,,11461.227691354787,,,991.6429117216694,3754.366189983034,,6658.544554068578,,,,,80.72436841335002,-1216.1982275495193,-1401.810404933827,39083.25440461388,13928.993231698078,23808.42279061149,420.06486844820756,,23311.434214477853,18318.64988695294,991.6432631342145,
expAE05,IMAU_UFEMISM2,/Volumes/FMac/computing/data/antarctica/ismip6/hackathon/ComputedScalarsHelene/expAE05/shelfmelt/jb_computed_shelfmelt_AIS_IMAU_UFEMISM2_expAE05.nc,,31485.131850471567,,,6679.751591063323,,,1949.837970006578,,,5367.262002239269,,,,2677.8755043633787,71.87213325430662,-1081.2761823139708,,32509.937527923612,5176.226007523655,25313.600901053942,-735.4001285642298,,32418.068701749267,11982.941809337026,1949.837975662032,
expAE05,IMAU_UFEMISM3,/Volumes/FMac/computing/data/antarctica/ismip6/hackathon/ComputedScalarsHelene/expAE05/shelfmelt/jb_computed_shelfmelt_AIS_IMAU_UFEMISM3_expAE05.nc,-161.96850387345557,39160.85805441009,,3746.6565619073517,2091.7501786586727,1359.131428945022,1252.6752659225692,186.46595883410077,1784.9947553538077,1819.3686089153011,3192.4108144214115,1023.9152045512412,759.2415611988367,779.298203315026,2086.7972163333247,48.79239388715041,-772.1567506743554,,22723.9562867145,11174.602454794891,10676.808191693068,-616.7819473056197,3746.656123936888,40326.976976855556,5522.247307522615,186.4659520481996,1252.675082255486
expAE05,IMAU_UFEMISM4,/Volumes/FMac/computing/data/antarctica/ismip6/hackathon/ComputedScalarsHelene/expAE05/shelfmelt/jb_computed_shelfmelt_AIS_IMAU_UFEMISM4_expAE05.nc,-290.04611560543754,37614.014911776394,,4237.206842254212,-8187.189422695577,,976.7297081679628,-1764.5269773390985,1604.4400766179915,1052.4263128350644,2704.6734171939097,657.8882070776963,-853.4842550683911,755.4639628217367,2566.969711942365,174.57837866969373,-340.8381740302848,,3812.6716492305277,-2572.4307416444935,7239.81759931409,118.87032733630076,4237.206988047983,38634.210297237485,-6304.892725684927,-1764.5272170257674,976.7296778249312
