Experiment,Model,Path,sector_1,sector_2,sector_3,sector_4,sector_5,sector_6,sector_7,sector_8,sector_9,sector_10,sector_11,sector_12,sector_13,sector_14,sector_15,sector_16,sector_17,sector_18,AIS,region_1,region_2,region_3,Amundsen,Ross,FilchnerRonne,Aurora,Wilkes
expAE02,DC_ISSM,/Volumes/FMac/computing/data/antarctica/ismip6/hackathon/ComputedScalarsHelene/expAE02/shelfmelt/computed_shelfmelt_AIS_DC_ISSM_expAE02.nc,6.8003371781376e-07,3.337535198022446e-06,3.7757728221892473e-06,5.496990179284066e-06,6.233440411446673e-06,3.613986333645963e-07,5.876538844014254e-06,4.696251979895139e-06,5.0659786923851735e-06,3.4403324452524706e-06,7.473028159371609e-06,-2.279788883303505e-06,-4.5527797237131525e-07,3.2413550795198205e-06,3.4831541155546982e-06,4.507190656915396e-07,-2.2070005088945667e-05,2.5238306275185922e-06,4.27791619665949e-06,4.78764147687678e-06,4.178078100338421e-06,-1.9165703289179024e-06,5.496989778618433e-06,2.5588419369291355e-06,6.6063881791178405e-06,4.696251741528786e-06,5.876539519882489e-06
expAE02,DOE_MALI_4km,/Volumes/FMac/computing/data/antarctica/ismip6/hackathon/ComputedScalarsHelene/expAE02/shelfmelt/computed_shelfmelt_AIS_DOE_MALI_4km_expAE02.nc,2.3038720847669006e-05,7.779967404414906e-06,1.4181218623219924e-05,1.9535587047846033e-05,1.042685309170909e-05,8.492191479937646e-07,2.159001545413599e-05,1.416542866562799e-05,8.982749730556705e-06,1.4299497658168787e-05,1.0714424940351337e-05,7.085434259736827e-06,0.0001024220338503261,1.1436670791778188e-05,1.4609101142449373e-05,1.8650762328418205e-05,-1.9475311787219417e-05,2.308597708599194e-05,1.2737594763615584e-05,1.2929365926999098e-05,1.2282879159963918e-05,1.5211593815193522e-05,1.9535585032767387e-05,6.2072514275422365e-06,1.050457740604041e-05,1.4165430726881026e-05,2.1590011063441563e-05
expAE02,DOE_MALI_8km_Ant95,/Volumes/FMac/computing/data/antarctica/ismip6/hackathon/ComputedScalarsHelene/expAE02/shelfmelt/computed_shelfmelt_AIS_DOE_MALI_8km_Ant95_expAE02.nc,1.885099507681297e-05,1.5254100080948413e-05,1.3828654781472205e-05,1.3390790232796153e-05,1.4316155233046159e-05,7.584845698188635e-07,2.627424815597162e-05,1.816951074974789e-05,1.2817727721560554e-05,1.711042704660634e-05,1.3740202687426614e-05,7.140428628922591e-06,2.9237262458311037e-05,1.1857985934984921e-05,1.6888761109782632e-05,2.01384292448354e-05,-2.6551387779350497e-05,1.8901074259183015e-05,1.4513989712604277e-05,1.4290691369624716e-05,1.4812796637370657e-05,1.2590759428676504e-05,1.3390790154826977e-05,1.2544242348189775e-05,1.4163307347839707e-05,1.8169510899023626e-05,2.6274252003402473e-05
expAE02,DOE_MALI_8km_AntMean,/Volumes/FMac/computing/data/antarctica/ismip6/hackathon/ComputedScalarsHelene/expAE02/shelfmelt/computed_shelfmelt_AIS_DOE_MALI_8km_AntMean_expAE02.nc,1.6749625984589476e-05,1.2369438042439715e-05,1.4251396894873734e-05,1.4857503206559428e-05,1.2432617080599242e-05,6.6466794442214e-07,2.678777875828461e-05,1.690707968921644e-05,1.0745295327008252e-05,1.568775295641116e-05,1.302564879639368e-05,5.45284454781618e-06,2.506867445817662e-05,1.041552715798464e-05,1.575154828187451e-05,1.866320864233746e-05,-2.1599458749484026e-05,1.8036748582861786e-05,1.3878231912687594e-05,1.406258978001134e-05,1.3225569890669574e-05,1.1717363486228778e-05,1.4857500404456502e-05,9.833189520625929e-06,1.261014137339413e-05,1.6907080743135535e-05,2.678778754950369e-05
expAE02,IGE_ElmerIce,/Volumes/FMac/computing/data/antarctica/ismip6/hackathon/ComputedScalarsHelene/expAE02/shelfmelt/computed_shelfmelt_AIS_IGE_ElmerIce_expAE02.nc,-8.845766711962001e-07,1.7645927506179791e-06,3.921539280126965e-06,5.27589542917454e-06,4.239610954378684e-06,4.397595442289582e-07,1.2445616955836468e-05,3.5804437207577902e-06,4.526292821137125e-06,4.225032480974596e-06,3.46028425573369e-06,4.665609404661772e-08,1.8901661199995232e-06,-1.0909802515157815e-07,7.758370829771706e-06,6.092934609892692e-06,-9.155386013717032e-05,5.308799513723485e-07,3.3844589228865316e-06,3.4801029426552645e-06,3.84859116149342e-06,-6.575720009772979e-06,5.275896046956423e-06,1.4357078089850227e-06,3.979076767360968e-06,3.580443451240838e-06,1.244561665349994e-05
expAE02,ILTS_SICOPOLIS,/Volumes/FMac/computing/data/antarctica/ismip6/hackathon/ComputedScalarsHelene/expAE02/shelfmelt/computed_shelfmelt_AIS_ILTS_SICOPOLIS_expAE02.nc,1.811954824573717e-05,1.590604592264209e-05,1.4547548545714228e-05,2.2607629669231827e-05,1.2559827886688714e-05,2.2476685581067323e-06,9.544187377954641e-06,1.5931367351817673e-05,1.872354201630563e-05,1.6268897386536775e-05,1.4345224322252433e-05,1.31947391805607e-06,2.3350432648755396e-05,1.8931197916501698e-05,1.966116380682441e-05,9.170631540406224e-06,-1.852172701418274e-06,2.7694447429861837e-05,1.5756993781824044e-05,1.6191821876308324e-05,1.4744428593086878e-05,1.982217908811394e-05,2.2607629256168394e-05,1.3945314890709571e-05,1.3063516310069922e-05,1.5931368768066485e-05,9.5441855749604e-06
expAE02,IMAU_UFEMISM1,/Volumes/FMac/computing/data/antarctica/ismip6/hackathon/ComputedScalarsHelene/expAE02/shelfmelt/computed_shelfmelt_AIS_IMAU_UFEMISM1_expAE02.nc,,7.320754892033012e-05,,0.0003270462299302417,0.00018588475836202282,-6.867865890527459e-05,,0.00026911204141254945,,,0.0002225606439374063,,,,,,,-4.635437717261505e-05,0.00012703537284774251,0.00011345858275547536,0.0002345271742813603,-0.000225913652264365,0.00032704621742676865,7.140953114004607e-05,0.00020222672594330627,0.0002691120913410476,
expAE02,IMAU_UFEMISM2,/Volumes/FMac/computing/data/antarctica/ismip6/hackathon/ComputedScalarsHelene/expAE02/shelfmelt/computed_shelfmelt_AIS_IMAU_UFEMISM2_expAE02.nc,,5.876355487987817e-05,,,0.0001992792792463917,1.4987481210968736e-05,,-2.5391016182993206e-05,,,0.0001315017105152202,,,,,,,,9.326203997237242e-05,9.199884935660352e-05,0.00011733569924769238,,,5.863212931172476e-05,0.00017186223187542902,-2.5391014113263768e-05,
expAE02,IMAU_UFEMISM3,/Volumes/FMac/computing/data/antarctica/ismip6/hackathon/ComputedScalarsHelene/expAE02/shelfmelt/computed_shelfmelt_AIS_IMAU_UFEMISM3_expAE02.nc,9.703120117186844e-06,4.10558279902665e-05,,0.00037633237834981784,9.003471101355836e-05,6.677965502316488e-05,1.3290676760371038e-06,0.00015350523049349925,6.273103057024422e-05,0.0011417361650709348,6.505479342955536e-05,0.0001211232096522254,-0.003747564930844333,3.4478013043458496e-05,0.0015741862559099965,,,,6.430444449993412e-05,6.05472292219086e-05,7.875229555622622e-05,,0.00037633242077078936,4.1389672739482265e-05,8.134260583356289e-05,0.0001535052263391527,1.329064975475662e-06
expAE02,IMAU_UFEMISM4,/Volumes/FMac/computing/data/antarctica/ismip6/hackathon/ComputedScalarsHelene/expAE02/shelfmelt/computed_shelfmelt_AIS_IMAU_UFEMISM4_expAE02.nc,-9.863698375257334e-06,4.421911324135077e-05,,0.0017767005202739459,9.44940409986953e-05,2.6185915839086638e-06,4.955957759192625e-05,6.795909750940955e-05,0.0001198836828936976,0.0015720060637215176,7.610011622291983e-05,0.00012124856196864522,-0.0014568424792902159,0.000205501678133769,,,,,7.015233965768237e-05,6.472907056389253e-05,9.639376506463671e-05,,0.0017767005142035226,4.40400823850925e-05,8.93849233593434e-05,6.795912993297031e-05,4.955957828694581e-05
expAE02,LSCE_GRISLI2,/Volumes/FMac/computing/data/antarctica/ismip6/hackathon/ComputedScalarsHelene/expAE02/shelfmelt/computed_shelfmelt_AIS_LSCE_GRISLI2_expAE02.nc,4.45146358635221e-07,8.98166237993879e-06,4.879180860694729e-06,1.0557018981943634e-05,1.2536526134025317e-05,-9.756232099473547e-07,9.208593061021778e-06,-1.651589545700873e-06,9.563896458954705e-06,1.189142684247539e-05,2.25784442502745e-06,-2.8914712872557687e-06,1.3293265535176053e-06,7.25449365467156e-07,9.809732238029183e-06,1.4353534421877433e-05,-0.00022101659370591157,4.94363224186434e-06,8.041447654821276e-06,9.757923089419794e-06,5.536164331885412e-06,-9.658165948032034e-06,1.0557021544047424e-05,8.34834245528854e-06,1.0477110629415491e-05,-1.6515898648011397e-06,9.20859532803309e-06
expAE02,LSCE_GRISLI,/Volumes/FMac/computing/data/antarctica/ismip6/hackathon/ComputedScalarsHelene/expAE02/shelfmelt/computed_shelfmelt_AIS_LSCE_GRISLI_expAE02.nc,5.528859307366109e-05,1.3443962264622264e-05,4.9678824222159004e-05,3.2297467358176884e-05,1.4268877729139726e-05,3.463806716067894e-06,3.835563960899473e-05,5.378491004493929e-05,2.071417390660476e-05,3.924032843381308e-05,1.2970968397354093e-05,4.1964230199814783e-05,9.977626681463038e-05,5.773706218163288e-05,4.3985018051537194e-05,7.079435016762576e-05,-0.00016094308211461828,9.848265513914353e-05,2.3242463620087496e-05,1.8358297177706193e-05,3.9346085912779595e-05,7.355351128866479e-05,3.229746708751965e-05,1.3162486091307548e-05,1.4124623948013989e-05,5.378491426169113e-05,3.83556388665559e-05
expAE02,NCAR_CISM1,/Volumes/FMac/computing/data/antarctica/ismip6/hackathon/ComputedScalarsHelene/expAE02/shelfmelt/computed_shelfmelt_AIS_NCAR_CISM1_expAE02.nc,1.3981680009993422e-06,3.6009764107746803e-06,5.830605767003051e-06,8.124670238266948e-06,7.304681428553854e-06,8.11491961588111e-07,2.5874516011097156e-06,-3.4998680203874195e-06,4.4894220274882325e-06,5.68891352164099e-06,7.10927792765554e-06,6.889616075951021e-06,2.20651153779368e-05,2.3558399507187335e-06,5.764247472653434e-06,1.4388880892753283e-05,-2.2179982039632304e-05,3.5598661258688286e-06,5.014203743273028e-06,5.646665619124842e-06,4.772744884592028e-06,-5.107214664867427e-07,8.124672758335932e-06,2.8210709348670274e-06,7.243819047940209e-06,-3.499868381739118e-06,2.587451654427937e-06
expAE02,NCAR_CISM2,/Volumes/FMac/computing/data/antarctica/ismip6/hackathon/ComputedScalarsHelene/expAE02/shelfmelt/computed_shelfmelt_AIS_NCAR_CISM2_expAE02.nc,1.2796153689124948e-05,8.792198412258096e-06,8.799316703100616e-06,2.384399789742278e-05,1.1821172139622586e-05,1.6918101306373988e-06,1.0584506665614851e-05,1.592163556052333e-05,1.3919873895812914e-05,1.587022241509232e-05,1.6530942333402396e-05,6.29670597670457e-06,1.5526741800550548e-05,1.1041411520883484e-05,1.5029356894567952e-05,5.2123385203466965e-06,-6.073951572767478e-08,1.5130373025569881e-05,1.2779921582682487e-05,1.2405604037945102e-05,1.3488075773292011e-05,1.0748807262095225e-05,2.3843998705842633e-05,7.294631789070166e-06,1.3311123039627948e-05,1.592162901569144e-05,1.0584506298772249e-05
expAE02,NORCE_CISM2-MAR364-ERA-t1,/Volumes/FMac/computing/data/antarctica/ismip6/hackathon/ComputedScalarsHelene/expAE02/shelfmelt/computed_shelfmelt_AIS_NORCE_CISM2-MAR364-ERA-t1_expAE02.nc,1.0190211511036656e-05,6.82119804518482e-06,1.1900784701186999e-05,2.5829876045126316e-05,1.1764973088209341e-05,6.024676512324026e-06,8.826450125886876e-06,1.6082060452792633e-05,1.2614075893003467e-05,1.4051388241060248e-05,1.7792521120440947e-05,8.814403594887757e-06,2.648333811386325e-05,1.0931849711554103e-05,1.3660591809681067e-05,1.3640268318717339e-05,-3.57505018690226e-05,8.963386825192833e-06,1.2176075644321595e-05,1.1735055554917729e-05,1.3656159839801628e-05,1.8560175163268428e-06,2.5829879268476733e-05,6.652655690194967e-06,1.3540670890575567e-05,1.6082063259562105e-05,8.82645016335917e-06
expAE02,NORCE_CISM3-MAR364-ERA-t1-local,/Volumes/FMac/computing/data/antarctica/ismip6/hackathon/ComputedScalarsHelene/expAE02/shelfmelt/computed_shelfmelt_AIS_NORCE_CISM3-MAR364-ERA-t1-local_expAE02.nc,4.00114854339567e-06,5.3547519576780576e-06,7.192866425586058e-06,1.1643498551341334e-05,9.72166254030769e-06,2.2543495337508957e-06,2.3392236170556314e-06,7.828222801850296e-06,7.996748380433578e-06,9.177742018807056e-06,1.1657920305838219e-05,1.2065094648744268e-05,3.161134261714623e-05,6.486670026260203e-06,8.805568077308284e-06,1.3679475441160126e-05,-2.4307870266196227e-05,5.572310486257828e-06,7.506621182478972e-06,7.731400470843166e-06,8.159526888651472e-06,-1.8516622917431955e-06,1.1643499160573212e-05,4.599671625931256e-06,1.0317160090097496e-05,7.828225034246319e-06,2.339224070602773e-06
expAE02,NORCE_CISM3-MAR364-ERA-t1-nonlocal,/Volumes/FMac/computing/data/antarctica/ismip6/hackathon/ComputedScalarsHelene/expAE02/shelfmelt/computed_shelfmelt_AIS_NORCE_CISM3-MAR364-ERA-t1-nonlocal_expAE02.nc,4.1816933543285085e-06,4.730539071637017e-06,7.879143810177129e-06,1.2176729407768995e-05,7.5506070661206134e-06,2.282247775095105e-06,2.189717188480086e-06,7.1664174653043904e-06,8.145336320483569e-06,9.589680236998827e-06,8.842259363006645e-06,1.0419828316465009e-05,3.1168480239187864e-05,7.171895950166597e-06,9.320937312922426e-06,1.4874825100478735e-05,-2.950730976587417e-05,6.642621668285013e-06,6.68142148729835e-06,6.663789897998009e-06,7.449077988303547e-06,-1.7566945679235684e-06,1.2176729239179549e-05,4.105075001918603e-06,7.989931407914087e-06,7.1664171889786295e-06,2.1897178944306657e-06
expAE02,NORCE_CISM3-MAR364-ERA-t1,/Volumes/FMac/computing/data/antarctica/ismip6/hackathon/ComputedScalarsHelene/expAE02/shelfmelt/computed_shelfmelt_AIS_NORCE_CISM3-MAR364-ERA-t1_expAE02.nc,9.10458600067342e-06,6.243567708831019e-06,1.1698978907532554e-05,2.5095216445017833e-05,1.3429962056397793e-05,4.027179487445138e-06,1.2873430095916202e-05,1.7171213405014684e-05,1.301957267856042e-05,1.537016393100814e-05,1.7795080080770508e-05,7.643792271546794e-06,2.955375839942092e-05,1.2085072587280765e-05,1.4406406309773382e-05,1.239493263450655e-05,-3.5707790820576215e-05,5.520310287152781e-06,1.2627642940865233e-05,1.238036338140174e-05,1.4160417999650665e-05,-2.8040127628269444e-06,2.5095218514763375e-05,5.7875254509715754e-06,1.4736435857252699e-05,1.7171215163805286e-05,1.2873431776124659e-05
expAE02,NORCE_CISM4-MAR364-ERA-t1-local,/Volumes/FMac/computing/data/antarctica/ismip6/hackathon/ComputedScalarsHelene/expAE02/shelfmelt/computed_shelfmelt_AIS_NORCE_CISM4-MAR364-ERA-t1-local_expAE02.nc,5.298593845756459e-06,5.741280209491613e-06,7.969167129265777e-06,1.4843510444670476e-05,1.1138549869260893e-05,2.5891379459852702e-06,3.931171720587006e-06,1.4940490026486313e-05,8.634827523669976e-06,1.1412711733395603e-05,1.2778446200758796e-05,7.944035124847904e-06,3.4902829154023e-05,7.341577311509788e-06,1.0421182087559454e-05,1.1978327937588127e-05,-3.410252062120845e-05,5.277256895545663e-06,8.8412358084502e-06,8.904241618699555e-06,9.84740355578554e-06,-4.2751412958623316e-06,1.4843511283700734e-05,4.952369399388994e-06,1.1623755138797452e-05,1.4940493055413268e-05,3.931170721248029e-06
expAE02,NORCE_CISM4-MAR364-ERA-t1-nonlocal,/Volumes/FMac/computing/data/antarctica/ismip6/hackathon/ComputedScalarsHelene/expAE02/shelfmelt/computed_shelfmelt_AIS_NORCE_CISM4-MAR364-ERA-t1-nonlocal_expAE02.nc,5.257555186916038e-06,5.0135334444447255e-06,7.392884839903993e-06,1.6301755498639786e-05,8.587953362991504e-06,2.4597106393355712e-06,5.563394734377177e-06,1.4492990640513437e-05,9.049678041896188e-06,1.226134313676832e-05,9.6210818904602e-06,5.975397083545092e-06,3.721157857591672e-05,8.40465704745137e-06,1.1464603004707772e-05,1.2419507627360937e-05,-4.177764477705878e-05,6.0456099266375735e-06,7.881626180035386e-06,7.620373994654638e-06,9.155317322673596e-06,-4.5630832258743786e-06,1.6301754116981638e-05,4.32307236646732e-06,8.909264542904501e-06,1.4492989972235755e-05,5.563393853622717e-06
expAE02,NORCE_CISM4-MAR364-ERA-t1,/Volumes/FMac/computing/data/antarctica/ismip6/hackathon/ComputedScalarsHelene/expAE02/shelfmelt/computed_shelfmelt_AIS_NORCE_CISM4-MAR364-ERA-t1_expAE02.nc,6.7547762438837955e-06,5.775580639447481e-06,7.984681279221258e-06,2.3071326820799342e-05,1.452909012292298e-05,3.315567341861136e-06,7.655695302287256e-06,1.9243023433130404e-05,8.250524278642061e-06,1.4539309128254316e-05,1.7051301076272532e-05,8.663911169127286e-06,3.0341979950187585e-05,7.2332407442486195e-06,1.2921779017525094e-05,1.056740320969859e-05,-3.80756765582949e-05,6.13644793055548e-06,1.1767382843991507e-05,1.16493102722399e-05,1.3254523748534015e-05,-2.626655942148313e-06,2.3071327015190385e-05,5.233739599456653e-06,1.528056235157349e-05,1.9243026060906077e-05,7.655698244395155e-06
expAE02,NORCE_CISM4-MAR364-JRA-t1,/Volumes/FMac/computing/data/antarctica/ismip6/hackathon/ComputedScalarsHelene/expAE02/shelfmelt/computed_shelfmelt_AIS_NORCE_CISM4-MAR364-JRA-t1_expAE02.nc,7.4003730326494624e-06,6.791027798873563e-06,7.885972647703967e-06,2.2904021346790735e-05,1.5127547902925933e-05,3.6528443554663307e-06,8.290486255973585e-06,1.9219189766824172e-05,7.484797836689035e-06,1.4387798615851612e-05,1.72797996838246e-05,8.469659568424266e-06,3.0926666282019806e-05,1.2625584344260847e-05,1.2716317607548448e-05,1.0525001464744123e-05,-3.30295417502298e-05,6.281715378330551e-06,1.2246968579313856e-05,1.2344072951337119e-05,1.345535194034041e-05,-2.0180961052623303e-06,2.2904029701931205e-05,6.085312503609876e-06,1.5756667215064265e-05,1.9219192100444872e-05,8.290485013996249e-06
expAE02,NORCE_CISM5-MAR364-ERA-t1-local,/Volumes/FMac/computing/data/antarctica/ismip6/hackathon/ComputedScalarsHelene/expAE02/shelfmelt/computed_shelfmelt_AIS_NORCE_CISM5-MAR364-ERA-t1-local_expAE02.nc,6.2515109270617425e-06,5.7553614307413665e-06,6.597483802612919e-06,1.458295889514191e-05,1.125084491336945e-05,2.269770975081461e-06,5.00061492615118e-07,1.0656654670338883e-05,8.481258228269758e-06,1.6131775501092e-05,1.6335010224763424e-05,1.378032841510075e-07,2.2249082887317266e-05,5.528205359302383e-06,1.1029226233939525e-05,9.147392238854478e-06,-5.3897804468709864e-05,4.384799892269664e-06,9.25864395625003e-06,8.963513617476104e-06,1.0989262998901473e-05,-5.121603697387726e-06,1.4582961721369705e-05,4.983949670306045e-06,1.2910101707069428e-05,1.0656654191127912e-05,5.000615218769187e-07
expAE02,NORCE_CISM5-MAR364-ERA-t1-nonlocal,/Volumes/FMac/computing/data/antarctica/ismip6/hackathon/ComputedScalarsHelene/expAE02/shelfmelt/computed_shelfmelt_AIS_NORCE_CISM5-MAR364-ERA-t1-nonlocal_expAE02.nc,5.82510488678062e-06,5.113782228899753e-06,9.093139717525604e-06,1.782517890807209e-05,8.974558632310052e-06,1.8545213608363664e-06,4.656253419272667e-09,8.845412648797156e-06,9.910383890211949e-06,1.5116568486422505e-05,1.2561440008448194e-05,-5.1566700381453656e-08,2.169158920559477e-05,6.550034809957038e-06,1.2882263982295946e-05,7.589292661647498e-06,-5.4968414459441654e-05,6.74871692768455e-06,8.490524660882146e-06,8.421697261758032e-06,9.597263144871788e-06,-4.410645374492126e-06,1.7825180598168425e-05,4.336450809323704e-06,1.0169391377504854e-05,8.845412945587236e-06,4.656243663334067e-09
expAE02,NORCE_CISM5-MAR364-ERA-t1,/Volumes/FMac/computing/data/antarctica/ismip6/hackathon/ComputedScalarsHelene/expAE02/shelfmelt/computed_shelfmelt_AIS_NORCE_CISM5-MAR364-ERA-t1_expAE02.nc,6.139042102880024e-06,5.5971373192664144e-06,7.875856516019327e-06,1.80788032732909e-05,1.3036746133725746e-05,2.78996584224675e-06,1.5965836138930878e-07,1.9539772382139635e-05,9.628290973668135e-06,1.2306841739124083e-05,1.7240744329020996e-05,-4.871132757601682e-07,1.3208313160406338e-05,6.2101200812398615e-06,9.58886324836224e-06,8.672323909748242e-06,-3.411720878907757e-05,4.146453040508131e-06,1.0742045872134455e-05,1.0452934792305314e-05,1.26771643738617e-05,-4.020031090907417e-06,1.8078803147458423e-05,4.949945060964893e-06,1.4560239506702016e-05,1.953977593098919e-05,1.5965822291204047e-07
expAE02,PIK_PISM,/Volumes/FMac/computing/data/antarctica/ismip6/hackathon/ComputedScalarsHelene/expAE02/shelfmelt/computed_shelfmelt_AIS_PIK_PISM_expAE02.nc,1.1693658173468014e-05,1.6001839995520377e-05,1.7732206038741426e-05,3.179056613815869e-05,4.5088874812127604e-05,9.949458273145119e-06,2.1575523362486554e-05,3.306219149238223e-05,5.727208736498589e-05,2.1095267225743253e-05,3.637632166528497e-05,7.100144103437289e-06,5.2745278777277485e-05,2.066037942846703e-05,2.000855383573015e-05,3.0046962915245274e-05,-2.8647530762545156e-05,1.0542096091619074e-05,2.947509121950318e-05,2.9343179015957054e-05,3.2157161915536585e-05,1.673672393753357e-06,3.1790569617454244e-05,1.515172397438928e-05,4.207532614049527e-05,3.306218770636405e-05,2.1575528211648153e-05
expAE02,UCM_Yelmo,/Volumes/FMac/computing/data/antarctica/ismip6/hackathon/ComputedScalarsHelene/expAE02/shelfmelt/computed_shelfmelt_AIS_UCM_Yelmo_expAE02.nc,9.177126064515467e-05,7.333420466432729e-06,1.6175134852021338e-05,1.6722378222637935e-05,1.29250220109141e-05,7.850193540851713e-07,-1.5843347329213758e-06,-2.260966366301521e-06,1.1156166490956756e-05,3.802661570412442e-05,1.7961753801559244e-05,1.6216679614901468e-06,2.7301259752662113e-05,1.3257597213140945e-05,5.1392185335273345e-05,3.963125254200575e-05,-4.280860929105833e-05,0.0001055283974490554,1.3573992078934047e-05,1.2632301655975915e-05,1.4520990873356263e-05,1.80971108846182e-05,1.6722378303190142e-05,4.95826853441681e-06,1.4473284239777752e-05,-2.260966320843125e-06,-1.584334969078018e-06
expAE02,UCSD_ISSM,/Volumes/FMac/computing/data/antarctica/ismip6/hackathon/ComputedScalarsHelene/expAE02/shelfmelt/computed_shelfmelt_AIS_UCSD_ISSM_expAE02.nc,-3.982334031858195e-07,1.0112431701750636e-06,-1.9042248276629182e-07,1.2285913066894862e-05,4.292402794300767e-06,1.7096970007658697e-06,1.1822041649926693e-05,7.010575449640126e-06,4.760890409423053e-06,1.7683294039656005e-06,2.233038651483557e-06,-9.44869613711431e-06,1.6080596573984532e-07,1.9095562412636584e-06,3.4986296282871066e-06,-1.3619970529393794e-06,-1.9876819731391626e-05,-5.639154195101995e-07,3.754938267369338e-06,4.94742144956667e-06,4.4049786361423475e-06,-1.8775869547033951e-06,1.2285916371009124e-05,1.093370748708185e-06,3.863459548791167e-06,7.010574804248941e-06,1.18220391843066e-05
expAE02,ULB_fETISh-KoriBU1,/Volumes/FMac/computing/data/antarctica/ismip6/hackathon/ComputedScalarsHelene/expAE02/shelfmelt/computed_shelfmelt_AIS_ULB_fETISh-KoriBU1_expAE02.nc,3.5925587873769163e-06,1.407079962308752e-05,7.954298452896722e-06,1.0663470644600101e-05,1.3616438659412821e-05,2.330163824017104e-06,1.4256403627434332e-05,8.915150335876225e-06,7.773971958231652e-06,6.957618126694912e-06,8.508298374797816e-06,1.8248947013936683e-07,1.3674724275987644e-05,4.234320154205196e-06,1.7896590916489947e-05,7.463123171023878e-06,-1.716796205064164e-05,8.327110424086838e-07,9.324419418256669e-06,1.1327500435329188e-05,9.353954654527473e-06,-3.008051243896298e-06,1.0663472584809435e-05,1.090482911823541e-05,1.1517374189399584e-05,8.915150262805522e-06,1.4256401054868015e-05
expAE02,ULB_fETISh-KoriBU2,/Volumes/FMac/computing/data/antarctica/ismip6/hackathon/ComputedScalarsHelene/expAE02/shelfmelt/computed_shelfmelt_AIS_ULB_fETISh-KoriBU2_expAE02.nc,6.096612022409623e-06,1.0520237447203837e-05,9.336498728524534e-06,2.591068964067521e-05,1.2703541248943573e-05,1.20302699682461e-06,8.277661043501918e-06,9.083580687744653e-06,1.0746243710155196e-05,1.3101960154928633e-05,9.254104188803847e-06,-1.9299547353337763e-06,9.566969747152686e-06,4.429175852762411e-06,1.501464833169793e-05,7.69721743641944e-06,-2.1865423819779576e-05,5.622952783136593e-06,1.43090930681733e-05,1.8026367429875896e-05,9.24219924135017e-06,-1.4067897066849891e-06,2.5910685287030844e-05,7.885995583272166e-06,1.1582516533208533e-05,9.083581346712202e-06,8.277659687616176e-06
expAE02,UNN_Ua,/Volumes/FMac/computing/data/antarctica/ismip6/hackathon/ComputedScalarsHelene/expAE02/shelfmelt/computed_shelfmelt_AIS_UNN_Ua_expAE02.nc,1.4201951960306926e-05,6.3715454243843255e-06,7.3344486322788685e-06,1.2002463568720104e-05,1.3176309022181532e-05,7.668457489338918e-07,1.0639555195267289e-05,1.0521673843986921e-05,1.0031961092425252e-05,1.2899758466045203e-05,1.4108456462827673e-05,-1.3093120125590134e-05,2.6338846057176745e-05,7.814327147329844e-06,1.080898863429194e-05,2.5362290686812397e-06,-5.635381784249043e-06,3.2945346824974824e-05,1.0489886761623364e-05,1.0649188380955523e-05,9.960698565069407e-06,1.3992740726432713e-05,1.2002466757628936e-05,5.001596791962679e-06,1.344733630270351e-05,1.0521673540883243e-05,1.0639557589031768e-05
expAE02,UTAS_ElmerIce,/Volumes/FMac/computing/data/antarctica/ismip6/hackathon/ComputedScalarsHelene/expAE02/shelfmelt/computed_shelfmelt_AIS_UTAS_ElmerIce_expAE02.nc,-1.66038527751477e-06,2.946503707935151e-06,4.236725775095961e-06,3.1897086116980815e-06,6.614349260203282e-06,5.015946742133233e-07,1.2477804520405218e-06,4.846842558352228e-06,3.546995655924005e-06,3.7589316112736286e-06,7.2322410214105175e-06,4.267156043131367e-06,7.615477687871051e-06,1.989604124719867e-06,5.015920634681478e-06,3.3130506080589815e-06,-1.9837613166998028e-05,3.1884940043765467e-06,4.186221697719012e-06,4.62044187358446e-06,4.167760305547106e-06,-2.284288966871649e-06,3.1897083235085352e-06,2.313379829258135e-06,6.78840575039382e-06,4.846842461073716e-06,1.2477810387131943e-06
expAE02,VUB_AISMPALEO,/Volumes/FMac/computing/data/antarctica/ismip6/hackathon/ComputedScalarsHelene/expAE02/shelfmelt/computed_shelfmelt_AIS_VUB_AISMPALEO_expAE02.nc,-0.0018933480112032874,3.748450351201908e-06,7.588780225197754e-05,-0.0008362568032256324,5.486523354090703e-06,3.0477234313040425e-06,-0.0016966663211462694,,5.343313621198926e-06,-7.279191524602488e-06,5.689221520093903e-06,-0.00076377755605282,,,1.0312407371527338e-05,2.8396764341983383e-05,-0.0001980513933989432,,3.8089023219251234e-06,4.878181440825115e-06,3.5250067233119373e-06,-0.00016009448253216993,-0.0008362569121845802,3.542521728682252e-06,5.53945210700179e-06,,-0.0016966662955081727
expAE02,VUW_PISM1,/Volumes/FMac/computing/data/antarctica/ismip6/hackathon/ComputedScalarsHelene/expAE02/shelfmelt/computed_shelfmelt_AIS_VUW_PISM1_expAE02.nc,1.916618996096284e-05,1.3940810226570923e-05,1.2944300605028649e-05,3.346356396229032e-05,1.6176910015586926e-05,-3.017672492325121e-05,5.230665231653491e-06,1.0493534906256915e-05,1.3936119066976197e-05,2.029620068578688e-05,2.1599519772737167e-05,6.4960077312711474e-06,1.5808356711483382e-05,1.902436767081043e-05,2.7504947246152365e-05,1.003779226293734e-05,-4.3435095483159594e-05,1.8712316449789017e-05,1.70771450479254e-05,1.7680405151258964e-05,1.6333094811204543e-05,1.405887354528552e-05,3.346355798218185e-05,1.3413217565062928e-05,1.7161276395460485e-05,1.0493535216145764e-05,5.230664458015872e-06
expAE02,VUW_PISM1_s1,/Volumes/FMac/computing/data/antarctica/ismip6/hackathon/ComputedScalarsHelene/expAE02/shelfmelt/computed_shelfmelt_AIS_VUW_PISM1_s1_expAE02.nc,,,,,,,,,,,,,,,,,,,,,,,,,,,
expAE02,VUW_PISM1_s2,/Volumes/FMac/computing/data/antarctica/ismip6/hackathon/ComputedScalarsHelene/expAE02/shelfmelt/computed_shelfmelt_AIS_VUW_PISM1_s2_expAE02.nc,1.7308218220057012e-05,1.293639216494601e-05,1.1560381974889184e-05,2.639180530195118e-05,1.642956563050818e-05,-2.7913355554289317e-05,4.633467509418788e-06,1.0769659123633092e-05,1.4290925283268137e-05,1.797080476172257e-05,2.4325205617101475e-05,7.75801204347254e-06,1.7650036215067114e-05,1.773479740940812e-05,2.769372121126178e-05,8.942499700244142e-06,-3.325831096820087e-05,1.7878452261495612e-05,1.6377308720257775e-05,1.63379923408753e-05,1.6912790025411715e-05,1.2909937707764965e-05,2.639181663088373e-05,1.2461447129884121e-05,1.786206271446582e-05,1.0769660542435004e-05,4.633466752124648e-06
expAE02,VUW_PISM1_s3,/Volumes/FMac/computing/data/antarctica/ismip6/hackathon/ComputedScalarsHelene/expAE02/shelfmelt/computed_shelfmelt_AIS_VUW_PISM1_s3_expAE02.nc,1.475376984482481e-05,1.1431374915838193e-05,1.2729718394800864e-05,3.019379807681976e-05,1.521209808591555e-05,4.041622818310708e-05,5.170612993336824e-06,9.57625299192052e-06,1.398875481721009e-05,1.994104088039321e-05,2.7320905443572806e-05,2.1944593364185133e-05,1.6748529065187456e-05,1.848910466237601e-05,2.6171603381640025e-05,1.2510337748862919e-05,-3.7061005463235865e-05,1.762330240858886e-05,1.639884928783758e-05,1.610036574720876e-05,1.743676516202677e-05,1.2952353265491403e-05,3.0193807467069506e-05,1.1804515112713857e-05,1.7243313188861422e-05,9.576252223844303e-06,5.170613433099667e-06
expAE02,VUW_PISM1_s4,/Volumes/FMac/computing/data/antarctica/ismip6/hackathon/ComputedScalarsHelene/expAE02/shelfmelt/computed_shelfmelt_AIS_VUW_PISM1_s4_expAE02.nc,2.220784104777828e-05,1.6548672006386462e-05,1.3295850392023505e-05,4.024374672905051e-05,1.6807680768979116e-05,-1.0829464070806186e-05,6.316284360404191e-06,1.260820766347527e-05,1.605842379829776e-05,2.3491353652445215e-05,2.3964460553458227e-05,2.7837791821939917e-06,1.7559011680213314e-05,2.166689306174895e-05,3.108951043035347e-05,1.9469334933016102e-05,-5.01116864982177e-05,2.0846112131689167e-05,1.900215839790885e-05,1.9336514103127195e-05,1.8754114478200567e-05,1.6005847088832327e-05,4.024374245193788e-05,1.6420090003277524e-05,1.8146823452582735e-05,1.2608207578768106e-05,6.31628239186226e-06
expAE02,VUW_PISM2,/Volumes/FMac/computing/data/antarctica/ismip6/hackathon/ComputedScalarsHelene/expAE02/shelfmelt/computed_shelfmelt_AIS_VUW_PISM2_expAE02.nc,2.396615469448594e-05,1.5630637727212324e-05,1.6237137009420333e-05,3.884990778881792e-05,1.5551523703917828e-05,-1.918883360472827e-05,1.3630361813568404e-05,1.631492553092501e-05,1.6953209675348564e-05,1.3707667373702943e-05,2.9192813273539416e-05,6.197627402024213e-07,2.445575153123896e-05,2.809131087969828e-05,3.1979506145588305e-05,1.684890124293448e-05,-6.35853959219366e-05,2.479679259057598e-05,2.1583758282796095e-05,2.116554645786449e-05,2.235996205040046e-05,2.1024238049556095e-05,3.884991611036133e-05,1.5012488084640182e-05,1.899069237042788e-05,1.6314927954966126e-05,1.3630363822145194e-05
expAE02,VUW_PISM2_s1,/Volumes/FMac/computing/data/antarctica/ismip6/hackathon/ComputedScalarsHelene/expAE02/shelfmelt/computed_shelfmelt_AIS_VUW_PISM2_s1_expAE02.nc,2.4657983087023034e-05,1.647350132262541e-05,1.60846370040792e-05,4.730794592746078e-05,1.471962553964728e-05,-2.378773434531793e-05,2.024427809855319e-05,1.5849000699258932e-05,1.8168058908540436e-05,1.613786356189308e-05,2.8675684322413645e-05,7.274546103852791e-06,2.7257878662133402e-05,3.0108927002085944e-05,3.37489845914571e-05,1.566091183502349e-05,-6.746452800303858e-05,2.4848010457404064e-05,2.2447170308508226e-05,2.1936951914084126e-05,2.3461346784139654e-05,2.1064583438954874e-05,4.730794676847445e-05,1.5868051383050495e-05,1.8204885140976628e-05,1.584899749063239e-05,2.02442763641646e-05
expAE02,VUW_PISM2_s2,/Volumes/FMac/computing/data/antarctica/ismip6/hackathon/ComputedScalarsHelene/expAE02/shelfmelt/computed_shelfmelt_AIS_VUW_PISM2_s2_expAE02.nc,2.4887010490747987e-05,1.4518961105956755e-05,1.3932963184361623e-05,4.2047834591774595e-05,1.551637885324568e-05,-8.790279999517305e-06,1.08320256413194e-05,1.1552212211802784e-05,1.7369833626231483e-05,1.3390014226198621e-05,2.498635092519486e-05,9.494456933405334e-06,2.424661652454182e-05,2.2286355984060975e-05,3.1140622862531765e-05,1.5380800666546127e-05,-4.580846807536091e-05,2.3392913383458554e-05,1.9223824302226102e-05,1.9157324020644645e-05,1.9200662377601393e-05,1.9804564774941297e-05,4.2047837955972804e-05,1.3954543653723545e-05,1.7696954992244275e-05,1.1552213326157307e-05,1.0832026836301853e-05
expAE02,VUW_PISM2_s3,/Volumes/FMac/computing/data/antarctica/ismip6/hackathon/ComputedScalarsHelene/expAE02/shelfmelt/computed_shelfmelt_AIS_VUW_PISM2_s3_expAE02.nc,2.1809366310195014e-05,1.3583370227361625e-05,1.366362792549523e-05,3.515964811403799e-05,1.4768294640003744e-05,2.7008825828099186e-05,1.293513998178945e-05,1.1096382780276487e-05,1.5997559040049966e-05,1.6295603998545046e-05,2.9713844463881202e-05,2.1529158577618112e-05,2.5189954495484298e-05,2.7910281617621792e-05,3.2523308888270586e-05,2.12588268242592e-05,-6.875534450549874e-05,2.4534056413448405e-05,1.8868222262877014e-05,1.727905885348436e-05,2.1379385811902784e-05,2.0331276412690573e-05,3.515964789912136e-05,1.3818067463342268e-05,1.8106515877004396e-05,1.1096383414291639e-05,1.2935143410916747e-05
expAE02,VUW_PISM2_s4,/Volumes/FMac/computing/data/antarctica/ismip6/hackathon/ComputedScalarsHelene/expAE02/shelfmelt/computed_shelfmelt_AIS_VUW_PISM2_s4_expAE02.nc,2.545258564442287e-05,1.9227336732567598e-05,1.6096369307140278e-05,3.3879042570045056e-05,1.638901051623912e-05,1.958599504956717e-05,1.4543579560662705e-05,1.935868066937242e-05,1.8695182682904147e-05,1.744959955873103e-05,2.8115661009374685e-05,6.581369374317262e-06,2.6224384823459206e-05,3.0215079664141e-05,3.335692738171006e-05,2.2061525609165042e-05,-7.335973638829442e-05,2.477318079429916e-05,2.3933332437536062e-05,2.3857737731631083e-05,2.4325614302917374e-05,2.1020876940428428e-05,3.38790466191025e-05,1.924509027795056e-05,1.9335597601732863e-05,1.9358679069181725e-05,1.4543580318036607e-05
expAE02,IMAU_UFEMISM1,/Volumes/FMac/computing/data/antarctica/ismip6/hackathon/ComputedScalarsHelene/expAE02/shelfmelt/jb_computed_shelfmelt_AIS_IMAU_UFEMISM1_expAE02.nc,,7.320754892033012e-05,,0.0003270462299302417,0.00018588475836202282,-6.867865890527459e-05,,0.00026911204141254945,,,0.0002225606439374063,,,,,,,-4.635437717261505e-05,0.00012703537284774251,0.00011345858275547536,0.0002345271742813603,-0.000225913652264365,0.00032704621742676865,7.140953114004607e-05,0.00020222672594330627,0.0002691120913410476,
expAE02,IMAU_UFEMISM2,/Volumes/FMac/computing/data/antarctica/ismip6/hackathon/ComputedScalarsHelene/expAE02/shelfmelt/jb_computed_shelfmelt_AIS_IMAU_UFEMISM2_expAE02.nc,,5.876355487987817e-05,,,0.0001992792792463917,1.4987481210968736e-05,,-2.5391016182993206e-05,,,0.0001315017105152202,,,,,,,,9.326203997237242e-05,9.199884935660352e-05,0.00011733569924769238,,,5.863212931172476e-05,0.00017186223187542902,-2.5391014113263768e-05,
expAE02,IMAU_UFEMISM3,/Volumes/FMac/computing/data/antarctica/ismip6/hackathon/ComputedScalarsHelene/expAE02/shelfmelt/jb_computed_shelfmelt_AIS_IMAU_UFEMISM3_expAE02.nc,9.703120117186844e-06,4.10558279902665e-05,,0.00037633237834981784,9.003471101355836e-05,6.677965502316488e-05,1.3290676760371038e-06,0.00015350523049349925,6.273103057024422e-05,0.0011417361650709348,6.505479342955536e-05,0.0001211232096522254,-0.003747564930844333,3.4478013043458496e-05,0.0015741862559099965,,,,6.430444449993412e-05,6.05472292219086e-05,7.875229555622622e-05,,0.00037633242077078936,4.1389672739482265e-05,8.134260583356289e-05,0.0001535052263391527,1.329064975475662e-06
expAE02,IMAU_UFEMISM4,/Volumes/FMac/computing/data/antarctica/ismip6/hackathon/ComputedScalarsHelene/expAE02/shelfmelt/jb_computed_shelfmelt_AIS_IMAU_UFEMISM4_expAE02.nc,-9.863698375257334e-06,4.421911324135077e-05,,0.0017767005202739459,9.44940409986953e-05,2.6185915839086638e-06,4.955957759192625e-05,6.795909750940955e-05,0.0001198836828936976,0.0015720060637215176,7.610011622291983e-05,0.00012124856196864522,-0.0014568424792902159,0.000205501678133769,,,,,7.015233965768237e-05,6.472907056389253e-05,9.639376506463671e-05,,0.0017767005142035226,4.40400823850925e-05,8.93849233593434e-05,6.795912993297031e-05,4.955957828694581e-05
expAE03,DC_ISSM,/Volumes/FMac/computing/data/antarctica/ismip6/hackathon/ComputedScalarsHelene/expAE03/shelfmelt/computed_shelfmelt_AIS_DC_ISSM_expAE03.nc,-1.6057834485968334e-06,7.803387437537706e-06,1.8750064505236848e-06,8.808461230660445e-06,5.7555397023735886e-06,1.468633609010902e-06,8.037749075164032e-06,5.0822842206685804e-06,5.386355269167382e-06,4.036534678200234e-06,6.573568437069049e-06,-3.5611420330366765e-06,-9.676113953898193e-06,2.640930394787789e-06,5.424720496266425e-06,-2.504691790627218e-06,-7.62786293594426e-05,-5.239838651290473e-06,4.744582911995248e-06,6.294751796332923e-06,4.886581081119613e-06,-1.9928407283297365e-05,8.80845888927766e-06,7.199936095847275e-06,6.009431429456125e-06,5.082284705450831e-06,8.037746782944685e-06
expAE03,DOE_MALI_4km,/Volumes/FMac/computing/data/antarctica/ismip6/hackathon/ComputedScalarsHelene/expAE03/shelfmelt/computed_shelfmelt_AIS_DOE_MALI_4km_expAE03.nc,3.642491618911438e-05,2.2846067237652015e-05,1.950046120883614e-05,1.5620180885215802e-05,1.4156960493910306e-05,6.231741976496772e-06,1.8767976465754203e-05,1.488111306917426e-05,9.342131513375913e-06,1.8843186368424103e-05,1.1059704027801925e-05,1.0468499936484685e-05,1.7450948557221773e-05,7.589245002665715e-06,2.1620806448991424e-05,3.893194695481577e-06,-1.980426133326039e-05,6.55882062073705e-06,1.6612953039502716e-05,1.7330966584497915e-05,1.4344695304893163e-05,-5.05261091146315e-06,1.562018148335273e-05,2.23145292748006e-05,1.3301344651827579e-05,1.488111309539008e-05,1.8767977771335908e-05
expAE03,DOE_MALI_8km_Ant95,/Volumes/FMac/computing/data/antarctica/ismip6/hackathon/ComputedScalarsHelene/expAE03/shelfmelt/computed_shelfmelt_AIS_DOE_MALI_8km_Ant95_expAE03.nc,0.00011136188128421883,2.7451278340601617e-05,2.064685258930191e-05,8.268812715963419e-06,1.6996228268123975e-05,2.8057635844722314e-06,2.0782758037257227e-05,1.6680814238896752e-05,1.1136399682311329e-05,2.071917797020744e-05,1.3141759400858076e-05,1.6927905612936776e-05,-4.9464485498526363e-05,9.252267847496199e-06,2.7513975419934544e-05,-1.3386222387823415e-07,-2.1365984903346884e-05,-2.217206250553104e-05,1.5518400004162232e-05,1.5490002222807786e-05,1.657025547520098e-05,-1.4648262655383494e-05,8.268812941524305e-06,2.715825200973791e-05,1.6057175722830634e-05,1.6680821427712606e-05,2.0782762752935535e-05
expAE03,DOE_MALI_8km_AntMean,/Volumes/FMac/computing/data/antarctica/ismip6/hackathon/ComputedScalarsHelene/expAE03/shelfmelt/computed_shelfmelt_AIS_DOE_MALI_8km_AntMean_expAE03.nc,7.337649732859829e-05,2.906729736124277e-05,1.3405810781181327e-05,9.54752879695714e-06,1.708807950217623e-05,1.762681277729732e-06,2.1170103919753766e-05,1.585273164131091e-05,9.592466599063309e-06,1.8058706803896968e-05,1.1915417463928852e-05,1.210453229887773e-05,-4.365863136032788e-05,2.3617159635924985e-06,2.1867348651004693e-05,-2.1804655393996518e-07,-2.125615195721269e-05,-1.0673022245400122e-05,1.5290817347309745e-05,1.5540571590618272e-05,1.5055651600885937e-05,-1.222473605767891e-05,9.547529364527052e-06,2.848354113947627e-05,1.5748723855585107e-05,1.5852735901089083e-05,2.1170105643895188e-05
expAE03,IGE_ElmerIce,/Volumes/FMac/computing/data/antarctica/ismip6/hackathon/ComputedScalarsHelene/expAE03/shelfmelt/computed_shelfmelt_AIS_IGE_ElmerIce_expAE03.nc,-8.16411232798647e-06,3.530490704424823e-06,-3.356681782697705e-06,7.927228234386249e-06,3.7034012851654665e-06,1.3877074011673467e-07,1.1736027550673552e-05,1.69465457870973e-06,4.624358827168156e-06,1.6867043978792018e-06,2.752062073903624e-06,-3.7245742183125905e-06,-2.9695001378789626e-05,-4.026020409406422e-06,3.7730545158280143e-06,-1.9495127794570765e-05,-0.0003237707283334716,-1.4296648931426232e-05,2.7014481959748215e-06,3.89567109054227e-06,2.8461242091178856e-06,-3.765752232190201e-05,7.927228748291883e-06,2.7740141881105643e-06,3.395403458124095e-06,1.6946548271566647e-06,1.1736029921159169e-05
expAE03,ILTS_SICOPOLIS,/Volumes/FMac/computing/data/antarctica/ismip6/hackathon/ComputedScalarsHelene/expAE03/shelfmelt/computed_shelfmelt_AIS_ILTS_SICOPOLIS_expAE03.nc,2.0549456205588178e-05,2.170520589061543e-05,2.4124692714813003e-05,1.677860336803303e-05,1.4407199097251462e-05,1.6224590728020996e-05,2.1269538317217414e-05,1.5110645396353417e-05,1.9955646205764366e-05,1.9783040677033458e-05,1.5222983393941132e-05,8.203207031318308e-06,-2.0379434916775014e-05,2.1144195315175467e-05,2.3596616765340188e-05,3.2532786061099296e-06,1.2080531704770089e-07,2.3272539179389724e-05,1.8191460452282845e-05,1.8203100267270234e-05,1.8277489097151473e-05,1.2150204835875025e-05,1.6778606257243017e-05,2.1661037699674774e-05,1.4635352340217305e-05,1.5110645931395225e-05,2.1269537266606986e-05
expAE03,IMAU_UFEMISM1,/Volumes/FMac/computing/data/antarctica/ismip6/hackathon/ComputedScalarsHelene/expAE03/shelfmelt/computed_shelfmelt_AIS_IMAU_UFEMISM1_expAE03.nc,,0.00023672482992349368,,,3.9211764113960664e-05,,-7.084269110503512e-05,0.00044270938616700664,0.0004904215809342233,,2.5423091904600355e-05,,,,,-3.50886665475353e-05,-8.772780903588732e-05,-4.5102176205405935e-05,4.207653001454588e-05,8.020764807546763e-05,1.5835994747717554e-05,-8.728739689744988e-05,,0.0002328015608522357,3.238131139051913e-05,0.00044270934521022917,-7.084269807771352e-05
expAE03,IMAU_UFEMISM2,/Volumes/FMac/computing/data/antarctica/ismip6/hackathon/ComputedScalarsHelene/expAE03/shelfmelt/computed_shelfmelt_AIS_IMAU_UFEMISM2_expAE03.nc,,0.0001818209511872247,,,4.5357888554496094e-05,,-9.797594424619416e-05,-0.00047172709084441914,1.4362793273710579e-05,,2.872278032020356e-05,,,,,-3.373597146449045e-05,-8.816324658415636e-05,,5.479593381771045e-05,9.271690178518336e-05,1.0996588599231828e-05,-0.00012632327516570583,,0.00017960880690939628,3.873694972423844e-05,-0.00047172709033125085,-9.797593528122894e-05
expAE03,IMAU_UFEMISM3,/Volumes/FMac/computing/data/antarctica/ismip6/hackathon/ComputedScalarsHelene/expAE03/shelfmelt/computed_shelfmelt_AIS_IMAU_UFEMISM3_expAE03.nc,-4.928120825836299e-06,0.0001096924442761047,,0.00017390199028207475,3.99104246911516e-05,,-1.4291014974095778e-05,0.00014467167400224185,0.00012741745639404393,0.0003908845943528209,3.091995544132728e-05,,-0.005834703231272081,-0.0005247242077360676,0.000938806264883115,-2.003737799525413e-05,-4.939522194243915e-05,,5.5460063985194856e-05,6.510736524677655e-05,3.960694088345214e-05,-7.482967841198498e-05,0.00017390200318705834,0.00011084788332518108,3.674342823126059e-05,0.0001446717022237378,-1.4291009965212345e-05
expAE03,IMAU_UFEMISM4,/Volumes/FMac/computing/data/antarctica/ismip6/hackathon/ComputedScalarsHelene/expAE03/shelfmelt/computed_shelfmelt_AIS_IMAU_UFEMISM4_expAE03.nc,-8.235499880877561e-06,0.00010417550993616436,,0.0008097064458993107,3.765517690891877e-05,-2.4543065298809364e-05,-3.8593339597484724e-05,0.00013712066219008758,0.0001404877926286381,0.0010716086804266548,2.627574362892443e-05,,-0.0029459113110311555,-0.0014021160661249602,0.00029221014728150253,-2.0368580875480446e-05,-4.92631525900965e-05,,5.2508612577880016e-05,6.266291746983442e-05,3.3405254365353755e-05,-7.536778365542277e-05,0.0008097064691214953,0.00010231311829769835,3.415860556494536e-05,0.0001371207007074434,-3.859333668067412e-05
expAE03,LSCE_GRISLI2,/Volumes/FMac/computing/data/antarctica/ismip6/hackathon/ComputedScalarsHelene/expAE03/shelfmelt/computed_shelfmelt_AIS_LSCE_GRISLI2_expAE03.nc,-1.3476631009765172e-05,1.6470717753908578e-05,-2.8987873390173476e-05,1.878603251597988e-05,9.374811026968605e-06,-2.0205186008855576e-05,1.2463734458835798e-05,-9.048491515782726e-06,7.325571851909402e-06,8.343269244887115e-06,6.262244980932273e-07,-1.1032257569802394e-05,-2.3329059128983136e-05,-3.911916694788706e-05,6.733194643110494e-06,-4.0152588857288103e-05,-0.0006417657325074112,-8.94639370712341e-05,8.091173668329066e-06,1.3089821506027732e-05,-1.9995860423171406e-07,-0.00013875480340266695,1.8786035505466625e-05,1.5942551995270816e-05,7.780602163877685e-06,-9.04849311188738e-06,1.2463734862106177e-05
expAE03,LSCE_GRISLI,/Volumes/FMac/computing/data/antarctica/ismip6/hackathon/ComputedScalarsHelene/expAE03/shelfmelt/computed_shelfmelt_AIS_LSCE_GRISLI_expAE03.nc,0.00011682609372538888,2.213292096570295e-05,0.0001255157702689349,2.901874766565193e-05,1.6521277143008626e-05,1.559745666220423e-05,4.052045183915683e-05,4.015402165925221e-05,1.2465661197399846e-05,6.978726101847113e-05,2.6962764692057404e-05,4.597161220037729e-05,7.103142170531215e-05,4.877175719187284e-05,8.808940662520636e-05,2.0562302020246774e-05,-0.0008069578373611237,0.00012042001746332217,2.859922133174728e-05,2.5615692568251064e-05,4.5979344460564566e-05,4.6798380350420045e-05,2.901874660797871e-05,2.2100638166879182e-05,1.815754258053725e-05,4.015401350577483e-05,4.052044936497692e-05
expAE03,NCAR_CISM1,/Volumes/FMac/computing/data/antarctica/ismip6/hackathon/ComputedScalarsHelene/expAE03/shelfmelt/computed_shelfmelt_AIS_NCAR_CISM1_expAE03.nc,-2.5512399350868454e-06,8.547954642396322e-06,1.4905842614149199e-06,1.1266726385708517e-05,6.653178296538015e-06,1.4994547437820607e-06,1.2545353477692724e-06,-7.427220826223228e-07,4.912869854186942e-06,7.023815822176597e-06,6.116665531592362e-06,-2.4427651187456287e-06,-1.1191507816151805e-05,-3.7011979961620715e-06,7.084755614468143e-06,-3.7186502773543986e-06,-3.428517070428771e-05,-9.813357940868266e-06,5.260315493131056e-06,7.371934958127507e-06,3.846215661183468e-06,-1.5350505359093762e-05,1.1266722676392487e-05,7.676712404936947e-06,6.495845430521201e-06,-7.427223040986265e-07,1.2545355603395226e-06
expAE03,NCAR_CISM2,/Volumes/FMac/computing/data/antarctica/ismip6/hackathon/ComputedScalarsHelene/expAE03/shelfmelt/computed_shelfmelt_AIS_NCAR_CISM2_expAE03.nc,2.3318573423124525e-05,1.6998502978301924e-05,1.7249500725980516e-05,1.643446680180102e-05,1.2632649810747732e-05,5.807159573963397e-06,2.3784242292104262e-05,1.8877341514212677e-05,1.5845198878137142e-05,2.227447114835256e-05,1.4518761311185001e-05,1.2232500193560486e-05,1.7145109140554192e-05,1.6335633295303922e-05,2.490036011729656e-05,6.194951300017638e-06,1.0173914387587707e-06,2.2585747411383453e-05,1.6800283076738985e-05,1.617986476080763e-05,1.8046373961043507e-05,1.4385853176436425e-05,1.6434465321303078e-05,1.6176772451537944e-05,1.3273343133829606e-05,1.8877340712095668e-05,2.3784239145333457e-05
expAE03,NORCE_CISM2-MAR364-ERA-t1,/Volumes/FMac/computing/data/antarctica/ismip6/hackathon/ComputedScalarsHelene/expAE03/shelfmelt/computed_shelfmelt_AIS_NORCE_CISM2-MAR364-ERA-t1_expAE03.nc,1.5031048852790505e-05,1.4483547992795152e-05,1.0985112353437591e-05,2.207254217995927e-05,1.0776066561294772e-05,1.3442184993336296e-05,1.2238520525375678e-05,1.6830758752919848e-05,1.4848299578663164e-05,2.0722520345769808e-05,1.5746863956359282e-05,5.531962401306887e-06,3.7031294320500336e-06,7.805341753451213e-06,1.9240331812074353e-05,-3.947253300779455e-07,-2.372861679044943e-05,-2.2418356277825585e-06,1.4999706334233764e-05,1.554202392361205e-05,1.546944240324217e-05,-8.731962708787905e-06,2.2072539947531596e-05,1.4374642871776548e-05,1.2287831365559812e-05,1.6830752676125226e-05,1.2238513340293886e-05
expAE03,NORCE_CISM3-MAR364-ERA-t1-local,/Volumes/FMac/computing/data/antarctica/ismip6/hackathon/ComputedScalarsHelene/expAE03/shelfmelt/computed_shelfmelt_AIS_NORCE_CISM3-MAR364-ERA-t1-local_expAE03.nc,1.7764938426227875e-06,1.2368345340104682e-05,7.992644466884604e-06,1.8494102069837475e-05,7.553589445336438e-06,3.7984936176941386e-06,4.901764552572516e-06,1.1604297750998105e-05,9.349266061317585e-06,1.6345646275114486e-05,8.881333590328106e-06,-2.0143706325198062e-06,-1.075081070954016e-05,5.254119850404074e-06,1.3156883764235969e-05,-1.049457135108871e-06,-2.3819547812023507e-05,-7.453831635830608e-06,9.310857613849812e-06,1.0409549774969434e-05,9.629138570640677e-06,-1.1763541221292974e-05,1.849409821877302e-05,1.0875512675431166e-05,7.971852415587421e-06,1.1604297063335027e-05,4.901766002999974e-06
expAE03,NORCE_CISM3-MAR364-ERA-t1-nonlocal,/Volumes/FMac/computing/data/antarctica/ismip6/hackathon/ComputedScalarsHelene/expAE03/shelfmelt/computed_shelfmelt_AIS_NORCE_CISM3-MAR364-ERA-t1-nonlocal_expAE03.nc,2.826259448729477e-06,1.2570957786208366e-05,9.245039161454285e-06,1.9857559993260093e-05,7.215302743975802e-06,5.3750471641296915e-06,4.428035988240978e-06,1.031793828496763e-05,8.482154576925356e-06,1.812181701880389e-05,8.202250112612181e-06,-1.9885071031305046e-06,-9.713493750387537e-06,5.57254745706055e-06,1.59594461274313e-05,-1.0844623053893447e-06,-2.2326690839854726e-05,-5.648280222744799e-06,9.589458353211603e-06,1.0672476894396528e-05,9.767292039578433e-06,-1.1420435447246817e-05,1.9857557624911845e-05,1.1673410673462062e-05,7.549898614764941e-06,1.0317936147656725e-05,4.428035650633602e-06
expAE03,NORCE_CISM3-MAR364-ERA-t1,/Volumes/FMac/computing/data/antarctica/ismip6/hackathon/ComputedScalarsHelene/expAE03/shelfmelt/computed_shelfmelt_AIS_NORCE_CISM3-MAR364-ERA-t1_expAE03.nc,1.0191052798704788e-05,1.555298864295333e-05,1.2183521121546116e-05,2.292061914619537e-05,1.1852903615755434e-05,9.259864938055347e-06,1.501723341256725e-05,1.781167155575499e-05,1.4250709083421975e-05,2.3410121876218117e-05,1.5401717839850296e-05,-7.296176198577896e-07,-3.02571573014763e-06,1.1344055609771723e-05,2.0414031429968337e-05,-2.508886062688679e-06,-2.6773759722538988e-05,-8.373427610608817e-07,1.594555961771588e-05,1.6679867773818146e-05,1.6149032448655397e-05,-9.672279259204384e-06,2.2920617903171264e-05,1.4693217751300638e-05,1.2926088773080344e-05,1.7811673841011577e-05,1.5017231942323263e-05
expAE03,NORCE_CISM4-MAR364-ERA-t1-local,/Volumes/FMac/computing/data/antarctica/ismip6/hackathon/ComputedScalarsHelene/expAE03/shelfmelt/computed_shelfmelt_AIS_NORCE_CISM4-MAR364-ERA-t1-local_expAE03.nc,-5.813570035523197e-07,1.445227402902837e-05,7.750729232530511e-06,2.2456675185282778e-05,8.776167687539708e-06,3.3951588669625502e-06,4.7223833778488295e-06,1.7262637824970884e-05,8.499093440046832e-06,2.1903964066164305e-05,9.591748068333957e-06,-4.510851064961413e-06,-9.475260836988691e-06,6.258771483350318e-06,1.839571901978795e-05,-4.180067838041855e-06,-2.7387988538920677e-05,-6.692122728693986e-06,1.12059744088434e-05,1.195104837953729e-05,1.2167628033744399e-05,-1.3509671733033362e-05,2.24566681145005e-05,1.2724040311663345e-05,9.019676331824087e-06,1.72626395058867e-05,4.722383323906324e-06
expAE03,NORCE_CISM4-MAR364-ERA-t1-nonlocal,/Volumes/FMac/computing/data/antarctica/ismip6/hackathon/ComputedScalarsHelene/expAE03/shelfmelt/computed_shelfmelt_AIS_NORCE_CISM4-MAR364-ERA-t1-nonlocal_expAE03.nc,5.725174498483065e-07,1.4148917017692495e-05,6.741428322845735e-06,2.3996040284829328e-05,8.387637225890674e-06,5.13012002394072e-06,6.41361582677307e-06,1.7095015383901406e-05,1.0441635972790168e-05,2.57083868690636e-05,8.805743316815662e-06,-6.589856352952139e-06,-6.329030985248678e-06,8.67534087399143e-06,2.2523790696790023e-05,-4.371732213816602e-06,-2.7747687598201152e-05,-5.5669540823107504e-06,1.1633429837638981e-05,1.1890504828861168e-05,1.3224915556021805e-05,-1.3467500815024505e-05,2.39960516320242e-05,1.3187958813705663e-05,8.529417686544774e-06,1.7095011974133577e-05,6.413614244706819e-06
expAE03,NORCE_CISM4-MAR364-ERA-t1,/Volumes/FMac/computing/data/antarctica/ismip6/hackathon/ComputedScalarsHelene/expAE03/shelfmelt/computed_shelfmelt_AIS_NORCE_CISM4-MAR364-ERA-t1_expAE03.nc,5.1581158847649676e-06,1.5606365604964583e-05,5.686090444010787e-06,2.8337241027849396e-05,1.2750925325417973e-05,8.68906307386515e-06,9.868373126368417e-06,2.013623873726782e-05,6.2375578516496335e-06,2.6035281989578132e-05,1.5279610697153357e-05,-4.7620310957643e-06,-3.009265241324305e-06,2.1603998350391177e-06,2.1157898506197956e-05,-3.7245114224830225e-06,-3.146040706734144e-05,-1.6588440368149983e-06,1.5836217975125595e-05,1.690012023979255e-05,1.5941101039792688e-05,-1.0988463271659682e-05,2.8337243636536296e-05,1.4685948829409187e-05,1.3508349126096372e-05,2.0136248629917386e-05,9.868374049442795e-06
expAE03,NORCE_CISM4-MAR364-JRA-t1,/Volumes/FMac/computing/data/antarctica/ismip6/hackathon/ComputedScalarsHelene/expAE03/shelfmelt/computed_shelfmelt_AIS_NORCE_CISM4-MAR364-JRA-t1_expAE03.nc,5.615903816914244e-06,1.5848143664449103e-05,5.550140428464624e-06,2.9247289579915853e-05,1.3277004315037399e-05,9.276814324700533e-06,1.0091423675039593e-05,2.0498650784030624e-05,6.2206697387313745e-06,2.611504538281021e-05,1.552713521796267e-05,-5.70389567857922e-06,-2.3155958464431963e-06,1.119558598215176e-05,2.1004591769765823e-05,-4.3662975645511526e-06,-3.408150146892168e-05,-2.6726101408491103e-06,1.6038423740471684e-05,1.7045128684985353e-05,1.6411817554151974e-05,-1.2246509481833815e-05,2.9247288781596868e-05,1.4953467211816904e-05,1.3941504580338589e-05,2.0498652455156562e-05,1.0091423799310282e-05
expAE03,NORCE_CISM5-MAR364-ERA-t1-local,/Volumes/FMac/computing/data/antarctica/ismip6/hackathon/ComputedScalarsHelene/expAE03/shelfmelt/computed_shelfmelt_AIS_NORCE_CISM5-MAR364-ERA-t1-local_expAE03.nc,3.294050956694523e-06,1.4541885731656571e-05,6.757774751213598e-06,1.9939352781928175e-05,9.173161610509043e-06,8.231112949669636e-07,2.6434762426833906e-06,1.428202250083332e-05,1.0895995167897948e-05,2.5650419564292925e-05,1.3951850780264197e-05,-1.2495265961909009e-05,8.629885734001612e-06,1.798182815252705e-05,2.2025348027274775e-05,-2.7490381452726134e-06,-2.711286957496077e-05,-9.736578842842822e-06,1.166874837068759e-05,1.1772946235791341e-05,1.3924321319362633e-05,-1.3817874312829099e-05,1.993935046989538e-05,1.2528780108776587e-05,1.0701974814759527e-05,1.4282018944804426e-05,2.6434760989774494e-06
expAE03,NORCE_CISM5-MAR364-ERA-t1-nonlocal,/Volumes/FMac/computing/data/antarctica/ismip6/hackathon/ComputedScalarsHelene/expAE03/shelfmelt/computed_shelfmelt_AIS_NORCE_CISM5-MAR364-ERA-t1-nonlocal_expAE03.nc,5.125348757272977e-06,1.4866846507825768e-05,1.1525129417883928e-05,2.2611679999823893e-05,9.30775711244427e-06,1.3226424523425506e-06,6.275890600567429e-06,1.2152415319569709e-05,1.1779366207777634e-05,2.7979354815133916e-05,1.3261933088743192e-05,-1.3206521069367228e-05,8.731681974728646e-06,2.084407283190961e-05,2.520055165424629e-05,-5.126712438642621e-06,-2.8004020266781256e-05,-5.3721426368932495e-06,1.233298648397201e-05,1.2555136017678162e-05,1.4304022018000029e-05,-1.3146219530101364e-05,2.2611678224217192e-05,1.3608819750552321e-05,1.062597794709756e-05,1.2152416628483833e-05,6.27589110168809e-06
expAE03,NORCE_CISM5-MAR364-ERA-t1,/Volumes/FMac/computing/data/antarctica/ismip6/hackathon/ComputedScalarsHelene/expAE03/shelfmelt/computed_shelfmelt_AIS_NORCE_CISM5-MAR364-ERA-t1_expAE03.nc,4.495029987894509e-06,1.3444043658392972e-05,6.971243604239353e-06,2.4006828710407077e-05,1.1180481324990933e-05,1.5847307594671778e-06,1.6218205634798642e-07,2.1851999715470442e-05,1.1302967064645842e-05,2.2286493723456178e-05,1.5051774734414843e-05,-1.4995215047710592e-05,3.0954323238485454e-06,1.7662045681778982e-05,1.6776829257855316e-05,-5.290749031826129e-06,-3.0066586121233308e-05,-2.349313912994615e-06,1.301649671901111e-05,1.3036687323589045e-05,1.5099878049355365e-05,-1.1456611738546373e-05,2.4006828580902587e-05,1.1561850410318708e-05,1.252380673117744e-05,2.185199565735942e-05,1.6218192690464515e-07
expAE03,PIK_PISM,/Volumes/FMac/computing/data/antarctica/ismip6/hackathon/ComputedScalarsHelene/expAE03/shelfmelt/computed_shelfmelt_AIS_PIK_PISM_expAE03.nc,3.597748093431659e-06,3.178018886514033e-05,1.1100642136069837e-05,4.188231310991272e-05,3.7650189458683626e-05,1.752779007716543e-05,2.3333133833803582e-05,2.5626006813688433e-05,5.1296493918131524e-05,1.3519071345699902e-05,3.218749639053671e-05,1.8864330242605144e-05,-2.3664732325653507e-05,1.47868417723709e-05,1.2635536224578504e-05,1.1846538880120903e-05,-9.46214967228087e-05,-4.240825745509334e-06,2.8876385632438108e-05,3.302385065691207e-05,2.778502405689532e-05,-2.3007187983685606e-05,4.188229784326447e-05,3.0427688304304336e-05,3.587231970777917e-05,2.5626005700314388e-05,2.3333136666811997e-05
expAE03,UCM_Yelmo,/Volumes/FMac/computing/data/antarctica/ismip6/hackathon/ComputedScalarsHelene/expAE03/shelfmelt/computed_shelfmelt_AIS_UCM_Yelmo_expAE03.nc,0.00012305639536579544,1.678263969451226e-05,2.514851419845224e-05,3.1179618471888294e-05,1.1621982315846933e-05,1.1632680658865071e-05,1.337092783675598e-06,-3.001868264784089e-06,1.2483027882640137e-05,5.618744964061653e-05,1.5106511370938676e-05,1.681469159248603e-05,1.908900911770407e-05,1.844842322762044e-05,6.611044778701403e-05,7.82227537795077e-06,-0.0005056238260879573,0.00011493084896563392,1.6472287654963005e-05,1.621507595744279e-05,2.0058628312127258e-05,-7.8422834271081e-05,3.117961966383505e-05,1.635409310528941e-05,1.2754031254606249e-05,-3.001867342663983e-06,1.3370930577259142e-06
expAE03,UCSD_ISSM,/Volumes/FMac/computing/data/antarctica/ismip6/hackathon/ComputedScalarsHelene/expAE03/shelfmelt/computed_shelfmelt_AIS_UCSD_ISSM_expAE03.nc,1.1251724486389103e-07,6.764480367111149e-06,-5.681000394629579e-07,1.910508078805774e-06,2.2884672425781874e-06,7.013155767988121e-06,1.1292532415290896e-05,6.158899219342298e-06,7.33333446515502e-06,1.6488729107388344e-07,6.757058832570861e-06,9.43532600827714e-06,7.1488375746353105e-06,6.751326759856854e-06,1.6105203190694048e-06,-6.28097497951978e-07,-1.1045205802332362e-05,-3.1899222419981554e-07,2.207110653516049e-06,1.8324609418983944e-06,4.410526230270361e-06,-1.0514539173199305e-06,1.9105085739086544e-06,6.78289283041105e-06,3.0446999072568767e-06,6.158901890538364e-06,1.129253096284616e-05
expAE03,ULB_fETISh-KoriBU1,/Volumes/FMac/computing/data/antarctica/ismip6/hackathon/ComputedScalarsHelene/expAE03/shelfmelt/computed_shelfmelt_AIS_ULB_fETISh-KoriBU1_expAE03.nc,4.450605832175404e-06,1.7458758370740146e-05,8.229877198924962e-06,2.9864352552143394e-05,1.5623167783129207e-05,2.226418929476734e-06,1.830019968247721e-05,1.0967890753914368e-05,1.3816613039565347e-05,2.0827933755410368e-06,8.964305957766783e-06,4.900631993477459e-06,-2.6389624741764314e-05,2.783412930036882e-06,1.624135624864048e-05,1.3749568039683745e-06,-2.4817108454057292e-05,-2.853155838029778e-06,1.5761628800313007e-05,2.1668109911120014e-05,1.124916790861227e-05,-7.2960284062905366e-06,2.986434919368574e-05,1.4843289822829535e-05,1.2990161309261885e-05,1.0967890549668441e-05,1.830019777041398e-05
expAE03,ULB_fETISh-KoriBU2,/Volumes/FMac/computing/data/antarctica/ismip6/hackathon/ComputedScalarsHelene/expAE03/shelfmelt/computed_shelfmelt_AIS_ULB_fETISh-KoriBU2_expAE03.nc,1.0629621555932646e-05,2.371332635604588e-05,1.0284938268223943e-05,1.6623025191704974e-05,1.542542297947667e-05,1.891403487050342e-06,1.754737929965073e-05,9.493581964913631e-06,1.2339262480036602e-05,1.2296286435163495e-05,9.162146286456045e-06,1.2087367705211452e-06,-9.238780192512214e-06,3.1725437420573253e-06,1.5384297939732693e-05,-6.55728489509311e-07,-1.8259746159912505e-05,5.8049568021658585e-06,1.5051733569915355e-05,1.7502047488579576e-05,1.0830940267426937e-05,-1.0900326808841443e-06,1.6623025821409755e-05,2.2270286329645176e-05,1.3607145139956903e-05,9.493578970785252e-06,1.754737779901465e-05
expAE03,UNN_Ua,/Volumes/FMac/computing/data/antarctica/ismip6/hackathon/ComputedScalarsHelene/expAE03/shelfmelt/computed_shelfmelt_AIS_UNN_Ua_expAE03.nc,5.994045207143023e-06,1.6566339890058112e-05,4.039954114902122e-06,1.3930291431017411e-05,1.1268005319892272e-05,2.1426458203681686e-06,8.015469394167126e-06,1.2440427911492872e-05,1.0702596986301016e-05,1.563853594918099e-05,1.0933305464693813e-05,7.034324588035219e-05,2.8967012584404244e-06,7.3509370973747185e-06,1.0410587452544085e-05,7.087700878784683e-06,-1.7120671861947813e-05,1.9258277715109855e-05,1.2800009482078713e-05,1.3556593391971522e-05,1.0863403498311534e-05,2.134980573230152e-06,1.3930293626721543e-05,1.438707230769789e-05,1.1179236333247337e-05,1.2440426005044196e-05,8.015468532116954e-06
expAE03,UTAS_ElmerIce,/Volumes/FMac/computing/data/antarctica/ismip6/hackathon/ComputedScalarsHelene/expAE03/shelfmelt/computed_shelfmelt_AIS_UTAS_ElmerIce_expAE03.nc,-1.0562462602773132e-05,7.622512452080331e-06,-9.045278882835382e-07,4.293220897190121e-06,5.333730048440763e-06,2.1461529883775963e-06,3.7360568634505617e-07,3.574425645100105e-06,3.8134006157537945e-06,2.969759327030139e-06,5.089811364875763e-06,3.195767536766277e-06,-2.5159409033706952e-06,-3.3044433595004947e-06,4.255275838254754e-06,2.516067592729532e-07,-3.0708223978126246e-05,-9.612922068394813e-06,3.924476641679012e-06,5.434559616747238e-06,3.2956803257816413e-06,-1.280130709311633e-05,4.293221187440936e-06,6.975942340292217e-06,5.266781021467493e-06,3.5744275730404746e-06,3.736059317375462e-07
expAE03,VUB_AISMPALEO,/Volumes/FMac/computing/data/antarctica/ismip6/hackathon/ComputedScalarsHelene/expAE03/shelfmelt/computed_shelfmelt_AIS_VUB_AISMPALEO_expAE03.nc,,4.08790973730309e-06,-0.00019826484175407098,-0.0006449108892798692,3.6860935632592643e-06,1.1755477319055265e-06,-0.0008139591794897592,,3.3254745746159455e-06,-0.0007546701946433412,3.0669853893484586e-06,-0.0013924072397913363,-0.0003745311029333829,,-9.858439974979353e-06,-1.1313049283920965e-05,5.4472906883111226e-05,-0.00026582726460303463,1.0043773757175752e-06,2.7448971259742355e-06,-2.909858084974766e-06,2.244234893611402e-05,-0.0006449109056504131,2.996344017392935e-06,3.4899671633432716e-06,,-0.0008139591004954302
expAE03,VUW_PISM1,/Volumes/FMac/computing/data/antarctica/ismip6/hackathon/ComputedScalarsHelene/expAE03/shelfmelt/computed_shelfmelt_AIS_VUW_PISM1_expAE03.nc,1.2452560102407668e-05,1.43813280947398e-05,7.311944970347805e-06,2.2667737373629446e-05,1.5963800821341057e-05,-5.7526581280788183e-05,3.876382895982457e-06,1.0529846094533676e-05,1.1537495576268964e-05,2.103096906367054e-05,1.957143217590158e-05,-5.726087465497848e-08,6.31214658768648e-06,1.1717061372494782e-05,2.7907984411372322e-05,5.141761465944113e-06,-5.4069419790166374e-05,1.3429386037179363e-05,1.4816113323763866e-05,1.5961887241896348e-05,1.3507636871200338e-05,7.744849471281417e-06,2.2667739189353338e-05,1.3531348309349626e-05,1.6545908276688803e-05,1.05298468905691e-05,3.876383716939309e-06
expAE03,VUW_PISM1_s1,/Volumes/FMac/computing/data/antarctica/ismip6/hackathon/ComputedScalarsHelene/expAE03/shelfmelt/computed_shelfmelt_AIS_VUW_PISM1_s1_expAE03.nc,1.0777235263640616e-05,1.5795269412583985e-05,9.740884200844673e-06,2.2642413980785566e-05,1.6152518608408364e-05,-4.1232429213941835e-05,7.491142491799472e-06,9.844537127212272e-06,1.5984052446624505e-05,2.0464954737118326e-05,1.9758526621471836e-05,2.353115181447811e-07,7.845703212556557e-06,1.8561928895465704e-05,2.7633353957615182e-05,8.996943124696907e-06,-4.3705626392516445e-05,1.3530680578601072e-05,1.557781821378449e-05,1.640742784166031e-05,1.474920820924437e-05,8.804140497173404e-06,2.264241360676997e-05,1.5261258287620467e-05,1.676931592630559e-05,9.844540351086564e-06,7.491141462042509e-06
expAE03,VUW_PISM1_s2,/Volumes/FMac/computing/data/antarctica/ismip6/hackathon/ComputedScalarsHelene/expAE03/shelfmelt/computed_shelfmelt_AIS_VUW_PISM1_s2_expAE03.nc,1.3242423316579782e-05,1.3540985657904043e-05,5.27566056625878e-06,1.9523492458720096e-05,1.6123119512607687e-05,-3.588198882023979e-05,2.0373332565603876e-06,1.088006924197598e-05,1.1441228985021833e-05,2.1895514266293263e-05,2.0078562118543e-05,4.471988955098707e-07,8.126581209834566e-06,1.3346383327067902e-05,2.6302759044550263e-05,4.09676044493743e-06,-5.694912530328239e-05,1.4181740311109761e-05,1.4509620573004547e-05,1.5240129044899129e-05,1.402345008086797e-05,8.129117786415124e-06,1.952349254741795e-05,1.2975758811111238e-05,1.6770559202536565e-05,1.0880067656262514e-05,2.0373336026815973e-06
expAE03,VUW_PISM1_s3,/Volumes/FMac/computing/data/antarctica/ismip6/hackathon/ComputedScalarsHelene/expAE03/shelfmelt/computed_shelfmelt_AIS_VUW_PISM1_s3_expAE03.nc,1.124418981504011e-05,1.1364963830893276e-05,5.3861874201064855e-06,1.6275549951507144e-05,1.4639071622726064e-05,2.885881557125998e-05,1.3359104961915698e-06,7.938590551440168e-06,1.1939100520712272e-05,1.8057133122232496e-05,2.3184869846520456e-05,6.500017036832201e-06,7.173258783057377e-06,1.2846150382733308e-05,2.4069018085746974e-05,4.5615967521697375e-06,-5.718361155481192e-05,1.3052126654729373e-05,1.3127687070233293e-05,1.3440681697319535e-05,1.3482295611371135e-05,6.6291117731896016e-06,1.627554879594723e-05,1.168600157291322e-05,1.6126811980658652e-05,7.938589037833574e-06,1.3359107498441788e-06
expAE03,VUW_PISM1_s4,/Volumes/FMac/computing/data/antarctica/ismip6/hackathon/ComputedScalarsHelene/expAE03/shelfmelt/computed_shelfmelt_AIS_VUW_PISM1_s4_expAE03.nc,1.3691237925953202e-05,1.711219079073833e-05,8.239528173549402e-06,2.5714105649685647e-05,1.6950998385232362e-05,-2.3979486385973298e-05,5.690119066943378e-06,1.1838852578276323e-05,1.3410733834145906e-05,2.3537196332778277e-05,2.6245510793597886e-05,4.655408262636989e-06,9.340440028115916e-06,1.4671602383809958e-05,3.0023492196478643e-05,9.757607885652876e-06,-6.341725668829302e-05,1.3985397037045931e-05,1.7022467828228407e-05,1.768333625537659e-05,1.6812892436079877e-05,8.717440597075701e-06,2.571410554910209e-05,1.673808453096075e-05,1.853144752642405e-05,1.1838852847669438e-05,5.690119701756115e-06
expAE03,VUW_PISM2,/Volumes/FMac/computing/data/antarctica/ismip6/hackathon/ComputedScalarsHelene/expAE03/shelfmelt/computed_shelfmelt_AIS_VUW_PISM2_expAE03.nc,1.0014377259458657e-05,1.988348911622625e-05,9.369625866419688e-06,2.0763037888334764e-05,1.763506026786839e-05,-0.00010541305161238737,2.1585622303183608e-05,1.610362417318124e-05,1.7145751842409384e-05,1.7277463144837427e-05,1.9470066248396578e-05,-2.6637180365445355e-07,2.507943050741384e-05,2.4202908226368376e-05,3.085133875941802e-05,1.380930520615562e-05,-7.821986713680419e-05,1.1888377337983529e-05,1.9044577497706888e-05,1.9209986600472443e-05,1.9667818164781133e-05,4.425482613055589e-06,2.0763036956464023e-05,1.8883888146703438e-05,1.8105412972954397e-05,1.610363001985696e-05,2.1585622268163247e-05
expAE03,VUW_PISM2_s1,/Volumes/FMac/computing/data/antarctica/ismip6/hackathon/ComputedScalarsHelene/expAE03/shelfmelt/computed_shelfmelt_AIS_VUW_PISM2_s1_expAE03.nc,8.831126145675452e-06,2.3319024902553518e-05,9.833112760039743e-06,2.1580402352379997e-05,1.7300549069809388e-05,-0.00011539698436004336,2.2037273016711783e-05,1.767465826347789e-05,1.8134208134306878e-05,1.7764509715233252e-05,2.73872563646487e-05,8.899668270678743e-06,2.5425535054269914e-05,2.482618382186653e-05,3.1496853040356246e-05,1.4696418733293598e-05,-7.5384186898815e-05,1.0587383699906165e-05,2.0456107271925682e-05,2.0161685141151616e-05,2.2135654119079114e-05,2.428203463822588e-06,2.15804003794614e-05,2.2344843324113987e-05,1.983202366426031e-05,1.7674653618845304e-05,2.203727330144158e-05
expAE03,VUW_PISM2_s2,/Volumes/FMac/computing/data/antarctica/ismip6/hackathon/ComputedScalarsHelene/expAE03/shelfmelt/computed_shelfmelt_AIS_VUW_PISM2_s2_expAE03.nc,1.2795740196570407e-05,1.7009757189055186e-05,8.861439318371658e-06,2.1063574088075263e-05,1.778849449681279e-05,-9.790134349169242e-05,1.6660105834905208e-05,1.5495658943955614e-05,1.5119171705566644e-05,1.5121224097670772e-05,2.2451916932473572e-05,-3.957343490819145e-07,2.2668293063844548e-05,2.293113631594506e-05,2.784504519585986e-05,1.1957717055370709e-05,-7.428245871565802e-05,1.4224810918454352e-05,1.8719051846170235e-05,1.8970280093770256e-05,1.90381708227741e-05,7.155597050303573e-06,2.106357786596157e-05,1.6027086561673537e-05,1.887288571914666e-05,1.549565677454528e-05,1.6660106911116112e-05
expAE03,VUW_PISM2_s3,/Volumes/FMac/computing/data/antarctica/ismip6/hackathon/ComputedScalarsHelene/expAE03/shelfmelt/computed_shelfmelt_AIS_VUW_PISM2_s3_expAE03.nc,9.773018876093704e-06,1.3588069349414999e-05,9.906384156898303e-06,2.5168978595068563e-05,1.5139325313025155e-05,-7.582302365269607e-06,1.538034117467527e-05,1.220089311527452e-05,1.4752989038722271e-05,1.868828117486705e-05,2.284660268209128e-05,1.5132506510516042e-05,2.2310013959807758e-05,2.4609908111815916e-05,3.0959365983743257e-05,1.4364813739863444e-05,-9.898511350780514e-05,1.4318170126022025e-05,1.7185176262375947e-05,1.6775459338350282e-05,1.897794304177483e-05,6.727605933205115e-06,2.5168981328569393e-05,1.3432012590842986e-05,1.6802669167268647e-05,1.2200893094771994e-05,1.5380339009734485e-05
expAE03,VUW_PISM2_s4,/Volumes/FMac/computing/data/antarctica/ismip6/hackathon/ComputedScalarsHelene/expAE03/shelfmelt/computed_shelfmelt_AIS_VUW_PISM2_s4_expAE03.nc,1.078068711833645e-05,2.4994196128268894e-05,1.128362166258895e-05,2.077961428182701e-05,1.807452954750164e-05,-2.9934708175417317e-05,2.3312825638216977e-05,1.9050749008553672e-05,2.0557940948205542e-05,1.5348326123943493e-05,2.217756493202985e-05,1.3467157710497866e-05,2.5038907536017507e-05,2.536609822873847e-05,3.080836946597573e-05,1.8055405596204286e-05,-7.509066494830212e-05,1.2440511349735182e-05,2.0453927369710177e-05,2.0277093407254874e-05,2.2015521202246576e-05,5.251630114677842e-06,2.0779611809067677e-05,2.460473954259506e-05,1.9189695168892556e-05,1.9050744704158622e-05,2.3312834941258672e-05
expAE03,IMAU_UFEMISM1,/Volumes/FMac/computing/data/antarctica/ismip6/hackathon/ComputedScalarsHelene/expAE03/shelfmelt/jb_computed_shelfmelt_AIS_IMAU_UFEMISM1_expAE03.nc,,0.00023672482992349368,,,3.9211764113960664e-05,,-7.084269110503512e-05,0.00044270938616700664,0.0004904215809342233,,2.5423091904600355e-05,,,,,-3.50886665475353e-05,-8.772780903588732e-05,-4.5102176205405935e-05,4.207653001454588e-05,8.020764807546763e-05,1.5835994747717554e-05,-8.728739689744988e-05,,0.0002328015608522357,3.238131139051913e-05,0.00044270934521022917,-7.084269807771352e-05
expAE03,IMAU_UFEMISM2,/Volumes/FMac/computing/data/antarctica/ismip6/hackathon/ComputedScalarsHelene/expAE03/shelfmelt/jb_computed_shelfmelt_AIS_IMAU_UFEMISM2_expAE03.nc,,0.0001818209511872247,,,4.5357888554496094e-05,,-9.797594424619416e-05,-0.00047172709084441914,1.4362793273710579e-05,,2.872278032020356e-05,,,,,-3.373597146449045e-05,-8.816324658415636e-05,,5.479593381771045e-05,9.271690178518336e-05,1.0996588599231828e-05,-0.00012632327516570583,,0.00017960880690939628,3.873694972423844e-05,-0.00047172709033125085,-9.797593528122894e-05
expAE03,IMAU_UFEMISM3,/Volumes/FMac/computing/data/antarctica/ismip6/hackathon/ComputedScalarsHelene/expAE03/shelfmelt/jb_computed_shelfmelt_AIS_IMAU_UFEMISM3_expAE03.nc,-4.928120825836299e-06,0.0001096924442761047,,0.00017390199028207475,3.99104246911516e-05,,-1.4291014974095778e-05,0.00014467167400224185,0.00012741745639404393,0.0003908845943528209,3.091995544132728e-05,,-0.005834703231272081,-0.0005247242077360676,0.000938806264883115,-2.003737799525413e-05,-4.939522194243915e-05,,5.5460063985194856e-05,6.510736524677655e-05,3.960694088345214e-05,-7.482967841198498e-05,0.00017390200318705834,0.00011084788332518108,3.674342823126059e-05,0.0001446717022237378,-1.4291009965212345e-05
expAE03,IMAU_UFEMISM4,/Volumes/FMac/computing/data/antarctica/ismip6/hackathon/ComputedScalarsHelene/expAE03/shelfmelt/jb_computed_shelfmelt_AIS_IMAU_UFEMISM4_expAE03.nc,-8.235499880877561e-06,0.00010417550993616436,,0.0008097064458993107,3.765517690891877e-05,-2.4543065298809364e-05,-3.8593339597484724e-05,0.00013712066219008758,0.0001404877926286381,0.0010716086804266548,2.627574362892443e-05,,-0.0029459113110311555,-0.0014021160661249602,0.00029221014728150253,-2.0368580875480446e-05,-4.92631525900965e-05,,5.2508612577880016e-05,6.266291746983442e-05,3.3405254365353755e-05,-7.536778365542277e-05,0.0008097064691214953,0.00010231311829769835,3.415860556494536e-05,0.0001371207007074434,-3.859333668067412e-05
expAE04,DC_ISSM,/Volumes/FMac/computing/data/antarctica/ismip6/hackathon/ComputedScalarsHelene/expAE04/shelfmelt/computed_shelfmelt_AIS_DC_ISSM_expAE04.nc,-1.6716354248785122e-05,6.456448652625268e-06,-9.059282244295973e-07,7.306536050595695e-06,8.905973454828438e-06,-1.2285302513613761e-06,9.257651627237986e-06,4.3308285741522e-06,5.227639162652139e-06,2.2197946566205613e-06,1.1335554735420166e-05,-2.045328410198184e-05,-3.7065218238337285e-05,1.7898399917902941e-06,5.317630312105632e-06,-0.0001750361645582026,-0.004391265997023792,-3.4660010927056714e-05,2.6646189292001274e-06,6.257871738017364e-06,4.330177862830324e-06,-0.00011749446461121132,7.3065357457422e-06,5.6902669420475864e-06,9.651455532064875e-06,4.3308292367343495e-06,9.257650731298447e-06
expAE04,DOE_MALI_4km,/Volumes/FMac/computing/data/antarctica/ismip6/hackathon/ComputedScalarsHelene/expAE04/shelfmelt/computed_shelfmelt_AIS_DOE_MALI_4km_expAE04.nc,3.42091496927488e-05,1.9843135356354722e-05,7.604844712010779e-06,2.1025950125071145e-05,1.9323825396756366e-05,7.470167581568106e-06,2.0616712503850642e-05,1.81167798686849e-05,1.6289798988378605e-05,3.163393833641874e-05,2.6190706133355816e-05,1.2193933172661431e-05,2.6739304531022044e-06,1.3955549690522175e-05,3.469647772864251e-05,1.11432748524581e-05,-0.0020417902010757025,-2.5864543572573832e-05,2.056572508636626e-05,2.0435028725301536e-05,2.1992780889417543e-05,-6.656056353017718e-05,2.102595425047524e-05,1.935772451567205e-05,2.1364077701423597e-05,1.8116781348819173e-05,2.061671079349314e-05
expAE04,DOE_MALI_8km_Ant95,/Volumes/FMac/computing/data/antarctica/ismip6/hackathon/ComputedScalarsHelene/expAE04/shelfmelt/computed_shelfmelt_AIS_DOE_MALI_8km_Ant95_expAE04.nc,0.0001019838675435217,2.8384489246676373e-05,2.4120639232212097e-06,1.3501945083615333e-05,2.2811407213945932e-05,8.341797759637025e-06,2.422028411603211e-05,2.629145903491645e-05,2.498087271928395e-05,3.0139326017291194e-05,2.6813107686690672e-05,1.2907125039291731e-05,-0.0002518782262366512,9.45340044126467e-06,5.4801063023975076e-05,8.710071912394835e-06,-0.008509959001696186,-0.00021811128655278733,2.000684148978711e-05,1.935035416172811e-05,2.523763826141206e-05,-0.00025329040366623573,1.3501945433839569e-05,2.8034609635456205e-05,2.4031484187893837e-05,2.6291467260404664e-05,2.4220282470685424e-05
expAE04,DOE_MALI_8km_AntMean,/Volumes/FMac/computing/data/antarctica/ismip6/hackathon/ComputedScalarsHelene/expAE04/shelfmelt/computed_shelfmelt_AIS_DOE_MALI_8km_AntMean_expAE04.nc,2.731163685696628e-05,2.4514561432517087e-05,1.721627860173608e-06,1.4357012985040187e-05,2.2058810692820527e-05,4.141159189086562e-06,2.3145149192472906e-05,2.23524897729403e-05,1.9880087568712877e-05,2.9791514502608432e-05,2.545308137166638e-05,3.848275124936163e-06,-0.00015344565068058522,8.137976273181466e-06,4.008993725823254e-05,6.764756463656467e-06,-0.007220193143138054,-0.00016611787783598936,1.923648298899616e-05,1.8820643283929847e-05,2.2822210559905194e-05,-0.00019735984194289095,1.4357012897235793e-05,2.3991462451874617e-05,2.3031708992878103e-05,2.2352488879797205e-05,2.3145145969919443e-05
expAE04,IGE_ElmerIce,/Volumes/FMac/computing/data/antarctica/ismip6/hackathon/ComputedScalarsHelene/expAE04/shelfmelt/computed_shelfmelt_AIS_IGE_ElmerIce_expAE04.nc,-3.435555284563961e-05,2.440595734035806e-06,-9.667980829166295e-06,5.775209257879583e-06,4.549030119233054e-06,-2.600587415704241e-07,1.1269771948521597e-05,-2.1516821023593907e-07,1.896294285135602e-06,-1.313896467555435e-06,3.5077746286385218e-06,-1.564187489846022e-05,-3.611310809611608e-05,-6.99918576194952e-06,1.997109895648996e-06,-0.0001389889062291089,-0.002115327594376038,-3.571185205594486e-05,7.231924412158345e-07,2.7003313623585468e-06,1.1314536257706658e-06,-7.621211572102923e-05,5.775208969865674e-06,1.8564265887007173e-06,4.2364725600323495e-06,-2.1516831444899574e-07,1.1269771847724825e-05
expAE04,ILTS_SICOPOLIS,/Volumes/FMac/computing/data/antarctica/ismip6/hackathon/ComputedScalarsHelene/expAE04/shelfmelt/computed_shelfmelt_AIS_ILTS_SICOPOLIS_expAE04.nc,3.222250803914892e-05,2.185444672984157e-05,2.5622671867651933e-05,2.533655061480252e-05,1.4825676816681768e-05,1.1882216489602667e-05,2.625735265324952e-05,2.2672298139379032e-05,3.0346768287350826e-05,2.9145692588226007e-05,2.4114075708940266e-05,1.4832530952901469e-05,1.6420893193407053e-05,3.134117580405214e-05,3.0883711918372204e-05,-1.8352014574720365e-06,-0.0007332252581446735,3.41750359261602e-05,2.2682365656225704e-05,2.1390305368446272e-05,2.5945873226293195e-05,2.191231149115173e-05,2.5336550437110445e-05,2.176383970504479e-05,1.819701146065711e-05,2.2672301569347835e-05,2.625735031919141e-05
expAE04,IMAU_UFEMISM1,/Volumes/FMac/computing/data/antarctica/ismip6/hackathon/ComputedScalarsHelene/expAE04/shelfmelt/computed_shelfmelt_AIS_IMAU_UFEMISM1_expAE04.nc,,0.00014185503582635775,,,0.00028493751111869573,,,-1.2342153819976006e-05,,,0.0002361014005852814,,,,,,,,0.00010272951661664569,0.000160267871904195,0.0001271949986360371,,,0.00014052177880625078,0.0002642861214286948,-1.2342153988540003e-05,
expAE04,IMAU_UFEMISM2,/Volumes/FMac/computing/data/antarctica/ismip6/hackathon/ComputedScalarsHelene/expAE04/shelfmelt/computed_shelfmelt_AIS_IMAU_UFEMISM2_expAE04.nc,,0.00017812199250668057,,,0.00022642301788780903,,,-0.002913009323564532,,,0.0005443679653642929,,,,0.0003295291221535581,,,,0.00014673213665699822,0.00020959840745870967,7.823470495487777e-05,,,0.00017531491433372864,0.00030648754242772744,-0.002913009412633711,
expAE04,IMAU_UFEMISM3,/Volumes/FMac/computing/data/antarctica/ismip6/hackathon/ComputedScalarsHelene/expAE04/shelfmelt/computed_shelfmelt_AIS_IMAU_UFEMISM3_expAE04.nc,-3.0292825629952048e-05,9.637494012825442e-05,-0.0005908926128469662,0.00020043711590933113,0.00012387338775933488,,-0.0032281928831228855,-1.0053592579452374e-05,7.189801902202044e-05,0.0005447212198454113,0.0011541332982012566,-0.002091524239012729,-0.004735559426505748,-0.00026039025186689333,0.00039449613654431187,-0.0005233605857173202,,,0.00011034988519638154,0.00011158219355448947,0.00026720330513967084,-0.0029185147787864503,0.00020043711796502588,9.54779358054857e-05,0.00016596121249812923,-1.0053593185874068e-05,-0.003228192730080931
expAE04,IMAU_UFEMISM4,/Volumes/FMac/computing/data/antarctica/ismip6/hackathon/ComputedScalarsHelene/expAE04/shelfmelt/computed_shelfmelt_AIS_IMAU_UFEMISM4_expAE04.nc,-3.3276996904098115e-05,7.691456358598915e-05,-0.0018480007839794424,0.005952535985417706,0.00041907722346805294,,-0.0019696508306019543,0.00011943893202055465,0.0002251084704185955,0.000591217813714743,0.0007900169339330592,-0.0008996880569012993,-0.0009449434315804884,-0.0015082504255006864,0.001207923368355256,,,,0.00011710691602550964,0.00012170696092120223,0.000299010168547969,,0.0059525361168874915,7.688976671122046e-05,0.0004871528813247411,0.0001194389265503211,-0.001969650616690096
expAE04,LSCE_GRISLI2,/Volumes/FMac/computing/data/antarctica/ismip6/hackathon/ComputedScalarsHelene/expAE04/shelfmelt/computed_shelfmelt_AIS_LSCE_GRISLI2_expAE04.nc,-5.379643238705908e-05,1.5573449895470424e-05,-3.208093944521443e-05,2.4614633276294633e-05,1.6516182368813104e-05,-4.332629831731399e-05,1.6118156019497872e-05,-2.5333372582270316e-05,1.1081488856622005e-05,6.968137537400693e-06,3.046139304188876e-06,-3.428607375439153e-05,-8.652734187151617e-05,-3.9814970975513624e-05,7.613540109224899e-06,-0.00012578691789783136,-0.0015763983776516952,-0.00016773213395176087,8.575030293731131e-06,1.5069191339795083e-05,-1.973287192802823e-06,-0.000291988794709772,2.4614638295056704e-05,1.4930405451609752e-05,1.5051415262354297e-05,-2.5333366804848956e-05,1.6118156917096477e-05
expAE04,LSCE_GRISLI,/Volumes/FMac/computing/data/antarctica/ismip6/hackathon/ComputedScalarsHelene/expAE04/shelfmelt/computed_shelfmelt_AIS_LSCE_GRISLI_expAE04.nc,0.00012362029650265127,2.5649372437197298e-05,0.00015499523540057423,3.1730886367971305e-05,2.969762018820088e-05,6.412254295596612e-05,8.517165503000352e-05,9.990878087045594e-05,0.00011339773592433394,0.00012498816572151518,5.0472483259720646e-05,6.616633528155532e-05,0.0004832011063860791,0.00011872668026351124,0.00013345167396540687,-6.0157549985106306e-05,-0.32740204586010013,0.00018683385108570456,4.9177052853935326e-05,3.353427178526569e-05,9.528950836151928e-05,8.559433319434429e-05,3.173088566273389e-05,2.6228406329323555e-05,3.8787359738081513e-05,9.990876631907954e-05,8.517166396572859e-05
expAE04,NCAR_CISM1,/Volumes/FMac/computing/data/antarctica/ismip6/hackathon/ComputedScalarsHelene/expAE04/shelfmelt/computed_shelfmelt_AIS_NCAR_CISM1_expAE04.nc,-2.1475880998218083e-05,8.285708066927935e-06,-1.6646225950333892e-06,1.2779574361490674e-05,1.2782117326544958e-05,2.200804954335646e-06,-6.412078076044334e-07,-3.354276087801614e-06,6.457761046200254e-06,5.98762122054141e-06,1.4288308506280765e-05,-6.029753436792801e-06,-1.5627253426668568e-05,-4.432507119863561e-06,9.240865564498781e-06,-2.093357674248203e-05,-0.0018953138488559998,-2.8577756958947124e-05,7.020201062439857e-06,9.86715141570242e-06,5.329665136503096e-06,-6.097768743197309e-05,1.277957240904038e-05,7.555936771492963e-06,1.3202850707798808e-05,-3.354275946571866e-06,-6.412077283537414e-07
expAE04,NCAR_CISM2,/Volumes/FMac/computing/data/antarctica/ismip6/hackathon/ComputedScalarsHelene/expAE04/shelfmelt/computed_shelfmelt_AIS_NCAR_CISM2_expAE04.nc,3.655948949777673e-05,1.8234146467414062e-05,2.4002109549976266e-05,3.834223570560347e-05,1.4162426340580879e-05,8.615976943365413e-06,1.9441193276768236e-05,2.057711437625998e-05,2.585114294107933e-05,4.020551642901599e-05,2.705572864729325e-05,1.382409637721393e-05,3.480977070157162e-05,2.854444949209934e-05,3.6063421645749555e-05,1.4287295618784508e-05,-1.886453759776594e-05,4.573067645556331e-05,2.257842391953548e-05,2.0103004058632245e-05,2.6237428532071488e-05,4.0956054233644206e-05,3.834223037530064e-05,1.761533213199887e-05,1.80883161903615e-05,2.0577114277799283e-05,1.9441192748228493e-05
expAE04,NORCE_CISM2-MAR364-ERA-t1,/Volumes/FMac/computing/data/antarctica/ismip6/hackathon/ComputedScalarsHelene/expAE04/shelfmelt/computed_shelfmelt_AIS_NORCE_CISM2-MAR364-ERA-t1_expAE04.nc,4.617462167787686e-05,1.7090910451856485e-05,2.0387874093336333e-05,2.9937451186463724e-05,1.2228196957141025e-05,1.862758999939326e-05,1.8932643587190046e-05,2.0969375429300243e-05,2.433049691737505e-05,3.530908275087997e-05,2.7940506950298635e-05,9.966013635671277e-06,7.612086764528438e-06,2.5892379230015905e-05,3.452188542262317e-05,-1.4260459449846816e-05,-0.0023636826941660317,2.698854000543418e-06,2.0620029324308134e-05,1.933877671343949e-05,2.463690455357981e-05,-4.941708979497622e-05,2.993745390470136e-05,1.7383109309533978e-05,1.7126590863992335e-05,2.09693690326121e-05,1.8932637194824866e-05
expAE04,NORCE_CISM3-MAR364-ERA-t1-local,/Volumes/FMac/computing/data/antarctica/ismip6/hackathon/ComputedScalarsHelene/expAE04/shelfmelt/computed_shelfmelt_AIS_NORCE_CISM3-MAR364-ERA-t1-local_expAE04.nc,-1.769525455893128e-06,1.1695334870546793e-05,7.832665643200214e-06,2.2829353149990975e-05,1.4827632107575008e-05,5.508168503644324e-06,8.619069804482376e-06,1.3327833133491198e-05,1.1917334651842992e-05,2.299845348816131e-05,2.1342251773218603e-05,1.1849087872088394e-06,2.768854412215507e-06,1.4156828722848057e-05,2.2845490836938127e-05,-1.205051124986801e-05,-0.0015536322639141192,-2.499788367301508e-05,1.3223655464152932e-05,1.3560063738477973e-05,1.5793052378325618e-05,-8.276584791159571e-05,2.282934530737617e-05,1.0749564800793611e-05,1.6750794012100197e-05,1.3327829070812236e-05,8.619070000856662e-06
expAE04,NORCE_CISM3-MAR364-ERA-t1-nonlocal,/Volumes/FMac/computing/data/antarctica/ismip6/hackathon/ComputedScalarsHelene/expAE04/shelfmelt/computed_shelfmelt_AIS_NORCE_CISM3-MAR364-ERA-t1-nonlocal_expAE04.nc,1.7729322872401873e-06,1.2892813242278404e-05,1.2427529458725016e-05,2.4334475677039263e-05,1.5165461833453771e-05,7.923623400638176e-06,1.027004036433488e-05,1.5150130267320931e-05,1.3725458515536493e-05,2.4906841251788447e-05,2.166121486388503e-05,2.4932525530184213e-06,5.516974196872295e-06,1.6031289496577226e-05,2.5519797604751263e-05,-1.0483338130724046e-05,-0.0019138826564518555,-1.8333659714514346e-05,1.4866563633184302e-05,1.4791644667990366e-05,1.776482169724131e-05,-7.666338440031614e-05,2.4334480221688086e-05,1.2421349082802866e-05,1.7115648071034698e-05,1.515013025253917e-05,1.0270040495800892e-05
expAE04,NORCE_CISM3-MAR364-ERA-t1,/Volumes/FMac/computing/data/antarctica/ismip6/hackathon/ComputedScalarsHelene/expAE04/shelfmelt/computed_shelfmelt_AIS_NORCE_CISM3-MAR364-ERA-t1_expAE04.nc,5.80637682593019e-05,1.794714766023131e-05,2.884229331199697e-05,3.680916865154044e-05,1.3583180191611076e-05,1.6918653917877007e-05,2.6907988220058215e-05,2.398795721125044e-05,3.303623997531917e-05,4.177074988822454e-05,3.1399606009999264e-05,6.470941748898002e-06,2.1271771542410368e-05,3.052944027755078e-05,4.506755103300269e-05,-2.0577103118067877e-05,-0.0023114510857183326,1.812228752704987e-05,2.3172568144539733e-05,2.111367481811373e-05,2.90358169568149e-05,-4.74097019348808e-05,3.680916899478256e-05,1.7983180004782788e-05,1.7969863140213004e-05,2.3987961016649613e-05,2.690799106387598e-05
expAE04,NORCE_CISM4-MAR364-ERA-t1-local,/Volumes/FMac/computing/data/antarctica/ismip6/hackathon/ComputedScalarsHelene/expAE04/shelfmelt/computed_shelfmelt_AIS_NORCE_CISM4-MAR364-ERA-t1-local_expAE04.nc,1.4556406954225365e-05,1.4498952218498273e-05,1.2683609160916597e-05,2.859825041064237e-05,1.6998245447215936e-05,5.49471176212642e-06,2.0182055045495703e-05,2.4790978538198575e-05,1.82758435145079e-05,3.8668521829344116e-05,2.4673256890062925e-05,7.271092277619736e-07,5.3483095936815135e-05,3.778610436340446e-05,3.8932492882616115e-05,-2.746153348161551e-05,-0.0019096337213082223,-8.385812280241662e-06,1.8905067063782163e-05,1.6970703165642258e-05,2.5253410701855043e-05,-9.238039237618263e-05,2.8598250568695004e-05,1.325507456046355e-05,1.9036576665126426e-05,2.4790974386435786e-05,2.0182051985159535e-05
expAE04,NORCE_CISM4-MAR364-ERA-t1-nonlocal,/Volumes/FMac/computing/data/antarctica/ismip6/hackathon/ComputedScalarsHelene/expAE04/shelfmelt/computed_shelfmelt_AIS_NORCE_CISM4-MAR364-ERA-t1-nonlocal_expAE04.nc,1.559458592805545e-05,1.528561544171388e-05,1.4233594211339148e-05,2.9483173525126792e-05,1.7470931776685774e-05,7.631324210295995e-06,2.3802508734672543e-05,2.5502776110788193e-05,2.0876006992990457e-05,3.9658893922954375e-05,2.590502486206957e-05,-2.311361489033467e-06,5.200426023445209e-05,4.0669882825424784e-05,4.0352947222384746e-05,-2.332772813800595e-05,-0.0020767456741584813,-1.2670360273041334e-05,2.0133826970755155e-05,1.7643062264598466e-05,2.767002820567672e-05,-9.569880450595936e-05,2.9483176811468585e-05,1.4669751321158053e-05,1.9672262465343622e-05,2.5502773755884574e-05,2.3802502620313527e-05
expAE04,NORCE_CISM4-MAR364-ERA-t1,/Volumes/FMac/computing/data/antarctica/ismip6/hackathon/ComputedScalarsHelene/expAE04/shelfmelt/computed_shelfmelt_AIS_NORCE_CISM4-MAR364-ERA-t1_expAE04.nc,6.29729085877096e-05,1.7914005798942054e-05,2.2572731628797043e-05,5.1347995676324675e-05,1.319144232395134e-05,1.0306234766232966e-05,2.9725230227538464e-05,2.9871830646832664e-05,3.1204666501256456e-05,4.7228957009401056e-05,3.503956611868935e-05,5.710192874704469e-07,5.224626395158423e-05,4.493895992194742e-05,5.0788401665030645e-05,-7.953130696105488e-06,-0.0021233641231309538,1.6837348390086025e-05,2.3897203355180726e-05,2.0885402628669843e-05,3.389837977141028e-05,-5.7846859238060234e-05,5.1347990180731437e-05,1.755447539413454e-05,1.79055128096413e-05,2.9871831484312896e-05,2.9725232675764202e-05
expAE04,NORCE_CISM4-MAR364-JRA-t1,/Volumes/FMac/computing/data/antarctica/ismip6/hackathon/ComputedScalarsHelene/expAE04/shelfmelt/computed_shelfmelt_AIS_NORCE_CISM4-MAR364-JRA-t1_expAE04.nc,6.579138840731104e-05,1.7781356689657595e-05,2.2652636318354144e-05,5.186299616619227e-05,1.3195261689026775e-05,1.0393272904381541e-05,2.994933252361428e-05,2.9749730178704778e-05,3.0702056563733296e-05,4.894760415155377e-05,3.450767280258171e-05,3.4260788394645536e-06,5.525802162707977e-05,4.4569458708485224e-05,5.175850417484152e-05,-1.9293531211056486e-05,-0.002067218840742637,1.5039793924741256e-05,2.3839906966054566e-05,2.078046929402482e-05,3.40522247172737e-05,-6.508557651015453e-05,5.18629845983304e-05,1.74104300040473e-05,1.7789065600433765e-05,2.974972374091407e-05,2.9949336712925548e-05
expAE04,NORCE_CISM5-MAR364-ERA-t1-local,/Volumes/FMac/computing/data/antarctica/ismip6/hackathon/ComputedScalarsHelene/expAE04/shelfmelt/computed_shelfmelt_AIS_NORCE_CISM5-MAR364-ERA-t1-local_expAE04.nc,4.241305015023511e-05,1.527755303017e-05,2.2604716813521536e-05,3.128013853845289e-05,1.7437146910440447e-05,-8.36671859858892e-07,4.5327235060445793e-05,2.3647833708377155e-05,2.180948787340891e-05,5.138368165896839e-05,3.2276175547022754e-05,-4.457624124216094e-05,5.720958900585401e-05,7.444971097018476e-05,5.109983518358961e-05,-0.00022787384998915547,-0.007582280956451335,4.700682035375353e-05,2.3237228619348995e-05,1.849135013501642e-05,3.2827371222555614e-05,-3.447073365769663e-05,3.128013612492785e-05,1.3392943449420143e-05,2.194562707178807e-05,2.364783650619172e-05,4.5327236125999695e-05
expAE04,NORCE_CISM5-MAR364-ERA-t1-nonlocal,/Volumes/FMac/computing/data/antarctica/ismip6/hackathon/ComputedScalarsHelene/expAE04/shelfmelt/computed_shelfmelt_AIS_NORCE_CISM5-MAR364-ERA-t1-nonlocal_expAE04.nc,4.1009726002021426e-05,1.6969911825750162e-05,2.66999300293406e-05,3.404258344737734e-05,1.785340039488761e-05,-7.853234734976774e-07,4.6664188733209e-05,2.364504635675591e-05,1.9234351280923267e-05,5.256247111225711e-05,3.234343496883621e-05,-3.826396254253773e-05,6.36441400780502e-05,7.379208475333559e-05,4.942792942408597e-05,-9.55786206852346e-05,-0.03974765746931977,5.195230202203117e-05,2.4141790923560466e-05,1.9696076144689894e-05,3.358087955024198e-05,-1.4098650332249328e-05,3.404257913880866e-05,1.5840036578625116e-05,2.2121799573840952e-05,2.3645051956844824e-05,4.6664181595219994e-05
expAE04,NORCE_CISM5-MAR364-ERA-t1,/Volumes/FMac/computing/data/antarctica/ismip6/hackathon/ComputedScalarsHelene/expAE04/shelfmelt/computed_shelfmelt_AIS_NORCE_CISM5-MAR364-ERA-t1_expAE04.nc,5.770191023974227e-05,1.6333997760781075e-05,2.5338363255195818e-05,4.962527604775649e-05,1.552905511628329e-05,1.3882180563848377e-06,4.743380026579408e-05,3.4870653558432576e-05,3.759920974579592e-05,5.050399582207324e-05,3.0447831946661682e-05,-3.3492384817653285e-05,8.157474395204804e-05,7.230487157040575e-05,4.664625447002824e-05,-0.0003500990396650651,-0.001924084302059658,4.549184748991085e-05,2.4331679131281296e-05,1.9591998301334762e-05,3.543099266914768e-05,-2.0587919190848576e-05,4.9625292347534175e-05,1.4850228052351717e-05,1.96849509514446e-05,3.48706597717146e-05,4.74337964728573e-05
expAE04,PIK_PISM,/Volumes/FMac/computing/data/antarctica/ismip6/hackathon/ComputedScalarsHelene/expAE04/shelfmelt/computed_shelfmelt_AIS_PIK_PISM_expAE04.nc,-1.3618376309156657e-05,2.8273219423931212e-05,9.333448417608025e-06,3.5888286140509154e-05,4.25545275342228e-05,1.1362111462115895e-05,2.197873861737287e-05,2.8659295534270922e-05,2.6336516070055203e-05,1.0864294677840395e-05,2.9283148575655303e-05,-2.4354229225694542e-05,-4.4765611753314126e-05,1.3436054619671687e-05,9.063056704277158e-06,-4.1565200387638e-05,-0.0005636117362184234,-1.9072900337527923e-05,2.3879515640560137e-05,3.168700072332475e-05,2.0942882203897012e-05,-6.001810227951104e-05,3.588828419825547e-05,2.6432949639120287e-05,3.721457620706631e-05,2.8659287334336328e-05,2.1978734582222994e-05
expAE04,UCM_Yelmo,/Volumes/FMac/computing/data/antarctica/ismip6/hackathon/ComputedScalarsHelene/expAE04/shelfmelt/computed_shelfmelt_AIS_UCM_Yelmo_expAE04.nc,1.7772301951017217e-06,1.1565691564243597e-05,1.703405785825342e-05,3.4707399313250236e-05,3.221854592382762e-05,-1.4762778977223887e-05,1.462974557328463e-05,1.0302005001454399e-05,1.28557705411334e-05,7.613385037557456e-05,4.201974640811185e-05,-3.2584427303347184e-05,-8.37518791876987e-05,1.3782563442991182e-05,7.435296812594056e-05,-0.0014332448690685257,-0.0013601727469653858,-0.00018156639064372814,1.3304678560880767e-05,2.2398024405390247e-05,2.8583272359036753e-05,-0.0007476964342685861,3.4707397202880794e-05,9.600139900227368e-06,3.6003191504105035e-05,1.0302003974845195e-05,1.462975108956154e-05
expAE04,UCSD_ISSM,/Volumes/FMac/computing/data/antarctica/ismip6/hackathon/ComputedScalarsHelene/expAE04/shelfmelt/computed_shelfmelt_AIS_UCSD_ISSM_expAE04.nc,1.0157803677448697e-06,1.51199697300838e-05,2.492794140356098e-07,1.349410411121922e-05,3.6469044199777537e-06,1.9865701790021302e-05,1.4578722218652556e-05,9.569612261275698e-06,3.186877471903711e-05,2.7324887791774064e-05,1.5250444403659322e-05,3.3020189640356484e-05,2.0987660788703527e-05,1.5336531605547197e-05,8.868643862810145e-06,1.0015315256268317e-05,-3.328938738555769e-05,1.2390399420387572e-06,8.299401823088207e-06,6.893258560454047e-06,1.5208091553005836e-05,-1.7275245767103226e-07,1.3494105240994672e-05,1.5323266637950846e-05,5.619946216987865e-06,9.569612145609829e-06,1.4578722910922235e-05
expAE04,ULB_fETISh-KoriBU1,/Volumes/FMac/computing/data/antarctica/ismip6/hackathon/ComputedScalarsHelene/expAE04/shelfmelt/computed_shelfmelt_AIS_ULB_fETISh-KoriBU1_expAE04.nc,3.462037833454627e-06,1.4429332343940576e-05,7.6670543345231e-06,7.687518057597532e-06,1.259703536495504e-05,2.6537636524101793e-06,1.5493734933377995e-05,9.978283199949536e-06,6.904610822562797e-06,4.234534483680211e-06,8.672703609956398e-06,7.335515740818781e-07,-2.5593855809824056e-05,5.267251775176828e-06,1.6181803940159256e-05,-5.758831922093088e-06,-6.876240349091325e-05,-4.430776664451541e-06,7.744087984498922e-06,1.0763838239070688e-05,8.730929741623059e-06,-1.987638578818682e-05,7.687516418613987e-06,1.1513489391870714e-05,1.1033770394363977e-05,9.978282766198518e-06,1.5493733350813316e-05
expAE04,ULB_fETISh-KoriBU2,/Volumes/FMac/computing/data/antarctica/ismip6/hackathon/ComputedScalarsHelene/expAE04/shelfmelt/computed_shelfmelt_AIS_ULB_fETISh-KoriBU2_expAE04.nc,7.06183101239843e-06,1.5341943704256746e-05,9.521652443301758e-06,2.4700279856849474e-05,1.685586669836979e-05,2.6318333506791163e-06,1.7291371968257517e-05,1.1897339083477157e-05,1.2755873791506436e-05,1.3248423583003861e-05,1.978625695681092e-05,-5.524367568776601e-07,-1.2377406138152464e-05,5.6560118250738746e-06,1.6740352937756734e-05,-6.016371027403359e-06,-3.7316645478133325e-05,3.334566276503344e-06,1.6026967117707558e-05,1.9049458813866057e-05,1.382476294424143e-05,-7.185410765003118e-06,2.4700281253538584e-05,1.4249950374104365e-05,1.7814438035626793e-05,1.189733806750382e-05,1.7291374159168686e-05
expAE04,UNN_Ua,/Volumes/FMac/computing/data/antarctica/ismip6/hackathon/ComputedScalarsHelene/expAE04/shelfmelt/computed_shelfmelt_AIS_UNN_Ua_expAE04.nc,1.654716160424022e-05,1.4197286526842625e-05,7.466757989745948e-06,1.1406818120947304e-05,1.778974610954738e-05,2.4233647359208744e-06,8.743304769466999e-06,1.4662291243782139e-05,1.3888950390169466e-05,2.4855709688428567e-05,2.4178018099750544e-05,9.02323163851481e-05,2.6097513671822435e-05,1.5361398968691256e-05,3.3667761379517635e-05,5.2110630886009e-05,,5.16176417972048e-05,1.554208412780093e-05,1.436945385473904e-05,1.875667837463306e-05,-1.8938153255686256e-05,1.1406817700933188e-05,1.2570799851813517e-05,1.9640410614783594e-05,1.4662291985517299e-05,8.74330644608305e-06
expAE04,UTAS_ElmerIce,/Volumes/FMac/computing/data/antarctica/ismip6/hackathon/ComputedScalarsHelene/expAE04/shelfmelt/computed_shelfmelt_AIS_UTAS_ElmerIce_expAE04.nc,-2.2185047488186115e-05,5.67277683758898e-06,-4.361167990745559e-06,3.786119930519174e-06,1.0915634486516947e-05,3.846875610137196e-06,9.960925848098462e-07,2.925425639571725e-06,3.7252832941635615e-06,2.9575902153578185e-06,1.1617548272671794e-05,4.011902875939031e-06,-4.098652824513576e-06,-2.4503998340315112e-06,8.083024310498268e-06,-2.954744205562196e-05,-0.0011759769973549343,-2.3365584247180658e-05,4.8326151717369595e-06,6.626254817042859e-06,4.772564997209618e-06,-5.111101943159989e-05,3.786121057543766e-06,5.559595486882725e-06,1.1119401014936579e-05,2.925425224566753e-06,9.960926808811987e-07
expAE04,VUB_AISMPALEO,/Volumes/FMac/computing/data/antarctica/ismip6/hackathon/ComputedScalarsHelene/expAE04/shelfmelt/computed_shelfmelt_AIS_VUB_AISMPALEO_expAE04.nc,0.0003035732092039679,5.373797390826642e-06,8.742497346486855e-05,0.002373538782632948,5.76288118869078e-06,-6.507256193171568e-06,-0.0005489197644901106,0.004926360826189298,2.555187617286774e-06,0.00014988851571433152,8.691612167861162e-06,-0.006182781802544772,0.0006353284702550184,0.0059514877673678525,-4.293736972456442e-06,0.0017660539553801665,0.002089729163780926,0.01127796114109979,3.6819752959832336e-05,1.289530290064027e-05,2.8330981534469077e-05,0.003792424598543182,0.0023735388869572365,3.6091138858178847e-07,6.42198461063611e-06,0.004926360747872887,-0.0005489197917935665
expAE04,VUW_PISM1,/Volumes/FMac/computing/data/antarctica/ismip6/hackathon/ComputedScalarsHelene/expAE04/shelfmelt/computed_shelfmelt_AIS_VUW_PISM1_expAE04.nc,1.7785505674223628e-05,1.554926847920029e-05,1.1655225169583111e-05,4.277820679407942e-05,1.4560325430338342e-05,-5.436491810697469e-05,2.8288916917089185e-06,1.1772915773775519e-05,1.668077212860813e-05,2.7089850576190706e-05,2.4913569680105196e-05,2.8136569074705593e-06,1.641253138324265e-05,2.1703546199396122e-05,3.0413672656465703e-05,-5.104498381951246e-05,-0.0006568029874237855,1.6224560277768383e-05,1.7862279493890826e-05,1.8735012229465144e-05,1.7588226760185717e-05,7.712625022439995e-06,4.277821860727651e-05,1.484514572546519e-05,1.68787447716065e-05,1.1772914212196914e-05,2.828890990310448e-06
expAE04,VUW_PISM1_s1,/Volumes/FMac/computing/data/antarctica/ismip6/hackathon/ComputedScalarsHelene/expAE04/shelfmelt/computed_shelfmelt_AIS_VUW_PISM1_s1_expAE04.nc,1.743193438608751e-05,1.775128185277419e-05,1.4382524002985234e-05,4.164052393602177e-05,1.4326261406064807e-05,-5.615026812509154e-05,8.71079565391488e-06,1.1319771409894751e-05,2.1302661030946354e-05,3.087252296319216e-05,2.6039228673579705e-05,-2.450857711611143e-07,1.5134881863974653e-05,3.192633947913176e-05,3.135007722574686e-05,-4.2023343244110774e-05,-0.000619890339706481,1.7211392493114444e-05,1.9369991927638088e-05,1.994922000642358e-05,1.9468335591651098e-05,9.662635269566701e-06,4.164051476877666e-05,1.703011211199352e-05,1.7258451872647095e-05,1.1319770091596746e-05,8.710796856029459e-06
expAE04,VUW_PISM1_s2,/Volumes/FMac/computing/data/antarctica/ismip6/hackathon/ComputedScalarsHelene/expAE04/shelfmelt/computed_shelfmelt_AIS_VUW_PISM1_s2_expAE04.nc,1.85211278658485e-05,1.3960806416105896e-05,8.572654460366292e-06,3.861853392020219e-05,1.5579303895655186e-05,-1.2002533240401517e-05,2.4235429491938617e-06,1.0391257804269441e-05,1.5310248201789824e-05,2.4242862259746994e-05,2.449886014621635e-05,3.4232161984173676e-06,1.768198267372246e-05,1.8458010792692825e-05,2.9628378018827498e-05,-5.7797368789069245e-05,-0.0005157778416633227,1.5285481448054526e-05,1.7127388078068545e-05,1.8074097534755798e-05,1.6848495476028203e-05,5.7520104558303935e-06,3.86185444779498e-05,1.3675475161057972e-05,1.7542464670335415e-05,1.0391255981720827e-05,2.4235429625694644e-06
expAE04,VUW_PISM1_s3,/Volumes/FMac/computing/data/antarctica/ismip6/hackathon/ComputedScalarsHelene/expAE04/shelfmelt/computed_shelfmelt_AIS_VUW_PISM1_s3_expAE04.nc,1.3921154586718502e-05,9.818603654049497e-06,8.889365701887043e-06,3.698867250870116e-05,1.3667747928979009e-05,3.754449506349887e-05,-1.6610543424456944e-06,7.851807955319256e-06,1.576019696721512e-05,3.1897486991959206e-05,2.9943296444401017e-05,8.08448606163968e-06,1.7086763760773652e-05,1.6748519981417048e-05,2.6581155543799285e-05,-6.0220367277093744e-05,-0.0006821086494090587,1.3640311374657196e-05,1.533038658418358e-05,1.5249732366789959e-05,1.685768654276685e-05,3.271559632792414e-06,3.698868588535077e-05,1.017790934402403e-05,1.6888057879893998e-05,7.85180814771079e-06,-1.6610543703584564e-06
expAE04,VUW_PISM1_s4,/Volumes/FMac/computing/data/antarctica/ismip6/hackathon/ComputedScalarsHelene/expAE04/shelfmelt/computed_shelfmelt_AIS_VUW_PISM1_s4_expAE04.nc,1.932126407427255e-05,1.7822846579979408e-05,1.2776354834411109e-05,4.876060531016427e-05,1.5670261178936213e-05,-1.5985221038333707e-05,7.364151741442437e-06,1.4435143912694983e-05,1.9980205964951422e-05,3.1767245007147263e-05,3.237240852341761e-05,4.6198367778229765e-06,1.785952369055996e-05,2.608086415942419e-05,2.991661099929142e-05,-5.1725488726039914e-05,-0.0007028997001329703,1.721679020444923e-05,2.1145327357805537e-05,2.149323555414597e-05,2.197244700022572e-05,8.661912071712097e-06,4.876058601914605e-05,1.7452270161468068e-05,1.977580131561219e-05,1.4435142846591038e-05,7.364152039410302e-06
expAE04,VUW_PISM2,/Volumes/FMac/computing/data/antarctica/ismip6/hackathon/ComputedScalarsHelene/expAE04/shelfmelt/computed_shelfmelt_AIS_VUW_PISM2_expAE04.nc,1.9558052009876364e-05,1.6637490388626787e-05,1.6733836261528823e-05,3.197277551993254e-05,1.6216277024170854e-05,-9.16711700544926e-05,2.7535692785022972e-05,2.2778597183969757e-05,2.3921101131068597e-05,2.2615132120457766e-05,2.7645194116414725e-05,6.705692689211759e-06,2.3670477312087646e-05,3.0234118434894916e-05,3.193132571718047e-05,-5.256344208653714e-05,-0.0017968835945870291,2.0159701189595293e-05,2.3982965794433057e-05,2.377475415056266e-05,2.5498857369253974e-05,1.0611863148681961e-05,3.1972775249251755e-05,1.5908822345687637e-05,2.0319369692458832e-05,2.277859953300425e-05,2.753569146875139e-05
expAE04,VUW_PISM2_s1,/Volumes/FMac/computing/data/antarctica/ismip6/hackathon/ComputedScalarsHelene/expAE04/shelfmelt/computed_shelfmelt_AIS_VUW_PISM2_s1_expAE04.nc,1.73147054079669e-05,2.0197805596292528e-05,1.8517522798121084e-05,3.937516296880607e-05,1.560802710600164e-05,-9.501112268699968e-05,3.061390856820483e-05,2.4631632370923985e-05,2.7257974849138256e-05,3.1113489331668256e-05,3.166121900758865e-05,5.71086922280621e-06,2.3473969662993482e-05,3.361240422963497e-05,3.3926323173060415e-05,-4.8870502108047615e-05,-0.0018160720494631048,2.1547157857576476e-05,2.6958512281099975e-05,2.66008673700793e-05,2.8772395846351545e-05,1.2026342024971135e-05,3.937517270699784e-05,1.9430144159873036e-05,2.1310693760468877e-05,2.463163005019002e-05,3.061391428259395e-05
expAE04,VUW_PISM2_s2,/Volumes/FMac/computing/data/antarctica/ismip6/hackathon/ComputedScalarsHelene/expAE04/shelfmelt/computed_shelfmelt_AIS_VUW_PISM2_s2_expAE04.nc,2.0188678235798172e-05,1.5743336555841188e-05,1.5528116858462358e-05,3.556616588809015e-05,1.623321109485409e-05,-2.568113054965717e-05,2.2161471042219688e-05,1.822348387968378e-05,2.1875128857672467e-05,1.989385678018316e-05,2.6292089890853545e-05,6.599336311364929e-06,2.2590984609355682e-05,2.6554445481447534e-05,3.3248004372968083e-05,-5.4151308292509655e-05,-0.0014757021994091317,1.9987431677631656e-05,2.34325748037116e-05,2.4217575608109474e-05,2.3203371806942047e-05,1.0860790743591344e-05,3.556616636207032e-05,1.5466635155885468e-05,1.9637442649068284e-05,1.8223483077457117e-05,2.2161469007035543e-05
expAE04,VUW_PISM2_s3,/Volumes/FMac/computing/data/antarctica/ismip6/hackathon/ComputedScalarsHelene/expAE04/shelfmelt/computed_shelfmelt_AIS_VUW_PISM2_s3_expAE04.nc,1.8916523935593627e-05,1.367713760957662e-05,1.406622159112576e-05,4.0718526029023765e-05,1.5016011262458717e-05,8.080646578859842e-05,1.9144969654656683e-05,1.2669524473636799e-05,2.1941421794384392e-05,2.419366672246014e-05,3.319237939610008e-05,1.7545732501319958e-05,2.1451409779452407e-05,2.7709982187643403e-05,3.547296770254749e-05,-5.3346153983488436e-05,-0.0013407767754085417,2.0784920959911004e-05,2.0525072426207055e-05,1.891021362687537e-05,2.4148872651792265e-05,1.0098441681338998e-05,4.07185116554024e-05,1.4256717692127559e-05,2.0551356999091113e-05,1.2669525611887908e-05,1.914496793438904e-05
expAE04,VUW_PISM2_s4,/Volumes/FMac/computing/data/antarctica/ismip6/hackathon/ComputedScalarsHelene/expAE04/shelfmelt/computed_shelfmelt_AIS_VUW_PISM2_s4_expAE04.nc,1.999846140925055e-05,2.213136020106523e-05,1.7443866362181003e-05,2.537091408490511e-05,1.7470800173998323e-05,-2.115467091004684e-05,2.95538752452394e-05,2.206048472568404e-05,2.4149961402144427e-05,1.881229472198491e-05,3.02400996584605e-05,1.271967281428433e-05,2.4406563073821947e-05,2.8539958304724998e-05,3.345492596666713e-05,-4.149251043827155e-05,-0.0011836430183809808,2.018334696149928e-05,2.4005815693526102e-05,2.3281757626194623e-05,2.6544649166194177e-05,1.1124328626455267e-05,2.5370908186207888e-05,2.1812868074871053e-05,2.2016122340272516e-05,2.2060483354358887e-05,2.9553878133877205e-05
expAE04,IMAU_UFEMISM1,/Volumes/FMac/computing/data/antarctica/ismip6/hackathon/ComputedScalarsHelene/expAE04/shelfmelt/jb_computed_shelfmelt_AIS_IMAU_UFEMISM1_expAE04.nc,,0.00014185503582635775,,,0.00028493751111869573,,,-1.2342153819976006e-05,,,0.0002361014005852814,,,,,,,,0.00010272951661664569,0.000160267871904195,0.0001271949986360371,,,0.00014052177880625078,0.0002642861214286948,-1.2342153988540003e-05,
expAE04,IMAU_UFEMISM2,/Volumes/FMac/computing/data/antarctica/ismip6/hackathon/ComputedScalarsHelene/expAE04/shelfmelt/jb_computed_shelfmelt_AIS_IMAU_UFEMISM2_expAE04.nc,,0.00017812199250668057,,,0.00022642301788780903,,,-0.002913009323564532,,,0.0005443679653642929,,,,0.0003295291221535581,,,,0.00014673213665699822,0.00020959840745870967,7.823470495487777e-05,,,0.00017531491433372864,0.00030648754242772744,-0.002913009412633711,
expAE04,IMAU_UFEMISM3,/Volumes/FMac/computing/data/antarctica/ismip6/hackathon/ComputedScalarsHelene/expAE04/shelfmelt/jb_computed_shelfmelt_AIS_IMAU_UFEMISM3_expAE04.nc,-3.0292825629952048e-05,9.637494012825442e-05,-0.0005908926128469662,0.00020043711590933113,0.00012387338775933488,,-0.0032281928831228855,-1.0053592579452374e-05,7.189801902202044e-05,0.0005447212198454113,0.0011541332982012566,-0.002091524239012729,-0.004735559426505748,-0.00026039025186689333,0.00039449613654431187,-0.0005233605857173202,,,0.00011034988519638154,0.00011158219355448947,0.00026720330513967084,-0.0029185147787864503,0.00020043711796502588,9.54779358054857e-05,0.00016596121249812923,-1.0053593185874068e-05,-0.003228192730080931
expAE04,IMAU_UFEMISM4,/Volumes/FMac/computing/data/antarctica/ismip6/hackathon/ComputedScalarsHelene/expAE04/shelfmelt/jb_computed_shelfmelt_AIS_IMAU_UFEMISM4_expAE04.nc,-3.3276996904098115e-05,7.691456358598915e-05,-0.0018480007839794424,0.005952535985417706,0.00041907722346805294,,-0.0019696508306019543,0.00011943893202055465,0.0002251084704185955,0.000591217813714743,0.0007900169339330592,-0.0008996880569012993,-0.0009449434315804884,-0.0015082504255006864,0.001207923368355256,,,,0.00011710691602550964,0.00012170696092120223,0.000299010168547969,,0.0059525361168874915,7.688976671122046e-05,0.0004871528813247411,0.0001194389265503211,-0.001969650616690096
expAE05,DC_ISSM,/Volumes/FMac/computing/data/antarctica/ismip6/hackathon/ComputedScalarsHelene/expAE05/shelfmelt/computed_shelfmelt_AIS_DC_ISSM_expAE05.nc,-1.4072807703883211e-05,9.301759786714585e-06,1.892292374381539e-06,7.505895510273146e-06,5.9567415828697685e-06,5.7495808432387625e-06,1.1542711955725927e-05,6.147597273505197e-06,7.602647285128084e-06,3.809783203067958e-06,6.884003775898089e-06,-5.5979453876908306e-06,-1.1738932573309769e-05,4.929299683328157e-06,5.9572619827561066e-06,-5.78074765058966e-06,-4.578034764123198e-05,-8.656742311175088e-06,5.8843515963857745e-06,6.621690107654579e-06,6.311172562309666e-06,-1.7658394446092284e-05,7.505892999581608e-06,9.131179014282157e-06,6.247614716020693e-06,6.147596973372471e-06,1.1542713110437251e-05
expAE05,DOE_MALI_4km,/Volumes/FMac/computing/data/antarctica/ismip6/hackathon/ComputedScalarsHelene/expAE05/shelfmelt/computed_shelfmelt_AIS_DOE_MALI_4km_expAE05.nc,2.980531232412118e-05,2.249030027154194e-05,2.1919799174485674e-05,1.7989671154986544e-05,1.2564959500559028e-05,1.7975645897590102e-05,2.165033280523744e-05,1.8716162497944244e-05,1.5880932743102326e-05,1.96947553355593e-05,1.3365003034069793e-05,2.2485624244330597e-05,1.1677844390784292e-05,1.9467799356490686e-05,2.4464617748185255e-05,8.441131915838178e-06,-2.2251675647634433e-05,7.97941408443546e-07,1.8229988801868436e-05,1.8556807767942256e-05,1.8108651707351374e-05,-3.888444387446215e-06,1.798967141990912e-05,2.2359676607247037e-05,1.278863544679277e-05,1.8716158606349068e-05,2.1650336563187338e-05
expAE05,DOE_MALI_8km_Ant95,/Volumes/FMac/computing/data/antarctica/ismip6/hackathon/ComputedScalarsHelene/expAE05/shelfmelt/computed_shelfmelt_AIS_DOE_MALI_8km_Ant95_expAE05.nc,0.00014136659199515307,2.657406212720837e-05,3.650573282682622e-05,1.1133159273034242e-05,1.7078330219204487e-05,1.643519709830531e-05,2.4070518587221185e-05,2.2540049089210674e-05,2.366308047407446e-05,2.2009487755150582e-05,1.5316681776188592e-05,4.7495227390149704e-05,-3.5317162199411557e-05,2.1458151127914223e-05,2.84679236353214e-05,6.467213924580356e-06,-2.166482082095677e-05,1.5571562909847691e-06,1.7536013087637524e-05,1.696577215273576e-05,2.0724222996107043e-05,-4.804971495378759e-06,1.1133159386590768e-05,2.647239620673429e-05,1.6649284253280398e-05,2.254004625703361e-05,2.4070523432484485e-05
expAE05,DOE_MALI_8km_AntMean,/Volumes/FMac/computing/data/antarctica/ismip6/hackathon/ComputedScalarsHelene/expAE05/shelfmelt/computed_shelfmelt_AIS_DOE_MALI_8km_AntMean_expAE05.nc,-3.438767625335342e-05,2.518522171008284e-05,2.036261564794509e-05,1.2420057735452952e-05,1.57595172704043e-05,1.4205264674985149e-05,2.256351969326788e-05,2.0280881523484443e-05,1.842532923535219e-05,1.9704046925443477e-05,1.3442541038435202e-05,3.1521261881938497e-05,-3.176871694294094e-05,1.6564203045125983e-05,2.3919658063108162e-05,5.658109844969915e-06,-2.264195923177186e-05,7.664921550446652e-07,1.7197505510957514e-05,1.7004930751161624e-05,1.8478658987947166e-05,-5.340110396897061e-06,1.2420054702485573e-05,2.5067125124064476e-05,1.5136933784562869e-05,2.028087544746526e-05,2.2563518595925654e-05
expAE05,IGE_ElmerIce,/Volumes/FMac/computing/data/antarctica/ismip6/hackathon/ComputedScalarsHelene/expAE05/shelfmelt/computed_shelfmelt_AIS_IGE_ElmerIce_expAE05.nc,-4.145816047002391e-05,5.244044732064523e-06,-3.5191237442876076e-06,7.347864258358528e-06,3.810490858212979e-06,1.6191786825665856e-07,1.1741870355476007e-05,2.5592659814089123e-06,6.599907894570209e-06,3.5626359541321543e-06,2.463535466356102e-06,-8.819600706905228e-06,-3.0745721856574594e-05,-5.682268569409544e-07,3.2731039901251156e-06,-2.9151542778664776e-05,-0.00024727855981006964,-1.4464510717022017e-05,2.8720471477422006e-06,3.7607895750215613e-06,3.3618948736057724e-06,-3.428678582278311e-05,7.3478635007761055e-06,4.109811994973559e-06,3.3591673711437333e-06,2.559265408692689e-06,1.174186909327313e-05
expAE05,ILTS_SICOPOLIS,/Volumes/FMac/computing/data/antarctica/ismip6/hackathon/ComputedScalarsHelene/expAE05/shelfmelt/computed_shelfmelt_AIS_ILTS_SICOPOLIS_expAE05.nc,1.5512663124670663e-05,2.246138398079967e-05,3.895229230267747e-05,2.5073741454252727e-05,1.369836759334949e-05,2.7639222528493307e-05,2.1893470558324475e-05,2.1235233748961375e-05,2.5698303312853804e-05,2.0708479873632637e-05,1.7220331287585246e-05,2.5895792470818183e-05,-3.0959290668398684e-06,2.7920833710843215e-05,2.51780062411147e-05,8.51128911267059e-06,-8.845793301786543e-06,1.1040341981170745e-05,2.0359835577240675e-05,2.000304006029745e-05,2.154990688485725e-05,6.5693906941749145e-06,2.5073745435969738e-05,2.2517917587113037e-05,1.4737851881326697e-05,2.123523551075869e-05,2.1893466228705682e-05
expAE05,IMAU_UFEMISM1,/Volumes/FMac/computing/data/antarctica/ismip6/hackathon/ComputedScalarsHelene/expAE05/shelfmelt/computed_shelfmelt_AIS_IMAU_UFEMISM1_expAE05.nc,,0.00011752371936400317,,,1.554844450812604e-05,,,0.00101924067863763,0.0003797853614319056,,1.9409671904435773e-05,,,,,-0.00011683684387695083,-0.0002015061832640889,-0.00011062040401221566,2.56316239690953e-05,4.148131818657481e-05,8.380314394030525e-06,-0.00022699184484651947,,0.000113796375436687,1.677616493334269e-05,0.0010192407162754472,
expAE05,IMAU_UFEMISM2,/Volumes/FMac/computing/data/antarctica/ismip6/hackathon/ComputedScalarsHelene/expAE05/shelfmelt/computed_shelfmelt_AIS_IMAU_UFEMISM2_expAE05.nc,,0.00013482632474645913,,,2.2838397080080805e-05,,,-0.0007808976415439474,,,2.196455648763782e-05,,,,1.8919206086826074e-05,-0.00012056614356460181,-0.0002597403821376035,,3.490107092776002e-05,5.4044326510483926e-05,4.9565091290467345e-06,-0.0003228002510272233,,0.00013252524770003297,2.257743069304237e-05,-0.0007808976139228261,
expAE05,IMAU_UFEMISM3,/Volumes/FMac/computing/data/antarctica/ismip6/hackathon/ComputedScalarsHelene/expAE05/shelfmelt/computed_shelfmelt_AIS_IMAU_UFEMISM3_expAE05.nc,-3.582388966343798e-05,9.668551180654166e-05,,0.0002304994381713675,2.405604232950263e-05,0.00036123984690785425,-0.000141186121992605,8.08991060614397e-05,0.0001436988627227809,0.0002161045141864096,2.9003970875735618e-05,-0.0017140737137982017,-0.008935274051529591,3.238168575296257e-05,0.0013779824598259688,-3.4576018358827346e-05,-7.966839564328923e-05,,4.0789296877111075e-05,4.421935773120766e-05,3.7536446223160176e-05,-0.00010384355434107948,0.00023049945242387398,9.742923551762736e-05,2.533709197660469e-05,8.089908735138818e-05,-0.00014118608676288208
expAE05,IMAU_UFEMISM4,/Volumes/FMac/computing/data/antarctica/ismip6/hackathon/ComputedScalarsHelene/expAE05/shelfmelt/computed_shelfmelt_AIS_IMAU_UFEMISM4_expAE05.nc,-3.2313002152254964e-05,8.536924786496234e-05,,0.0014805200436922735,2.7138414163203885e-05,,6.250963339345938e-06,7.049453724280006e-05,0.0001331035559032867,0.0003234230401267256,2.3907882419596743e-05,-6.120929077157348e-05,-0.01782596240419848,-0.00023149818382569,0.00048363787228939466,-5.8138700907608935e-05,-0.00010561010850939318,,4.1202457628336995e-05,4.618808949056977e-05,3.0088238913677474e-05,-0.0001493890145173556,0.0014805201033005165,8.438122699412694e-05,2.6561488689151342e-05,7.049453744756275e-05,6.250959515036198e-06
expAE05,LSCE_GRISLI2,/Volumes/FMac/computing/data/antarctica/ismip6/hackathon/ComputedScalarsHelene/expAE05/shelfmelt/computed_shelfmelt_AIS_LSCE_GRISLI2_expAE05.nc,-5.756934269314024e-05,1.8623740220166294e-05,-1.1849395559179278e-05,1.5504940284123803e-05,9.841609575074448e-06,-5.519604641327416e-05,1.5614820595050406e-05,-6.044950720111524e-06,6.88239047014005e-06,1.1965934877886727e-05,1.330900404640409e-06,-2.8579784902316013e-05,-3.609875052622196e-05,1.0127156851360477e-05,9.362733101074474e-06,-7.684136289281774e-05,-0.00037789933195428693,-2.0617712244869812e-05,9.577452170880689e-06,1.3649894107724657e-05,4.57621117598946e-06,-5.581069664081015e-05,1.5504935630433118e-05,1.8228363993206272e-05,8.261312791307752e-06,-6.044950075562022e-06,1.561482141824659e-05
expAE05,LSCE_GRISLI,/Volumes/FMac/computing/data/antarctica/ismip6/hackathon/ComputedScalarsHelene/expAE05/shelfmelt/computed_shelfmelt_AIS_LSCE_GRISLI_expAE05.nc,0.00013220498082583618,3.499820494855349e-05,0.00023783296908518885,2.8916047251080963e-05,1.611089910532674e-05,9.898837648913466e-05,5.425087959331078e-05,7.550915629886889e-05,8.116709970826495e-05,7.505820803896355e-05,3.069053897540556e-05,4.735527365446859e-05,0.00015079570624649952,8.706746062321871e-05,9.274953460119933e-05,2.853337357361223e-05,-0.0006220027333384973,4.4454678640157496e-05,3.668357312022238e-05,2.9262228663697344e-05,6.655560780303874e-05,6.693753308760519e-06,2.8916043682770108e-05,3.5873677121764285e-05,1.8673810318153532e-05,7.550916604135436e-05,5.42508778728989e-05
expAE05,NCAR_CISM1,/Volumes/FMac/computing/data/antarctica/ismip6/hackathon/ComputedScalarsHelene/expAE05/shelfmelt/computed_shelfmelt_AIS_NCAR_CISM1_expAE05.nc,-2.58542080092035e-05,1.2557381082553585e-05,3.887041456269657e-06,1.2148269865463084e-05,7.833319544311326e-06,5.5933356825059725e-06,4.66004240395572e-06,4.180653001215691e-06,8.937945527304989e-06,7.88908641025145e-06,7.4095838742098566e-06,-5.097638844124761e-06,-1.060452611229338e-05,3.1521713473048247e-06,8.518965492511089e-06,-5.072986446987225e-06,-4.302029053900083e-05,-7.389001958893151e-06,7.464526150935672e-06,9.489438784431297e-06,6.2832084143237754e-06,-1.6545816471185584e-05,1.2148273149850359e-05,1.208644280492085e-05,7.725059704902973e-06,4.18065294147024e-06,4.6600422036187425e-06
expAE05,NCAR_CISM2,/Volumes/FMac/computing/data/antarctica/ismip6/hackathon/ComputedScalarsHelene/expAE05/shelfmelt/computed_shelfmelt_AIS_NCAR_CISM2_expAE05.nc,2.1462570504470965e-05,1.977174528628326e-05,2.2045314348211117e-05,2.8216065124134e-05,1.0897839388197494e-05,1.6268678061817957e-05,2.3160206817474427e-05,2.19867606607682e-05,2.3605334975668912e-05,2.3998112329576596e-05,1.7293971270494274e-05,1.78657941414211e-05,1.941659195490841e-05,2.4290921138992884e-05,2.5169298800119856e-05,6.653679499929485e-06,1.788127992960756e-06,1.570185083248953e-05,1.9494006574450884e-05,1.8458932608179056e-05,2.1819751677437256e-05,1.0153028034030798e-05,2.8216067971368804e-05,1.9657894447998044e-05,1.285035472385098e-05,2.1986758202297163e-05,2.3160212123662384e-05
expAE05,NORCE_CISM2-MAR364-ERA-t1,/Volumes/FMac/computing/data/antarctica/ismip6/hackathon/ComputedScalarsHelene/expAE05/shelfmelt/computed_shelfmelt_AIS_NORCE_CISM2-MAR364-ERA-t1_expAE05.nc,3.485622402299371e-05,1.963047534841195e-05,1.4990808289799423e-05,3.354152308931724e-05,1.0106515001682743e-05,2.153061595097852e-05,2.0488114881937237e-05,2.02427812485632e-05,2.326097868503193e-05,2.056373327467175e-05,1.7323548770408008e-05,7.513450276724699e-06,6.348503740768011e-06,1.7362856128015426e-05,2.5521493160032605e-05,2.369499961253844e-06,-4.4622075857746124e-05,8.387368764137692e-07,1.798058772770774e-05,1.7949209331392248e-05,1.9779794089883908e-05,-1.0227779075696473e-05,3.354152622212218e-05,1.985538562285157e-05,1.2249400717282646e-05,2.0242785725490683e-05,2.048811612699106e-05
expAE05,NORCE_CISM3-MAR364-ERA-t1-local,/Volumes/FMac/computing/data/antarctica/ismip6/hackathon/ComputedScalarsHelene/expAE05/shelfmelt/computed_shelfmelt_AIS_NORCE_CISM3-MAR364-ERA-t1-local_expAE05.nc,-7.470354633264962e-06,1.7132969255972335e-05,1.2033939715744867e-05,2.1196745949345176e-05,8.977456290900333e-06,8.370524141238385e-06,1.2260031538648266e-05,1.5343850870719126e-05,1.3434464668923541e-05,1.484665450183865e-05,1.0623072901974916e-05,-8.748951765872893e-07,-7.752722604231796e-06,1.3455366917737219e-05,1.753947803864377e-05,-9.429090964281194e-07,-5.079694471951808e-05,-6.769711930104494e-06,1.2343090889486201e-05,1.3454880481677927e-05,1.272351579074794e-05,-1.911583547802735e-05,2.1196746806427454e-05,1.6560479499900276e-05,9.475057184362751e-06,1.534385277935326e-05,1.2260033324797733e-05
expAE05,NORCE_CISM3-MAR364-ERA-t1-nonlocal,/Volumes/FMac/computing/data/antarctica/ismip6/hackathon/ComputedScalarsHelene/expAE05/shelfmelt/computed_shelfmelt_AIS_NORCE_CISM3-MAR364-ERA-t1-nonlocal_expAE05.nc,-6.837897966565525e-06,1.7072760071294798e-05,1.3781823227719919e-05,2.0343871192800502e-05,8.821661342833266e-06,1.2885990841740773e-05,1.2835374554910443e-05,1.5362914204184075e-05,1.4283549314494167e-05,1.7283798390147143e-05,1.0030297043168085e-05,-1.1929981425352665e-08,-4.614370175979352e-06,1.4286397860793138e-05,1.9453662121516826e-05,-3.9383772977821476e-07,-4.7151799618808514e-05,-4.744649528590618e-06,1.2768415650295378e-05,1.3632629979056988e-05,1.341674290201927e-05,-1.7649539383610083e-05,2.0343869936116072e-05,1.6841150373816874e-05,9.223045653468664e-06,1.5362916097580522e-05,1.2835377336888913e-05
expAE05,NORCE_CISM3-MAR364-ERA-t1,/Volumes/FMac/computing/data/antarctica/ismip6/hackathon/ComputedScalarsHelene/expAE05/shelfmelt/computed_shelfmelt_AIS_NORCE_CISM3-MAR364-ERA-t1_expAE05.nc,2.037480427427293e-05,2.0004841644662587e-05,1.760620030712203e-05,3.4615777574036483e-05,1.1480239521464366e-05,2.3342311279110284e-05,2.2037910594010445e-05,2.1778278004330762e-05,2.3998486422607613e-05,2.3197702280059923e-05,1.6665839173812684e-05,-1.3119467385332386e-06,3.941198966149489e-06,1.791537288285129e-05,2.7326109335593793e-05,-1.8728983747850472e-06,-5.94388401616536e-05,-2.4417498187965023e-06,1.8657073781659382e-05,1.8535444829087408e-05,2.0679021454958825e-05,-1.744295111967429e-05,3.461577549882313e-05,2.0369539106211137e-05,1.297423413039548e-05,2.1778280542269205e-05,2.203790914846688e-05
expAE05,NORCE_CISM4-MAR364-ERA-t1-local,/Volumes/FMac/computing/data/antarctica/ismip6/hackathon/ComputedScalarsHelene/expAE05/shelfmelt/computed_shelfmelt_AIS_NORCE_CISM4-MAR364-ERA-t1-local_expAE05.nc,-1.2907712078938666e-05,1.8875463265641395e-05,1.3095257635786458e-05,2.3825005510515736e-05,1.0289760784077896e-05,8.459146576598915e-06,1.4593597389261311e-05,2.075605500445067e-05,1.2280216459542718e-05,1.8823297714543857e-05,1.10004260330583e-05,-1.3361206808301791e-05,7.686271705844324e-06,1.7299746289959614e-05,2.3011922323256944e-05,-9.477488822505723e-06,-6.798390621814156e-05,-8.040219860489782e-06,1.4268777300622129e-05,1.5108502899690578e-05,1.526099360575625e-05,-2.6088958638678667e-05,2.3825006413323916e-05,1.844285818098259e-05,1.0501869308985825e-05,2.0756057075291215e-05,1.459360085264386e-05
expAE05,NORCE_CISM4-MAR364-ERA-t1-nonlocal,/Volumes/FMac/computing/data/antarctica/ismip6/hackathon/ComputedScalarsHelene/expAE05/shelfmelt/computed_shelfmelt_AIS_NORCE_CISM4-MAR364-ERA-t1-nonlocal_expAE05.nc,-1.1291955290197892e-05,1.9080682054029714e-05,1.2366099017241353e-05,2.3846870733879603e-05,1.0108163291847162e-05,1.4670535256136772e-05,1.8192872549187188e-05,2.1589822149972538e-05,1.4429927224665592e-05,2.2387721357618005e-05,1.049259390360917e-05,-1.6180873947605383e-05,1.1940117283785281e-05,1.9269770998219517e-05,2.5985215998395703e-05,-1.0985886113435245e-05,-6.65147997563949e-05,-5.4797538653628565e-06,1.4970616267447945e-05,1.5376706103406868e-05,1.6663127569549453e-05,-2.5189048376491858e-05,2.3846867182854617e-05,1.895941018254958e-05,1.0269917240098109e-05,2.158981924848002e-05,1.8192871032152978e-05
expAE05,NORCE_CISM4-MAR364-ERA-t1,/Volumes/FMac/computing/data/antarctica/ismip6/hackathon/ComputedScalarsHelene/expAE05/shelfmelt/computed_shelfmelt_AIS_NORCE_CISM4-MAR364-ERA-t1_expAE05.nc,1.989344439803831e-05,2.027211653422918e-05,1.200607696407393e-05,3.448867908169533e-05,1.3056538356500018e-05,1.578426331284316e-05,1.7436978123826235e-05,2.4489390103227464e-05,9.62246443757304e-06,2.427054098793941e-05,1.6248310705983285e-05,-1.2847449612403568e-05,1.2304814575200153e-05,1.6443632435089956e-05,2.94161213877877e-05,-3.1861840113376678e-06,-9.240359122882552e-05,-3.182873178016085e-06,1.841146017559335e-05,1.8776450297866148e-05,1.9446040483870366e-05,-2.3000321873510348e-05,3.44886806587252e-05,2.0270430437122747e-05,1.3987570265884104e-05,2.4489386064090363e-05,1.7436973324889155e-05
expAE05,NORCE_CISM4-MAR364-JRA-t1,/Volumes/FMac/computing/data/antarctica/ismip6/hackathon/ComputedScalarsHelene/expAE05/shelfmelt/computed_shelfmelt_AIS_NORCE_CISM4-MAR364-JRA-t1_expAE05.nc,2.1055651611315836e-05,2.0575686187046256e-05,1.1782508210089922e-05,3.4742698550459455e-05,1.3527965532172392e-05,1.3242567962199877e-05,2.315683054592336e-05,2.5050802703916573e-05,9.445023260345146e-06,2.3992272092584063e-05,1.6553795920991975e-05,-1.1741169766845733e-05,1.3729564659445878e-05,2.10285429077506e-05,2.9577307036926342e-05,-3.8813398349988635e-06,-8.232721513937267e-05,-2.8359701792122986e-06,1.8704654145961115e-05,1.9011707745502898e-05,1.9986727831574867e-05,-2.2189659795738807e-05,3.47426960750797e-05,2.0451278616760808e-05,1.4399573479583646e-05,2.5050798970015608e-05,2.3156836708515606e-05
expAE05,NORCE_CISM5-MAR364-ERA-t1-local,/Volumes/FMac/computing/data/antarctica/ismip6/hackathon/ComputedScalarsHelene/expAE05/shelfmelt/computed_shelfmelt_AIS_NORCE_CISM5-MAR364-ERA-t1-local_expAE05.nc,1.2719941471060608e-05,1.9088886327308934e-05,1.3687654162348864e-05,2.3868968820943618e-05,1.062073175645226e-05,4.919879794508426e-06,3.3383637081282185e-06,1.7961033093128704e-05,2.085776120826407e-05,2.14441277380126e-05,1.5622542199080335e-05,-3.314299718013303e-05,1.540059145949775e-05,1.9752639531939735e-05,2.819700888746447e-05,-1.0694409421936684e-05,-0.00018260037257832563,-9.855312532817966e-06,1.5140250911281163e-05,1.5629638811676743e-05,1.692003778005233e-05,-3.578793534526488e-05,2.3868969078003854e-05,1.845732237627884e-05,1.2156204000105e-05,1.7961032269221478e-05,3.3383621146430963e-06
expAE05,NORCE_CISM5-MAR364-ERA-t1-nonlocal,/Volumes/FMac/computing/data/antarctica/ismip6/hackathon/ComputedScalarsHelene/expAE05/shelfmelt/computed_shelfmelt_AIS_NORCE_CISM5-MAR364-ERA-t1-nonlocal_expAE05.nc,1.9297255093483502e-05,1.9273538064715135e-05,1.824151248158347e-05,2.7230337046142977e-05,1.0987761985253185e-05,5.797733155540884e-06,3.705862657769351e-06,1.764569537919791e-05,2.088270031801813e-05,2.3000661098309403e-05,1.5558497753583504e-05,-3.504721352929785e-05,1.7011650745133327e-05,2.4332777325388322e-05,2.9206068883615993e-05,-1.0142868524898648e-05,-0.00018742977463641827,-6.922631356764112e-06,1.6105758687065343e-05,1.6612481550748844e-05,1.7712791325437315e-05,-3.4857060384802656e-05,2.7230330323127048e-05,1.8834694385866708e-05,1.248540889694046e-05,1.764569716523942e-05,3.705863749800471e-06
expAE05,NORCE_CISM5-MAR364-ERA-t1,/Volumes/FMac/computing/data/antarctica/ismip6/hackathon/ComputedScalarsHelene/expAE05/shelfmelt/computed_shelfmelt_AIS_NORCE_CISM5-MAR364-ERA-t1_expAE05.nc,2.4084704356002507e-05,1.877593920820605e-05,1.073995085828299e-05,2.89311643495409e-05,1.1680368563049224e-05,4.958711585366125e-06,2.6193925666970723e-06,2.5500351508409558e-05,8.276467535602235e-06,1.8574500638430714e-05,1.6040594302993643e-05,-2.807022792980383e-05,1.3984343114465658e-05,1.8098475248449954e-05,2.5472902701120186e-05,-1.9603854749269778e-05,-0.0001379743422209278,-6.141585033639154e-06,1.6034674306493488e-05,1.663070450419447e-05,1.706689703305315e-05,-3.4512149304441976e-05,2.8931171785001474e-05,1.808264628437523e-05,1.3174917429237917e-05,2.5500358594894304e-05,2.6193926429378044e-06
expAE05,PIK_PISM,/Volumes/FMac/computing/data/antarctica/ismip6/hackathon/ComputedScalarsHelene/expAE05/shelfmelt/computed_shelfmelt_AIS_PIK_PISM_expAE05.nc,-1.877602196798502e-05,3.3739675890931795e-05,1.1686002619423956e-05,5.312436719352033e-05,3.3266858051289556e-05,1.949620356498464e-05,2.7578258332866142e-05,2.702945395392553e-05,5.4686762705845764e-05,1.8466607223141844e-05,2.89906060777019e-05,5.858014230742154e-07,-1.5101715092545814e-05,1.7552120385149197e-05,4.128923442706918e-06,-8.996317478614083e-06,-6.994737108633336e-05,-5.794002138743415e-06,2.8963984136590753e-05,3.228553024168346e-05,2.9141211641599483e-05,-2.4339424605927775e-05,5.312437378856899e-05,3.241695347786136e-05,3.183513996636275e-05,2.7029454548425644e-05,2.7578252197252285e-05
expAE05,UCM_Yelmo,/Volumes/FMac/computing/data/antarctica/ismip6/hackathon/ComputedScalarsHelene/expAE05/shelfmelt/computed_shelfmelt_AIS_UCM_Yelmo_expAE05.nc,9.432907258901356e-05,2.5783934204253676e-05,4.302035504829405e-05,4.083707002813929e-05,1.2612242973262894e-05,2.4356902956170655e-05,2.4200953330854212e-05,2.258500730021089e-05,1.881906484730766e-05,6.302279223307228e-05,1.7076965891660088e-05,-3.423756091593694e-07,2.7525059625079144e-05,3.972913144206719e-05,7.227932388751291e-05,-4.754373800895633e-06,-0.00017319072326296003,8.088194424031848e-06,2.144087049130079e-05,1.9326287233314916e-05,2.8078481263437293e-05,-3.5953051348595975e-05,4.08370628384169e-05,2.5735644477659225e-05,1.4018272867301674e-05,2.2585005719116297e-05,2.4200950890337494e-05
expAE05,UCSD_ISSM,/Volumes/FMac/computing/data/antarctica/ismip6/hackathon/ComputedScalarsHelene/expAE05/shelfmelt/computed_shelfmelt_AIS_UCSD_ISSM_expAE05.nc,-2.6296052883778417e-07,3.566007942628277e-06,-5.719775934980386e-07,4.511387820764648e-06,1.9792824241428847e-06,1.053840943466928e-06,5.418710511000062e-06,4.7330127535661384e-06,2.4685885201362904e-06,-1.260361299595797e-06,5.693509072738932e-06,4.024983452418208e-06,3.334060561701455e-06,1.8649952366831516e-06,-2.6270299476891787e-07,-3.637372852498468e-06,-3.3192440295418224e-05,-6.754265230207913e-07,1.973195377820451e-06,2.473534644100332e-06,1.985264336088633e-06,-2.3783794065913976e-06,4.511386962745073e-06,3.4835716086066076e-06,2.5542327008311524e-06,4.733012149883733e-06,5.418710841434495e-06
expAE05,ULB_fETISh-KoriBU1,/Volumes/FMac/computing/data/antarctica/ismip6/hackathon/ComputedScalarsHelene/expAE05/shelfmelt/computed_shelfmelt_AIS_ULB_fETISh-KoriBU1_expAE05.nc,-6.795738181190193e-06,1.5096293506189441e-05,6.03129279249804e-06,3.212282436244881e-05,1.4532235417705974e-05,-1.3665882189901466e-06,2.048253123711897e-05,1.1062956848331109e-05,1.4910289931169052e-05,5.854093436894089e-06,8.597824869809448e-06,-6.074681491267543e-06,-5.288694406865054e-05,6.281480059425583e-06,1.5900140876728913e-05,-1.7136800665392134e-05,-0.00019149919088315008,-8.556748618322048e-06,1.3438286503573501e-05,1.848123804472539e-05,1.1696120420329122e-05,-2.4321031184752266e-05,3.212282936056738e-05,1.2860748267730098e-05,1.2184472160200542e-05,1.1062955775966787e-05,2.048253153961022e-05
expAE05,ULB_fETISh-KoriBU2,/Volumes/FMac/computing/data/antarctica/ismip6/hackathon/ComputedScalarsHelene/expAE05/shelfmelt/computed_shelfmelt_AIS_ULB_fETISh-KoriBU2_expAE05.nc,3.3475497135917393e-06,2.2513963723587928e-05,7.680714684970832e-06,2.1519264586575246e-05,1.4852766129497263e-05,1.225568562993017e-06,2.0874759071618526e-05,1.0879346580292633e-05,1.5018883045688964e-05,1.2925537014798726e-05,1.1252353467328904e-05,-1.4755919488515364e-05,-3.0860206872036495e-05,6.311286824310541e-06,1.5722729561731157e-05,-1.804118424054129e-05,-5.297625679476801e-05,-1.5857510357182948e-05,1.667434677140678e-05,1.935592928381687e-05,1.3041579197927493e-05,-2.863515130422234e-05,2.151926308829735e-05,2.1887747044246473e-05,1.3767833644410475e-05,1.087934585731057e-05,2.0874754647083085e-05
expAE05,UNN_Ua,/Volumes/FMac/computing/data/antarctica/ismip6/hackathon/ComputedScalarsHelene/expAE05/shelfmelt/computed_shelfmelt_AIS_UNN_Ua_expAE05.nc,7.1319563126140985e-06,2.011307432707384e-05,7.1015963922145115e-06,1.3171970640743387e-05,1.1058268544541378e-05,1.576894772343648e-06,1.528329589822863e-05,1.4361318975772862e-05,1.2747665174451657e-05,1.5407459114963488e-05,1.1296310074012776e-05,4.844138836318915e-05,1.8233741291888126e-05,1.1907670191221937e-05,2.073127417352949e-05,1.0512699892848952e-05,-8.523638675428446e-06,4.923147250380392e-05,1.3866119038246112e-05,1.4079073907788847e-05,1.303876254816115e-05,1.3818232218972483e-05,1.3171971046355966e-05,1.9081560430358844e-05,1.1139409047043829e-05,1.4361320384617665e-05,1.5283301197129177e-05
expAE05,UTAS_ElmerIce,/Volumes/FMac/computing/data/antarctica/ismip6/hackathon/ComputedScalarsHelene/expAE05/shelfmelt/computed_shelfmelt_AIS_UTAS_ElmerIce_expAE05.nc,-3.2014945656362104e-05,9.5323386074665e-06,2.7279747675663146e-07,3.8808797630831515e-06,6.0632285550269985e-06,4.262855283492209e-06,2.100508635607231e-06,4.956195552740454e-06,5.604302342263044e-06,3.872677402655554e-06,5.658845083276067e-06,1.2042108984323332e-06,-2.8678555718188238e-06,2.0797250341100666e-06,5.334437282027569e-06,-2.4430475290945137e-06,-3.0515331921870765e-05,-8.911749671018083e-06,5.113917185880721e-06,6.427172775081693e-06,4.626369522068527e-06,-1.4024385520097298e-05,3.8808791691693605e-06,9.170345816924284e-06,5.957179291431867e-06,4.9561955701068175e-06,2.100508665202081e-06
expAE05,VUB_AISMPALEO,/Volumes/FMac/computing/data/antarctica/ismip6/hackathon/ComputedScalarsHelene/expAE05/shelfmelt/computed_shelfmelt_AIS_VUB_AISMPALEO_expAE05.nc,8.44298132045034e-05,-1.9496991392192255e-05,-7.746715059172217e-05,-0.00026150028092841835,2.411487594599073e-06,2.5639511569331014e-05,,-0.011398614145120474,3.665858238825219e-06,-0.0006097212843909954,2.2791848075755845e-06,-0.048394855495594545,-0.0021065717524181462,-0.005240148730080923,-2.8745128594602774e-05,-1.5055612720347023e-05,-5.04221385810641e-05,-5.14048009803185e-05,7.569277611140983e-08,2.0439227187131823e-06,-1.58081454657656e-06,-4.5216116388980324e-05,-0.0002615002907512139,-1.2873128099083546e-05,2.3581071843754145e-06,-0.011398614495707091,
expAE05,VUW_PISM1,/Volumes/FMac/computing/data/antarctica/ismip6/hackathon/ComputedScalarsHelene/expAE05/shelfmelt/computed_shelfmelt_AIS_VUW_PISM1_expAE05.nc,1.0292195687174956e-05,1.5649966191623608e-05,1.2183565192542675e-05,3.0363283662078602e-05,1.726424525648548e-05,-8.622651240800658e-05,5.733737497127389e-06,1.287567214173239e-05,1.4400762796597333e-05,2.3295280041496733e-05,2.2831760688263324e-05,2.783790842066668e-06,9.654936239442377e-06,2.2627672229770542e-05,2.75529357474909e-05,-1.7881234693400238e-06,-0.0002180215792382898,1.1319191706728238e-05,1.681488429054364e-05,1.7528877136942698e-05,1.6652656289256703e-05,-2.610492701518252e-06,3.036327818189518e-05,1.492616374721312e-05,1.8137307813726828e-05,1.2875671275203888e-05,5.733736640733636e-06
expAE05,VUW_PISM1_s1,/Volumes/FMac/computing/data/antarctica/ismip6/hackathon/ComputedScalarsHelene/expAE05/shelfmelt/computed_shelfmelt_AIS_VUW_PISM1_s1_expAE05.nc,6.587129192838444e-06,1.8799380692186082e-05,1.4595116914695066e-05,3.5180021674846697e-05,1.6654646241509463e-05,-2.2540537355888262e-05,1.4076010669731815e-05,1.1495312819046851e-05,1.6489252843727083e-05,2.3031023241834964e-05,2.4677378534904713e-05,-8.599921987562965e-07,1.3481365791388331e-05,2.7384280343259766e-05,3.09403017713324e-05,5.827596199710448e-07,-0.0002603384513265233,1.607644305887641e-05,1.791087385232679e-05,1.8233132443195964e-05,1.810891745003268e-05,4.310427810039133e-06,3.5180021076943954e-05,1.8356243059610076e-05,1.7731781824220957e-05,1.1495315449711812e-05,1.4076005840890521e-05
expAE05,VUW_PISM1_s2,/Volumes/FMac/computing/data/antarctica/ismip6/hackathon/ComputedScalarsHelene/expAE05/shelfmelt/computed_shelfmelt_AIS_VUW_PISM1_s2_expAE05.nc,1.134707269447461e-05,1.416274635731925e-05,1.0337241445809724e-05,2.2903562380955157e-05,1.739029927170059e-05,-1.0206527073291823e-05,4.331715675467596e-06,1.0614756861172536e-05,1.2906982490892218e-05,2.2297287958091762e-05,1.8838504702107555e-05,3.180677577158537e-06,1.1869453146956859e-05,2.170314353130319e-05,2.5719717180088793e-05,-4.168743196843199e-06,-0.00017155123588003313,1.074672334296917e-05,1.544604280929253e-05,1.6358140922715827e-05,1.493612946020847e-05,-3.6390121301666355e-06,2.2903559563611644e-05,1.3837746071446447e-05,1.7652225032737307e-05,1.061476061196519e-05,4.33171565583806e-06
expAE05,VUW_PISM1_s3,/Volumes/FMac/computing/data/antarctica/ismip6/hackathon/ComputedScalarsHelene/expAE05/shelfmelt/computed_shelfmelt_AIS_VUW_PISM1_s3_expAE05.nc,6.6390685995067025e-06,1.1524191553240743e-05,9.469591016264309e-06,2.3142340822486606e-05,1.5195223524842869e-05,2.573982991263718e-05,4.99467614555409e-06,1.0156325544462036e-05,1.4767668990247562e-05,2.4987594803712933e-05,2.320752788217728e-05,7.666337597816445e-06,1.1557031268647605e-05,2.1962931973832805e-05,2.7230189761668966e-05,-4.225255139873778e-06,-0.00025451784673693784,4.6024283432583385e-06,1.4562615741792218e-05,1.448615586672425e-05,1.624337864909867e-05,-9.41815768874274e-06,2.3142341822369678e-05,1.1725042211287707e-05,1.634712682540971e-05,1.0156326312461051e-05,4.994675910309921e-06
expAE05,VUW_PISM1_s4,/Volumes/FMac/computing/data/antarctica/ismip6/hackathon/ComputedScalarsHelene/expAE05/shelfmelt/computed_shelfmelt_AIS_VUW_PISM1_s4_expAE05.nc,9.372599274613299e-06,1.7082685865102526e-05,1.2593218945475293e-05,3.319591613648277e-05,1.7779701392517624e-05,-2.9001275775078065e-05,8.749962040172227e-06,1.4353336078654755e-05,1.6094298320755e-05,2.4987789576862283e-05,2.2188950463175427e-05,4.684181421817781e-06,1.0746463164674227e-05,2.582657962845071e-05,3.117019471121449e-05,3.4705024140243523e-06,-0.00019422410901654558,1.797632073314274e-05,1.815667142544876e-05,1.832713150501318e-05,1.8720386355314525e-05,3.814334215114222e-06,3.319591848005831e-05,1.6764460420176537e-05,1.8559365715365238e-05,1.4353333838398357e-05,8.749964383582432e-06
expAE05,VUW_PISM2,/Volumes/FMac/computing/data/antarctica/ismip6/hackathon/ComputedScalarsHelene/expAE05/shelfmelt/computed_shelfmelt_AIS_VUW_PISM2_expAE05.nc,4.819982247114223e-06,1.7636326876371397e-05,1.4390677226849194e-05,3.14325389874377e-05,1.6056311714123125e-05,-0.00020110804675211024,2.6375502740114872e-05,1.8371224261807415e-05,1.7801796338021327e-05,1.5812765887013448e-05,2.406539460495598e-05,1.0167936460748127e-05,2.3030088068279514e-05,3.028632936605753e-05,3.179518378852207e-05,6.229834952086101e-06,-0.0002888142191797209,2.0981380946429564e-05,2.1178723020304783e-05,2.0592664317964898e-05,2.305420371483692e-05,8.352533377597344e-06,3.1432537311646476e-05,1.691874130938647e-05,1.744526843121404e-05,1.8371229851654658e-05,2.6375507417286215e-05
expAE05,VUW_PISM2_s1,/Volumes/FMac/computing/data/antarctica/ismip6/hackathon/ComputedScalarsHelene/expAE05/shelfmelt/computed_shelfmelt_AIS_VUW_PISM2_s1_expAE05.nc,2.8752705495150244e-06,2.0076352458067315e-05,1.446110676423316e-05,4.107022063225312e-05,1.644118149397878e-05,-0.00021284772167800658,2.713120911274719e-05,1.96483303178186e-05,1.9775995305945093e-05,1.9380851851854044e-05,2.5626647493389785e-05,1.8075459903300537e-05,2.3509066524974085e-05,3.253766137134018e-05,3.202839740498938e-05,7.064945280475749e-06,-0.0002731814757697117,2.140687020408949e-05,2.30917173803366e-05,2.247047482342267e-05,2.4692397148522775e-05,9.981322232263982e-06,4.107022193195988e-05,1.9298198964321653e-05,1.8055658305273035e-05,1.9648329526646772e-05,2.7131202082643152e-05
expAE05,VUW_PISM2_s2,/Volumes/FMac/computing/data/antarctica/ismip6/hackathon/ComputedScalarsHelene/expAE05/shelfmelt/computed_shelfmelt_AIS_VUW_PISM2_s2_expAE05.nc,6.821443276608832e-06,1.750045938308942e-05,1.2060782257696825e-05,2.4797114689801706e-05,1.5923631289662557e-05,-4.371698155811584e-05,2.3575774216897966e-05,1.9958953716232237e-05,1.572595444203387e-05,1.8320264493851497e-05,1.835322219688829e-05,7.6786214940314e-06,2.1300923153656003e-05,3.154603076423662e-05,3.17470880518912e-05,5.5004676304542026e-06,-0.00018820817448954037,1.7516619691257442e-05,2.0041346538695404e-05,1.9679047057599898e-05,2.176478543954086e-05,5.034401861054646e-06,2.4797119705038935e-05,1.689587671107032e-05,1.638186106920044e-05,1.9958953699486748e-05,2.357578012546287e-05
expAE05,VUW_PISM2_s3,/Volumes/FMac/computing/data/antarctica/ismip6/hackathon/ComputedScalarsHelene/expAE05/shelfmelt/computed_shelfmelt_AIS_VUW_PISM2_s3_expAE05.nc,3.7233520400106357e-06,1.392660360591379e-05,1.391786314848516e-05,3.561229398379633e-05,1.5226031702252988e-05,2.7936746164015393e-05,2.3211361396691167e-05,1.4112780506551791e-05,1.675405200000475e-05,1.9352618993715656e-05,2.3280881566392992e-05,1.843329197598562e-05,2.0493948029157447e-05,2.922769240310022e-05,3.149794212104375e-05,5.440147673530279e-06,-0.00017541711363781073,1.59236886202516e-05,1.7913298995883444e-05,1.6538595815016543e-05,2.1237837577109544e-05,2.4108808744930265e-06,3.5612283329446375e-05,1.4046541960141111e-05,1.6563015339419314e-05,1.4112782388341029e-05,2.3211359890973785e-05
expAE05,VUW_PISM2_s4,/Volumes/FMac/computing/data/antarctica/ismip6/hackathon/ComputedScalarsHelene/expAE05/shelfmelt/computed_shelfmelt_AIS_VUW_PISM2_s4_expAE05.nc,6.174646776037447e-06,2.1601272261884328e-05,1.3155401138838365e-05,2.3903059692798533e-05,1.7070883394900997e-05,1.487944777232562e-05,2.6613958017433034e-05,1.979276258620343e-05,2.0436901614170678e-05,1.7647331050603304e-05,2.496057663226103e-05,1.7399745380524204e-05,2.2540312291676583e-05,3.4103166326806036e-05,3.315210084714939e-05,1.1294369603196714e-05,-0.0002536309955868784,2.3815171934208466e-05,2.200750599656534e-05,2.1011658394190637e-05,2.4906636035305995e-05,1.1571817319491512e-05,2.3903055411568e-05,2.15433557763911e-05,1.8551076923061507e-05,1.9792766373734336e-05,2.6613960853138832e-05
expAE05,IMAU_UFEMISM1,/Volumes/FMac/computing/data/antarctica/ismip6/hackathon/ComputedScalarsHelene/expAE05/shelfmelt/jb_computed_shelfmelt_AIS_IMAU_UFEMISM1_expAE05.nc,,0.00011752371936400317,,,1.554844450812604e-05,,,0.00101924067863763,0.0003797853614319056,,1.9409671904435773e-05,,,,,-0.00011683684387695083,-0.0002015061832640889,-0.00011062040401221566,2.56316239690953e-05,4.148131818657481e-05,8.380314394030525e-06,-0.00022699184484651947,,0.000113796375436687,1.677616493334269e-05,0.0010192407162754472,
expAE05,IMAU_UFEMISM2,/Volumes/FMac/computing/data/antarctica/ismip6/hackathon/ComputedScalarsHelene/expAE05/shelfmelt/jb_computed_shelfmelt_AIS_IMAU_UFEMISM2_expAE05.nc,,0.00013482632474645913,,,2.2838397080080805e-05,,,-0.0007808976415439474,,,2.196455648763782e-05,,,,1.8919206086826074e-05,-0.00012056614356460181,-0.0002597403821376035,,3.490107092776002e-05,5.4044326510483926e-05,4.9565091290467345e-06,-0.0003228002510272233,,0.00013252524770003297,2.257743069304237e-05,-0.0007808976139228261,
expAE05,IMAU_UFEMISM3,/Volumes/FMac/computing/data/antarctica/ismip6/hackathon/ComputedScalarsHelene/expAE05/shelfmelt/jb_computed_shelfmelt_AIS_IMAU_UFEMISM3_expAE05.nc,-3.582388966343798e-05,9.668551180654166e-05,,0.0002304994381713675,2.405604232950263e-05,0.00036123984690785425,-0.000141186121992605,8.08991060614397e-05,0.0001436988627227809,0.0002161045141864096,2.9003970875735618e-05,-0.0017140737137982017,-0.008935274051529591,3.238168575296257e-05,0.0013779824598259688,-3.4576018358827346e-05,-7.966839564328923e-05,,4.0789296877111075e-05,4.421935773120766e-05,3.7536446223160176e-05,-0.00010384355434107948,0.00023049945242387398,9.742923551762736e-05,2.533709197660469e-05,8.089908735138818e-05,-0.00014118608676288208
expAE05,IMAU_UFEMISM4,/Volumes/FMac/computing/data/antarctica/ismip6/hackathon/ComputedScalarsHelene/expAE05/shelfmelt/jb_computed_shelfmelt_AIS_IMAU_UFEMISM4_expAE05.nc,-3.2313002152254964e-05,8.536924786496234e-05,,0.0014805200436922735,2.7138414163203885e-05,,6.250963339345938e-06,7.049453724280006e-05,0.0001331035559032867,0.0003234230401267256,2.3907882419596743e-05,-6.120929077157348e-05,-0.01782596240419848,-0.00023149818382569,0.00048363787228939466,-5.8138700907608935e-05,-0.00010561010850939318,,4.1202457628336995e-05,4.618808949056977e-05,3.0088238913677474e-05,-0.0001493890145173556,0.0014805201033005165,8.438122699412694e-05,2.6561488689151342e-05,7.049453744756275e-05,6.250959515036198e-06
