Experiment,Model,Path,sector_1,sector_2,sector_3,sector_4,sector_5,sector_6,sector_7,sector_8,sector_9,sector_10,sector_11,sector_12,sector_13,sector_14,sector_15,sector_16,sector_17,sector_18,AIS,region_1,region_2,region_3,Amundsen,Ross,FilchnerRonne,Aurora,Wilkes
expAE02,DC_ISSM,/Volumes/FMac/computing/data/antarctica/ismip6/hackathon/ComputedScalarsHelene/expAE02/shelfmelt/computed_shelfmelt_AIS_DC_ISSM_expAE02.nc,-53.191324547875695,-1275.2906437795418,-398.268092742471,-1440.4815797244391,-5728.085415014473,-59.824275609293295,-228.70066264037632,-368.4058245787828,-634.7884852771413,-656.0520427250485,-3556.4355935156855,73.18964199423985,72.08433307877041,-534.062844083518,-417.1744479992376,4.3304792100743725,690.746984340642,-370.28063443373935,-15031.047783786518,-8353.616927592368,-6454.3922856786885,394.70363963073294,-1440.482310442073,-1499.043506862441,-9591.345862554535,-368.40568842020184,-228.70073834074174
expAE02,DOE_MALI_4km,/Volumes/FMac/computing/data/antarctica/ismip6/hackathon/ComputedScalarsHelene/expAE02/shelfmelt/computed_shelfmelt_AIS_DOE_MALI_4km_expAE02.nc,-1217.606630085962,-3561.5927485784086,-1869.8425121296987,-12166.86813942252,-10523.261406767182,-107.45710458618692,-1075.210782928133,-1473.4626254730574,-1118.6047817469334,-2758.837857810755,-5090.00313789694,-119.68639932036609,-2216.906797562462,-1271.1113051040165,-1666.1355386314153,-257.8543993001331,336.5787546357111,-2181.503255406782,-53158.858703804784,-31204.64312307509,-19153.243626804673,-2025.6354990228547,-12166.866381539603,-4058.7870519663775,-16436.97428597197,-1473.4599852274332,-1075.2107803803056
expAE02,DOE_MALI_8km_Ant95,/Volumes/FMac/computing/data/antarctica/ismip6/hackathon/ComputedScalarsHelene/expAE02/shelfmelt/computed_shelfmelt_AIS_DOE_MALI_8km_Ant95_expAE02.nc,-1084.4648805969337,-9928.847988054753,-1998.8963489041435,-2784.226765688072,-13711.632717930042,-37.97296117320093,-973.328919265161,-2371.7922156881577,-1624.6826066827953,-3120.595002627346,-7004.661764334345,-84.67731561062703,-436.2439152448974,-1188.1217305574592,-2037.0912959004763,-254.6260940742318,358.5616637303908,-1614.6872488616827,-75466.7157467042,-44157.69043302882,-24165.988402995616,-1414.8417735134954,-2784.223632220259,-10904.2271499056,-21562.98349687812,-2371.7911346071814,-973.3289122249062
expAE02,DOE_MALI_8km_AntMean,/Volumes/FMac/computing/data/antarctica/ismip6/hackathon/ComputedScalarsHelene/expAE02/shelfmelt/computed_shelfmelt_AIS_DOE_MALI_8km_AntMean_expAE02.nc,-949.4083609067625,-6363.403139062055,-2157.0460133053175,-5299.176310278795,-11269.737754971153,-22.952403452967474,-1010.8907275088477,-2280.827626432845,-1310.8748375095947,-2803.692330386326,-5907.128161820645,-65.56384047716631,-400.4212133121125,-1040.2321498620627,-1745.6593339287938,-226.15651572467505,364.22748399459664,-1619.1659624091099,-62812.55346093536,-37647.64535314753,-19885.456025582345,-1385.324385788911,-5299.177141657921,-7029.404906467684,-17959.066055053336,-2280.825455851338,-1010.8906049948355
expAE02,IGE_ElmerIce,/Volumes/FMac/computing/data/antarctica/ismip6/hackathon/ComputedScalarsHelene/expAE02/shelfmelt/computed_shelfmelt_AIS_IGE_ElmerIce_expAE02.nc,-10.12768306872448,-425.79363822433925,-607.7368606539856,-1370.5937365877562,-2122.384642163439,-28.87295737485499,-892.5075158932696,-391.1347954767007,-534.4773866326882,-937.2461292380835,-1242.6984948596573,45.71900747676764,5.444943144585295,82.37819701380397,-1001.8453734686386,-57.31109805390929,1043.8898441336132,-254.75783294270673,-9881.151848189154,-4730.707131741525,-4794.673493699647,922.647101731445,-1370.5939371456702,-413.1295216698427,-3512.6491306744792,-391.1354380984649,-892.5075820325915
expAE02,ILTS_SICOPOLIS,/Volumes/FMac/computing/data/antarctica/ismip6/hackathon/ComputedScalarsHelene/expAE02/shelfmelt/computed_shelfmelt_AIS_ILTS_SICOPOLIS_expAE02.nc,-2482.7949288919435,-12044.773004049792,-2459.6421012680257,-13346.111243567284,-7893.986006576815,-358.0655404868605,-1072.5369254788757,-3634.5896583673457,-3095.518110894105,-4489.897750313536,-7928.647639076342,-9.258211394936865,-614.3792472587158,-3610.452519788947,-3828.646729784332,-134.5160881942134,-1.434948948606106,-3694.5071364739706,-74166.13409807725,-38436.82657093613,-29272.001831338304,-3519.2770203323653,-13346.105406280418,-14108.637518375974,-17328.25476242017,-3634.5870564584875,-1072.5367825227538
expAE02,IMAU_UFEMISM1,/Volumes/FMac/computing/data/antarctica/ismip6/hackathon/ComputedScalarsHelene/expAE02/shelfmelt/computed_shelfmelt_AIS_IMAU_UFEMISM1_expAE02.nc,21.644999107735543,-5536.437907996038,-1758.0120745983331,-804.4973135602572,-7508.465068282116,0.6169495361592681,,-1097.268457015447,-492.0668840856388,-612.6123783760777,-3898.6490807045047,,65.1369383239649,-153.8303996102527,-732.136851816811,-83.16306237109575,487.3738220541036,45.21486805814823,-19782.60968493164,-13834.143953126433,-6697.572726986931,478.9766350512905,-804.496550051445,-5686.812996653385,-11498.85150969022,-1097.2689298001874,
expAE02,IMAU_UFEMISM2,/Volumes/FMac/computing/data/antarctica/ismip6/hackathon/ComputedScalarsHelene/expAE02/shelfmelt/computed_shelfmelt_AIS_IMAU_UFEMISM2_expAE02.nc,141.28563442506203,-8994.704801079493,-327.40458711583165,-606.9698275086557,-10202.23075661854,-176.04415692948055,607.9675577000557,-234.3963305381817,-326.16340369909176,-982.5471684957965,-4224.91186109919,,40.840428413252994,-61.886602414804884,-622.1446450690714,-160.1053160551138,457.2855604504996,0.826026008486874,-24597.8390143039,-19474.563248557854,-5780.659943611376,228.92488875055096,-606.9703339001196,-9252.06346783078,-14484.516118507432,-234.39638192579105,607.9677253178363
expAE02,IMAU_UFEMISM3,/Volumes/FMac/computing/data/antarctica/ismip6/hackathon/ComputedScalarsHelene/expAE02/shelfmelt/computed_shelfmelt_AIS_IMAU_UFEMISM3_expAE02.nc,-6.644241736583524,-13910.607294567882,-445.19241020298796,-2694.3287203628734,-18613.541201903645,-347.6881261782157,63.21085592178838,-952.4273836342381,-1334.835731988359,-1467.5135731765877,-9593.50761804203,19.810596671522603,35.64678343197126,-347.8405002498853,-1377.806251988126,-201.63901474816464,357.11302155192425,-219.1274259001387,-54445.19443816066,-36338.70333443767,-16359.958814715224,122.2271353632504,-2694.3290056820642,-14820.329861622162,-28738.05953385809,-952.4265109444864,63.210991663303275
expAE02,IMAU_UFEMISM4,/Volumes/FMac/computing/data/antarctica/ismip6/hackathon/ComputedScalarsHelene/expAE02/shelfmelt/computed_shelfmelt_AIS_IMAU_UFEMISM4_expAE02.nc,380.42889694689944,-12083.972720189202,-400.33207952927773,-1592.339198696418,-16709.964966351035,-135.6491439909871,205.40609330918574,-1325.0718823554707,-824.5688645955952,-1146.1260526598571,-5799.179209614133,-4.328212394530624,51.43807400290049,-292.41350287962723,-1203.095783571035,-114.77744363578245,343.7101732215117,,-45703.238952228596,-32221.873558518317,-11768.47310692018,193.362469981338,-1592.340174002214,-12749.738051698983,-23290.961282726515,-1325.0712022335856,205.406019393198
expAE02,LSCE_GRISLI2,/Volumes/FMac/computing/data/antarctica/ismip6/hackathon/ComputedScalarsHelene/expAE02/shelfmelt/computed_shelfmelt_AIS_LSCE_GRISLI2_expAE02.nc,-120.58847265049366,-3353.300999711504,-628.5572825063639,-1517.908313028524,-7401.207958429273,92.65068831060552,-354.9327519713786,139.84029124219433,-1567.4690521091497,-1584.3637850886316,-1.58588298869563,74.29181929510165,-74.93324461308953,-120.6945878593147,-797.968663555871,-180.8067985211141,1256.3126900155912,-464.7964749297671,-22133.049290994124,-15302.08578354901,-4910.477641294528,695.7363916329941,-1517.908726146735,-4767.873051196897,-8165.692796027335,139.84096071804174,-354.93259303965294
expAE02,LSCE_GRISLI,/Volumes/FMac/computing/data/antarctica/ismip6/hackathon/ComputedScalarsHelene/expAE02/shelfmelt/computed_shelfmelt_AIS_LSCE_GRISLI_expAE02.nc,-2416.88383622936,-3092.315794050337,-3267.733313387733,-5908.542744197468,-7389.033545131293,-114.70717290072957,-1133.3248744683956,-3776.2212215024374,-1120.267359795669,-4844.658116060244,-597.5997760701848,-351.21933058691934,-2960.819546349301,-4136.65595221267,-3369.3319030359635,-485.05340202210937,90.0844269415345,-6628.287408426841,-59634.90669199382,-29015.61121482341,-21845.356520587287,-6699.6947910091985,-5908.545508377083,-5603.758429498834,-9089.40881194998,-3776.2202513931734,-1133.324889166145
expAE02,NCAR_CISM1,/Volumes/FMac/computing/data/antarctica/ismip6/hackathon/ComputedScalarsHelene/expAE02/shelfmelt/computed_shelfmelt_AIS_NCAR_CISM1_expAE02.nc,-153.60425140083044,-1410.9346500231231,-934.4845453771773,-1567.7417981487943,-6859.780899588215,-152.77022123505913,12.34054538348505,-86.67834080371426,-843.4462149852625,-244.23146509900653,-2724.502016752278,-37.725762005314095,-504.4212739292959,-309.55641399134413,-573.2155862383756,-508.431795110494,898.5506737303349,-658.1604527385875,-15894.211230796995,-9981.405872886673,-5362.880474003374,84.85372499840969,-1567.7414520996979,-1715.7426931639802,-9858.462288324787,-86.67835776959156,12.340528933791973
expAE02,NCAR_CISM2,/Volumes/FMac/computing/data/antarctica/ismip6/hackathon/ComputedScalarsHelene/expAE02/shelfmelt/computed_shelfmelt_AIS_NCAR_CISM2_expAE02.nc,-1549.86158316398,-4909.001872986362,-1700.0518482721027,-7012.367839608643,-13952.23238637788,-265.5786687202501,-625.4795922048415,-3190.023294865203,-2705.7811905334383,-4765.64154908069,-11324.775229061233,-134.59604149360848,-482.53469014005987,-1444.028744800903,-2935.0671494202743,-197.8511594781188,112.77751936833602,-2622.4008183433525,-62855.39075901685,-30323.17377827913,-29398.222016531276,-2635.9147488811886,-7012.372304866567,-5640.388555265272,-25430.541976756635,-3190.0233520406728,-625.4795912506743
expAE02,NORCE_CISM2-MAR364-ERA-t1,/Volumes/FMac/computing/data/antarctica/ismip6/hackathon/ComputedScalarsHelene/expAE02/shelfmelt/computed_shelfmelt_AIS_NORCE_CISM2-MAR364-ERA-t1_expAE02.nc,-879.8217169583045,-758.4435432046921,-1987.743819681532,-6835.691713401415,-12486.63401271982,-1055.408905777691,-175.91865460289182,-3688.022314201273,-2815.47019633158,-2696.044263859296,-8843.271798141199,-140.95052136118238,-652.2970394118975,-1117.692041424064,-1696.7582966206828,-528.7985529077453,1482.116676925867,-1414.9627134185757,-51020.05512264461,-24142.66093540033,-25327.11519187811,-331.82929670463136,-6835.687080258214,-2397.9748962496524,-21587.63577891927,-3688.02045968498,-175.91880934911023
expAE02,NORCE_CISM3-MAR364-ERA-t1-local,/Volumes/FMac/computing/data/antarctica/ismip6/hackathon/ComputedScalarsHelene/expAE02/shelfmelt/computed_shelfmelt_AIS_NORCE_CISM3-MAR364-ERA-t1-local_expAE02.nc,-262.4981319930721,-2219.5990918419793,-795.263159013879,-1709.0197768451726,-9146.629253056111,-370.35854411359423,163.6259824487147,-191.551799542573,-1090.0858733770447,-1407.2347604555416,-5191.429035235949,-60.473016683985634,-790.8286014009509,-433.71925749763204,-1095.453783465351,-540.4036526298476,1359.230123626146,-628.0813808129656,-25025.211121004337,-13898.924095441369,-10932.332992987642,478.34792111957836,-1709.0193244242078,-2822.0415293266906,-14590.656897595414,-191.55180240231857,163.62598890766526
expAE02,NORCE_CISM3-MAR364-ERA-t1-nonlocal,/Volumes/FMac/computing/data/antarctica/ismip6/hackathon/ComputedScalarsHelene/expAE02/shelfmelt/computed_shelfmelt_AIS_NORCE_CISM3-MAR364-ERA-t1-nonlocal_expAE02.nc,-315.0931820329804,-1847.0720680391842,-977.3558176338274,-1766.8848221042163,-7378.664644710494,-533.9888969375402,182.59981665218083,-144.9933449050427,-1127.913761510289,-1598.3690864421997,-4264.704693180463,-54.73777701705035,-838.2288893853333,-578.5352039361433,-1243.7868651785661,-606.8879905744129,1360.3454538361448,-783.2800841009494,-23119.705944861198,-12152.206512983146,-10676.959269999032,308.9745947303825,-1766.884740277319,-2773.4497955128045,-11781.21996199566,-144.99340664563852,182.5996911813586
expAE02,NORCE_CISM3-MAR364-ERA-t1,/Volumes/FMac/computing/data/antarctica/ismip6/hackathon/ComputedScalarsHelene/expAE02/shelfmelt/computed_shelfmelt_AIS_NORCE_CISM3-MAR364-ERA-t1_expAE02.nc,-725.9006272335155,-429.23886592106646,-1524.5630590894089,-6224.554018717601,-11233.410236971431,-653.1847987908304,-751.6236807022406,-2054.6351604582287,-2127.3532038509184,-3021.2868270193285,-8109.440125687324,-126.39579916010359,-870.8889494311688,-1099.0295745214844,-1842.8284723282486,-425.4901073911012,1568.3472261184102,-650.9429804644919,-45280.78066626587,-20838.902260597926,-23314.005611331362,733.582571173057,-6224.551805280495,-1932.6371476942932,-19726.431636517867,-2054.63537951764,-751.6237732228401
expAE02,NORCE_CISM4-MAR364-ERA-t1-local,/Volumes/FMac/computing/data/antarctica/ismip6/hackathon/ComputedScalarsHelene/expAE02/shelfmelt/computed_shelfmelt_AIS_NORCE_CISM4-MAR364-ERA-t1-local_expAE02.nc,-405.4476272117288,-2415.143331196319,-1278.2216513175827,-3230.036941767794,-9758.133360764557,-463.43335130655623,-220.3628660941274,-2595.6604723700384,-1493.1184190549811,-1895.643390416687,-5002.775525071545,-117.4918882817924,-920.4428943890211,-652.3714583787655,-1131.30817254964,-428.68749427169314,1696.4708885732512,-626.6111057511725,-31492.01279079124,-16253.753226592104,-14701.542976785931,877.7635788294034,-3230.0375081848133,-3136.333363795233,-15181.409081443147,-2595.6612256564085,-220.36288112595116
expAE02,NORCE_CISM4-MAR364-ERA-t1-nonlocal,/Volumes/FMac/computing/data/antarctica/ismip6/hackathon/ComputedScalarsHelene/expAE02/shelfmelt/computed_shelfmelt_AIS_NORCE_CISM4-MAR364-ERA-t1-nonlocal_expAE02.nc,-434.07426073234683,-2031.581017088387,-1150.0674320713333,-3258.320198347763,-7766.546988725895,-509.4896208375094,-388.5953866311452,-2496.2529561237507,-1606.244135494092,-2033.8585979386917,-3797.1343959594124,-84.95293442715945,-1020.6346332053085,-781.1799765687338,-1259.4099067502011,-422.6742871078393,1636.592354518957,-809.1964704325578,-28407.780086233877,-13757.223504108246,-14016.659481044153,835.6450922943052,-3258.320821330388,-2846.26084532174,-11919.384202679765,-2496.2536974324657,-388.5952833781553
expAE02,NORCE_CISM4-MAR364-ERA-t1,/Volumes/FMac/computing/data/antarctica/ismip6/hackathon/ComputedScalarsHelene/expAE02/shelfmelt/computed_shelfmelt_AIS_NORCE_CISM4-MAR364-ERA-t1_expAE02.nc,-472.429038728676,-963.6124238971115,-1111.2319815177261,-5276.753579504471,-9667.210387175786,-521.0280903275225,-544.5046070059752,-3666.571305270936,-1518.9868064825869,-2381.9492380900247,-5881.60115202998,-103.02133546893776,-867.6735904867414,-509.22344497311315,-1276.67658837189,-398.521428170018,1775.199882130676,-688.0718580231432,-36906.68255324758,-16289.52620810039,-19602.3289718303,801.1312907481896,-5276.755002059897,-2098.2771207802234,-16110.915541323382,-3666.571301989061,-544.5049992546219
expAE02,NORCE_CISM4-MAR364-JRA-t1,/Volumes/FMac/computing/data/antarctica/ismip6/hackathon/ComputedScalarsHelene/expAE02/shelfmelt/computed_shelfmelt_AIS_NORCE_CISM4-MAR364-JRA-t1_expAE02.nc,-528.6007954736481,-868.2208005044904,-1077.547975030171,-5253.96940849438,-10742.737144720959,-481.58543832472424,-597.2595427045903,-3650.191561922955,-1405.880163751719,-2348.9835207310352,-6406.341392763039,-98.24496251795188,-856.3331004271881,-1137.6845643210154,-1233.3634032230457,-415.8724591956686,1651.099939100779,-742.7365395408124,-40014.05556378869,-18104.321591573447,-20552.90417508119,649.1314351642485,-5253.974409240327,-2110.4440334700557,-17860.8158439517,-3650.191576377245,-597.2593334245262
expAE02,NORCE_CISM5-MAR364-ERA-t1-local,/Volumes/FMac/computing/data/antarctica/ismip6/hackathon/ComputedScalarsHelene/expAE02/shelfmelt/computed_shelfmelt_AIS_NORCE_CISM5-MAR364-ERA-t1-local_expAE02.nc,-570.0876923042606,-2310.3710465872828,-1121.6179671021682,-3992.857668628498,-9785.545075992282,-351.44934441180476,-24.173170495688964,-1266.292118585745,-1459.7855799878525,-2563.8232680013507,-7415.84710814376,77.47769161004504,-1757.1956493942835,-648.219100238583,-1022.2029236987782,-474.2275213605906,2485.317570499433,-712.0529132737383,-35494.76468054831,-16827.445825326067,-17857.701213533946,1078.7228219214014,-3992.858023159384,-2940.332382475395,-17364.197547040138,-1266.292268529749,-24.173068697136046
expAE02,NORCE_CISM5-MAR364-ERA-t1-nonlocal,/Volumes/FMac/computing/data/antarctica/ismip6/hackathon/ComputedScalarsHelene/expAE02/shelfmelt/computed_shelfmelt_AIS_NORCE_CISM5-MAR364-ERA-t1-nonlocal_expAE02.nc,-677.4363921812478,-2064.2520454114674,-1584.591024841584,-5294.812445953163,-8193.052049262049,-273.39957408278497,-3.450852688138184,-2116.01854924476,-2145.790866122995,-2589.963770712965,-5774.049984051646,78.44268813214194,-1667.6344702687684,-707.7625208096324,-1279.6970550564524,-380.857126960821,2277.78171868325,-1129.3093624847602,-34478.20681654499,-16555.011406167017,-16715.74444828875,834.2753953301502,-5294.811443157978,-2793.6014371226174,-14169.446884451529,-2116.0198978647204,-3.4507872988061763
expAE02,NORCE_CISM5-MAR364-ERA-t1,/Volumes/FMac/computing/data/antarctica/ismip6/hackathon/ComputedScalarsHelene/expAE02/shelfmelt/computed_shelfmelt_AIS_NORCE_CISM5-MAR364-ERA-t1_expAE02.nc,-665.5709201819998,-548.9637331080394,-1065.5979893074755,-5800.3628958668,-7702.763185713469,-315.8545298326567,58.27631704076936,-5477.562288911035,-1685.118655880442,-1841.0301063538964,-6834.175895436154,98.19049474530942,-1043.3224139615654,-640.015314150181,-687.5374229330428,-443.8646970906593,2242.7910670558786,-654.1955057144419,-35613.065454869124,-14878.249228909874,-19840.161289637676,1095.2311057351837,-5800.362943089316,-1315.4845041399276,-14598.275445955936,-5477.562130059578,58.276288109945824
expAE02,PIK_PISM,/Volumes/FMac/computing/data/antarctica/ismip6/hackathon/ComputedScalarsHelene/expAE02/shelfmelt/computed_shelfmelt_AIS_PIK_PISM_expAE02.nc,-833.9052945230756,-4417.1501585286605,-3558.867085734526,-6621.816230346905,-18740.400294808394,-626.8943094422489,-32.824190539232404,-3431.1091746481434,-6328.733273011028,-3151.435894189035,-8644.782173032505,21.576851134748978,160.96329788971957,-798.6102079777929,-1137.1960725920899,-295.7077546787467,1092.4082078858382,-879.8402763205604,-65082.0919877252,-34717.732454770696,-28285.013598191406,-174.3948771887317,-6621.815217859234,-5437.219660322407,-27553.298982702938,-3431.1074017318897,-32.82433098587262
expAE02,UCM_Yelmo,/Volumes/FMac/computing/data/antarctica/ismip6/hackathon/ComputedScalarsHelene/expAE02/shelfmelt/computed_shelfmelt_AIS_UCM_Yelmo_expAE02.nc,-1444.043174133295,-1930.9289821003822,-1937.022372908781,-2493.917197865432,-9925.07101605348,-71.05237287905277,106.48642452642088,327.6542257008994,-1088.5726942296928,-4020.7698115728945,-6591.2150971696865,15.812598694035643,-1223.2735750996294,-1243.2883508486725,-2315.660315526933,-226.82498551222784,1282.178729797041,-3184.5258405229124,-37121.48490635234,-17958.58419812333,-17192.010211331675,-1847.187763198921,-2493.917671633177,-2011.840977608449,-16769.57240584283,327.6542268309069,106.48658439267047
expAE02,UCSD_ISSM,/Volumes/FMac/computing/data/antarctica/ismip6/hackathon/ComputedScalarsHelene/expAE02/shelfmelt/computed_shelfmelt_AIS_UCSD_ISSM_expAE02.nc,120.49829824750088,-67.02045759922379,189.41102211213735,-10764.897694612126,-804.4316358481001,-5.4251090023676625,-477.81710796132165,-174.23632904551778,-37.228534424954546,164.10800362726184,-324.52988819426423,108.7616932327402,210.29735570099632,62.217816307954536,-13.47239203932918,62.50570555673039,22.378392921848445,385.204949283225,-10877.052441893458,-10782.155868442904,870.1125012462653,1267.9150258559157,-10764.89235178948,-74.14943005993922,-1321.2519799876763,-174.23736197746985,-477.8174548032964
expAE02,ULB_fETISh-KoriBU1,/Volumes/FMac/computing/data/antarctica/ismip6/hackathon/ComputedScalarsHelene/expAE02/shelfmelt/computed_shelfmelt_AIS_ULB_fETISh-KoriBU1_expAE02.nc,-686.6021954228627,-1590.8569519533166,-1725.172936279333,-4809.5126153033725,-4189.587211495149,-65.60937756054199,-2251.3147247502257,-1734.1922883999432,-1062.7749170368206,-2268.8129792587424,-1926.4713167053633,87.75335039390919,-501.329287300935,-254.19763139102315,-2665.9215301692348,-313.75862540294145,1971.3053439591213,-186.43948395056623,-28408.45274712189,-14960.017420688375,-12810.018966117728,919.7649900959567,-4809.514598689444,-1370.1299857426402,-6237.383844158074,-1734.192831266012,-2251.3153210316896
expAE02,ULB_fETISh-KoriBU2,/Volumes/FMac/computing/data/antarctica/ismip6/hackathon/ComputedScalarsHelene/expAE02/shelfmelt/computed_shelfmelt_AIS_ULB_fETISh-KoriBU2_expAE02.nc,-745.2014488271834,-4414.81080374532,-1988.22441369451,-19964.628518194528,-10713.80108891541,-257.39143868994324,-178.44136506045697,-1671.7177040272636,-1629.7691628404136,-2992.092174135325,-4733.877379977694,147.95497206650577,-233.01780900109065,-537.4208357217449,-1875.8927965047305,-107.62338653084788,1316.821097770618,-912.1782696733385,-67926.06595263537,-47623.878641676594,-15671.6819093222,396.5068546306145,-19964.630627553866,-5168.171127925823,-16175.310943681608,-1671.7179723752324,-178.4415406410676
expAE02,UNN_Ua,/Volumes/FMac/computing/data/antarctica/ismip6/hackathon/ComputedScalarsHelene/expAE02/shelfmelt/computed_shelfmelt_AIS_UNN_Ua_expAE02.nc,-513.5721022712764,-1268.3394951521786,-905.9084115038258,-6744.076233339256,-9482.621426708145,-107.10103667780538,-229.9014269669692,-618.4099759629753,-1172.6052373031425,-1309.0025487656185,-4821.109488110298,-70.3741958269755,-520.7012243364927,-901.6461440541507,-946.9059207953551,-61.055262311447805,135.48906589948172,-735.1994726472094,-31284.432271822327,-18492.057393378913,-11348.907646211184,-640.1421173973963,-6744.075181888702,-1516.321709216394,-14980.78795609378,-618.4098584510884,-229.90143826344638
expAE02,UTAS_ElmerIce,/Volumes/FMac/computing/data/antarctica/ismip6/hackathon/ComputedScalarsHelene/expAE02/shelfmelt/computed_shelfmelt_AIS_UTAS_ElmerIce_expAE02.nc,142.28039219435158,-960.186476914535,-549.2441934660822,-1065.4686297229996,-5405.846015754996,-134.18875167736468,57.32186164979555,-776.9478064505411,-448.8169548070439,-706.4224570240381,-2624.648408117655,-201.65191883120423,-205.53749053207355,-235.7365847204935,-503.9665340799236,-84.92474743202462,713.3153785952804,-372.9068854224249,-14161.948065789824,-8204.372190819013,-6081.115225298381,329.24707007119264,-1065.46880557558,-1113.9773374193865,-8335.11553957544,-776.9479825904759,57.32185005149597
expAE02,VUB_AISMPALEO,/Volumes/FMac/computing/data/antarctica/ismip6/hackathon/ComputedScalarsHelene/expAE02/shelfmelt/computed_shelfmelt_AIS_VUB_AISMPALEO_expAE02.nc,708.8668166419247,781.4998348317804,197.6125316327777,964.5157401806182,-1943.3209964707748,-247.48446228452212,335.87421156102016,1075.5760615278891,607.7581087269409,389.5563245128817,24.533139814790047,445.57828247153594,-121.3301752416537,783.5996195524397,-279.37568890681064,-298.5268397626742,2086.94946405029,774.4841029059473,4568.098735149892,85.28209486520063,2411.9226904387688,2911.801567561146,964.5160719189423,470.507905698827,-1818.2832455992393,1075.5760405140345,335.874169234675
expAE02,VUW_PISM1,/Volumes/FMac/computing/data/antarctica/ismip6/hackathon/ComputedScalarsHelene/expAE02/shelfmelt/computed_shelfmelt_AIS_VUW_PISM1_expAE02.nc,-3252.9717557559616,-8825.641008746054,-3243.4525227128634,-12366.851136277615,-31111.743448010122,27.946669587572273,-564.5484964113641,-5756.595552143928,-3676.7043424627172,-6537.722536045696,-10536.497247355263,-60.66667747784818,-999.3773006253477,-2616.9257335075927,-5317.533453095541,-108.49448588343,894.9580288950422,-2950.4955450748676,-106282.75384200958,-57864.25429508221,-40610.616591075115,-3232.3699504084107,-12366.851184977255,-10795.450338197683,-46530.59711231945,-5756.595314919692,-564.5486142355057
expAE02,VUW_PISM1_s1,/Volumes/FMac/computing/data/antarctica/ismip6/hackathon/ComputedScalarsHelene/expAE02/shelfmelt/computed_shelfmelt_AIS_VUW_PISM1_s1_expAE02.nc,-5093.248747969066,-15584.257656413909,-7352.667238680588,-13132.114525165598,-28482.48665165587,324.8547750294432,-1999.1217703397797,-12347.511853172968,-8480.024898722979,-5765.456188984266,-7212.740136928995,-5.275078165025484,-2308.779984528337,-6578.614382051528,-3214.460311277988,477.55569119409705,128.2810957422506,-5116.809141815724,-142495.91653620638,-81379.68868633054,-53137.168620748474,-4345.67111175297,-13132.112339954492,-17750.461508882447,-34899.012795113216,-12347.516257741041,-1999.1224104714292
expAE02,VUW_PISM1_s2,/Volumes/FMac/computing/data/antarctica/ismip6/hackathon/ComputedScalarsHelene/expAE02/shelfmelt/computed_shelfmelt_AIS_VUW_PISM1_s2_expAE02.nc,-2794.0878301009398,-7667.883981747724,-2600.772088480635,-7932.866884449017,-29101.96958710834,-30.39897959629728,-698.7755993185417,-4642.557848151766,-3318.1574489245304,-4520.63646939773,-10726.548972677148,6.9725891026347036,-1136.1343987439986,-2576.0774124169257,-5267.567836602035,-123.81860989525643,856.136220515647,-2820.5993306189157,-93386.39800784562,-49689.10586635975,-36910.10795984317,-3098.2887547613136,-7932.86782156419,-9314.916797273043,-43921.639703485576,-4642.558271016504,-698.7755060506845
expAE02,VUW_PISM1_s3,/Volumes/FMac/computing/data/antarctica/ismip6/hackathon/ComputedScalarsHelene/expAE02/shelfmelt/computed_shelfmelt_AIS_VUW_PISM1_s3_expAE02.nc,-2452.8368835060246,-8744.89378942916,-3108.915396741211,-11413.580336654057,-27371.020078267742,-645.2561260787179,-315.67028055440414,-4350.761484867271,-3527.3422616436255,-6207.895311184637,-10768.78634936674,-223.8287507908534,-1101.5608790729743,-2734.9763862511463,-5205.938377856397,-141.1904527412188,996.4927941552316,-2899.963702004168,-98435.70420134475,-52965.242933213245,-40233.23468674459,-3022.169101825273,-11413.5783057381,-10643.923479871619,-41704.458787030904,-4350.761040851798,-315.6702207116605
expAE02,VUW_PISM1_s4,/Volumes/FMac/computing/data/antarctica/ismip6/hackathon/ComputedScalarsHelene/expAE02/shelfmelt/computed_shelfmelt_AIS_VUW_PISM1_s4_expAE02.nc,-3760.7379109436715,-10870.637859242284,-3448.7044243139226,-12553.512316109416,-31888.834359995017,-438.2597358011292,-750.4277595283224,-6887.650332226298,-3913.6139167849124,-7880.553632781539,-12446.995202147213,-71.9294424262904,-1128.4860345595125,-3411.5227108062063,-6103.6102291907955,-135.10188528953046,984.7949022426405,-3434.2389055906933,-119051.62479037466,-62095.807988555025,-47729.99403079602,-3738.077895112383,-12553.512328287976,-13800.707909528719,-49630.41150989698,-6887.64845492928,-750.4279168945029
expAE02,VUW_PISM2,/Volumes/FMac/computing/data/antarctica/ismip6/hackathon/ComputedScalarsHelene/expAE02/shelfmelt/computed_shelfmelt_AIS_VUW_PISM2_expAE02.nc,-4162.567646027048,-11420.619209023214,-3183.12930253137,-17371.427296000402,-28645.81979644441,99.76156653998595,-1297.1203517884978,-9518.188070421464,-4255.80684200143,-5060.497526306295,-18349.5756900068,-209.9707404069457,-1465.2225034433404,-5565.752213106483,-7446.145696179141,-250.03243009568098,1155.8427832018278,-4586.749002744371,-140330.66563384974,-69489.88626274257,-61137.134474257124,-5547.4793682055315,-17371.424984596684,-13803.754317454845,-50138.44997351451,-9518.187861368822,-1297.1204532959923
expAE02,VUW_PISM2_s1,/Volumes/FMac/computing/data/antarctica/ismip6/hackathon/ComputedScalarsHelene/expAE02/shelfmelt/computed_shelfmelt_AIS_VUW_PISM2_s1_expAE02.nc,-4353.123851012857,-13540.870270247047,-2917.8252698430624,-25051.886648583,-28274.872550479544,131.9010573322929,-2954.4987875667302,-10689.40365523002,-5178.939275465207,-6123.467386455486,-19416.446554776296,-302.67311055961807,-1674.1824122897779,-5537.174375259237,-8146.793879593697,-245.1226551718206,1064.8935147162595,-4611.058161498408,-154746.57602060033,-76154.5084575619,-68715.05115081137,-5683.48062619321,-25051.886119376682,-16712.068112492925,-50825.91516587691,-10689.406014763765,-2954.4992471832747
expAE02,VUW_PISM2_s2,/Volumes/FMac/computing/data/antarctica/ismip6/hackathon/ComputedScalarsHelene/expAE02/shelfmelt/computed_shelfmelt_AIS_VUW_PISM2_s2_expAE02.nc,-4176.371789620256,-9550.571853488767,-2437.6523722495767,-14449.233861910507,-28541.409450699808,-1.0528242564817845,-907.5181281438227,-5109.268048452153,-3892.8079150865906,-4188.987535329297,-14700.25519869769,-172.28567931037594,-1419.7825341597545,-3316.8914103314946,-6836.730048587855,-216.0636192814775,1150.0360130613858,-4148.547278884664,-114533.95620123693,-58718.79068126329,-47299.88247035211,-5057.109162832508,-14449.233788392823,-11545.046333246799,-46694.115421745184,-5109.269039012794,-907.5174781369865
expAE02,VUW_PISM2_s3,/Volumes/FMac/computing/data/antarctica/ismip6/hackathon/ComputedScalarsHelene/expAE02/shelfmelt/computed_shelfmelt_AIS_VUW_PISM2_s3_expAE02.nc,-3300.654666845692,-11176.416508112583,-2304.4016463777334,-13383.76231295459,-28433.726052405866,-820.5065488262608,-878.7368747064811,-6203.074707341253,-4128.431783173199,-5772.454960986142,-16499.79829240167,-124.84530524720833,-1682.8258496639955,-4750.219671606559,-6995.037195129058,-260.7050620055959,1081.3821037026823,-4379.592107329388,-120200.2527519422,-58386.42109547023,-55772.74108785362,-5055.910160853999,-13383.761491278972,-13681.529966962775,-47956.87962873942,-6203.075069697663,-878.7362011003961
expAE02,VUW_PISM2_s4,/Volumes/FMac/computing/data/antarctica/ismip6/hackathon/ComputedScalarsHelene/expAE02/shelfmelt/computed_shelfmelt_AIS_VUW_PISM2_s4_expAE02.nc,-4572.7668803260385,-14364.86876395715,-3151.6632838809073,-15012.411649361922,-30133.325732926925,-550.0198191461363,-1420.9373277123068,-10769.534200792357,-4550.5877404312305,-5932.345340682232,-18766.572622141503,-253.7335106577766,-1425.4799589031836,-5900.20825356471,-8317.576083131418,-301.35818700795016,1107.5433078370354,-4552.682101296785,-164290.8978054687,-85273.66535474523,-68167.26229711805,-5628.153077794937,-15012.40363496601,-18225.503887789884,-52031.56155466894,-10769.537651987433,-1420.9366215580394
expAE02,IMAU_UFEMISM1,/Volumes/FMac/computing/data/antarctica/ismip6/hackathon/ComputedScalarsHelene/expAE02/shelfmelt/jb_computed_shelfmelt_AIS_IMAU_UFEMISM1_expAE02.nc,21.644999107735543,-5536.437907996038,-1758.0120745983331,-804.4973135602572,-7508.465068282116,0.6169495361592681,,-1097.268457015447,-492.0668840856388,-612.6123783760777,-3898.6490807045047,,65.1369383239649,-153.8303996102527,-732.136851816811,-83.16306237109575,487.3738220541036,45.21486805814823,-19782.60968493164,-13834.143953126433,-6697.572726986931,478.9766350512905,-804.496550051445,-5686.812996653385,-11498.85150969022,-1097.2689298001874,
expAE02,IMAU_UFEMISM2,/Volumes/FMac/computing/data/antarctica/ismip6/hackathon/ComputedScalarsHelene/expAE02/shelfmelt/jb_computed_shelfmelt_AIS_IMAU_UFEMISM2_expAE02.nc,141.28563442506203,-8994.704801079493,-327.40458711583165,-606.9698275086557,-10202.23075661854,-176.04415692948055,607.9675577000557,-234.3963305381817,-326.16340369909176,-982.5471684957965,-4224.91186109919,,40.840428413252994,-61.886602414804884,-622.1446450690714,-160.1053160551138,457.2855604504996,0.826026008486874,-24597.8390143039,-19474.563248557854,-5780.659943611376,228.92488875055096,-606.9703339001196,-9252.06346783078,-14484.516118507432,-234.39638192579105,607.9677253178363
expAE02,IMAU_UFEMISM3,/Volumes/FMac/computing/data/antarctica/ismip6/hackathon/ComputedScalarsHelene/expAE02/shelfmelt/jb_computed_shelfmelt_AIS_IMAU_UFEMISM3_expAE02.nc,-6.644241736583524,-13910.607294567882,-445.19241020298796,-2694.3287203628734,-18613.541201903645,-347.6881261782157,63.21085592178838,-952.4273836342381,-1334.835731988359,-1467.5135731765877,-9593.50761804203,19.810596671522603,35.64678343197126,-347.8405002498853,-1377.806251988126,-201.63901474816464,357.11302155192425,-219.1274259001387,-54445.19443816066,-36338.70333443767,-16359.958814715224,122.2271353632504,-2694.3290056820642,-14820.329861622162,-28738.05953385809,-952.4265109444864,63.210991663303275
expAE02,IMAU_UFEMISM4,/Volumes/FMac/computing/data/antarctica/ismip6/hackathon/ComputedScalarsHelene/expAE02/shelfmelt/jb_computed_shelfmelt_AIS_IMAU_UFEMISM4_expAE02.nc,380.42889694689944,-12083.972720189202,-400.33207952927773,-1592.339198696418,-16709.964966351035,-135.6491439909871,205.40609330918574,-1325.0718823554707,-824.5688645955952,-1146.1260526598571,-5799.179209614133,-4.328212394530624,51.43807400290049,-292.41350287962723,-1203.095783571035,-114.77744363578245,343.7101732215117,,-45703.238952228596,-32221.873558518317,-11768.47310692018,193.362469981338,-1592.340174002214,-12749.738051698983,-23290.961282726515,-1325.0712022335856,205.406019393198
expAE03,DC_ISSM,/Volumes/FMac/computing/data/antarctica/ismip6/hackathon/ComputedScalarsHelene/expAE03/shelfmelt/computed_shelfmelt_AIS_DC_ISSM_expAE03.nc,221.43704864090375,-5189.470486084916,-118.86623454525807,-2875.031925802219,-4049.2051348078057,-145.73811504826563,-484.35922074980544,-543.847276659606,-644.7332922272849,-791.8292366345222,-2804.852674475558,76.26867481310795,253.3631044866587,-468.1971632881873,-642.4615901600514,34.07563318766378,1697.9556670122738,974.5640595017193,-17253.23973631923,-12549.620044664582,-7344.646955418815,5294.3271291580095,-2875.032835248634,-5693.921865030337,-7068.91343491145,-543.8472127637251,-484.35905367914734
expAE03,DOE_MALI_4km,/Volumes/FMac/computing/data/antarctica/ismip6/hackathon/ComputedScalarsHelene/expAE03/shelfmelt/computed_shelfmelt_AIS_DOE_MALI_4km_expAE03.nc,-2794.7662920045977,-29908.711656191925,-1925.1844568591205,-4858.188678460385,-12442.790471762135,-413.3110430068168,-27.595394273779675,-1861.0896623261287,-1209.0976850225343,-2845.777946105003,-4621.0673090897435,-215.38766957862686,-423.5093623567142,-715.7766417745211,-1485.1873439825176,-22.012917367733166,599.0427170212533,-1069.5893252133365,-98823.48416004301,-68156.19052428904,-20598.97375249835,1125.3979023798474,-4858.187078133196,-33775.80597641848,-17905.928097327793,-1861.0898698460624,-27.59636689288527
expAE03,DOE_MALI_8km_Ant95,/Volumes/FMac/computing/data/antarctica/ismip6/hackathon/ComputedScalarsHelene/expAE03/shelfmelt/computed_shelfmelt_AIS_DOE_MALI_8km_Ant95_expAE03.nc,-3511.5428999143223,-43861.3873377085,-2020.4906080932178,15215.167241592382,-16401.206857215147,-45.75475642887568,671.7977569161558,-2209.64060680104,-1332.5423416782578,-2537.006938497194,-5610.838208701571,-337.1910343456391,251.1379360242612,-994.3910132243673,-1631.0423540036281,35.09745355813168,541.1732483135202,-166.6224388115952,-84961.86044576124,-49195.74696387956,-24663.51394791143,2193.3456462513814,15215.137150155206,-52140.49365474179,-23462.511805838643,-2209.639021767409,671.801375891373
expAE03,DOE_MALI_8km_AntMean,/Volumes/FMac/computing/data/antarctica/ismip6/hackathon/ComputedScalarsHelene/expAE03/shelfmelt/computed_shelfmelt_AIS_DOE_MALI_8km_AntMean_expAE03.nc,-2334.7819361144875,-39016.44179412846,-1754.896402692887,13366.703428808483,-15187.567422674561,-37.00678417692097,447.37611433269194,-2038.3273315819715,-1076.088182822773,-2218.3523839281406,-4602.758736755957,-259.7289084099842,280.1382465272212,-428.3584100241369,-1414.7867392802927,34.07181699995593,565.7088025920293,-210.2116697318438,-79845.96587753244,-47620.30878761114,-21090.802645765973,2006.2970229410887,13366.683228275244,-44411.30444277631,-21007.847533522654,-2038.3290121455157,447.37745039940273
expAE03,IGE_ElmerIce,/Volumes/FMac/computing/data/antarctica/ismip6/hackathon/ComputedScalarsHelene/expAE03/shelfmelt/computed_shelfmelt_AIS_IGE_ElmerIce_expAE03.nc,571.0575901282173,-1523.6749595194315,307.5751835029091,-2674.326385192454,-1486.688590458325,32.946413478197826,-1374.4280651966483,-151.50056521231636,-676.3735615843043,-481.93263237542806,-827.9455835608396,58.656696558678505,300.5419460534433,362.77066355845625,-599.6605513100835,71.89998046654648,2544.095882175745,2035.9556919711563,-8088.5477565371475,-5985.179576191436,-3922.844200315929,5503.815850243802,-2674.3270221805033,-1543.7871847393208,-2442.745105895983,-151.50030841507578,-1374.4282683359447
expAE03,ILTS_SICOPOLIS,/Volumes/FMac/computing/data/antarctica/ismip6/hackathon/ComputedScalarsHelene/expAE03/shelfmelt/computed_shelfmelt_AIS_ILTS_SICOPOLIS_expAE03.nc,-2994.8726119549665,-32062.55529182928,-3076.9108861937584,-1419.5948006045655,-7218.417752611698,-638.0437550085862,-4067.1740690277184,-3353.896901123193,-2952.4613435303854,-4219.68636019051,-8114.6336688898955,-284.16305116333524,280.8686590466307,-3785.549399945736,-3756.607658430934,-39.156170564157065,-89.5617064829995,-3512.4394571672983,-109547.53408239887,-61176.87021713401,-36300.63045597865,-2207.145170148571,-1419.5971026745246,-40438.30155027946,-16247.41713812109,-3353.89247222797,-4067.1736781590953
expAE03,IMAU_UFEMISM1,/Volumes/FMac/computing/data/antarctica/ismip6/hackathon/ComputedScalarsHelene/expAE03/shelfmelt/computed_shelfmelt_AIS_IMAU_UFEMISM1_expAE03.nc,361.82389851351354,-10421.979656631163,-968.5473705624572,-81.27917451301641,-3823.2993503102225,282.5025156724196,795.3879575824305,-819.0938471407362,-13.938778064847611,-125.59261579235567,-3133.1913292950303,,13.064778225897044,624.129774068811,-304.46062769600394,153.20200589797082,322.46777279671846,-1457.8309129610172,-14522.017772819789,-11765.060890828267,-3746.8156705522815,1145.5751245990587,-81.27914423059451,-9794.931731130375,-6967.072735184469,-819.0934601432978,795.3879128369318
expAE03,IMAU_UFEMISM2,/Volumes/FMac/computing/data/antarctica/ismip6/hackathon/ComputedScalarsHelene/expAE03/shelfmelt/computed_shelfmelt_AIS_IMAU_UFEMISM2_expAE03.nc,430.51880421364035,-18720.27054487967,291.3333402409386,99.38110231028804,-6633.065510909924,224.7336202177637,592.6048792637916,-187.92457164242865,335.0321546105797,-502.0512356935528,-3503.883299039957,,40.86420722496587,359.4228692314596,-208.67206568623487,134.1642756450825,387.8311545364304,104.13133691311828,-24793.613839642276,-23462.747650374396,-3000.976418051596,1016.3925832610394,99.38091833622025,-17595.61556237501,-10280.409045633816,-187.92460782012154,592.6048307698302
expAE03,IMAU_UFEMISM3,/Volumes/FMac/computing/data/antarctica/ismip6/hackathon/ComputedScalarsHelene/expAE03/shelfmelt/computed_shelfmelt_AIS_IMAU_UFEMISM3_expAE03.nc,625.5067211365599,-27943.59860734042,56.937961127979804,-3369.145189750181,-12403.611485599482,-380.7850861487834,300.82795434779166,-492.91402483666616,-1786.5751339417566,-1008.9514441058059,-7151.100861034647,-242.60721185011653,781.1825217970581,228.9746769403036,-572.2853624160311,142.92535638574776,396.4628368123133,1536.2378203394615,-54101.816375480266,-42786.01616837288,-12675.763707261314,1050.4923349157452,-3369.144692705807,-27558.8270191883,-19725.035213480274,-492.9138798350259,300.8276169502683
expAE03,IMAU_UFEMISM4,/Volumes/FMac/computing/data/antarctica/ismip6/hackathon/ComputedScalarsHelene/expAE03/shelfmelt/computed_shelfmelt_AIS_IMAU_UFEMISM4_expAE03.nc,696.5811222449698,-24283.271734985377,144.94570041970076,-1897.2316195301491,-10782.166220898274,2.196328161381416,81.99195008365342,-840.6981756393498,-1052.648544414842,-620.8166488267593,-4289.297770942885,-130.99269820085078,740.0741557830895,355.4856514528145,-384.6241635275578,120.29011285630975,282.8347995397305,,-43589.24635839273,-37754.21450442499,-7595.776940315758,822.1319631189526,-1897.2318817384917,-23462.84054727225,-15496.911905815228,-840.6981219066802,81.99198282130618
expAE03,LSCE_GRISLI2,/Volumes/FMac/computing/data/antarctica/ismip6/hackathon/ComputedScalarsHelene/expAE03/shelfmelt/computed_shelfmelt_AIS_LSCE_GRISLI2_expAE03.nc,214.8684930904908,-11403.572043350316,686.9945227798107,-3259.552280703135,-5269.217845712668,294.580966988735,-492.98162925796714,724.983169759646,-1094.2498903989972,-826.0337307178315,211.47084314006815,197.13506311379967,706.4356352702375,1283.065398216453,-395.43069694773817,285.8160374639788,2270.4494271400736,2237.4495799679435,-21612.88775601647,-22141.98071369456,154.35546139667076,5775.302199455153,-3259.552380299193,-13507.990680453448,-5948.044477079042,724.9825139695758,-492.98145383732094
expAE03,LSCE_GRISLI,/Volumes/FMac/computing/data/antarctica/ismip6/hackathon/ComputedScalarsHelene/expAE03/shelfmelt/computed_shelfmelt_AIS_LSCE_GRISLI_expAE03.nc,-6023.846455708872,-11598.869069600652,-8340.49851456405,-1749.1286657672463,-7230.284014149736,-25.82448554814846,-1470.2157557529126,-2597.0756303602357,-377.6697801327273,-4917.226609548186,-2682.505333780482,-420.58213708227026,-1470.8911842722628,-2801.2278023225954,-5165.083654101971,-135.0835607570084,2090.555629012006,-7704.336654900639,-81474.51826111582,-49224.875447268074,-22939.21601080701,-3952.7082402403285,-1749.1081732829189,-14627.091001348213,-11235.586155868812,-2597.0753369915456,-1470.2160766866791
expAE03,NCAR_CISM1,/Volumes/FMac/computing/data/antarctica/ismip6/hackathon/ComputedScalarsHelene/expAE03/shelfmelt/computed_shelfmelt_AIS_NCAR_CISM1_expAE03.nc,318.3135918295783,-5803.838976702722,-300.69089968032176,-2803.6961973148664,-5092.832305231317,-204.30829139626212,28.486165168189245,-628.7505865132009,-878.3693684322056,-543.2728593153834,-1937.9555762140972,170.62688453260867,249.20965411936072,-184.65349406587234,-408.8256365939674,186.08874583929182,337.9079557406376,1297.7880193278102,-18208.7538327973,-14976.416475423925,-4111.151722987663,3497.14945857768,-2803.6967228920275,-6501.756221558408,-7364.142354049476,-628.7505591500556,28.48613902204613
expAE03,NCAR_CISM2,/Volumes/FMac/computing/data/antarctica/ismip6/hackathon/ComputedScalarsHelene/expAE03/shelfmelt/computed_shelfmelt_AIS_NCAR_CISM2_expAE03.nc,-3690.0180567689713,-21251.160650947553,-4486.261921929465,2797.4107841712976,-12178.852417566108,-915.856651086613,-2025.4620990612275,-4133.749289750445,-3511.703002154596,-7166.861065074736,-9169.87170808648,-356.2027420689726,-539.8738667942675,-2183.656601183472,-4321.534444526238,-241.6723411648527,47.243745155015006,-4253.797803689264,-106785.7927940315,-58846.15247544905,-41709.90586930167,-3401.9970643619345,2797.413974083742,-24275.49173304002,-21321.34220654484,-4133.74967387968,-2025.460085919889
expAE03,NORCE_CISM2-MAR364-ERA-t1,/Volumes/FMac/computing/data/antarctica/ismip6/hackathon/ComputedScalarsHelene/expAE03/shelfmelt/computed_shelfmelt_AIS_NORCE_CISM2-MAR364-ERA-t1_expAE03.nc,-1070.5534903643706,-10922.783137752478,-2443.1548439732014,-9134.54571960961,-9647.031672090627,-4028.224235080357,-534.4689058843342,-3757.428056783723,-3615.7201089146547,-3876.4955069078296,-7682.441482140508,-120.61769645021536,-178.03870718994796,-719.3024184320079,-2320.5464971953643,42.208387877849646,689.2778024284962,203.21156680909053,-74289.51066870632,-42494.189218838466,-29148.962445555968,2508.947493993246,-9134.542196831928,-15630.674715844543,-17502.101096657323,-3757.425940965246,-534.4689205388217
expAE03,NORCE_CISM3-MAR364-ERA-t1-local,/Volumes/FMac/computing/data/antarctica/ismip6/hackathon/ComputedScalarsHelene/expAE03/shelfmelt/computed_shelfmelt_AIS_NORCE_CISM3-MAR364-ERA-t1-local_expAE03.nc,4.804415317077655,-6930.329536832523,-920.0249651951481,-4169.6070439226205,-5486.346926592614,-603.5950986735452,-4.293860148222848,-1058.022367318602,-1248.4668547272058,-3111.0681236707496,-3804.3011167369896,137.78920007941537,294.6044187558309,-522.1993734093603,-1342.0202540810378,81.72852163857172,698.3330757068079,983.9745713735092,-30890.11981026965,-18204.160842825615,-13226.035474297765,3176.098164735804,-4169.610077998519,-7970.324949636892,-9510.454221887754,-1058.0231223491237,-4.293920705151095
expAE03,NORCE_CISM3-MAR364-ERA-t1-nonlocal,/Volumes/FMac/computing/data/antarctica/ismip6/hackathon/ComputedScalarsHelene/expAE03/shelfmelt/computed_shelfmelt_AIS_NORCE_CISM3-MAR364-ERA-t1-nonlocal_expAE03.nc,-87.21057788910434,-7460.120832194054,-1194.028007901291,-4775.58948488293,-5706.724589684902,-739.3775959811023,-50.029546545497624,-962.2078293022032,-1112.0044359222502,-3517.3266517839984,-3535.3168422436793,135.32369500748376,271.4444206812715,-576.1620269695677,-1691.7670361783366,65.48612915197715,632.9982451979567,731.3859749338471,-33182.01236131035,-19807.33401473562,-13781.084824356956,3117.0951260000493,-4775.590890297724,-9018.470052856403,-9418.305328372764,-962.2082468789304,-50.029402289842665
expAE03,NORCE_CISM3-MAR364-ERA-t1,/Volumes/FMac/computing/data/antarctica/ismip6/hackathon/ComputedScalarsHelene/expAE03/shelfmelt/computed_shelfmelt_AIS_NORCE_CISM3-MAR364-ERA-t1_expAE03.nc,-549.7705274259365,-9706.457543624296,-2006.3390772738658,-7224.113938257542,-8449.141393974242,-2019.4385161146147,-1072.9753726167091,-2227.5013580853993,-2370.3968512526626,-4750.208653988229,-6739.7994190896425,52.234662314753336,83.39038978811902,-933.6950847283906,-2408.7818990589967,144.91791337871075,850.3600553258866,606.616698918891,-66470.69907846762,-36723.00919903937,-26774.579474734128,2876.244613303643,-7224.114099917766,-13023.328179987293,-15491.634469494355,-2227.5013563217835,-1072.974853841236
expAE03,NORCE_CISM4-MAR364-ERA-t1-local,/Volumes/FMac/computing/data/antarctica/ismip6/hackathon/ComputedScalarsHelene/expAE03/shelfmelt/computed_shelfmelt_AIS_NORCE_CISM4-MAR364-ERA-t1-local_expAE03.nc,166.8209564094102,-8002.192656754323,-925.5022850837031,-5605.926181031791,-5643.163575859406,-508.79068469319554,-448.32775449038445,-3447.9834518034477,-1046.2649538308215,-3690.981249478462,-3578.4149767414474,164.61003394543212,203.10807537565836,-626.5216807788329,-1727.2672698231781,193.66021909524693,1188.0853352978793,945.0690710406541,-37350.110987160355,-19992.568055523516,-17434.198680856563,3299.8890658134987,-5605.929394707571,-9040.772140946916,-9582.283448356691,-3447.9847712759038,-448.32795961300644
expAE03,NORCE_CISM4-MAR364-ERA-t1-nonlocal,/Volumes/FMac/computing/data/antarctica/ismip6/hackathon/ComputedScalarsHelene/expAE03/shelfmelt/computed_shelfmelt_AIS_NORCE_CISM4-MAR364-ERA-t1-nonlocal_expAE03.nc,88.79775517290295,-8035.3964862264365,-665.3568144116243,-5519.166721979516,-6034.224798863797,-625.9704286817077,-565.6224560694734,-3410.261754977486,-1499.506737681957,-4448.440396312664,-3241.86149451886,194.97678968275096,112.68997396183585,-823.1974667555787,-2063.504305794816,190.79494722302286,859.0875652511704,808.4009618830844,-39529.334734329954,-20380.026964220582,-18804.766484558022,3296.5330229071096,-5519.162131791205,-9411.471578169603,-9657.786459847812,-3410.262283926648,-565.6223492085244
expAE03,NORCE_CISM4-MAR364-ERA-t1,/Volumes/FMac/computing/data/antarctica/ismip6/hackathon/ComputedScalarsHelene/expAE03/shelfmelt/computed_shelfmelt_AIS_NORCE_CISM4-MAR364-ERA-t1_expAE03.nc,-99.04599178632634,-8724.43698187211,-487.7676880294375,-9229.831168854122,-7395.955629740041,-1373.6665224605085,-954.682482490733,-3657.1308873132803,-660.8796095671778,-4312.423397059458,-5241.125403192171,139.31518254710892,83.88274156806548,-278.41065421520614,-2093.7539265033593,164.46417161493073,1089.9776398698568,456.3673994971269,-55106.52376153218,-30042.594174551545,-22910.646265008356,2500.744593445924,-9229.828849524049,-11246.868735618737,-13106.526493135723,-3657.1303213204865,-954.6821448957164
expAE03,NORCE_CISM4-MAR364-JRA-t1,/Volumes/FMac/computing/data/antarctica/ismip6/hackathon/ComputedScalarsHelene/expAE03/shelfmelt/computed_shelfmelt_AIS_NORCE_CISM4-MAR364-JRA-t1_expAE03.nc,-164.6460851868194,-7693.993054193656,-443.26181726047434,-9638.628640029936,-8218.519842432841,-1386.2307118287408,-964.544489190574,-3799.4365785607843,-649.0967539407538,-4060.053836417397,-5736.222221643584,175.7907500188249,65.19233766680867,-999.8553527827194,-2048.994713257516,192.6338485456505,1235.3960805583101,550.7945984859113,-55313.6586321971,-29148.70527991894,-23892.40476016057,2748.9601809306605,-9638.624339499489,-10211.167717682925,-14512.525342371853,-3799.4372005742007,-964.5444747460513
expAE03,NORCE_CISM5-MAR364-ERA-t1-local,/Volumes/FMac/computing/data/antarctica/ismip6/hackathon/ComputedScalarsHelene/expAE03/shelfmelt/computed_shelfmelt_AIS_NORCE_CISM5-MAR364-ERA-t1-local_expAE03.nc,-94.25181737921162,-8396.866100755564,-611.1835962655705,-5378.24113925084,-5577.571090971898,204.1798722465055,-241.64058077286245,-2460.219665455512,-1305.5087489992638,-4198.653979139828,-5720.363484488134,513.004283543601,-595.5835953189771,-2045.60966060167,-2176.188786751002,154.46177487248465,2339.7634612119455,1231.6975816261672,-41585.28521769814,-20364.873754989618,-21451.728538965734,3826.4730506042215,-5378.242137983878,-8621.618022193677,-11300.986192331722,-2460.223376136846,-241.64059114475566
expAE03,NORCE_CISM5-MAR364-ERA-t1-nonlocal,/Volumes/FMac/computing/data/antarctica/ismip6/hackathon/ComputedScalarsHelene/expAE03/shelfmelt/computed_shelfmelt_AIS_NORCE_CISM5-MAR364-ERA-t1-nonlocal_expAE03.nc,-206.48281123347897,-9089.297095186048,-1493.2957053239807,-6320.08893355168,-6689.486387832807,164.102693533898,-468.9559264057916,-3078.7980284994665,-2221.516610419876,-4934.002688552911,-5499.218051018564,521.2309269619223,-681.9079032161183,-2170.055172813878,-2458.7521961548673,230.56158761200157,2118.4453834294645,796.0204516740197,-46308.20974128775,-22801.607690066114,-23442.981255769468,3616.7951822884334,-6320.091646663637,-9865.825393278134,-12314.75395043198,-3078.7960580020444,-468.95607143840505
expAE03,NORCE_CISM5-MAR364-ERA-t1,/Volumes/FMac/computing/data/antarctica/ismip6/hackathon/ComputedScalarsHelene/expAE03/shelfmelt/computed_shelfmelt_AIS_NORCE_CISM5-MAR364-ERA-t1_expAE03.nc,-173.2368691499205,-5904.076153661976,-444.27104001491625,-7769.012062447164,-5767.813789062784,73.95437656488866,-41.169857634628926,-6200.271750370328,-1611.5035241475753,-3761.981937616907,-5713.049286650323,571.0627741687691,-218.70473534417738,-1669.4273833731977,-1703.9841260109815,244.72774963831938,2136.3198064093676,551.5419229485706,-44828.06371015651,-19492.6694362883,-24566.122509510955,3183.466801266669,-7769.012745393189,-6773.031386752249,-11544.15184323737,-6200.273436460357,-41.1699208759583
expAE03,PIK_PISM,/Volumes/FMac/computing/data/antarctica/ismip6/hackathon/ComputedScalarsHelene/expAE03/shelfmelt/computed_shelfmelt_AIS_PIK_PISM_expAE03.nc,126.98844657588802,-16018.224141011691,-2041.1088029429648,-10616.981240740897,-12316.106876202764,-1904.0211667152034,-318.20654842257954,-1398.3908754813274,-8767.937054596769,-1927.7695873294742,-6465.001363764153,-369.3702238849103,329.9077481396345,-340.6478124637233,-579.1008282353168,-292.3837001084212,2945.5361169142852,565.556124491325,-71654.94271503072,-42813.105004203215,-28922.972749508335,3402.758880702359,-10616.980690593104,-19942.446494356882,-19183.88955112135,-1398.3876573165999,-318.20718506455523
expAE03,UCM_Yelmo,/Volumes/FMac/computing/data/antarctica/ismip6/hackathon/ComputedScalarsHelene/expAE03/shelfmelt/computed_shelfmelt_AIS_UCM_Yelmo_expAE03.nc,-4844.5847091878495,-6150.100660002827,-3847.445493305706,-7999.65676260948,-7258.902257668291,-291.51739937887646,-77.7710612056859,474.3901409038983,-1466.684022094098,-6396.273267249628,-5436.214058560054,-193.49170752408088,-899.5802301018794,-1606.1405603427193,-3931.9717146405837,-63.401567670674694,8203.318015483219,-5007.0454052677305,-44235.809238945774,-24326.157703412682,-21951.376061432406,5524.455311349678,-7999.655175652299,-6444.122359602727,-12803.586676876708,474.39004468087546,-77.77098433330895
expAE03,UCSD_ISSM,/Volumes/FMac/computing/data/antarctica/ismip6/hackathon/ComputedScalarsHelene/expAE03/shelfmelt/computed_shelfmelt_AIS_UCSD_ISSM_expAE03.nc,-479.29682610334044,672.3648199206027,323.55456449198914,13267.954413705796,454.6567949214159,-101.96597534861797,-795.2826310576011,-628.083455648637,-41.59397088249034,483.0643432254826,-582.6406302860746,-26.514277405156008,-103.05608728128641,-457.91777546176945,415.51900673166847,1.5743483713738513,-797.7902055345412,-106.92677615334219,3827.408930477657,9743.067542600686,-310.4411006737573,282.54588820100344,13267.947129389206,522.2616036982417,312.7300268584877,-628.0837040130718,-795.2821312895421
expAE03,ULB_fETISh-KoriBU1,/Volumes/FMac/computing/data/antarctica/ismip6/hackathon/ComputedScalarsHelene/expAE03/shelfmelt/computed_shelfmelt_AIS_ULB_fETISh-KoriBU1_expAE03.nc,-657.5480255769971,-2552.085774642692,-2150.934626286943,-22703.435658331422,-4665.977047844055,-191.6750925862143,-3533.289318158815,-2228.4669865620126,-2181.7328443307833,-1123.069146997972,-1958.9658967556152,-130.62135271558583,138.26951945674728,-323.329335954998,-2907.330252770369,-35.74339637599506,2219.282529801777,881.4177591606028,-57363.48438001581,-37624.756722164806,-16995.504505845165,2436.1629224483295,-22703.43953538219,-3207.1237763154277,-6779.438641482666,-2228.465425497583,-3533.2909331290684
expAE03,ULB_fETISh-KoriBU2,/Volumes/FMac/computing/data/antarctica/ismip6/hackathon/ComputedScalarsHelene/expAE03/shelfmelt/computed_shelfmelt_AIS_ULB_fETISh-KoriBU2_expAE03.nc,-1790.2797399129804,-21118.35792093171,-2883.0590184371267,-77.8074115831987,-12344.781196989534,-228.87331466313412,-1723.815250220965,-2157.8041924822355,-1839.136432111256,-1981.6326656922702,-4047.452886066305,26.428525013308317,92.5093382933178,-385.66515720566167,-1801.0805538413206,-1.6067472591140657,233.6787992059576,-1478.9263082072762,-73158.9168152301,-44854.69377516268,-17451.57241801414,-225.16810276117963,-77.82198470519506,-25198.3869159733,-17907.320823058195,-2157.803893968491,-1723.8151346470495
expAE03,UNN_Ua,/Volumes/FMac/computing/data/antarctica/ismip6/hackathon/ComputedScalarsHelene/expAE03/shelfmelt/computed_shelfmelt_AIS_UNN_Ua_expAE03.nc,-419.34661887979837,-7828.346800198138,-605.0873127252403,-9416.125692524052,-5826.012644099137,-231.13296975517392,-1.4667083979104518,-1024.0865385172647,-1096.0794292738237,-1249.6070277607341,-3274.89331535738,-260.0598102601339,-245.6156550915411,-734.2628440745098,-372.28593943879105,-78.20219384694968,428.4406170469871,-350.28776874321375,-44431.99933231759,-33465.910582085606,-10133.578319114757,732.0352800851892,-9416.126459806328,-8014.957382649907,-9697.933702599228,-1024.0865752371847,-1.466940163728168
expAE03,UTAS_ElmerIce,/Volumes/FMac/computing/data/antarctica/ismip6/hackathon/ComputedScalarsHelene/expAE03/shelfmelt/computed_shelfmelt_AIS_UTAS_ElmerIce_expAE03.nc,611.9445217154778,-4068.449454362659,54.602145518870316,-1250.197315632462,-3365.2593102116116,-203.8334215970624,80.04632857916101,-564.2648750333774,-502.9132155655366,-469.1170917030472,-1736.3981631729157,-144.04611943952807,51.979807442152236,254.52277500610148,-230.30462335562765,4.1847913603925875,903.0070765975615,1052.0023511889765,-11978.640830013755,-9486.775910535922,-4154.2780394029105,2647.8734985266365,-1250.1981617472545,-4213.347635802369,-5351.7518817243545,-564.2646150963956,80.04633580475672
expAE03,VUB_AISMPALEO,/Volumes/FMac/computing/data/antarctica/ismip6/hackathon/ComputedScalarsHelene/expAE03/shelfmelt/computed_shelfmelt_AIS_VUB_AISMPALEO_expAE03.nc,1070.90547637804,1192.6714984626124,910.8694556902319,1449.3173898494306,712.5586683916554,166.39663469551442,-529.4694820142229,-4958.418132639701,965.0508659745283,1400.3370442844844,555.5161140153759,723.3736551473108,866.1239164950832,874.6171134589208,510.84381746431086,113.16197967226455,-1311.5948947095926,304.093684845255,10730.391277174633,4669.913472950131,6713.387583244118,-378.30198509940595,1449.3174058117872,1341.2463293164565,1312.3156254291098,-4958.41888439435,-529.4695227875122
expAE03,VUW_PISM1,/Volumes/FMac/computing/data/antarctica/ismip6/hackathon/ComputedScalarsHelene/expAE03/shelfmelt/computed_shelfmelt_AIS_VUW_PISM1_expAE03.nc,-1834.8891353263043,-16956.183892443354,-2543.779430179109,-11762.587794256971,-26022.3471087675,338.38708944026655,-770.0414506113148,-5023.6697689989305,-3300.827594688335,-7216.46858503027,-9046.345594971019,-66.04520698673156,-343.83416555196163,-1750.8652701114725,-6042.732737309412,-76.65431925885395,1795.1798998478039,-3194.7866525007867,-106123.60610676452,-62541.93020710943,-37082.03741847222,-1888.4903165564683,-11762.585449556384,-18886.602312765157,-39625.46464896956,-5023.669679964181,-770.0414927261313
expAE03,VUW_PISM1_s1,/Volumes/FMac/computing/data/antarctica/ismip6/hackathon/ComputedScalarsHelene/expAE03/shelfmelt/computed_shelfmelt_AIS_VUW_PISM1_s1_expAE03.nc,-1206.8840526603926,-20201.832391084732,-3109.5253335150574,-13702.388000851395,-26833.459273238535,180.18633031847435,-1585.0620962426137,-4282.841438566862,-4210.111391270997,-7326.791411269987,-9763.708377737894,-100.437124260514,-423.90974828039316,-2914.0809229360475,-6006.5696813045215,-127.3600553144903,1384.632411461027,-3207.9257155522846,-116532.37065832294,-67437.23552760691,-42166.685937749935,-2258.1221169220607,-13702.387129720366,-23549.50140504101,-41380.13615201677,-4282.840193205144,-1585.062247367899
expAE03,VUW_PISM1_s2,/Volumes/FMac/computing/data/antarctica/ismip6/hackathon/ComputedScalarsHelene/expAE03/shelfmelt/computed_shelfmelt_AIS_VUW_PISM1_s2_expAE03.nc,-2093.9382857748224,-15007.016930108752,-2138.204333283622,-8589.919785541406,-25194.36721176379,-17.547041060083558,-635.2050792136713,-4887.568089232835,-3098.3830577318604,-5765.569738306649,-8659.55278474067,-70.18479775147026,-427.8584979793968,-2108.3208724897268,-5586.517675052299,-63.597158511888296,1842.5069171785844,-3475.9654954087655,-97223.75724240334,-56284.63574490076,-34619.44450586704,-2105.8645464438887,-8589.923818079402,-16937.61278717648,-37938.85835660015,-4887.5688851318855,-635.2051177532477
expAE03,VUW_PISM1_s3,/Volumes/FMac/computing/data/antarctica/ismip6/hackathon/ComputedScalarsHelene/expAE03/shelfmelt/computed_shelfmelt_AIS_VUW_PISM1_s3_expAE03.nc,-1766.426954585404,-12311.64590735528,-2098.9919090762833,-7956.883935724865,-23527.139372031364,-551.5510718208577,-538.8499749592947,-3111.2667238980066,-3421.856973966447,-5450.440604947538,-9962.868342524249,47.209020009673566,-481.21216116950245,-1912.6747136152562,-5751.878577874373,-75.31089058946765,1874.8128042404046,-3053.5473045348717,-91800.76918580296,-51737.06338471852,-36696.164400741094,-1456.3352957580173,-7956.88131024115,-13953.140006263391,-36652.48007677513,-3111.2656613313575,-538.8499795558415
expAE03,VUW_PISM1_s4,/Volumes/FMac/computing/data/antarctica/ismip6/hackathon/ComputedScalarsHelene/expAE03/shelfmelt/computed_shelfmelt_AIS_VUW_PISM1_s4_expAE03.nc,-2200.425638350198,-21426.59627875663,-2919.4653891826565,-13506.704809978874,-27270.686800559866,-239.08202883566446,-654.5787160836767,-5133.658916484506,-3878.3626769421517,-8023.39525422141,-11813.783091049503,45.65219632602083,-495.0692017185429,-2067.6216870727258,-7103.574154044338,-132.94178220051532,1781.426801469439,-3527.3124209845973,-122054.11481582478,-69515.77703183895,-45702.577013234,-2395.591799650496,-13506.705948481784,-25311.25162915691,-43541.340967295386,-5133.6601489977675,-654.5788830929123
expAE03,VUW_PISM2,/Volumes/FMac/computing/data/antarctica/ismip6/hackathon/ComputedScalarsHelene/expAE03/shelfmelt/computed_shelfmelt_AIS_VUW_PISM2_expAE03.nc,-683.6213565396465,-27013.46609034005,-2717.000686075473,-8858.374526435276,-27712.522784542874,550.545206160502,-4119.227433256481,-8113.63051003675,-4483.824309701366,-6131.059863019105,-13519.686010233476,-108.70044957056746,-1430.0748008183064,-4554.541802023894,-8389.92570159259,-249.544644785821,2075.248693837216,-2573.6948666248354,-167709.7996300785,-94521.60580164217,-61515.83573200321,-1307.1655627300588,-8858.389743391803,-30275.98233648805,-44604.71126725279,-8113.6328704319785,-4119.227913599297
expAE03,VUW_PISM2_s1,/Volumes/FMac/computing/data/antarctica/ismip6/hackathon/ComputedScalarsHelene/expAE03/shelfmelt/computed_shelfmelt_AIS_VUW_PISM2_s1_expAE03.nc,-310.42602972991153,-34684.503995602936,-2772.501883101424,-9392.39333931882,-27780.160088051314,579.7997473759003,-6359.764808239661,-11960.150758165328,-4957.568924989111,-6833.375021459091,-17624.16264586374,-162.65002792270445,-1516.7226486257505,-4755.724644134305,-8768.686742231603,-259.11327875481265,1814.2617383192683,-2590.398074969362,-191201.33670197648,-102903.48316638102,-76059.53997154441,-1590.4604585418165,-9392.390391403664,-39776.49976505413,-48714.48387670072,-11960.151765932758,-6359.766055851764
expAE03,VUW_PISM2_s2,/Volumes/FMac/computing/data/antarctica/ismip6/hackathon/ComputedScalarsHelene/expAE03/shelfmelt/computed_shelfmelt_AIS_VUW_PISM2_s2_expAE03.nc,-1375.3990333560505,-21661.00388878332,-2031.972482054236,-8180.138885142907,-27942.079609103224,459.0301643883531,-2711.724336479837,-6851.585789182649,-3803.6021490647545,-4603.197578125713,-13702.42035567941,-63.257618104904964,-1299.8063932799832,-3511.8537250240934,-7369.726238427691,-219.50435004425265,2046.5507653203076,-2878.2191213923434,-156721.18248136993,-91178.45125565585,-53243.52867915676,-1644.3569847068466,-8180.165031311888,-23779.947476764526,-44970.77402393367,-6851.584838668718,-2711.7240547088822
expAE03,VUW_PISM2_s3,/Volumes/FMac/computing/data/antarctica/ismip6/hackathon/ComputedScalarsHelene/expAE03/shelfmelt/computed_shelfmelt_AIS_VUW_PISM2_s3_expAE03.nc,-1103.5752295718812,-18983.556388717792,-1935.14118419047,-17229.797854911834,-26624.504790739258,-555.5586221746357,-2444.6107628621467,-5989.03836865829,-4065.7083083727593,-5889.423010283774,-13961.266813691815,-80.73199832463683,-1317.4808236473536,-4078.5495756198434,-8286.522562710652,-245.07842938670183,2040.0795894156263,-3030.6675833164154,-131898.02026912797,-71616.46084520407,-56926.55147426814,-1702.4015807478372,-17229.808091327417,-21639.619593478492,-43531.831435781525,-5989.039359627537,-2444.610391179961
expAE03,VUW_PISM2_s4,/Volumes/FMac/computing/data/antarctica/ismip6/hackathon/ComputedScalarsHelene/expAE03/shelfmelt/computed_shelfmelt_AIS_VUW_PISM2_s4_expAE03.nc,-771.4968957657111,-36064.26191283428,-3166.6806361911113,-4668.789997408079,-28738.916593549948,-246.03763197692456,-5008.516277293851,-9699.817064676241,-4829.323553629438,-5274.330833522798,-16348.598781442437,-71.75876873918196,-1416.6706507145327,-4393.1512272249565,-8438.779940917811,-319.17453553179075,2037.800594786473,-2627.8670428492187,-184100.8225877413,-100772.13335082022,-70075.24727662423,-1587.7465580185053,-4668.776213877252,-42491.34100122423,-48022.82477411226,-9699.824627206232,-5008.516172354306
expAE03,IMAU_UFEMISM1,/Volumes/FMac/computing/data/antarctica/ismip6/hackathon/ComputedScalarsHelene/expAE03/shelfmelt/jb_computed_shelfmelt_AIS_IMAU_UFEMISM1_expAE03.nc,361.82389851351354,-10421.979656631163,-968.5473705624572,-81.27917451301641,-3823.2993503102225,282.5025156724196,795.3879575824305,-819.0938471407362,-13.938778064847611,-125.59261579235567,-3133.1913292950303,,13.064778225897044,624.129774068811,-304.46062769600394,153.20200589797082,322.46777279671846,-1457.8309129610172,-14522.017772819789,-11765.060890828267,-3746.8156705522815,1145.5751245990587,-81.27914423059451,-9794.931731130375,-6967.072735184469,-819.0934601432978,795.3879128369318
expAE03,IMAU_UFEMISM2,/Volumes/FMac/computing/data/antarctica/ismip6/hackathon/ComputedScalarsHelene/expAE03/shelfmelt/jb_computed_shelfmelt_AIS_IMAU_UFEMISM2_expAE03.nc,430.51880421364035,-18720.27054487967,291.3333402409386,99.38110231028804,-6633.065510909924,224.7336202177637,592.6048792637916,-187.92457164242865,335.0321546105797,-502.0512356935528,-3503.883299039957,,40.86420722496587,359.4228692314596,-208.67206568623487,134.1642756450825,387.8311545364304,104.13133691311828,-24793.613839642276,-23462.747650374396,-3000.976418051596,1016.3925832610394,99.38091833622025,-17595.61556237501,-10280.409045633816,-187.92460782012154,592.6048307698302
expAE03,IMAU_UFEMISM3,/Volumes/FMac/computing/data/antarctica/ismip6/hackathon/ComputedScalarsHelene/expAE03/shelfmelt/jb_computed_shelfmelt_AIS_IMAU_UFEMISM3_expAE03.nc,625.5067211365599,-27943.59860734042,56.937961127979804,-3369.145189750181,-12403.611485599482,-380.7850861487834,300.82795434779166,-492.91402483666616,-1786.5751339417566,-1008.9514441058059,-7151.100861034647,-242.60721185011653,781.1825217970581,228.9746769403036,-572.2853624160311,142.92535638574776,396.4628368123133,1536.2378203394615,-54101.816375480266,-42786.01616837288,-12675.763707261314,1050.4923349157452,-3369.144692705807,-27558.8270191883,-19725.035213480274,-492.9138798350259,300.8276169502683
expAE03,IMAU_UFEMISM4,/Volumes/FMac/computing/data/antarctica/ismip6/hackathon/ComputedScalarsHelene/expAE03/shelfmelt/jb_computed_shelfmelt_AIS_IMAU_UFEMISM4_expAE03.nc,696.5811222449698,-24283.271734985377,144.94570041970076,-1897.2316195301491,-10782.166220898274,2.196328161381416,81.99195008365342,-840.6981756393498,-1052.648544414842,-620.8166488267593,-4289.297770942885,-130.99269820085078,740.0741557830895,355.4856514528145,-384.6241635275578,120.29011285630975,282.8347995397305,,-43589.24635839273,-37754.21450442499,-7595.776940315758,822.1319631189526,-1897.2318817384917,-23462.84054727225,-15496.911905815228,-840.6981219066802,81.99198282130618
expAE04,DC_ISSM,/Volumes/FMac/computing/data/antarctica/ismip6/hackathon/ComputedScalarsHelene/expAE04/shelfmelt/computed_shelfmelt_AIS_DC_ISSM_expAE04.nc,1591.2001606909407,-4045.083246355922,422.05805034297964,-2150.5954431070986,-9623.980401557834,57.53983225524769,-769.9230536586579,-445.2910274582664,-786.6755753802559,-559.6998906356421,-6971.876443318688,481.4517757773499,1529.9954093955494,-287.1022721641152,-792.2601519362056,1044.442307387952,9250.04783859428,5367.270510043103,-9696.352058926452,-13194.096048796033,-8144.019093574454,19309.45430557653,-2150.595573838037,-4257.821242013068,-16910.346604945487,-445.29092488253355,-769.923412353879
expAE04,DOE_MALI_4km,/Volumes/FMac/computing/data/antarctica/ismip6/hackathon/ComputedScalarsHelene/expAE04/shelfmelt/computed_shelfmelt_AIS_DOE_MALI_4km_expAE04.nc,-1467.829930888549,-16988.47674178554,-1282.747802765125,-13609.681633430482,-21258.662478962797,-431.8173482493071,-1005.6327813189364,-2392.243354284761,-1768.2145420230845,-3675.4421778195756,-14419.097595814696,-233.4068412081864,-65.46015750854735,-1525.254232467234,-2796.778840851128,-84.27541029484223,1388.7474073584726,-699.5174433916418,-104107.04217101628,-67112.12313104456,-32836.4332910621,884.3971939597994,-13609.669530277533,-19054.97435280653,-36531.230169342074,-2392.24017344238,-1005.6346612801899
expAE04,DOE_MALI_8km_Ant95,/Volumes/FMac/computing/data/antarctica/ismip6/hackathon/ComputedScalarsHelene/expAE04/shelfmelt/computed_shelfmelt_AIS_DOE_MALI_8km_Ant95_expAE04.nc,-1804.7105753247788,-31135.77603777351,-1327.7108277782172,853.3708629566681,-27384.244551655167,-261.86675891949426,-1036.1435820774095,-3307.1671705312583,-3023.7018578328516,-3173.368257243914,-17609.388795215316,-123.63864080273493,1165.8309084573375,-1096.1808099321797,-2828.857132015226,-86.71778551994362,1416.1395333959608,444.9260641980027,-138369.57811590418,-84893.70839271217,-38579.95841381443,2003.9948149121983,853.3816896655771,-35331.72843817092,-45955.48280881297,-3307.1669514954447,-1036.1414466665938
expAE04,DOE_MALI_8km_AntMean,/Volumes/FMac/computing/data/antarctica/ismip6/hackathon/ComputedScalarsHelene/expAE04/shelfmelt/computed_shelfmelt_AIS_DOE_MALI_8km_AntMean_expAE04.nc,-844.7128597130409,-24236.0486890538,-1264.8772315134202,-1019.208634111943,-23613.633757182964,-193.39944959925947,-845.9205553714219,-3016.8874928505975,-2253.169738874295,-3173.759219424668,-13243.781938125998,-54.02118188406371,1109.8662823800364,-906.9206713875419,-2873.898630948981,-75.35290652178492,1383.1239479404694,339.028166354537,-119371.74891085346,-75269.90667066677,-31643.8713235592,1914.6528194370799,-1019.2125275851868,-27477.034144207784,-38074.02955430315,-3016.8874269219286,-845.9208175415479
expAE04,IGE_ElmerIce,/Volumes/FMac/computing/data/antarctica/ismip6/hackathon/ComputedScalarsHelene/expAE04/shelfmelt/computed_shelfmelt_AIS_IGE_ElmerIce_expAE04.nc,2047.7194762967015,-807.3319256872101,877.2227147998983,-1467.522134874625,-2532.6838379807286,45.75716422099984,-988.5250013429959,191.29190302955703,-264.46813607161994,-66.25681148074909,-1228.7372603699705,300.94860089202297,869.7660244887197,709.6533418709186,-343.99568528781197,391.2936565632972,4034.1287881350545,3807.1427376326783,-881.3453107410896,-3252.247987648283,-1113.5587507769324,10214.228780305519,-1467.522491319438,-729.3776492215366,-3974.925667701511,191.29125376070806,-988.5247833217586
expAE04,ILTS_SICOPOLIS,/Volumes/FMac/computing/data/antarctica/ismip6/hackathon/ComputedScalarsHelene/expAE04/shelfmelt/computed_shelfmelt_AIS_ILTS_SICOPOLIS_expAE04.nc,-4097.668415100026,-23623.3660459464,-2838.3515021665226,-15521.818242450783,-13055.55155185939,-554.2587334831896,-4882.196228048717,-5948.132352107466,-5355.2602643002465,-6382.456175296029,-23283.32754024885,-498.0818806215391,-339.2921761989994,-6489.3763087631305,-5833.672300346203,-145.6407546278569,630.1475865008722,-4741.795402795777,-146524.92485610547,-74479.86524878285,-61340.73999537973,-4159.024142979362,-15521.827447590986,-29615.459271154003,-36049.30787238927,-5948.131681788105,-4882.196373070414
expAE04,IMAU_UFEMISM1,/Volumes/FMac/computing/data/antarctica/ismip6/hackathon/ComputedScalarsHelene/expAE04/shelfmelt/computed_shelfmelt_AIS_IMAU_UFEMISM1_expAE04.nc,1109.2195801112,-8706.856144904628,-1096.4487100268907,-933.5158684974681,-12170.802915294735,-1.7827146724748673,,-582.936732380449,-515.2629545295167,-637.3542459658902,-7642.276974835233,,110.90399512686372,167.4585533075906,-66.53245901318587,714.5782550518588,3120.217673298919,-189.48101804035332,-20206.14752286808,-21047.147637674454,-5548.997238330565,8602.1841334678,-933.5159558055993,-8369.954621176945,-20057.04039036203,-582.9365235350458,
expAE04,IMAU_UFEMISM2,/Volumes/FMac/computing/data/antarctica/ismip6/hackathon/ComputedScalarsHelene/expAE04/shelfmelt/computed_shelfmelt_AIS_IMAU_UFEMISM2_expAE04.nc,971.6552108932015,-11468.763738193644,324.9027854378448,-810.7120051450006,-16629.688825739744,-35.19492133952849,146.60934477410945,140.49658529152526,-357.5473620182802,-1167.0107590442321,-7941.302596938363,,301.34452984303425,123.99304498044114,-207.5838913792777,740.0140953282751,2918.17515567149,96.93003902146711,-26894.353272801207,-28113.876390170393,-4781.271272519996,5568.556529941894,-810.7117216159386,-11046.867352130961,-24946.450691213075,140.4962541073711,146.60930207483142
expAE04,IMAU_UFEMISM3,/Volumes/FMac/computing/data/antarctica/ismip6/hackathon/ComputedScalarsHelene/expAE04/shelfmelt/computed_shelfmelt_AIS_IMAU_UFEMISM3_expAE04.nc,1320.5053523454271,-17682.30735558513,81.83609102979742,-4349.196528185919,-27778.65025012518,-250.0647522047616,217.09723339640738,-382.94220009908804,-1485.2695422558054,-1914.356462589185,-15229.897140168905,112.15772281199565,1535.9400358276457,-168.88725803917782,-966.5390286347156,870.9369119815153,2115.9908409879918,5944.9756228280985,-65098.950610683416,-50088.92491455158,-17903.339873795412,5060.342730059712,-4349.196622388004,-17318.390649771383,-43971.1612811972,-382.9419968964198,217.09713823974397
expAE04,IMAU_UFEMISM4,/Volumes/FMac/computing/data/antarctica/ismip6/hackathon/ComputedScalarsHelene/expAE04/shelfmelt/computed_shelfmelt_AIS_IMAU_UFEMISM4_expAE04.nc,1360.6919700875937,-16158.241742954015,139.66652999224712,-2466.4694722782597,-23819.724175950032,-337.64498446054176,289.3367526059394,-770.9695822021831,-1152.89915553634,-1130.3045632730937,-10088.780750396774,83.96828575468965,2345.5455049043776,14.556400170848207,-750.796174635746,560.2947297829105,2040.6243691139061,,-54415.208822080196,-44071.84909551611,-12572.185645250778,4361.3866773142145,-2466.4707046860876,-16029.525551825289,-35529.52793483931,-770.9696589440073,289.33675652236434
expAE04,LSCE_GRISLI2,/Volumes/FMac/computing/data/antarctica/ismip6/hackathon/ComputedScalarsHelene/expAE04/shelfmelt/computed_shelfmelt_AIS_LSCE_GRISLI2_expAE04.nc,1296.9556648817747,-7310.933983901188,700.5244638474501,-3123.6138137574135,-13222.011779363282,201.7268222958013,-979.778658535924,1101.874940173854,-1765.143226245481,-983.3028743571185,-335.82752300950233,519.3571832827176,2168.8618169939264,1137.134972378541,-579.2986734009962,828.0594951966418,5330.481014413632,3592.624219838528,-24076.322190076884,-25034.233381351587,-759.2722071650278,10117.025406759145,-3123.6138679748883,-8366.777879038396,-15461.59508080189,1101.8746969950369,-979.7789071486629
expAE04,LSCE_GRISLI,/Volumes/FMac/computing/data/antarctica/ismip6/hackathon/ComputedScalarsHelene/expAE04/shelfmelt/computed_shelfmelt_AIS_LSCE_GRISLI_expAE04.nc,-9507.85043943614,-9344.640576074715,-11765.461594681765,-2613.142946503147,-17638.373703023666,-522.7458244588806,-5283.828801078784,-13107.229186078788,-5965.646780336148,-11091.471283513725,-16830.02888581557,-750.682880328261,-6402.474025693427,-13095.580604519702,-10293.886137409896,-322.34608488760705,2812.2520534942187,-12714.3716677942,-182260.2149358109,-74783.68077087222,-106031.74675463431,-10312.548279200782,-2613.142122695943,-12114.738441353933,-34951.365101915115,-13107.22654339753,-5283.82999573545
expAE04,NCAR_CISM1,/Volumes/FMac/computing/data/antarctica/ismip6/hackathon/ComputedScalarsHelene/expAE04/shelfmelt/computed_shelfmelt_AIS_NCAR_CISM1_expAE04.nc,1256.1169287562566,-4396.496539602438,89.85067398507545,-2210.1782224739363,-14470.354797337626,-187.95004454170407,-33.776149689295494,-1053.198474687194,-1112.6013278116666,-198.60307637282585,-6851.572021326807,423.1400029231538,711.4045488951951,205.24293920677155,-717.4119948629423,503.17696289923356,3147.4588751146403,2569.612128210625,-23639.47315175869,-19660.756926710324,-6030.089136055958,7257.224383838853,-2210.176807164441,-4836.384765314548,-21976.290189421685,-1053.1985136412868,-33.7761432788791
expAE04,NCAR_CISM2,/Volumes/FMac/computing/data/antarctica/ismip6/hackathon/ComputedScalarsHelene/expAE04/shelfmelt/computed_shelfmelt_AIS_NCAR_CISM2_expAE04.nc,-4803.306580253655,-15864.122548957377,-3334.140550200458,-13155.338024111821,-20844.560104602977,-969.277034726364,-1244.5545225713931,-4684.093716027608,-3156.8384287339395,-11434.944160441257,-22295.50421910867,-416.9374771853154,-1195.9316374139753,-3130.6656328234913,-5498.636884874573,-398.238960781586,58.520305319478894,-6904.115844032327,-124110.65957056498,-61474.67652353778,-55949.747841813136,-6636.083912409504,-13155.339648452824,-18177.33862566494,-42683.6606017287,-4684.094482489685,-1244.5544725835211
expAE04,NORCE_CISM2-MAR364-ERA-t1,/Volumes/FMac/computing/data/antarctica/ismip6/hackathon/ComputedScalarsHelene/expAE04/shelfmelt/computed_shelfmelt_AIS_NORCE_CISM2-MAR364-ERA-t1_expAE04.nc,-3877.0520392817252,-12163.33590998267,-2430.7413513058273,-9394.516070813894,-19176.413207816906,-3319.0218276897594,-1352.2868730192267,-5394.095646996368,-7587.54938679358,-5858.99059339103,-23362.968090645838,-191.07297105625207,-238.65036109774474,-3326.2894766068675,-3773.508183254662,0.5616003564945231,3720.109020457694,-661.4249572532513,-127889.44018847495,-65962.77320523479,-57584.166223458655,3701.7050098996733,-9394.520556911732,-16605.78722820837,-42183.52449164564,-5394.096314773404,-1352.2868287233614
expAE04,NORCE_CISM3-MAR364-ERA-t1-local,/Volumes/FMac/computing/data/antarctica/ismip6/hackathon/ComputedScalarsHelene/expAE04/shelfmelt/computed_shelfmelt_AIS_NORCE_CISM3-MAR364-ERA-t1-local_expAE04.nc,131.2100767381022,-5471.885417217483,-506.06097445507385,-3583.134626675672,-13860.366357553496,-564.3337589036219,-293.2319447817854,-1429.955772496709,-1438.9740216325154,-4034.9899442166425,-9179.621048337518,216.61853451248982,-57.43917626043924,-907.1035910408218,-2079.7717782282707,23.58705479706606,3792.8019652399707,1083.190084671589,-42095.33980878614,-23289.1730221685,-20234.509238092927,5631.723155175241,-3583.134543530191,-6281.503501427054,-23403.626320597963,-1429.9551094692033,-293.2319526911109
expAE04,NORCE_CISM3-MAR364-ERA-t1-nonlocal,/Volumes/FMac/computing/data/antarctica/ismip6/hackathon/ComputedScalarsHelene/expAE04/shelfmelt/computed_shelfmelt_AIS_NORCE_CISM3-MAR364-ERA-t1-nonlocal_expAE04.nc,-67.7089770869676,-7328.111561956808,-966.5036114448785,-4491.470868038034,-15991.25908059116,-755.9626613580103,-439.8946261521894,-1829.994621893199,-1806.37000772388,-4966.063484128157,-10351.14445127334,176.07453765618072,-190.57640846627214,-1237.6947027206497,-2821.091007721433,-12.06865261914055,3920.188250009045,770.5641594105972,-54365.089770626626,-29656.82733929476,-25454.68521603229,5609.462621882662,-4491.472088404007,-8768.855136466693,-26702.268600336727,-1829.9938920987488,-439.8946709919967
expAE04,NORCE_CISM3-MAR364-ERA-t1,/Volumes/FMac/computing/data/antarctica/ismip6/hackathon/ComputedScalarsHelene/expAE04/shelfmelt/computed_shelfmelt_AIS_NORCE_CISM3-MAR364-ERA-t1_expAE04.nc,-4275.7483204143155,-12748.406378725267,-2823.2512194785268,-13778.01822729376,-18663.19794952459,-3034.503586150013,-2312.028878087058,-4507.342808276062,-7034.307157867101,-7745.790797082973,-20354.969260208527,-52.84602042690847,-669.8653192581294,-2517.4377189219267,-4641.067585933213,69.66651174211643,3918.4282253499387,-1059.9261770743187,-125998.9566160778,-62784.342564457475,-57863.5560678835,3902.4223603143128,-13778.028389658546,-17487.712046181754,-39453.87480207038,-4507.347080057101,-2312.028804751615
expAE04,NORCE_CISM4-MAR364-ERA-t1-local,/Volumes/FMac/computing/data/antarctica/ismip6/hackathon/ComputedScalarsHelene/expAE04/shelfmelt/computed_shelfmelt_AIS_NORCE_CISM4-MAR364-ERA-t1-local_expAE04.nc,-353.6105533863463,-6891.43950531388,-1103.3741716747354,-6523.595093057043,-14284.751071639846,-573.4734518215855,-1438.018264077457,-5344.871573243643,-2607.6229960036517,-6442.877624098885,-8429.917632897486,78.76987632346578,-1347.5262485301118,-2072.278389457577,-3509.1863433864874,-12.744229050809935,4678.697762420901,392.5386981321246,-59848.57692527003,-28563.63370936505,-31810.337539516928,5924.07690379594,-6523.597033521772,-7676.1494968957995,-23349.9991912443,-5344.870338789879,-1438.018313654651
expAE04,NORCE_CISM4-MAR364-ERA-t1-nonlocal,/Volumes/FMac/computing/data/antarctica/ismip6/hackathon/ComputedScalarsHelene/expAE04/shelfmelt/computed_shelfmelt_AIS_NORCE_CISM4-MAR364-ERA-t1-nonlocal_expAE04.nc,-455.6157359077747,-8614.707034822517,-1109.8485471918711,-6414.650806579099,-16317.772408912402,-704.8387550151938,-1851.5226338460425,-5658.029349513963,-2967.753344427365,-7603.071892630367,-9215.313021790644,146.17478328613782,-1330.594748862201,-2666.785632331811,-4113.792691453062,-23.619840221462653,4455.986036619277,344.9508879805902,-70305.17942519195,-33256.618450386464,-36854.84863493222,5920.025834473001,-6414.647501027168,-9854.224881814887,-26318.871490336205,-5658.0298474182055,-1851.5229323671288
expAE04,NORCE_CISM4-MAR364-ERA-t1,/Volumes/FMac/computing/data/antarctica/ismip6/hackathon/ComputedScalarsHelene/expAE04/shelfmelt/computed_shelfmelt_AIS_NORCE_CISM4-MAR364-ERA-t1_expAE04.nc,-3567.5722052420715,-12711.14056466853,-1491.249113907903,-16676.773932108365,-14427.116774367823,-1115.9138076049658,-2433.871487362334,-6746.0726686266025,-2492.5220864099592,-8631.558739055952,-15778.60490106485,51.20612807657483,-1214.838176130339,-2577.601514472448,-4574.47307794665,-97.49389577384375,4999.588873940173,-838.8574015134441,-105771.78295252519,-51221.79468590306,-49738.250110295165,4291.625555257771,-16676.777665953225,-15859.894302095163,-31809.634419269132,-6746.072503759689,-2433.8718747666326
expAE04,NORCE_CISM4-MAR364-JRA-t1,/Volumes/FMac/computing/data/antarctica/ismip6/hackathon/ComputedScalarsHelene/expAE04/shelfmelt/computed_shelfmelt_AIS_NORCE_CISM4-MAR364-JRA-t1_expAE04.nc,-3772.447728918196,-11599.83023658643,-1452.765489190424,-16954.179616238674,-15047.62576430368,-1109.8692551579015,-2436.7676553499077,-6856.58795831912,-2386.2123334609696,-8504.98163620922,-16864.65525356713,-11.184747925186457,-1262.7710374529452,-3008.108782242094,-4497.271632514663,-44.435222747191574,4915.011976827751,-723.6737142291167,-108095.41407362605,-51376.35035029985,-51938.65200341222,4603.2183629701885,-16954.172814693113,-14548.32818075912,-33553.95821616186,-6856.588465609817,-2436.7685229216927
expAE04,NORCE_CISM5-MAR364-ERA-t1-local,/Volumes/FMac/computing/data/antarctica/ismip6/hackathon/ComputedScalarsHelene/expAE04/shelfmelt/computed_shelfmelt_AIS_NORCE_CISM5-MAR364-ERA-t1-local_expAE04.nc,-2345.1552228601377,-8219.338563494828,-2513.8807796499477,-8530.713136871018,-16323.883965911744,102.40760912292058,-2786.4802481681963,-4788.065798350126,-2774.7245012114345,-11658.482011891683,-15115.808164205715,499.0955862105694,-2930.646803806905,-7193.0915015595165,-5588.025969798315,287.6868323673937,6879.2240582474005,-3090.0576090063178,-89564.09791383328,-36258.131019420834,-51672.30985114249,4084.169866648197,-8530.710404556135,-8524.978810363551,-31619.163781231764,-4788.069337812882,-2786.481000170469
expAE04,NORCE_CISM5-MAR364-ERA-t1-nonlocal,/Volumes/FMac/computing/data/antarctica/ismip6/hackathon/ComputedScalarsHelene/expAE04/shelfmelt/computed_shelfmelt_AIS_NORCE_CISM5-MAR364-ERA-t1-nonlocal_expAE04.nc,-2514.335848461299,-10803.13789147669,-3113.552787481376,-9773.661249589775,-19633.16083450112,93.67226566179556,-2981.989142376744,-6880.098844789027,-4059.289209293069,-12334.574462216653,-16313.889800370096,444.99889152474543,-3126.5643925529903,-7311.347028946568,-6065.674252382261,270.7701946202445,6113.845086115543,-3673.7245378938887,-102937.41414571926,-44079.2968864869,-56095.61209377492,3660.8633644289657,-9773.658224373572,-11819.91519609731,-36273.641091875674,-6880.096435654024,-2981.988900294533
expAE04,NORCE_CISM5-MAR364-ERA-t1,/Volumes/FMac/computing/data/antarctica/ismip6/hackathon/ComputedScalarsHelene/expAE04/shelfmelt/computed_shelfmelt_AIS_NORCE_CISM5-MAR364-ERA-t1_expAE04.nc,-3513.3555463249613,-9678.227487666249,-1910.772547759062,-15277.03741825049,-16007.702900166463,40.15460591860301,-2976.4237413129704,-9890.541766723545,-4885.416217699321,-9993.825155464205,-16423.981806804404,423.9138860063972,-2876.043181045603,-6434.850468147444,-4734.836322834008,350.62815911788675,6556.267342135201,-3510.004090089662,-104821.43325245153,-43314.67596006606,-58276.27586056711,3128.182043057336,-15277.036287216142,-11083.402139179518,-32803.193672721056,-9890.538312671895,-2976.4227936506927
expAE04,PIK_PISM,/Volumes/FMac/computing/data/antarctica/ismip6/hackathon/ComputedScalarsHelene/expAE04/shelfmelt/computed_shelfmelt_AIS_PIK_PISM_expAE04.nc,1383.000119081154,-8348.869782201342,-1759.2317171542454,-7173.411036312435,-19208.129171581983,-768.3245594513132,-16.736478982170865,-2945.2611278872864,-4436.731569916999,-1423.1998040280869,-9264.836814599352,269.2202311130646,1009.9685429642639,-70.97311937734412,-164.0747740603192,784.0997405024219,5636.759219726369,1902.782754911952,-57256.81281617013,-37176.197094662566,-22141.223535004392,8978.110551405185,-7173.414081427834,-9778.337287591596,-28735.021981442216,-2945.261151685334,-16.73615705885186
expAE04,UCM_Yelmo,/Volumes/FMac/computing/data/antarctica/ismip6/hackathon/ComputedScalarsHelene/expAE04/shelfmelt/computed_shelfmelt_AIS_UCM_Yelmo_expAE04.nc,-1026.036209540147,-4395.938033821169,-2410.02722898476,-6089.560119606718,-18028.95010421222,159.4258226520474,-611.64376919492,-996.1186754969517,-2328.0220848530853,-7218.802351207261,-14057.025681331848,771.2510367818393,20.60091376022058,-2345.1615374928606,-5969.29647874112,2045.2982060358372,26837.27056319471,3377.0089180816585,-38813.82250978978,-30692.062561778977,-32317.904192510556,38863.03743950113,-6089.560212526821,-4186.621880856763,-32267.647385417877,-996.1190423102514,-611.6437066905266
expAE04,UCSD_ISSM,/Volumes/FMac/computing/data/antarctica/ismip6/hackathon/ComputedScalarsHelene/expAE04/shelfmelt/computed_shelfmelt_AIS_UCSD_ISSM_expAE04.nc,-748.2496407479832,-1266.3546583830866,-70.53571287481586,-12223.71442091433,-741.9513603655105,-110.79318121997721,-717.5397809521019,-1140.6028930290358,-1541.3465943882302,-1702.7639230066889,-2575.8152591607104,-113.56414065985246,-333.22867708240756,-1345.3405021287617,-618.0632580496931,49.655342783775495,-332.36319513612943,-1305.0040440915973,-37123.08903009177,-17489.553686466083,-11684.241873798645,-1106.7758561064234,-12223.715657625093,-1280.0196491723436,-2730.317252251023,-1140.606560916036,-717.5403225033542
expAE04,ULB_fETISh-KoriBU1,/Volumes/FMac/computing/data/antarctica/ismip6/hackathon/ComputedScalarsHelene/expAE04/shelfmelt/computed_shelfmelt_AIS_ULB_fETISh-KoriBU1_expAE04.nc,-614.9071667950479,-2037.393973266835,-1597.334388179835,-3284.173921784706,-4666.155993308101,-20.22516410987896,-2395.1310820269427,-2191.1102476848428,-896.5614086833657,-1561.6950086953038,-2702.847323653201,58.56570488091671,164.41337703112583,-358.3946369985201,-2534.210247939038,259.8467608122842,5523.85730538757,993.329342520625,-24832.573476759266,-15326.85516005379,-12408.13067873186,5846.659428553523,-3284.1750359335538,-2018.52697512733,-7587.140630904192,-2191.109861269694,-2395.132074422515
expAE04,ULB_fETISh-KoriBU2,/Volumes/FMac/computing/data/antarctica/ismip6/hackathon/ComputedScalarsHelene/expAE04/shelfmelt/computed_shelfmelt_AIS_ULB_fETISh-KoriBU2_expAE04.nc,-1034.3171543541084,-9936.15628383097,-2275.726558670608,-17017.86993973612,-19181.259619056902,-247.2007340465084,-1776.2088014138735,-3343.023325904902,-2325.9843609950567,-3013.7437096085087,-13939.647502617729,148.67650058522713,243.05507297645477,-795.0382444997672,-2429.451214222392,201.6586331325073,2586.8960106676313,-641.3076694066772,-98057.14277674747,-63808.970911329554,-28426.313087816176,2036.200877639636,-17017.85591262346,-12353.154260992946,-34271.19469437293,-3343.0235075864075,-1776.2081801869836
expAE04,UNN_Ua,/Volumes/FMac/computing/data/antarctica/ismip6/hackathon/ComputedScalarsHelene/expAE04/shelfmelt/computed_shelfmelt_AIS_UNN_Ua_expAE04.nc,-758.3036897346606,-5369.179989356711,-819.2262581619634,-5835.4874915126675,-12271.11572144604,-330.70631103973574,-210.35466068133724,-1115.6990099690374,-1344.480370543305,-2754.5594373130443,-7613.784065443862,-618.9921629967728,-609.6619135720161,-1516.1047937134035,-1720.168632498463,-168.48242180797797,690.9764320957922,-1338.3799254133783,-43539.88744280947,-24712.78685858901,-17939.909720664466,-868.8450193990593,-5835.48803350402,-5742.836250742708,-20677.114753137386,-1115.7017226358103,-210.3545730053388
expAE04,UTAS_ElmerIce,/Volumes/FMac/computing/data/antarctica/ismip6/hackathon/ComputedScalarsHelene/expAE04/shelfmelt/computed_shelfmelt_AIS_UTAS_ElmerIce_expAE04.nc,1138.016273224413,-2239.2959987169834,293.78708174633573,-1263.8563862123142,-8590.975361763667,-393.98462023603474,9.743626086964184,-509.78447162327393,-435.4495362612222,-652.4763882450275,-4137.639050027326,-200.36521242047843,243.9493092677236,176.8577583621439,-610.2421579747647,0.769060093133966,2142.0959501410543,1647.0084131683661,-15101.207859833892,-10880.942153670789,-6756.828075063218,4057.718983987221,-1263.8558127303625,-2640.80639358786,-13179.806009787215,-509.7844422937219,9.743658689266965
expAE04,VUB_AISMPALEO,/Volumes/FMac/computing/data/antarctica/ismip6/hackathon/ComputedScalarsHelene/expAE04/shelfmelt/computed_shelfmelt_AIS_VUB_AISMPALEO_expAE04.nc,-3219.022815034922,1092.8841024228268,-1243.9846828273262,-2161.1411253706665,766.392272348723,581.190285012472,655.6609845828525,-3914.241023523018,1267.6392063556987,-7304.261250080952,1511.9897498497648,1183.7208843925716,-3115.3820232369544,-4709.123738386252,76.14686700253901,-894.3649506075462,-15417.942059632267,-10500.18779370582,-19798.551431319967,870.3889605621225,-3875.7432415385992,-29052.509135026965,-2161.1408514225186,1755.9152764695955,2346.1270871642046,-3914.241499540569,655.6608492511386
expAE04,VUW_PISM1,/Volumes/FMac/computing/data/antarctica/ismip6/hackathon/ComputedScalarsHelene/expAE04/shelfmelt/computed_shelfmelt_AIS_VUW_PISM1_expAE04.nc,-3425.5479933173647,-10639.156565180852,-2647.664288917462,-14214.059196146933,-45182.81388573823,47.62773507490539,-46.61369715106139,-6655.77034894405,-3516.041061099222,-7832.5893168239745,-26085.94273830296,292.2719700734408,-957.8260478957272,-3357.434256477278,-5765.426141480413,128.30637026111924,3678.7966195704994,-3091.219409955158,-141203.97169258917,-76159.20298599312,-57216.59495528095,-2483.4750012280674,-14214.05885884009,-12573.269015292986,-76795.2531404717,-6655.770509601547,-46.61368183509012
expAE04,VUW_PISM1_s1,/Volumes/FMac/computing/data/antarctica/ismip6/hackathon/ComputedScalarsHelene/expAE04/shelfmelt/computed_shelfmelt_AIS_VUW_PISM1_s1_expAE04.nc,-3350.3684223266646,-12884.28762360954,-3135.239117805326,-17240.09913431712,-44818.710583931854,109.10090457754086,-1164.4453867723578,-7291.743657118837,-4456.615315049734,-9775.388510932917,-29695.644195592497,147.52485287157631,-872.7763916065524,-5683.990442012357,-6071.902898202872,122.70741350024194,3062.2763039045985,-3342.7309888340114,-158671.28117413423,-82472.6402359088,-68229.7693377584,-3287.590188158316,-17240.096729368248,-15455.327938157308,-78926.18198302248,-7291.742267298576,-1164.4451153479745
expAE04,VUW_PISM1_s2,/Volumes/FMac/computing/data/antarctica/ismip6/hackathon/ComputedScalarsHelene/expAE04/shelfmelt/computed_shelfmelt_AIS_VUW_PISM1_s2_expAE04.nc,-3400.4196284916798,-8816.355329023496,-1776.9409753253403,-14474.09196921267,-45595.669538041024,-282.94942719973744,4.451825067851132,-5535.44661644693,-2943.4469089914564,-5993.290950906274,-24860.415458081225,296.365593123289,-1052.114243236574,-2537.917599470884,-5630.387940434626,194.77787900444142,4286.652787205321,-2878.3715504071934,-132319.56153005263,-73210.7614383405,-52091.30625493161,-1853.1346276670938,-14474.084601766801,-10716.243566166107,-76178.44276343289,-5535.444157111626,4.4520117762772315
expAE04,VUW_PISM1_s3,/Volumes/FMac/computing/data/antarctica/ismip6/hackathon/ComputedScalarsHelene/expAE04/shelfmelt/computed_shelfmelt_AIS_VUW_PISM1_s3_expAE04.nc,-2651.501634697226,-7687.4323535266085,-2050.895504860997,-11951.410091664762,-42696.86072547207,-648.1809877658286,374.0184003553179,-4629.244544907026,-3334.1326051191136,-7972.694637317334,-26530.356691248002,1142.775310307168,-1074.6800793313732,-2631.342379341171,-5141.326055549205,215.28696108258436,3901.866617826293,-2435.6693811788336,-122513.04214402131,-64040.44658437109,-55080.52333032081,-994.2387292531757,-11951.407967132702,-9462.53264272261,-74164.69082958931,-4629.247255546976,374.01832956989415
expAE04,VUW_PISM1_s4,/Volumes/FMac/computing/data/antarctica/ismip6/hackathon/ComputedScalarsHelene/expAE04/shelfmelt/computed_shelfmelt_AIS_VUW_PISM1_s4_expAE04.nc,-3756.2480060287944,-12238.00232669754,-2967.0901838026857,-16833.157009397153,-46867.89806036695,-320.55526205819524,-253.37443204622514,-8519.935687297515,-3796.8027471465175,-8959.278744779029,-35458.98577481037,662.435832050317,-1113.794056929425,-4621.158031821156,-5899.140837736264,84.57483415439697,3663.4152921735104,-3321.87789570934,-166525.0684292611,-86013.24055982596,-72955.45078140806,-2929.2350520370073,-16833.165033519603,-15151.546151031765,-85729.76841026192,-8519.940506303657,-253.37482904731587
expAE04,VUW_PISM2,/Volumes/FMac/computing/data/antarctica/ismip6/hackathon/ComputedScalarsHelene/expAE04/shelfmelt/computed_shelfmelt_AIS_VUW_PISM2_expAE04.nc,-3429.4625267416995,-13683.973569316207,-2931.767984719865,-7869.140514605009,-44667.92471843705,-60.24542818842798,-3017.199573982565,-14302.506567429919,-4345.396527712544,-6757.279515791124,-40963.218039176994,709.78896169234,-1350.4655042137529,-5779.874334580003,-7750.429622396634,-158.5433187291619,3483.7217561152447,-3370.680093420873,-210098.8231682874,-108743.23318139103,-93399.87130122611,-3734.0275059631585,-7869.14781833435,-16329.273836375662,-86052.55647574231,-14302.506861082307,-3017.198783197382
expAE04,VUW_PISM2_s1,/Volumes/FMac/computing/data/antarctica/ismip6/hackathon/ComputedScalarsHelene/expAE04/shelfmelt/computed_shelfmelt_AIS_VUW_PISM2_s1_expAE04.nc,-3105.3660668312696,-18440.56666155262,-3468.3600994755325,-17378.729363898194,-43767.01433945962,63.040923465779656,-5120.622235291135,-18355.575821724437,-5035.807930491359,-9446.927702055153,-44350.77816210274,1008.8034738522454,-1262.870077305166,-7120.9736438279,-8435.451885473027,-176.80074853941665,3159.0373741278463,-3478.0174951830813,-243861.3008035596,-123498.86415425286,-113694.9894943934,-4323.839342985357,-17378.722535833513,-22154.970223825912,-87396.99581041589,-18355.58183858144,-5120.621113686237
expAE04,VUW_PISM2_s2,/Volumes/FMac/computing/data/antarctica/ismip6/hackathon/ComputedScalarsHelene/expAE04/shelfmelt/computed_shelfmelt_AIS_VUW_PISM2_s2_expAE04.nc,-3453.047850994586,-11239.2149467903,-2450.127299381602,-9374.44416282323,-45038.2272813677,-311.4937794391284,-2304.895750975792,-9454.776934297053,-3473.6994925197578,-5474.134172987609,-35811.78633953519,816.1468460048762,-1226.9463190500737,-4446.507712362338,-7669.668605903407,-72.25702158054844,3780.182673577716,-3386.9312551430703,-193156.05379788333,-105294.8208517083,-78868.270021834,-3691.2161829289307,-9374.45233580203,-13614.82584910683,-82391.68554983192,-9454.781068413904,-2304.8957026899134
expAE04,VUW_PISM2_s3,/Volumes/FMac/computing/data/antarctica/ismip6/hackathon/ComputedScalarsHelene/expAE04/shelfmelt/computed_shelfmelt_AIS_VUW_PISM2_s3_expAE04.nc,-3636.740466677489,-11267.277743466297,-2146.019426335706,-16283.853706955968,-45045.407689927815,-1048.4996142454834,-1534.185122768984,-7763.248374759536,-4138.743320746711,-6526.06919498065,-40200.05435051494,1293.0468305537622,-1137.1185170732715,-4992.0558523650325,-7892.505922563705,-98.07535747614043,3604.3606767815463,-3585.7585407698025,-167443.86042050476,-80409.13215292842,-83280.34030183684,-3500.198626068275,-16283.856773089141,-14125.366958596001,-85670.29811265893,-7763.251144940134,-1534.1845693358664
expAE04,VUW_PISM2_s4,/Volumes/FMac/computing/data/antarctica/ismip6/hackathon/ComputedScalarsHelene/expAE04/shelfmelt/computed_shelfmelt_AIS_VUW_PISM2_s4_expAE04.nc,-3404.1967103713396,-17855.68802660769,-2989.262424750128,2551.607521433296,-47268.760771957604,-427.8791461824467,-3344.767639560767,-14188.228363430753,-4523.7312651415195,-6113.312941010328,-45110.527334445826,998.7252667017806,-1381.7323696693447,-5624.724848824644,-8460.358764393117,-236.60188317848542,3572.8966525514315,-3271.9524237279475,-230009.0292094393,-118944.85782686988,-101030.19276345847,-3926.285895658042,2551.6162927112164,-21846.68869713589,-91799.34421223516,-14188.23328941701,-3344.768805932643
expAE04,IMAU_UFEMISM1,/Volumes/FMac/computing/data/antarctica/ismip6/hackathon/ComputedScalarsHelene/expAE04/shelfmelt/jb_computed_shelfmelt_AIS_IMAU_UFEMISM1_expAE04.nc,1109.2195801112,-8706.856144904628,-1096.4487100268907,-933.5158684974681,-12170.802915294735,-1.7827146724748673,,-582.936732380449,-515.2629545295167,-637.3542459658902,-7642.276974835233,,110.90399512686372,167.4585533075906,-66.53245901318587,714.5782550518588,3120.217673298919,-189.48101804035332,-20206.14752286808,-21047.147637674454,-5548.997238330565,8602.1841334678,-933.5159558055993,-8369.954621176945,-20057.04039036203,-582.9365235350458,
expAE04,IMAU_UFEMISM2,/Volumes/FMac/computing/data/antarctica/ismip6/hackathon/ComputedScalarsHelene/expAE04/shelfmelt/jb_computed_shelfmelt_AIS_IMAU_UFEMISM2_expAE04.nc,971.6552108932015,-11468.763738193644,324.9027854378448,-810.7120051450006,-16629.688825739744,-35.19492133952849,146.60934477410945,140.49658529152526,-357.5473620182802,-1167.0107590442321,-7941.302596938363,,301.34452984303425,123.99304498044114,-207.5838913792777,740.0140953282751,2918.17515567149,96.93003902146711,-26894.353272801207,-28113.876390170393,-4781.271272519996,5568.556529941894,-810.7117216159386,-11046.867352130961,-24946.450691213075,140.4962541073711,146.60930207483142
expAE04,IMAU_UFEMISM3,/Volumes/FMac/computing/data/antarctica/ismip6/hackathon/ComputedScalarsHelene/expAE04/shelfmelt/jb_computed_shelfmelt_AIS_IMAU_UFEMISM3_expAE04.nc,1320.5053523454271,-17682.30735558513,81.83609102979742,-4349.196528185919,-27778.65025012518,-250.0647522047616,217.09723339640738,-382.94220009908804,-1485.2695422558054,-1914.356462589185,-15229.897140168905,112.15772281199565,1535.9400358276457,-168.88725803917782,-966.5390286347156,870.9369119815153,2115.9908409879918,5944.9756228280985,-65098.950610683416,-50088.92491455158,-17903.339873795412,5060.342730059712,-4349.196622388004,-17318.390649771383,-43971.1612811972,-382.9419968964198,217.09713823974397
expAE04,IMAU_UFEMISM4,/Volumes/FMac/computing/data/antarctica/ismip6/hackathon/ComputedScalarsHelene/expAE04/shelfmelt/jb_computed_shelfmelt_AIS_IMAU_UFEMISM4_expAE04.nc,1360.6919700875937,-16158.241742954015,139.66652999224712,-2466.4694722782597,-23819.724175950032,-337.64498446054176,289.3367526059394,-770.9695822021831,-1152.89915553634,-1130.3045632730937,-10088.780750396774,83.96828575468965,2345.5455049043776,14.556400170848207,-750.796174635746,560.2947297829105,2040.6243691139061,,-54415.208822080196,-44071.84909551611,-12572.185645250778,4361.3866773142145,-2466.4707046860876,-16029.525551825289,-35529.52793483931,-770.9696589440073,289.33675652236434
expAE05,DC_ISSM,/Volumes/FMac/computing/data/antarctica/ismip6/hackathon/ComputedScalarsHelene/expAE05/shelfmelt/computed_shelfmelt_AIS_DC_ISSM_expAE05.nc,1278.2545693485258,-7419.320617786449,-106.60690012506257,-2113.2636939238364,-3330.70992870595,-223.41675321544415,-1147.594391129829,-1156.4371371420675,-962.2104451715841,-657.3979457930509,-2387.0307001707642,91.31486994141017,225.11612431950812,-849.6519895136075,-661.5903849447882,15.875575533303902,780.0674071019639,1441.864586628741,-21705.40011480257,-12945.791530728893,-9940.255211428754,3666.3528507083574,-2113.2632202518344,-8260.522167710918,-5944.49241008332,-1156.4378064107113,-1147.594629840345
expAE05,DOE_MALI_4km,/Volumes/FMac/computing/data/antarctica/ismip6/hackathon/ComputedScalarsHelene/expAE05/shelfmelt/computed_shelfmelt_AIS_DOE_MALI_4km_expAE05.nc,-1433.320654671008,-28160.93119091801,-2094.250918425233,-10240.140260338681,-8503.512378643674,-682.3862039941769,-551.2420899464487,-3445.820070282549,-1812.046725116682,-2489.449771364998,-4642.024820847382,-422.5836738140663,-294.17400177355546,-1928.2687987429663,-1501.642078016066,-44.301429128232314,664.9706454992493,62.99297727937915,-89581.31121239433,-61175.54544036984,-24279.846107993028,1023.8072482282716,-10240.137486555846,-32049.597320934583,-13760.837640690595,-3445.819708466357,-551.2417449252753
expAE05,DOE_MALI_8km_Ant95,/Volumes/FMac/computing/data/antarctica/ismip6/hackathon/ComputedScalarsHelene/expAE05/shelfmelt/computed_shelfmelt_AIS_DOE_MALI_8km_Ant95_expAE05.nc,-651.5499383294473,-39973.01321794311,-2016.907326045778,7383.06089520143,-12311.43161126641,-232.75778104805477,32.902656752492476,-3821.0298093156816,-2712.4655681286877,-2293.210130879914,-5171.597145894666,-334.19254350770393,199.21343317130732,-1679.0032368655638,-1580.2996116344293,-22.831652561653982,642.3972170497436,9.081728725873518,-92164.57531796,-55036.39577479201,-26953.946787488196,1073.5726546367218,7383.052473893535,-46342.18972282001,-18370.64226899059,-3821.0332340413534,32.90103888029262
expAE05,DOE_MALI_8km_AntMean,/Volumes/FMac/computing/data/antarctica/ismip6/hackathon/ComputedScalarsHelene/expAE05/shelfmelt/computed_shelfmelt_AIS_DOE_MALI_8km_AntMean_expAE05.nc,-301.7374782284387,-34438.049960837336,-1882.3349673495395,3840.3630220024497,-10652.208046037485,-184.3097220190914,144.21153353820046,-3593.977630977759,-2091.151423904621,-2276.453490039148,-4414.308222688651,-235.42996083922753,226.6627724438232,-1503.756427524092,-1467.01430351624,-20.238714341447746,641.4811775665605,68.83805810221952,-88654.54339679005,-55130.50726240553,-24585.57882139276,1141.6504796943073,3840.3484895436413,-39495.66114142492,-15788.624883555254,-3593.976509634831,144.21799343160455
expAE05,IGE_ElmerIce,/Volumes/FMac/computing/data/antarctica/ismip6/hackathon/ComputedScalarsHelene/expAE05/shelfmelt/computed_shelfmelt_AIS_IGE_ElmerIce_expAE05.nc,2278.5984133465527,-2199.768217484927,310.89421026693617,-2060.036527660058,-1233.9730972564048,-13.809952017205887,-1408.9838063083062,-503.26036612307416,-794.6625604162182,-801.8859902459221,-725.859565544366,192.70681139105807,162.36949121528232,71.4817287804155,-374.4607764773764,151.9810346010334,2242.0949246646514,1714.2312282347966,-8349.238938439667,-5428.228965176153,-4859.866709429956,4628.5981836352,-2060.0375386036058,-2167.3887116057713,-2096.6934749563916,-503.25975091389137,-1408.9845038701333
expAE05,ILTS_SICOPOLIS,/Volumes/FMac/computing/data/antarctica/ismip6/hackathon/ComputedScalarsHelene/expAE05/shelfmelt/computed_shelfmelt_AIS_ILTS_SICOPOLIS_expAE05.nc,-2457.4285090727426,-29836.242484465212,-3736.2271075178014,-16374.071164105771,-4935.944592813466,-652.8482266254355,-4365.914463448316,-5600.984481601859,-3766.9004533502193,-4164.831298579349,-8044.207790261906,-862.736629200795,-74.45435990746313,-5207.63849868601,-3554.1253523311243,-96.10934628674096,115.22178480699677,-1554.669172508672,-112162.10859411163,-61278.3721049836,-46571.55109659361,-1094.6953890283985,-16374.072904161243,-36598.10366352723,-13443.763181269707,-5600.983057121797,-4365.912978375618
expAE05,IMAU_UFEMISM1,/Volumes/FMac/computing/data/antarctica/ismip6/hackathon/ComputedScalarsHelene/expAE05/shelfmelt/computed_shelfmelt_AIS_IMAU_UFEMISM1_expAE05.nc,798.2733168434727,-8579.921053738042,-989.0470158455419,-773.1542002145734,-2289.3584232184658,226.97419706711372,,-980.9059901996152,-305.0372660206258,-447.521082056948,-1890.394197914833,,,182.73221267646898,-280.6400457185473,-36.744658620767325,-1026.6668750624026,-536.6888307090837,-11125.016173628232,-10085.018908527061,-2817.4179651544146,1666.8377991578327,-773.1543201298755,-8113.803738863127,-4236.751422891222,-980.9059680672337,
expAE05,IMAU_UFEMISM2,/Volumes/FMac/computing/data/antarctica/ismip6/hackathon/ComputedScalarsHelene/expAE05/shelfmelt/computed_shelfmelt_AIS_IMAU_UFEMISM2_expAE05.nc,597.9357030012061,-13050.957190349749,175.19984126637462,-586.683845873506,-3921.1452503701767,213.83421441545505,558.6173698985378,-716.17195547129,-76.82262471590275,-692.0374099144246,-2153.409716717357,,,142.07624916145048,-468.7348903491443,-96.5264862852381,-3022.2803128221226,49.07550179649843,-18011.724998810707,-17533.2755142417,-2405.5118874783802,-3866.8328264148704,-586.6839311602553,-12520.980723927394,-6165.0032916664495,-716.171840257205,558.6173575404192
expAE05,IMAU_UFEMISM3,/Volumes/FMac/computing/data/antarctica/ismip6/hackathon/ComputedScalarsHelene/expAE05/shelfmelt/computed_shelfmelt_AIS_IMAU_UFEMISM3_expAE05.nc,1547.8589019318547,-20104.566218488908,-50.102342915202826,-2439.764097985785,-6337.838993549638,-109.94605823014285,188.07402481863443,-563.3259054108078,-1364.7407231973712,-1243.9957250858984,-3517.5484104832576,30.441929413124228,1089.833746300883,-83.12030985626245,-806.8620322442657,244.03034529324032,32.53958831950695,1933.494121012452,-39181.84299429707,-30944.310092093292,-9068.564034789095,1045.2365419902544,-2439.7640756424016,-20235.55017309903,-10049.86898223246,-563.325913154662,188.07401368757493
expAE05,IMAU_UFEMISM4,/Volumes/FMac/computing/data/antarctica/ismip6/hackathon/ComputedScalarsHelene/expAE05/shelfmelt/computed_shelfmelt_AIS_IMAU_UFEMISM4_expAE05.nc,1464.8510748690933,-18046.162822601116,46.341077700291635,-1887.570047645956,-6286.819383765513,52.59260244023346,107.91777023961959,-958.005580414352,-731.1013233068406,-842.8890292429783,-2334.4246321498904,-87.25096509005209,1738.9427459130843,-50.73442206275831,-678.034218544411,132.05864528617667,-578.3073862584242,,-34167.01949215363,-29640.972727401982,-6152.939296585937,-299.4973666943456,-1887.569960236799,-18085.47669034148,-8916.834719319508,-958.0056448440896,107.91772361491132
expAE05,LSCE_GRISLI2,/Volumes/FMac/computing/data/antarctica/ismip6/hackathon/ComputedScalarsHelene/expAE05/shelfmelt/computed_shelfmelt_AIS_LSCE_GRISLI2_expAE05.nc,1463.8356455460585,-11568.647425610681,164.57959799114792,-1902.4480773520554,-3011.929505806678,199.94292819198597,-1040.579743621341,-202.20955692461786,-891.2591141238881,-1185.9052656361773,48.16000564656406,353.26800336508404,766.9701962462098,-546.6773135594743,-513.1107968641732,463.71178710879144,5011.6754877002095,1387.5886674498197,-21146.67914854402,-18863.55183320011,-3383.994778940938,5626.43480084733,-1902.4479143688768,-12925.223106504178,-3672.5373651615955,-202.2097060021321,-1040.5800415388262
expAE05,LSCE_GRISLI,/Volumes/FMac/computing/data/antarctica/ismip6/hackathon/ComputedScalarsHelene/expAE05/shelfmelt/computed_shelfmelt_AIS_LSCE_GRISLI_expAE05.nc,-8140.307439916556,-14496.31917380169,-14163.400932690176,-1375.276678244758,-4182.576025275448,-552.4672862769635,-3070.141952375332,-6265.816101488843,-1814.479027719468,-5719.445000599717,-2762.847420023667,-480.3044616133434,-3240.726495785495,-6575.853072278362,-4339.2690155569035,-113.71379328484215,3219.639885267578,-3674.670039733508,-86645.52424833179,-45355.45808840945,-37154.24906623093,-1380.2661473705666,-1375.283780163576,-17207.112492277243,-7954.805250758996,-6265.814507090785,-3070.1407566386806
expAE05,NCAR_CISM1,/Volumes/FMac/computing/data/antarctica/ismip6/hackathon/ComputedScalarsHelene/expAE05/shelfmelt/computed_shelfmelt_AIS_NCAR_CISM1_expAE05.nc,1335.096067183396,-10194.943928189961,-749.1648708791167,-2461.0164956195295,-4788.322785613982,-381.25542702717576,-170.10952680710398,-707.6364055659576,-1444.043201838741,-501.89554108344964,-1867.898505263025,203.44769266136132,164.41540426672088,-391.83428190920176,-494.9532137698716,216.38494184295303,579.7078655900805,1378.8718898048553,-24711.550151899602,-19028.88216252414,-6871.145009489737,4118.894093449235,-2461.0168238324704,-11263.751294219157,-7079.815680090949,-707.6365888021668,-170.1095912686801
expAE05,NCAR_CISM2,/Volumes/FMac/computing/data/antarctica/ismip6/hackathon/ComputedScalarsHelene/expAE05/shelfmelt/computed_shelfmelt_AIS_NCAR_CISM2_expAE05.nc,-3157.506080335732,-26748.660088194505,-5521.230932447761,-9997.055032896067,-8285.965856916926,-1149.4191865324583,-1770.821243350074,-4255.939085277696,-4974.3691911303285,-6221.350799754837,-8404.736939274153,-573.6715130912958,-536.2278606806365,-3716.4642823965205,-4791.365852005012,-257.7637650106973,-24.447574644842064,-2450.9934949748595,-105252.5759666849,-54086.97387241089,-47025.801145268226,-2240.820536888127,-9997.051369337518,-31342.219383913878,-16807.255139420537,-4255.934392097832,-1770.822416456631
expAE05,NORCE_CISM2-MAR364-ERA-t1,/Volumes/FMac/computing/data/antarctica/ismip6/hackathon/ComputedScalarsHelene/expAE05/shelfmelt/computed_shelfmelt_AIS_NORCE_CISM2-MAR364-ERA-t1_expAE05.nc,-1656.445842147225,-21971.407931407288,-3036.107496728846,-13365.988277874043,-6484.703964703047,-4768.350698515795,-1633.38912737182,-3872.7576293095153,-7329.880962698611,-2941.160865869888,-7106.441689963423,-187.31348189723803,-300.33609754508257,-1353.2091940461005,-2433.256155443458,-69.11818491070568,1789.2858810596044,273.98031365249517,-84113.73466377624,-47201.937001486105,-34240.10554793727,2875.4056576820003,-13365.990013489216,-28715.082083170608,-13818.487708217071,-3872.7568229818535,-1633.3897917074637
expAE05,NORCE_CISM3-MAR364-ERA-t1-local,/Volumes/FMac/computing/data/antarctica/ismip6/hackathon/ComputedScalarsHelene/expAE05/shelfmelt/computed_shelfmelt_AIS_NORCE_CISM3-MAR364-ERA-t1-local_expAE05.nc,449.11837177555515,-15125.817457738907,-1362.8736705620522,-4038.72667132869,-5125.644180080133,-649.7522080665294,-406.82870007832344,-1248.16159517909,-1698.6027877454835,-2325.321791523944,-3503.8454586905173,163.80767532896112,187.45699566944825,-971.0822095520512,-1678.8827360232199,63.7680911190972,2327.814797551854,1137.9322359550383,-39245.451926344744,-24828.09337766035,-15109.316533320096,4310.7706612777165,-4038.72717475056,-16423.942002152704,-8977.75385745633,-1248.161125262227,-406.8289930541473
expAE05,NORCE_CISM3-MAR364-ERA-t1-nonlocal,/Volumes/FMac/computing/data/antarctica/ismip6/hackathon/ComputedScalarsHelene/expAE05/shelfmelt/computed_shelfmelt_AIS_NORCE_CISM3-MAR364-ERA-t1-nonlocal_expAE05.nc,411.1888525045203,-16834.36299855681,-1810.081456770591,-3795.822480293309,-5486.998053539508,-1048.6818200261469,-556.9382854292612,-1401.7230279942405,-1750.832256533935,-2797.306638614795,-3336.9628371715244,135.78365413692708,130.97238830462516,-1136.9910344789332,-2060.0279742925013,34.005636154282456,2136.799786281653,934.358007305978,-44226.53860110149,-27202.35770834697,-17244.457727473542,4069.976256588273,-3795.821730617843,-19950.56672190134,-9096.252611038028,-1401.7237451320107,-556.9386705758639
expAE05,NORCE_CISM3-MAR364-ERA-t1,/Volumes/FMac/computing/data/antarctica/ismip6/hackathon/ComputedScalarsHelene/expAE05/shelfmelt/computed_shelfmelt_AIS_NORCE_CISM3-MAR364-ERA-t1_expAE05.nc,-689.9545849382239,-23032.112271665494,-2887.302841248309,-11789.53634574217,-6633.223003610314,-4764.738973612466,-1805.7110976552085,-2539.48445261332,-4780.052061210059,-3803.7504828155033,-5928.116671977779,91.862341777437,-130.90239880718963,-1302.518056057279,-2645.5052633247415,80.46557421254352,2390.743251074625,732.81283726385,-79528.40936179209,-44277.40286557513,-31815.94628167883,3876.9366584550116,-11789.536903497014,-30852.204428505705,-13073.998740759751,-2539.484487441092,-1805.7123749567545
expAE05,NORCE_CISM4-MAR364-ERA-t1-local,/Volumes/FMac/computing/data/antarctica/ismip6/hackathon/ComputedScalarsHelene/expAE05/shelfmelt/computed_shelfmelt_AIS_NORCE_CISM4-MAR364-ERA-t1-local_expAE05.nc,568.1713266985538,-16907.04622225521,-1357.8639634169585,-5191.8057473289045,-5147.285975465471,-479.0347187369166,-1230.6264557610034,-3716.372654959123,-1579.8998452748901,-2723.582048962091,-3142.71156528105,361.7814062399909,-175.5052809153489,-1514.8081385812347,-1873.8778077436782,239.72752474772687,3300.397322585817,1174.6265754958722,-46597.74512070845,-27810.70438844309,-18629.181112165534,5136.383753186676,-5191.805973294673,-18362.922470635785,-8817.678596249694,-3716.375304962239,-1230.626953572837
expAE05,NORCE_CISM4-MAR364-ERA-t1-nonlocal,/Volumes/FMac/computing/data/antarctica/ismip6/hackathon/ComputedScalarsHelene/expAE05/shelfmelt/computed_shelfmelt_AIS_NORCE_CISM4-MAR364-ERA-t1-nonlocal_expAE05.nc,500.33539127514973,-18579.218077914957,-1143.951295115885,-4882.637306599485,-5661.81569708453,-706.8975319245874,-1473.273110374129,-3891.371719517261,-1901.0259640558634,-3366.5274379866896,-2969.3061740160247,421.1610337299263,-309.6697568527982,-1521.8161285105443,-2168.3234140003406,230.21522003655082,2793.0678973630647,884.3232901659045,-51113.76200901979,-29750.057505488483,-20569.298495071052,4876.908220074165,-4882.636008394584,-21470.748350813963,-9123.385313338353,-3891.370310438253,-1473.2733981413444
expAE05,NORCE_CISM4-MAR364-ERA-t1,/Volumes/FMac/computing/data/antarctica/ismip6/hackathon/ComputedScalarsHelene/expAE05/shelfmelt/computed_shelfmelt_AIS_NORCE_CISM4-MAR364-ERA-t1_expAE05.nc,-230.82654186375237,-23633.98987231085,-1037.4877430903016,-9103.406011497515,-6552.7183002115125,-1637.929173828703,-1377.391605221556,-4263.5484506342655,-1287.0020969615407,-3365.355952375641,-4815.239644324909,317.54837616863824,-349.35132541151347,-1138.770723992252,-2332.0349288486523,125.6118504469415,3354.2391930285667,623.7301421003237,-71561.65152415488,-41968.742904296756,-25179.411314439378,4128.06000766432,-9103.408093738813,-29844.735982330516,-12074.496553132922,-4263.551384367733,-1377.3916177906285
expAE05,NORCE_CISM4-MAR364-JRA-t1,/Volumes/FMac/computing/data/antarctica/ismip6/hackathon/ComputedScalarsHelene/expAE05/shelfmelt/computed_shelfmelt_AIS_NORCE_CISM4-MAR364-JRA-t1_expAE05.nc,-264.7310933447702,-21903.597105949768,-981.9101504937662,-9208.882553732052,-7216.854819327935,-1419.6156790280547,-2018.1131036348497,-4491.491423538548,-1285.0966452297343,-3108.16109244409,-5203.623652022725,281.9663683502363,-373.5317502770429,-1718.3854537350644,-2314.45713605297,142.8130424841364,3271.549262845261,601.8472708851365,-72088.37366174406,-41221.02709200664,-26284.57286278876,4169.336147590613,-9208.879943489708,-27535.00608547803,-13194.825537196273,-4491.49395558445,-2018.1130131782238
expAE05,NORCE_CISM5-MAR364-ERA-t1-local,/Volumes/FMac/computing/data/antarctica/ismip6/hackathon/ComputedScalarsHelene/expAE05/shelfmelt/computed_shelfmelt_AIS_NORCE_CISM5-MAR364-ERA-t1-local_expAE05.nc,-406.4360081939724,-17742.432124911604,-1391.3177620239185,-6397.434515032033,-5314.753761695341,-98.3298852675025,-336.7581469164593,-5816.877925270797,-3041.8488911457516,-3009.8343812313797,-5174.144851205161,870.7438257970173,-1389.5358892322474,-2095.023121928476,-2575.3659021710173,256.72490624754454,5495.645228983336,938.8297307246511,-57290.51474284791,-31032.779272066837,-25473.106334687414,6000.962480172209,-6397.439346258312,-19002.67584529917,-10658.275223532073,-5816.879303141226,-336.75811854861536
expAE05,NORCE_CISM5-MAR364-ERA-t1-nonlocal,/Volumes/FMac/computing/data/antarctica/ismip6/hackathon/ComputedScalarsHelene/expAE05/shelfmelt/computed_shelfmelt_AIS_NORCE_CISM5-MAR364-ERA-t1-nonlocal_expAE05.nc,-733.1176824877402,-20022.282826116993,-2502.921462352462,-7897.494001221301,-6376.861974146195,-105.52485961190405,-405.35976309296166,-5811.988511011368,-3287.1290518094575,-3524.9011944220347,-5227.514208151086,875.5183241423897,-1391.062746447305,-2403.46241937546,-2821.4474482158093,252.25906366657233,4854.012449560323,604.2278613511676,-63939.379329547344,-35231.89573023116,-27280.33305087425,5612.488612774336,-7897.497793745486,-22902.351675191065,-11828.009600496276,-5811.987738116388,-405.3595944430916
expAE05,NORCE_CISM5-MAR364-ERA-t1,/Volumes/FMac/computing/data/antarctica/ismip6/hackathon/ComputedScalarsHelene/expAE05/shelfmelt/computed_shelfmelt_AIS_NORCE_CISM5-MAR364-ERA-t1_expAE05.nc,-1174.5716578233282,-17947.480045089455,-984.2920525590835,-8882.738110347527,-5346.867300661492,-371.5801010228156,-268.4166249510381,-7352.441533930247,-1342.3861392466542,-2629.0908595820983,-5503.0653864974665,848.2064239788967,-1023.9885279152013,-1627.240662223514,-2143.3814587708357,408.53300018422067,4760.41563988051,701.3350179487745,-62227.95363452993,-33530.07773568272,-26086.808216331177,5639.467561311185,-8882.742399644685,-21391.588350368896,-11017.618546814127,-7352.440860300188,-268.4165852848131
expAE05,PIK_PISM,/Volumes/FMac/computing/data/antarctica/ismip6/hackathon/ComputedScalarsHelene/expAE05/shelfmelt/computed_shelfmelt_AIS_PIK_PISM_expAE05.nc,1699.777562385154,-14212.299143141441,-2317.109316479833,-11364.782050855047,-8510.034104536331,-1590.7907224823775,-597.0521274514049,-2954.1862439811375,-7864.479194632091,-2710.5057730430217,-5227.071134625618,20.190625095173772,301.82865493855087,-430.56891196568176,94.40945558973681,-21.53825726988464,2077.8040653434073,786.5822676354395,-61657.210203426686,-36513.40874134115,-25900.169273677006,3239.0295655245536,-11364.78462835469,-17342.549473030762,-14146.479741584983,-2954.18748851479,-597.051673807885
expAE05,UCM_Yelmo,/Volumes/FMac/computing/data/antarctica/ismip6/hackathon/ComputedScalarsHelene/expAE05/shelfmelt/computed_shelfmelt_AIS_UCM_Yelmo_expAE05.nc,-3247.1490744766134,-10420.175602716172,-4955.526934719044,-6731.697945293257,-6152.456779001506,-532.3580942647209,-1187.1128440441794,-2483.725050802277,-2986.6052646860426,-6003.504190942633,-4797.736798297716,-1.0123824187024866,-1124.1397724876138,-4918.365157861263,-4432.359604662794,49.23434894497211,4719.559618314082,-197.9600340963841,-56381.7030631089,-26555.803938781624,-30726.805902302047,4734.318123510379,-6731.700827692478,-11367.42504469138,-11136.748555000013,-2483.725218808162,-1187.1125561402202
expAE05,UCSD_ISSM,/Volumes/FMac/computing/data/antarctica/ismip6/hackathon/ComputedScalarsHelene/expAE05/shelfmelt/computed_shelfmelt_AIS_UCSD_ISSM_expAE05.nc,-35.4086259632129,-149.62610935507473,348.5739564689866,810.6879821383263,118.02499265888855,48.172332247274426,-174.78829244300005,-108.11000233054438,-189.10242055443587,460.08890172316796,-653.4286304490984,-4.864184306580967,-72.56732066270473,-116.83767749472872,107.21012105566433,-11.370992202898407,-865.7317939119066,475.15539936395817,593.5911074685719,1245.479052651397,1529.5464630568968,1767.2315519966432,810.6858701728488,-191.22704784091002,-199.0622816647574,-108.1107032689215,-174.78803288763584
expAE05,ULB_fETISh-KoriBU1,/Volumes/FMac/computing/data/antarctica/ismip6/hackathon/ComputedScalarsHelene/expAE05/shelfmelt/computed_shelfmelt_AIS_ULB_fETISh-KoriBU1_expAE05.nc,1761.8974937983103,-2781.3711301698677,-1613.674808134042,-21588.103881450363,-2771.982769004553,42.8292455190732,-3975.1899791338546,-2391.5130976210403,-2228.4597953766424,-2131.8501017930466,-1546.3396352517975,176.01312553588252,696.8634063469617,-622.4468927818839,-2096.919070407541,615.9901825802278,6717.280121571201,1925.5316074707307,-43116.17509707055,-28080.16921898465,-16497.143715283004,7588.353590379089,-21588.104403505,-3241.313993162985,-4517.622590498315,-2391.511815143369,-3975.1895357642206
expAE05,ULB_fETISh-KoriBU2,/Volumes/FMac/computing/data/antarctica/ismip6/hackathon/ComputedScalarsHelene/expAE05/shelfmelt/computed_shelfmelt_AIS_ULB_fETISh-KoriBU2_expAE05.nc,-278.40069258030917,-21494.019966361782,-2676.2642552135167,-9573.709169840062,-8857.778045997322,-81.8061768569504,-2840.315114206427,-2726.205978992022,-2046.9292083680284,-1829.911994360311,-4158.570143739795,226.8613026581843,435.1275641802224,-628.2902156953137,-1813.7339591075197,126.22776171076384,1521.6898980900241,2426.317951788489,-79797.1771929466,-54101.46771555062,-21354.764018622926,6219.0097953214645,-9573.711598575028,-25711.840553758288,-13888.207748591085,-2726.2049673752845,-2840.3123985981765
expAE05,UNN_Ua,/Volumes/FMac/computing/data/antarctica/ismip6/hackathon/ComputedScalarsHelene/expAE05/shelfmelt/computed_shelfmelt_AIS_UNN_Ua_expAE05.nc,-473.6536510208425,-10601.744123389355,-979.8352338129134,-7879.059186988565,-4724.660544621984,-61.700700665975546,-170.08978019565438,-2335.668582124069,-1150.8736875790346,-888.8882377514428,-2984.814399797011,-263.7848736927908,-233.0257625510185,-1196.4374592324484,-711.3373681548342,-96.00644382283116,237.73733111067617,-1204.1996102527214,-38518.834621082875,-26881.788423905426,-10858.344560169047,-455.5569058124038,-7879.05920013662,-10132.994981999771,-8237.091331526542,-2335.668958386851,-170.0896418967368
expAE05,UTAS_ElmerIce,/Volumes/FMac/computing/data/antarctica/ismip6/hackathon/ComputedScalarsHelene/expAE05/shelfmelt/computed_shelfmelt_AIS_UTAS_ElmerIce_expAE05.nc,1260.7445776979348,-5644.935025303668,-164.3388376844332,-1255.007967297921,-2942.140049254922,-126.69234153462776,13.763813870075865,-919.2083766688565,-655.7711572811463,-539.3704298189225,-1477.6853391554469,-57.32288775880022,34.60637447504024,-246.5426218831126,-244.64356950068486,0.22097974831127942,888.9611092059331,1067.9678471669408,-14445.900270450693,-11126.556759025247,-4907.307377673162,2559.7043349554297,-1255.0078064964441,-5559.433577117754,-4702.02414722641,-919.2082582533571,13.764019033654336
expAE05,VUB_AISMPALEO,/Volumes/FMac/computing/data/antarctica/ismip6/hackathon/ComputedScalarsHelene/expAE05/shelfmelt/computed_shelfmelt_AIS_VUB_AISMPALEO_expAE05.nc,-315.3440437703622,1548.9694838844853,552.7954549374886,470.663586408971,459.2337497318131,290.957587894698,290.51552797489137,2632.342510680647,670.0049107988661,1008.8724507943452,422.1701047865554,623.5677461494311,1023.4175685503051,979.2162526002435,714.5874705804929,86.95327940127021,-4285.503037379768,389.37706463745894,10166.347492865701,4019.199278253076,4523.549906003485,-2343.7990344755344,470.6636079850591,1835.3520934067074,915.8543524935449,2632.3422621435607,290.51547904361803
expAE05,VUW_PISM1,/Volumes/FMac/computing/data/antarctica/ismip6/hackathon/ComputedScalarsHelene/expAE05/shelfmelt/computed_shelfmelt_AIS_VUW_PISM1_expAE05.nc,-1234.4275555028726,-13939.106862692228,-3470.026721201879,-9848.861035401707,-14724.982300101561,76.20509182686868,-676.1665082892714,-7581.947399696161,-3087.363851773638,-6077.478289244753,-4083.2106446793914,253.26893050775826,-217.90678723892506,-3356.459601330662,-3899.370158108315,-30.355474895810694,-647.8227407857249,-1372.3569683620426,-77754.02034063329,-47099.17776748579,-28074.596902108548,919.8155745502377,-9848.860074798067,-12628.088558340409,-21775.339700341996,-7581.947389280549,-676.1665070200015
expAE05,VUW_PISM1_s1,/Volumes/FMac/computing/data/antarctica/ismip6/hackathon/ComputedScalarsHelene/expAE05/shelfmelt/computed_shelfmelt_AIS_VUW_PISM1_s1_expAE05.nc,177.501072039282,-18056.638682096876,-4229.05574578133,-14737.658118349587,-14323.711175446559,48.2036496862635,-2944.9150121555904,-6285.8414510188995,-3605.879847113225,-7304.352400532716,-4030.8299062724327,73.60568765969546,-201.76148735739616,-3781.2604488946126,-4441.2436284003725,6.309203834367583,85.32499406511943,-1907.1230141324268,-89144.53940701572,-52525.12174199105,-33445.62344859274,494.2046442042365,-14737.65747011721,-17269.327462886467,-21966.78225635596,-6285.837376706273,-2944.9141261115074
expAE05,VUW_PISM1_s2,/Volumes/FMac/computing/data/antarctica/ismip6/hackathon/ComputedScalarsHelene/expAE05/shelfmelt/computed_shelfmelt_AIS_VUW_PISM1_s2_expAE05.nc,-1469.0184990948583,-11888.083466391603,-2885.6779879353708,-6757.849358738575,-14555.274003170067,7.597379975166092,-329.9652766624308,-4825.173522230372,-2498.8047172936367,-5220.802233029477,-3401.447089586516,380.74363847199686,-230.75279512491966,-3105.1685636663005,-3397.4685844214637,-96.22902244585225,-1426.9865382577589,-1271.4416195847498,-67136.00894651923,-42377.08675881836,-23759.345864659626,1080.5526935103098,-6757.851292369363,-10899.249650372974,-20294.990597325654,-4825.173369667813,-329.96529151977757
expAE05,VUW_PISM1_s3,/Volumes/FMac/computing/data/antarctica/ismip6/hackathon/ComputedScalarsHelene/expAE05/shelfmelt/computed_shelfmelt_AIS_VUW_PISM1_s3_expAE05.nc,-766.5260038375254,-9923.121969953932,-2720.6481430635286,-7871.044717240602,-12847.31034692502,-101.8443173111209,-610.6050870637046,-5722.49525754448,-2893.5087916681696,-6258.634066552597,-3533.1066831065364,594.2281237855631,-248.8892625659464,-3007.8305050244016,-3639.815934816601,-103.46598224314906,338.4552846315728,-413.31274946490885,-65097.38057518864,-38453.376904141245,-26333.674718515133,1774.2587047877546,-7871.046229083726,-9363.50960224864,-18562.41753366383,-5722.494469050391,-610.605133987181
expAE05,VUW_PISM1_s4,/Volumes/FMac/computing/data/antarctica/ismip6/hackathon/ComputedScalarsHelene/expAE05/shelfmelt/computed_shelfmelt_AIS_VUW_PISM1_s4_expAE05.nc,-875.6054798561872,-16652.976320277427,-3752.052874941526,-10307.267805029122,-15583.349417027071,-27.063697703491925,-1069.9921840710722,-8431.151994817064,-3107.918150361147,-6964.339472377014,-4938.997508346361,483.9211932327719,-206.83448625506412,-4022.4452752466605,-4722.452284679703,-2.4956621526278724,-1361.2880463617573,-2195.98701840962,-86272.64129184361,-49370.383036416984,-33564.495830301385,238.6590971598671,-10307.26771464885,-16158.024944953613,-23137.761044025276,-8431.150973234171,-1069.9925787223397
expAE05,VUW_PISM2,/Volumes/FMac/computing/data/antarctica/ismip6/hackathon/ComputedScalarsHelene/expAE05/shelfmelt/computed_shelfmelt_AIS_VUW_PISM2_expAE05.nc,772.9044596992862,-19830.05875752514,-3720.340261618483,-15164.788620992105,-14365.110686366665,112.45317436733836,-5081.527121870746,-9408.776934201349,-3653.8409013066466,-5253.282596117,-6059.856100627207,765.952344286176,-771.3755035018403,-5698.526067215596,-5911.126001132256,135.49388781068828,-2982.9243950224804,-2361.672188967297,-113106.82741196168,-60753.72653427621,-48311.23666550807,-13.03494655976283,-15164.79945854997,-19146.407328971916,-22818.162175603444,-9408.777359894084,-5081.5290395323955
expAE05,VUW_PISM2_s1,/Volumes/FMac/computing/data/antarctica/ismip6/hackathon/ComputedScalarsHelene/expAE05/shelfmelt/computed_shelfmelt_AIS_VUW_PISM2_s1_expAE05.nc,1345.5236476137216,-24342.271796449277,-3776.8885835886613,-27725.595962848456,-14431.850906409047,218.45204358953333,-6905.754744796734,-14209.844542502076,-4064.0683710963385,-6818.670635883067,-6430.983822342889,644.9402505418223,-786.8813217488605,-6333.848814264311,-5737.952527815683,117.19984942035012,-1167.468423484398,-2720.7906902666455,-133120.17586320738,-68257.27852962224,-61372.12486911961,-470.61201449529926,-27725.59226713764,-24093.959297455098,-23475.94572032665,-14209.845518963211,-6905.754881895609
expAE05,VUW_PISM2_s2,/Volumes/FMac/computing/data/antarctica/ismip6/hackathon/ComputedScalarsHelene/expAE05/shelfmelt/computed_shelfmelt_AIS_VUW_PISM2_s2_expAE05.nc,136.95579089758394,-17404.022916662143,-2465.2215294168855,-7108.888549629715,-14553.541147973636,-42.155777324292444,-4512.872596686428,-9837.690820613378,-2980.5131608819174,-4678.201998531455,-4624.344632316832,774.3171789293924,-789.4236832270326,-5201.838127224644,-5112.381892351437,20.05016247584811,-3435.8330159904544,-1829.4432810032595,-108062.02603343909,-61026.29673798254,-41595.683382250194,271.0702727855705,-7108.8845183817975,-16510.495924044735,-21379.807884501293,-9837.69445295811,-4512.873777684617
expAE05,VUW_PISM2_s3,/Volumes/FMac/computing/data/antarctica/ismip6/hackathon/ComputedScalarsHelene/expAE05/shelfmelt/computed_shelfmelt_AIS_VUW_PISM2_s3_expAE05.nc,810.4224862303308,-15016.93602523036,-2883.7137145455818,-14285.865348673622,-14156.22360877633,-205.53119447455674,-3699.2402800403797,-9027.276129524013,-3436.8718822413775,-5682.790785880563,-4904.068501494377,993.7590947062495,-740.7288644643227,-5017.191795349758,-5006.776667781614,92.46642767906212,-3368.2970027642664,-1594.7179681929874,-87770.10930264683,-44487.81530437345,-42130.6466153878,605.2856244653744,-14285.861615919526,-14695.96585340818,-21210.01093247703,-9027.276341932176,-3699.241509916239
expAE05,VUW_PISM2_s4,/Volumes/FMac/computing/data/antarctica/ismip6/hackathon/ComputedScalarsHelene/expAE05/shelfmelt/computed_shelfmelt_AIS_VUW_PISM2_s4_expAE05.nc,638.1118122674307,-25344.086254278576,-3505.3282896352575,-4966.749504123945,-15324.520799767823,-84.69524217747858,-5997.758870310416,-12321.633150858015,-3639.9064932349593,-5800.882363893899,-6566.743213202608,765.6960630843481,-770.9528886049006,-6140.796509609787,-5796.2651487024705,197.71575101515327,-1267.8216614658434,-2833.1674436512058,-133464.8349895645,-70279.9271424337,-55996.39272728539,-534.3387004952929,-4966.740427966652,-25946.818291070158,-24339.68618826504,-12321.628011109635,-5997.758002467985
expAE05,IMAU_UFEMISM1,/Volumes/FMac/computing/data/antarctica/ismip6/hackathon/ComputedScalarsHelene/expAE05/shelfmelt/jb_computed_shelfmelt_AIS_IMAU_UFEMISM1_expAE05.nc,798.2733168434727,-8579.921053738042,-989.0470158455419,-773.1542002145734,-2289.3584232184658,226.97419706711372,,-980.9059901996152,-305.0372660206258,-447.521082056948,-1890.394197914833,,,182.73221267646898,-280.6400457185473,-36.744658620767325,-1026.6668750624026,-536.6888307090837,-11125.016173628232,-10085.018908527061,-2817.4179651544146,1666.8377991578327,-773.1543201298755,-8113.803738863127,-4236.751422891222,-980.9059680672337,
expAE05,IMAU_UFEMISM2,/Volumes/FMac/computing/data/antarctica/ismip6/hackathon/ComputedScalarsHelene/expAE05/shelfmelt/jb_computed_shelfmelt_AIS_IMAU_UFEMISM2_expAE05.nc,597.9357030012061,-13050.957190349749,175.19984126637462,-586.683845873506,-3921.1452503701767,213.83421441545505,558.6173698985378,-716.17195547129,-76.82262471590275,-692.0374099144246,-2153.409716717357,,,142.07624916145048,-468.7348903491443,-96.5264862852381,-3022.2803128221226,49.07550179649843,-18011.724998810707,-17533.2755142417,-2405.5118874783802,-3866.8328264148704,-586.6839311602553,-12520.980723927394,-6165.0032916664495,-716.171840257205,558.6173575404192
expAE05,IMAU_UFEMISM3,/Volumes/FMac/computing/data/antarctica/ismip6/hackathon/ComputedScalarsHelene/expAE05/shelfmelt/jb_computed_shelfmelt_AIS_IMAU_UFEMISM3_expAE05.nc,1547.8589019318547,-20104.566218488908,-50.102342915202826,-2439.764097985785,-6337.838993549638,-109.94605823014285,188.07402481863443,-563.3259054108078,-1364.7407231973712,-1243.9957250858984,-3517.5484104832576,30.441929413124228,1089.833746300883,-83.12030985626245,-806.8620322442657,244.03034529324032,32.53958831950695,1933.494121012452,-39181.84299429707,-30944.310092093292,-9068.564034789095,1045.2365419902544,-2439.7640756424016,-20235.55017309903,-10049.86898223246,-563.325913154662,188.07401368757493
expAE05,IMAU_UFEMISM4,/Volumes/FMac/computing/data/antarctica/ismip6/hackathon/ComputedScalarsHelene/expAE05/shelfmelt/jb_computed_shelfmelt_AIS_IMAU_UFEMISM4_expAE05.nc,1464.8510748690933,-18046.162822601116,46.341077700291635,-1887.570047645956,-6286.819383765513,52.59260244023346,107.91777023961959,-958.005580414352,-731.1013233068406,-842.8890292429783,-2334.4246321498904,-87.25096509005209,1738.9427459130843,-50.73442206275831,-678.034218544411,132.05864528617667,-578.3073862584242,,-34167.01949215363,-29640.972727401982,-6152.939296585937,-299.4973666943456,-1887.569960236799,-18085.47669034148,-8916.834719319508,-958.0056448440896,107.91772361491132
