Experiment,Model,Path,sector_1,sector_2,sector_3,sector_4,sector_5,sector_6,sector_7,sector_8,sector_9,sector_10,sector_11,sector_12,sector_13,sector_14,sector_15,sector_16,sector_17,sector_18,AIS,region_1,region_2,region_3,Amundsen,Ross,FilchnerRonne,Aurora,Wilkes
expAE02,DC_ISSM,/Volumes/FMac/computing/data/antarctica/ismip6/hackathon/ComputedScalarsHelene/expAE02/shelfmelt/computed_shelfmelt_AIS_DC_ISSM_expAE02.nc,3.806340575571379e-07,3.544627463340437e-06,4.002948951273782e-06,6.195447867967142e-06,6.3760115551822045e-06,3.8306795829274174e-07,6.424659831620542e-06,4.795867294619957e-06,6.113298157877127e-06,4.485404903093569e-06,7.774107992605933e-06,-3.130498648560388e-06,-1.5862437472415697e-06,2.7567912214970176e-06,5.031523630240226e-06,-1.9116314223146333e-07,-5.825341116302878e-05,1.6832932872872985e-06,4.531471490317161e-06,4.956945383589819e-06,4.576699713031434e-06,-3.6432434194161204e-06,6.195446421133387e-06,2.76524864391234e-06,6.791459078377599e-06,4.7958674441207235e-06,6.424660571263258e-06
expAE02,DOE_MALI_4km,/Volumes/FMac/computing/data/antarctica/ismip6/hackathon/ComputedScalarsHelene/expAE02/shelfmelt/computed_shelfmelt_AIS_DOE_MALI_4km_expAE02.nc,3.9884380107948765e-05,9.13654094802022e-06,2.0411557199622008e-05,1.976319521660786e-05,1.0744201222178745e-05,1.0450507202045408e-06,2.168640919171245e-05,1.4374465730219977e-05,1.16321220396887e-05,2.2623260491161786e-05,1.1521006751273401e-05,7.660877455991864e-06,7.796303621445893e-05,1.294806397326742e-05,2.2169892672469043e-05,2.6815741694289665e-05,-9.572094268584624e-05,3.074255909109656e-05,1.4451034779236815e-05,1.4451736792255489e-05,1.4282479635149136e-05,2.055044548220048e-05,1.976319397758175e-05,7.454663700517587e-06,1.0961109976387147e-05,1.4374466389450036e-05,2.1686406793014654e-05
expAE02,DOE_MALI_8km_Ant95,/Volumes/FMac/computing/data/antarctica/ismip6/hackathon/ComputedScalarsHelene/expAE02/shelfmelt/computed_shelfmelt_AIS_DOE_MALI_8km_Ant95_expAE02.nc,2.5786034125411007e-05,1.887669209592978e-05,1.9459220778878352e-05,1.1790995608650741e-05,1.769614571326211e-05,9.59476803167774e-07,2.5437400563428913e-05,2.0570770868932053e-05,1.6336740214428225e-05,2.9545560046114084e-05,1.4266769562127148e-05,9.558099966538505e-06,5.846079245300599e-05,1.3792907232691108e-05,2.425910842877552e-05,4.061534775610817e-05,-0.000183850990489328,2.83560422178772e-05,1.5049943457530424e-05,1.4355266044541495e-05,1.7561816340383858e-05,1.8594904465192214e-05,1.1790996439114757e-05,1.6198753853982368e-05,1.663190790433527e-05,2.057077223351254e-05,2.5437400750188287e-05
expAE02,DOE_MALI_8km_AntMean,/Volumes/FMac/computing/data/antarctica/ismip6/hackathon/ComputedScalarsHelene/expAE02/shelfmelt/computed_shelfmelt_AIS_DOE_MALI_8km_AntMean_expAE02.nc,2.107891261543942e-05,1.5256555522932676e-05,2.102770953528548e-05,1.3651901252156611e-05,1.4652095053558462e-05,7.831786145141845e-07,2.719491384556947e-05,1.7906762078594326e-05,1.3794253009876478e-05,2.3859821311821985e-05,1.3758166587813323e-05,6.560841795827219e-06,3.744776665580307e-05,1.2638758287280716e-05,2.094369093826578e-05,3.722886876929311e-05,-0.00014536549588318077,2.5745625011054943e-05,1.4776913517561328e-05,1.4510395110121795e-05,1.5393938369783108e-05,1.6676801944162095e-05,1.3651900359629273e-05,1.2468288476332142e-05,1.4384504036245614e-05,1.7906760405065047e-05,2.7194911662503817e-05
expAE02,IGE_ElmerIce,/Volumes/FMac/computing/data/antarctica/ismip6/hackathon/ComputedScalarsHelene/expAE02/shelfmelt/computed_shelfmelt_AIS_IGE_ElmerIce_expAE02.nc,-2.807324929448001e-06,1.8606455206252894e-06,4.0556020967255224e-06,6.53800864865682e-06,4.513630788135511e-06,5.22892542628369e-07,1.5658573512684176e-05,2.29729996783975e-06,5.088023556022893e-06,5.00128744738427e-06,4.070473069685269e-06,-7.983771110008995e-07,-1.0171509742924375e-06,-6.843132554019442e-07,9.324894059878463e-06,5.623994634129446e-06,-0.0001163894217972907,-1.1694378289150901e-06,3.5694416388083067e-06,3.5960377579328946e-06,4.323372057812803e-06,-9.236213154387711e-06,6.5380090096467595e-06,1.5401538917202633e-06,4.371952556076567e-06,2.2972998704259235e-06,1.565857409187433e-05
expAE02,ILTS_SICOPOLIS,/Volumes/FMac/computing/data/antarctica/ismip6/hackathon/ComputedScalarsHelene/expAE02/shelfmelt/computed_shelfmelt_AIS_ILTS_SICOPOLIS_expAE02.nc,2.2888130973966527e-05,1.726087467163517e-05,1.9117963043523315e-05,2.273771620123576e-05,1.2689415399283361e-05,2.783175794730256e-06,1.2609469494853714e-05,1.6830933256130405e-05,2.1212154429088877e-05,2.0793654431373868e-05,1.5672989577036994e-05,3.531207260468119e-06,4.2701947634884154e-05,2.1474322513493686e-05,2.3793352382207324e-05,1.738638440696271e-05,-1.5476633781930114e-05,3.3049626671119255e-05,1.7397138035857626e-05,1.7333335064767867e-05,1.7056964383253865e-05,2.6640611438707586e-05,2.273771293744496e-05,1.577147186765756e-05,1.3550154809189523e-05,1.6830934327915556e-05,1.2609468772719676e-05
expAE02,IMAU_UFEMISM1,/Volumes/FMac/computing/data/antarctica/ismip6/hackathon/ComputedScalarsHelene/expAE02/shelfmelt/computed_shelfmelt_AIS_IMAU_UFEMISM1_expAE02.nc,,0.00039027924062520574,,0.00027616898451247044,0.00037100602963411326,,,0.0003744555093668192,,,0.0016994476490943594,,,,,,,-3.794247330580206e-05,0.0004928324082319463,0.0004552055419413671,0.0013328065978172859,-0.00016479475373727952,0.00027616897390930696,0.0003753540827047698,0.0005627756150499985,0.00037445552406252004,
expAE02,IMAU_UFEMISM2,/Volumes/FMac/computing/data/antarctica/ismip6/hackathon/ComputedScalarsHelene/expAE02/shelfmelt/computed_shelfmelt_AIS_IMAU_UFEMISM2_expAE02.nc,,0.000196215735048913,,,0.00030620203030486197,,,-0.00010012221787881571,,,0.00032464160694110086,,,,,,,,0.0002507372592096622,0.0002619522420817157,0.00026280418666950727,,,0.00019646737058942335,0.0003152888302520961,-0.0001001222134255479,
expAE02,IMAU_UFEMISM3,/Volumes/FMac/computing/data/antarctica/ismip6/hackathon/ComputedScalarsHelene/expAE02/shelfmelt/computed_shelfmelt_AIS_IMAU_UFEMISM3_expAE02.nc,1.1004571350561606e-05,7.911323074307127e-05,,0.00035751741733075417,0.00014342051968018173,0.00029427338355844033,-0.00010635594115675753,0.00035002196052481664,0.00011708878848334073,,0.00021863864792320614,7.186116897056007e-05,,3.124141207216791e-05,0.006454381306865493,,,,0.00012555001603724582,0.00011125117689429322,0.0002333611400718017,,0.0003575174338419185,8.017799325092961e-05,0.00017030905321841362,0.0003500219209658313,-0.00010635595201729927
expAE02,IMAU_UFEMISM4,/Volumes/FMac/computing/data/antarctica/ismip6/hackathon/ComputedScalarsHelene/expAE02/shelfmelt/computed_shelfmelt_AIS_IMAU_UFEMISM4_expAE02.nc,-8.728320808904039e-06,8.725112854199665e-05,,0.0012966109745240742,0.00022449339881627987,,1.753104283063857e-05,0.00012087282371326031,0.0011153051319609784,,0.0003232041725879886,4.324801834607183e-05,,,,,,,0.00015006789232990987,0.0001301900775839565,0.00036698308728867074,,0.0012966109701157635,8.703820650056882e-05,0.0002466850711566647,0.00012087281466476896,1.75310451079295e-05
expAE02,LSCE_GRISLI2,/Volumes/FMac/computing/data/antarctica/ismip6/hackathon/ComputedScalarsHelene/expAE02/shelfmelt/computed_shelfmelt_AIS_LSCE_GRISLI2_expAE02.nc,-1.0002037437982808e-06,1.0621362469694701e-05,6.41988016050629e-06,1.2960503773417248e-05,1.5386209970653265e-05,-1.145770964953504e-06,9.981109071422506e-06,-3.0254277422107163e-06,6.898248780783305e-06,1.5456524471061923e-05,2.8989788516851024e-06,-4.548777436810081e-06,2.453236651757175e-06,-1.5961289465312017e-06,1.195198752453768e-05,1.5493030870826636e-05,-0.0004948147400071668,7.886050855702925e-06,9.921715187482821e-06,1.1859159949972288e-05,6.354370963729696e-06,-1.3931521196671136e-05,1.2960503345641424e-05,1.0236848279857695e-05,1.3184062826332591e-05,-3.0254272273710462e-06,9.981107049380612e-06
expAE02,LSCE_GRISLI,/Volumes/FMac/computing/data/antarctica/ismip6/hackathon/ComputedScalarsHelene/expAE02/shelfmelt/computed_shelfmelt_AIS_LSCE_GRISLI_expAE02.nc,8.431014821802578e-05,1.5079181307571713e-05,6.0480929891614465e-05,3.1409772595567644e-05,1.2104664685747435e-05,9.883296401148912e-06,4.022940019417046e-05,5.968747361719043e-05,2.7425270076677835e-05,6.716416517026983e-05,1.6813079945434685e-05,3.862961962101767e-05,0.00010785332027464837,6.303354628804684e-05,5.593184970822852e-05,7.8220168751627e-05,-0.0004946559142324397,0.00010769994936003553,2.5879200591726932e-05,2.0107001210431107e-05,5.3293172767411766e-05,6.999062371229516e-05,3.140977307198642e-05,1.504352077199e-05,1.2412812449460363e-05,5.968748093470397e-05,4.02294069880584e-05
expAE02,NCAR_CISM1,/Volumes/FMac/computing/data/antarctica/ismip6/hackathon/ComputedScalarsHelene/expAE02/shelfmelt/computed_shelfmelt_AIS_NCAR_CISM1_expAE02.nc,-1.1244554464181408e-07,3.901106300560719e-06,6.922150362285191e-06,9.682102435025633e-06,7.451182793274843e-06,9.197900722533256e-07,2.5430942364683107e-06,-2.874532408381679e-06,5.56390432049028e-06,8.352736320679675e-06,7.2108561302337825e-06,4.8574548097460755e-06,2.1018476146660577e-05,2.5412561407541078e-06,8.65976852979016e-06,1.3731918845973073e-05,-5.363864303173276e-05,2.7669152153682166e-06,5.422744013179044e-06,5.926241191209229e-06,5.430215981050472e-06,-1.8833654056535313e-06,9.682104238449532e-06,3.128523036122311e-06,7.379870061325803e-06,-2.87453236753162e-06,2.54309401241389e-06
expAE02,NCAR_CISM2,/Volumes/FMac/computing/data/antarctica/ismip6/hackathon/ComputedScalarsHelene/expAE02/shelfmelt/computed_shelfmelt_AIS_NCAR_CISM2_expAE02.nc,1.464273331960354e-05,1.0136160434873212e-05,9.968471239232616e-06,2.6377787300620702e-05,1.1014081947789363e-05,2.1297280315466275e-06,1.1659430749288502e-05,1.6445004084387653e-05,1.677703351271873e-05,2.018686114015788e-05,1.655971673188486e-05,6.647812843475599e-06,1.7080461983291756e-05,1.28788394321171e-05,2.0365193684871963e-05,5.671492916209431e-06,-1.3300046655212317e-06,1.693568041493014e-05,1.3974559041613739e-05,1.3226979909068263e-05,1.5186613967508334e-05,1.28503447082738e-05,2.6377789047571244e-05,8.55947359150559e-06,1.273978323548406e-05,1.6445002624183642e-05,1.1659434442721154e-05
expAE02,NORCE_CISM2-MAR364-ERA-t1,/Volumes/FMac/computing/data/antarctica/ismip6/hackathon/ComputedScalarsHelene/expAE02/shelfmelt/computed_shelfmelt_AIS_NORCE_CISM2-MAR364-ERA-t1_expAE02.nc,1.5237991228150619e-05,7.6136252834808e-06,1.3872866862317236e-05,2.9006070915266077e-05,1.1288432574064303e-05,8.190397995328835e-06,9.259501708083822e-06,1.654402334418703e-05,1.4231343217904499e-05,2.3233894417946847e-05,1.8756005869570314e-05,8.311490640649374e-06,3.10789474674426e-05,1.2602054455958283e-05,1.803607275534536e-05,1.5558796394136665e-05,-7.327435306370493e-05,8.978996914761469e-06,1.3478792128282481e-05,1.2438767157813155e-05,1.5903514050173085e-05,4.660219567030845e-07,2.9006073881089204e-05,7.732219429743762e-06,1.3510633314448552e-05,1.6544022741378536e-05,9.259503772130459e-06
expAE02,NORCE_CISM3-MAR364-ERA-t1-local,/Volumes/FMac/computing/data/antarctica/ismip6/hackathon/ComputedScalarsHelene/expAE02/shelfmelt/computed_shelfmelt_AIS_NORCE_CISM3-MAR364-ERA-t1-local_expAE02.nc,3.357469693733452e-06,6.0599786450623754e-06,8.73078080567818e-06,1.3600501382257986e-05,1.0475002228612391e-05,2.5430797287052566e-06,1.967576246166139e-06,8.456858503056515e-06,9.205200170055176e-06,1.2541403898024037e-05,1.2191045447592581e-05,1.0038335563315925e-05,3.593074465719134e-05,7.5879687894907796e-06,1.2862508647754414e-05,1.5124506139394601e-05,-5.352943125369962e-05,4.907217697805097e-06,8.401176024219267e-06,8.540146223573947e-06,9.276737802928796e-06,-5.355815692693355e-06,1.3600503953975759e-05,5.239931525633985e-06,1.0998290037664898e-05,8.456857982191234e-06,1.9675765257775617e-06
expAE02,NORCE_CISM3-MAR364-ERA-t1-nonlocal,/Volumes/FMac/computing/data/antarctica/ismip6/hackathon/ComputedScalarsHelene/expAE02/shelfmelt/computed_shelfmelt_AIS_NORCE_CISM3-MAR364-ERA-t1-nonlocal_expAE02.nc,3.4687543172076937e-06,5.7185000659715986e-06,1.0112148735722327e-05,1.4369754974497347e-05,8.294571031691454e-06,3.047406605216829e-06,1.8189179542406037e-06,7.937730732996748e-06,9.734739023664513e-06,1.3511574595385363e-05,9.744800146603789e-06,8.739540123654631e-06,3.382771938454972e-05,8.583533046496629e-06,1.3413873376564473e-05,1.5600360328155137e-05,-8.195792295707387e-05,6.157554550268167e-06,7.885049465583407e-06,7.697580877983993e-06,9.080564170816983e-06,-5.889007071014945e-06,1.4369756286713536e-05,5.133360375873542e-06,8.777431024536181e-06,7.937729721085409e-06,1.8189176902423561e-06
expAE02,NORCE_CISM3-MAR364-ERA-t1,/Volumes/FMac/computing/data/antarctica/ismip6/hackathon/ComputedScalarsHelene/expAE02/shelfmelt/computed_shelfmelt_AIS_NORCE_CISM3-MAR364-ERA-t1_expAE02.nc,1.077113671500091e-05,7.164888920003246e-06,1.3963381741764313e-05,2.811753814533664e-05,1.3179789884563178e-05,5.703503278303697e-06,1.3381739400962718e-05,1.7718195278326785e-05,1.3643198297073236e-05,2.1620948753198285e-05,1.8563565040589145e-05,7.195425199698903e-06,3.4115540503995844e-05,1.2540016425638048e-05,1.9389276618418123e-05,1.4316541292567819e-05,-7.607832042280283e-05,5.323083096189735e-06,1.40631149171916e-05,1.336324184605346e-05,1.6284829638624085e-05,-6.045237787008695e-06,2.8117536549863894e-05,6.893969899759176e-06,1.4831679752290694e-05,1.7718197658736738e-05,1.3381738654941809e-05
expAE02,NORCE_CISM4-MAR364-ERA-t1-local,/Volumes/FMac/computing/data/antarctica/ismip6/hackathon/ComputedScalarsHelene/expAE02/shelfmelt/computed_shelfmelt_AIS_NORCE_CISM4-MAR364-ERA-t1-local_expAE02.nc,4.350521695929284e-06,6.491131034041675e-06,9.398355142966891e-06,1.659473298780161e-05,1.1659200295062936e-05,2.78041516911243e-06,4.510358925130381e-06,1.5638787585001768e-05,9.465797724359949e-06,1.742209274762862e-05,1.3161980968031328e-05,6.08569111139434e-06,3.808638193071773e-05,7.337533525080175e-06,1.5024770279656137e-05,1.5235507218665625e-05,-7.740757252569817e-05,4.326913232228971e-06,9.76812806562332e-06,9.557922449458605e-06,1.1284660284733115e-05,-8.203594167526406e-06,1.659473275712445e-05,5.626976137177609e-06,1.2125739083171808e-05,1.563878684238094e-05,4.510359984210603e-06
expAE02,NORCE_CISM4-MAR364-ERA-t1-nonlocal,/Volumes/FMac/computing/data/antarctica/ismip6/hackathon/ComputedScalarsHelene/expAE02/shelfmelt/computed_shelfmelt_AIS_NORCE_CISM4-MAR364-ERA-t1-nonlocal_expAE02.nc,3.582072867806379e-06,5.730393898182457e-06,8.901018317157686e-06,1.746548844661667e-05,9.437280903814982e-06,2.815899822722975e-06,5.687084297902731e-06,1.534496957269985e-05,1.0303309124992212e-05,1.7673004754438032e-05,1.1520026958057629e-05,4.57932523498321e-06,4.0075745365482794e-05,9.870830603315262e-06,1.6441438494726803e-05,1.5658064425465568e-05,-0.00011425861103636876,5.043894744293221e-06,9.052446302405303e-06,8.35035723697607e-06,1.1228393677120684e-05,-9.995466674883631e-06,1.746549139104984e-05,5.050539112304447e-06,1.0077837975830893e-05,1.5344970119836955e-05,5.6870824366429645e-06
expAE02,NORCE_CISM4-MAR364-ERA-t1,/Volumes/FMac/computing/data/antarctica/ismip6/hackathon/ComputedScalarsHelene/expAE02/shelfmelt/computed_shelfmelt_AIS_NORCE_CISM4-MAR364-ERA-t1_expAE02.nc,7.0312789352907155e-06,6.68069313934231e-06,9.302078194863584e-06,2.5713286314608113e-05,1.6029844257970725e-05,4.0946964754473935e-06,8.460557651275136e-06,2.010749876982451e-05,7.334382276183981e-06,2.2083726054935607e-05,1.8579864463094454e-05,7.150241769045587e-06,3.8037558858884004e-05,8.430906764803215e-06,1.6565189647516273e-05,1.2309867414595648e-05,-6.519182045405766e-05,6.422956749131188e-06,1.3346516325762128e-05,1.2864378873296032e-05,1.5487952362371584e-05,-4.675300644399361e-06,2.5713287500690155e-05,6.1782607748938815e-06,1.6828033807627188e-05,2.0107494085386207e-05,8.460557295704503e-06
expAE02,NORCE_CISM4-MAR364-JRA-t1,/Volumes/FMac/computing/data/antarctica/ismip6/hackathon/ComputedScalarsHelene/expAE02/shelfmelt/computed_shelfmelt_AIS_NORCE_CISM4-MAR364-JRA-t1_expAE02.nc,7.818629144229102e-06,7.070855555291024e-06,9.072361628465656e-06,2.5796176384967137e-05,1.663097720171283e-05,4.054963370139117e-06,9.334513414689183e-06,1.9433122463545223e-05,6.610461823745798e-06,2.0109362732641795e-05,1.8819339301411688e-05,6.859327377262595e-06,3.812559719668144e-05,1.5104219204565896e-05,1.6227164659054884e-05,1.2125555469774062e-05,-5.74589857221876e-05,6.565660307901126e-06,1.348439552867223e-05,1.3167185129082983e-05,1.5366693150960662e-05,-4.205154111987334e-06,2.5796179024224276e-05,6.487678958328365e-06,1.7311043202520324e-05,1.943312424730366e-05,9.334514963869421e-06
expAE02,NORCE_CISM5-MAR364-ERA-t1-local,/Volumes/FMac/computing/data/antarctica/ismip6/hackathon/ComputedScalarsHelene/expAE02/shelfmelt/computed_shelfmelt_AIS_NORCE_CISM5-MAR364-ERA-t1-local_expAE02.nc,5.324802787452258e-06,6.472455973322735e-06,7.020106621468543e-06,1.6655994216607746e-05,1.2547956813192506e-05,2.404263820567486e-06,7.257943150546037e-07,1.0311385052156806e-05,1.008239426353886e-05,2.404910744623917e-05,1.650280552723976e-05,-1.3142655032226894e-06,2.4315299287761312e-05,5.374586701845457e-06,1.8926843317109878e-05,9.304791570531356e-06,-8.540398155664158e-05,2.587397096319501e-06,1.0064081348345858e-05,9.840043519400972e-06,1.197122255576939e-05,-1.0388492442833977e-05,1.665599238943659e-05,5.623958234937429e-06,1.3928490500018882e-05,1.0311388956554443e-05,7.257943040097918e-07
expAE02,NORCE_CISM5-MAR364-ERA-t1-nonlocal,/Volumes/FMac/computing/data/antarctica/ismip6/hackathon/ComputedScalarsHelene/expAE02/shelfmelt/computed_shelfmelt_AIS_NORCE_CISM5-MAR364-ERA-t1-nonlocal_expAE02.nc,3.632864833829903e-06,5.826617416480367e-06,1.1378962278719261e-05,1.9644530770474457e-05,9.677533723246214e-06,2.4063832288189187e-06,2.3268562683326098e-07,9.046253592501808e-06,1.0774245318576687e-05,2.2043771825882424e-05,1.4916274290353552e-05,-1.5623164832367817e-06,2.3677472663166704e-05,8.033023664300971e-06,2.108742206894e-05,8.544024709006098e-06,-0.00010575590356745608,6.3686158270682906e-06,9.622388519903165e-06,9.20527895923891e-06,1.160850445345739e-05,-7.862094696656145e-06,1.9644527463075503e-05,5.139774447455945e-06,1.1282320770883281e-05,9.04625330529169e-06,2.3268568661804621e-07
expAE02,NORCE_CISM5-MAR364-ERA-t1,/Volumes/FMac/computing/data/antarctica/ismip6/hackathon/ComputedScalarsHelene/expAE02/shelfmelt/computed_shelfmelt_AIS_NORCE_CISM5-MAR364-ERA-t1_expAE02.nc,4.614855269321892e-06,5.9001253720121166e-06,9.239372270005325e-06,2.0161422817012253e-05,1.5227924036081502e-05,3.0087193391271253e-06,1.0511813977860328e-06,2.1155934645431084e-05,1.1921210721728823e-05,1.7609530280831595e-05,1.8773700564520106e-05,-2.7249805207051353e-06,1.3835270579756982e-05,6.525742196977538e-06,1.2923657074898054e-05,8.853233966125147e-06,-5.351210639610446e-05,3.490563218895854e-06,1.1954104593077537e-05,1.1320305164852296e-05,1.4577385353807115e-05,-6.47614052345629e-06,2.0161423240360692e-05,5.30968222964229e-06,1.652670807126805e-05,2.1155934994038004e-05,1.0511812451052314e-06
expAE02,PIK_PISM,/Volumes/FMac/computing/data/antarctica/ismip6/hackathon/ComputedScalarsHelene/expAE02/shelfmelt/computed_shelfmelt_AIS_PIK_PISM_expAE02.nc,1.1548102892827513e-05,2.3918892141723358e-05,1.7768956702218484e-05,3.957743669838623e-05,6.210139016151421e-05,1.6217450780391226e-05,2.0476764908331978e-05,2.6669564110528297e-05,7.805198482920698e-05,2.2508727505096074e-05,5.280775202977527e-05,1.5276312263205277e-05,5.4456635742526475e-05,1.9770557141035423e-05,2.0222297690327193e-05,3.38778184689012e-05,-5.486124076240159e-05,1.0141138833608687e-05,3.589164813431236e-05,3.841152283198863e-05,3.622088096832195e-05,-5.552901153624896e-07,3.9577430912099484e-05,2.2979736913807934e-05,5.888983261046206e-05,2.6669562549209206e-05,2.0476771134438265e-05
expAE02,UCM_Yelmo,/Volumes/FMac/computing/data/antarctica/ismip6/hackathon/ComputedScalarsHelene/expAE02/shelfmelt/computed_shelfmelt_AIS_UCM_Yelmo_expAE02.nc,0.00010236600761446245,1.0374011265293568e-05,2.541774296674174e-05,2.328707705955001e-05,1.8015124293589418e-05,1.6468551561876894e-06,-2.633877475427565e-06,-2.7879026387478857e-06,1.290094192562503e-05,6.700940123427222e-05,2.357553512502244e-05,1.404128941100226e-06,4.8234257925240925e-05,2.057486906219586e-05,7.409907790188717e-05,6.0498593651810506e-05,-5.819229991211878e-05,0.0001029968876127269,1.8785747506513377e-05,1.721293822488277e-05,2.1102151877071763e-05,1.1470357717222589e-05,2.3287072516989778e-05,7.871235489006074e-06,1.9959557456306983e-05,-2.787902307173978e-06,-2.633877731601053e-06
expAE02,UCSD_ISSM,/Volumes/FMac/computing/data/antarctica/ismip6/hackathon/ComputedScalarsHelene/expAE02/shelfmelt/computed_shelfmelt_AIS_UCSD_ISSM_expAE02.nc,-4.513952572040912e-07,1.0032266880310988e-06,-2.061061284016526e-07,1.2147293953834914e-05,3.936882638043957e-06,1.6475910983812377e-06,1.2273280406469133e-05,6.426851908831568e-06,4.7774804318171296e-06,1.58442029865175e-06,2.6238149696336647e-06,-8.280440862523217e-06,2.1559608377119761e-07,1.8125881661424892e-06,3.018565402660479e-06,-2.100724536213979e-06,-1.9664350827540352e-05,-6.536520531877477e-07,3.4802999887029047e-06,4.559029809868913e-06,4.126977847912548e-06,-1.99892696100752e-06,1.2147293505952953e-05,1.076292539445472e-06,3.6887248570897777e-06,6.426850007728141e-06,1.2273281116948538e-05
expAE02,ULB_fETISh-KoriBU1,/Volumes/FMac/computing/data/antarctica/ismip6/hackathon/ComputedScalarsHelene/expAE02/shelfmelt/computed_shelfmelt_AIS_ULB_fETISh-KoriBU1_expAE02.nc,3.0490579943567873e-06,1.4328456592182414e-05,7.9106054542409e-06,1.1288185007641855e-05,1.3894978319266945e-05,2.500472762273942e-06,1.5671684308902613e-05,9.594323330641156e-06,9.396823835165898e-06,5.513662500835442e-06,8.445753343804188e-06,-4.216118715725176e-07,1.1547804214711315e-05,4.386000375172541e-06,1.9162323118655225e-05,6.760211795309552e-06,-1.894260766197194e-05,-9.855972947020663e-07,9.716213693667716e-06,1.1722501700934625e-05,9.9017660297965e-06,-4.742396876036074e-06,1.1288186102894894e-05,1.1055746598686949e-05,1.1745239946859679e-05,9.594323100812898e-06,1.5671682970535198e-05
expAE02,ULB_fETISh-KoriBU2,/Volumes/FMac/computing/data/antarctica/ismip6/hackathon/ComputedScalarsHelene/expAE02/shelfmelt/computed_shelfmelt_AIS_ULB_fETISh-KoriBU2_expAE02.nc,5.4222303387428895e-06,1.129154249104791e-05,1.0418821337526045e-05,2.5172386861127082e-05,1.2747611530109388e-05,1.4879296951763855e-06,9.474906567621316e-06,9.846138058391505e-06,1.374619349716668e-05,1.4386691877237737e-05,1.0002435055744204e-05,-3.1383434043887657e-06,8.100849313570795e-06,5.5782997403371334e-06,1.6374068027283147e-05,7.1364851134624985e-06,-2.5068681046671347e-05,5.5743213800170366e-06,1.510873648783576e-05,1.81142239547094e-05,1.015717742757937e-05,-2.2451716818759614e-06,2.517238134499626e-05,8.955394678862925e-06,1.1897227953529035e-05,9.846139683413547e-06,9.474906234085984e-06
expAE02,UNN_Ua,/Volumes/FMac/computing/data/antarctica/ismip6/hackathon/ComputedScalarsHelene/expAE02/shelfmelt/computed_shelfmelt_AIS_UNN_Ua_expAE02.nc,1.611731734119967e-05,6.754505297725925e-06,8.453349538467005e-06,1.2534432709126611e-05,1.4120874470592428e-05,4.5266727882930425e-07,7.811156542348107e-06,1.0137639265085682e-05,1.1372437884459922e-05,1.8999852156231283e-05,1.4158671623517264e-05,7.194301934036906e-06,3.666537508089724e-05,7.303428715956989e-06,1.6028868846014364e-05,9.917422337055155e-06,-2.3178936338550112e-05,3.4018942127551285e-05,1.1293569060890385e-05,1.1265629065516667e-05,1.1012872184849114e-05,2.031753774415388e-05,1.2534435549760238e-05,5.321057390511496e-06,1.4142533004905926e-05,1.0137642584082442e-05,7.811158225218769e-06
expAE02,UTAS_ElmerIce,/Volumes/FMac/computing/data/antarctica/ismip6/hackathon/ComputedScalarsHelene/expAE02/shelfmelt/computed_shelfmelt_AIS_UTAS_ElmerIce_expAE02.nc,-5.967929709686978e-06,3.4025095623471334e-06,4.931408175461009e-06,4.098045380037095e-06,7.907167734755778e-06,6.856102508600789e-07,5.961937785894955e-07,4.420535911046379e-06,4.590581996831298e-06,5.715616829541072e-06,7.56997899725602e-06,2.8479530618608218e-06,7.124853708528597e-06,1.6688655781996998e-06,8.645778881443987e-06,3.1944028267570575e-06,-4.1541265310176214e-05,2.0286684867682953e-06,4.660993471022575e-06,5.2696972850406685e-06,4.5882412754949945e-06,-4.904928481196045e-06,4.0980451028132405e-06,2.7236605607090114e-06,7.81308685154477e-06,4.420534958526262e-06,5.961937794177121e-07
expAE02,VUB_AISMPALEO,/Volumes/FMac/computing/data/antarctica/ismip6/hackathon/ComputedScalarsHelene/expAE02/shelfmelt/computed_shelfmelt_AIS_VUB_AISMPALEO_expAE02.nc,,3.71763478052461e-06,,,8.317271156027992e-06,2.8766283656759323e-06,,,5.785894396261735e-06,,6.896247991708812e-06,-0.0011780370553311124,,,7.737062200150987e-06,6.375167791412407e-05,,,4.261708501488602e-06,6.020500804510012e-06,3.235580822522907e-06,-0.0006972780317930458,,3.4769730244591515e-06,7.953715472137287e-06,,
expAE02,VUW_PISM1,/Volumes/FMac/computing/data/antarctica/ismip6/hackathon/ComputedScalarsHelene/expAE02/shelfmelt/computed_shelfmelt_AIS_VUW_PISM1_expAE02.nc,2.0538203470704528e-05,1.5250423016039545e-05,1.4031009118153952e-05,3.907630709047662e-05,1.42491942663169e-05,-2.3126523084407222e-05,5.007276305141263e-06,1.0328058153715496e-05,1.4575344247191266e-05,2.1434584290994055e-05,2.2718573649860783e-05,6.060605105312564e-06,1.5573949318591725e-05,2.056678892007728e-05,3.0824658759387644e-05,6.547863780499886e-06,-5.515160461590585e-05,2.0139866968623426e-05,1.746727921045775e-05,1.7974561769680678e-05,1.6971787792157704e-05,1.4012512665350326e-05,3.9076309899280225e-05,1.4796332070545666e-05,1.5971764894445677e-05,1.0328056836572097e-05,5.007277744899497e-06
expAE02,VUW_PISM1_s1,/Volumes/FMac/computing/data/antarctica/ismip6/hackathon/ComputedScalarsHelene/expAE02/shelfmelt/computed_shelfmelt_AIS_VUW_PISM1_s1_expAE02.nc,,,,,,,,,,,,,,,,,,,,,,,,,,,
expAE02,VUW_PISM1_s2,/Volumes/FMac/computing/data/antarctica/ismip6/hackathon/ComputedScalarsHelene/expAE02/shelfmelt/computed_shelfmelt_AIS_VUW_PISM1_s2_expAE02.nc,1.7888093034131782e-05,1.4424479886495123e-05,1.2471086601278401e-05,3.306840136125931e-05,1.4385505658712168e-05,-2.101875933386859e-05,5.25577473881559e-06,1.2013563985755678e-05,1.550326248917684e-05,2.044241055016118e-05,2.79134421216624e-05,5.388352505006754e-06,1.8187748330301294e-05,1.7581386202695292e-05,3.0497165336125046e-05,3.6518188515327827e-06,-3.931423197624278e-05,2.0078715523898967e-05,1.702413373957175e-05,1.647875852913839e-05,1.8479504749807255e-05,1.3633703615064694e-05,3.306840113102293e-05,1.3930268751106187e-05,1.6995558231289013e-05,1.2013565305890757e-05,5.255774065621598e-06
expAE02,VUW_PISM1_s3,/Volumes/FMac/computing/data/antarctica/ismip6/hackathon/ComputedScalarsHelene/expAE02/shelfmelt/computed_shelfmelt_AIS_VUW_PISM1_s3_expAE02.nc,1.5283370913313585e-05,1.2591575345065087e-05,1.411553924124803e-05,3.25196339356011e-05,1.3845226130919136e-05,3.558320913021081e-05,3.6232866699325455e-06,9.966571829978579e-06,1.5075849349592794e-05,1.934562965043663e-05,3.0473161026375767e-05,1.8350582300659275e-05,1.891564479865116e-05,1.9378082797309597e-05,2.9006536516719686e-05,1.1186849582034912e-05,-4.529936675055108e-05,1.933703109207317e-05,1.6848060874101843e-05,1.626564893366057e-05,1.8341221813129275e-05,1.3464119145689386e-05,3.2519638965986273e-05,1.2930190991828674e-05,1.6853328407485335e-05,9.966570770307754e-06,3.6232867798110833e-06
expAE02,VUW_PISM1_s4,/Volumes/FMac/computing/data/antarctica/ismip6/hackathon/ComputedScalarsHelene/expAE02/shelfmelt/computed_shelfmelt_AIS_VUW_PISM1_s4_expAE02.nc,2.4576237405465658e-05,1.7713571813095888e-05,1.495272063164094e-05,4.4205960914708156e-05,1.4970870714519005e-05,-1.5240893709701492e-05,7.1556981315827765e-06,1.3884949268607074e-05,1.7660516253965403e-05,2.603857177220267e-05,2.4607989573013624e-05,1.5137304948084844e-06,1.8190143123596332e-05,2.2316100212544976e-05,3.44126233090317e-05,1.5302125766689645e-05,-6.480725511119075e-05,2.246019983762897e-05,1.954551509611913e-05,1.961119053340932e-05,1.9782583889005133e-05,1.6542344483218794e-05,4.4205956984070284e-05,1.7459556590773596e-05,1.699225964789818e-05,1.388494712688891e-05,7.155697521390251e-06
expAE02,VUW_PISM2,/Volumes/FMac/computing/data/antarctica/ismip6/hackathon/ComputedScalarsHelene/expAE02/shelfmelt/computed_shelfmelt_AIS_VUW_PISM2_expAE02.nc,2.2617044391733626e-05,1.6742123234467813e-05,2.0128136131675175e-05,3.644998847433339e-05,1.5271403800420876e-05,-2.054573331538735e-05,1.5399590183168754e-05,1.8387519183856214e-05,1.8658548377115123e-05,1.4844471230941752e-05,2.9070500541713974e-05,1.911244591271905e-06,2.731585363181655e-05,2.9272321535767436e-05,3.1643217325353834e-05,1.6040697666246767e-05,-8.087368093233696e-05,2.5514939720829658e-05,2.333535849070249e-05,2.3323837532092477e-05,2.3484567810686657e-05,2.144409374588456e-05,3.644998958946385e-05,1.619535257450412e-05,1.9984020165080482e-05,1.838751834575131e-05,1.5399592533222293e-05
expAE02,VUW_PISM2_s1,/Volumes/FMac/computing/data/antarctica/ismip6/hackathon/ComputedScalarsHelene/expAE02/shelfmelt/computed_shelfmelt_AIS_VUW_PISM2_s1_expAE02.nc,2.2508368465396326e-05,1.7685481987234417e-05,1.847831346627028e-05,4.5638497212869834e-05,1.4510249226491414e-05,-2.8684932602955533e-05,2.1715773074100532e-05,1.5519297399965513e-05,1.938357682271637e-05,1.7970297227320205e-05,3.133578058063959e-05,2.1637846159014024e-05,2.97501969414335e-05,3.121137292520873e-05,3.527051897190651e-05,1.2724006112314551e-05,-9.359227982994269e-05,2.529327418232373e-05,2.4826731115818127e-05,2.5112000185958812e-05,2.48238127794463e-05,2.0719631250240806e-05,4.563850129381364e-05,1.7105533513909232e-05,2.0287471323244824e-05,1.551929862844178e-05,2.171577561789575e-05
expAE02,VUW_PISM2_s2,/Volumes/FMac/computing/data/antarctica/ismip6/hackathon/ComputedScalarsHelene/expAE02/shelfmelt/computed_shelfmelt_AIS_VUW_PISM2_s2_expAE02.nc,2.536132858312773e-05,1.5841560022344375e-05,1.6004918825335777e-05,4.722093474586868e-05,1.4526170497699044e-05,-1.0509915343953319e-05,1.1812617432924386e-05,1.2425215632560006e-05,1.737032281276294e-05,1.5738856602287713e-05,2.5321161411762357e-05,7.548255975297688e-06,2.5948947724582568e-05,2.373755385315888e-05,3.119680448759407e-05,1.848924370994938e-05,-5.4095122975934154e-05,2.407001106842557e-05,2.0884137965831005e-05,2.1482660159388142e-05,1.996201346788357e-05,2.0494420766884412e-05,4.722093904028216e-05,1.536074701106949e-05,1.777113306636467e-05,1.2425213906963369e-05,1.1812618844477444e-05
expAE02,VUW_PISM2_s3,/Volumes/FMac/computing/data/antarctica/ismip6/hackathon/ComputedScalarsHelene/expAE02/shelfmelt/computed_shelfmelt_AIS_VUW_PISM2_s3_expAE02.nc,2.655311222000912e-05,1.4985376360952882e-05,1.573642824493767e-05,4.048426908793395e-05,1.362632121143503e-05,2.2329693620055546e-05,1.3212180190762329e-05,1.0985238016270834e-05,1.735392094766716e-05,1.8135313979041048e-05,3.152532375809344e-05,1.667350434817109e-05,2.66621822924431e-05,2.905495176487442e-05,3.254078481983376e-05,2.126534506871329e-05,-0.00010998897946984517,2.6250265375898124e-05,2.0399714592941155e-05,1.8971522809555334e-05,2.232291573606955e-05,2.1250723119908775e-05,4.048426682442366e-05,1.5129206653328803e-05,1.894734911777753e-05,1.098524024521877e-05,1.3212178815446738e-05
expAE02,VUW_PISM2_s4,/Volumes/FMac/computing/data/antarctica/ismip6/hackathon/ComputedScalarsHelene/expAE02/shelfmelt/computed_shelfmelt_AIS_VUW_PISM2_s4_expAE02.nc,2.360727300014733e-05,2.097067996686094e-05,1.8621654819645776e-05,3.0007969492391995e-05,1.609576324113263e-05,2.4996606927548135e-05,1.5756904464151936e-05,2.2186940801688884e-05,2.0656002380549388e-05,2.0917989473227552e-05,2.8478002612528e-05,6.081953291437035e-06,3.023697447331271e-05,3.1535945726801954e-05,3.346288450625256e-05,2.1006878409664117e-05,-9.896089083489988e-05,2.4999047623955434e-05,2.528751215879283e-05,2.5092004917336747e-05,2.589342044649315e-05,2.0587164841534023e-05,3.0007970177730026e-05,2.104124745992203e-05,2.0259185969351078e-05,2.218694558628595e-05,1.5756904139769512e-05
expAE02,IMAU_UFEMISM1,/Volumes/FMac/computing/data/antarctica/ismip6/hackathon/ComputedScalarsHelene/expAE02/shelfmelt/jb_computed_shelfmelt_AIS_IMAU_UFEMISM1_expAE02.nc,,0.00039027924062520574,,0.00027616898451247044,0.00037100602963411326,,,0.0003744555093668192,,,0.0016994476490943594,,,,,,,-3.794247330580206e-05,0.0004928324082319463,0.0004552055419413671,0.0013328065978172859,-0.00016479475373727952,0.00027616897390930696,0.0003753540827047698,0.0005627756150499985,0.00037445552406252004,
expAE02,IMAU_UFEMISM2,/Volumes/FMac/computing/data/antarctica/ismip6/hackathon/ComputedScalarsHelene/expAE02/shelfmelt/jb_computed_shelfmelt_AIS_IMAU_UFEMISM2_expAE02.nc,,0.000196215735048913,,,0.00030620203030486197,,,-0.00010012221787881571,,,0.00032464160694110086,,,,,,,,0.0002507372592096622,0.0002619522420817157,0.00026280418666950727,,,0.00019646737058942335,0.0003152888302520961,-0.0001001222134255479,
expAE02,IMAU_UFEMISM3,/Volumes/FMac/computing/data/antarctica/ismip6/hackathon/ComputedScalarsHelene/expAE02/shelfmelt/jb_computed_shelfmelt_AIS_IMAU_UFEMISM3_expAE02.nc,1.1004571350561606e-05,7.911323074307127e-05,,0.00035751741733075417,0.00014342051968018173,0.00029427338355844033,-0.00010635594115675753,0.00035002196052481664,0.00011708878848334073,,0.00021863864792320614,7.186116897056007e-05,,3.124141207216791e-05,0.006454381306865493,,,,0.00012555001603724582,0.00011125117689429322,0.0002333611400718017,,0.0003575174338419185,8.017799325092961e-05,0.00017030905321841362,0.0003500219209658313,-0.00010635595201729927
expAE02,IMAU_UFEMISM4,/Volumes/FMac/computing/data/antarctica/ismip6/hackathon/ComputedScalarsHelene/expAE02/shelfmelt/jb_computed_shelfmelt_AIS_IMAU_UFEMISM4_expAE02.nc,-8.728320808904039e-06,8.725112854199665e-05,,0.0012966109745240742,0.00022449339881627987,,1.753104283063857e-05,0.00012087282371326031,0.0011153051319609784,,0.0003232041725879886,4.324801834607183e-05,,,,,,,0.00015006789232990987,0.0001301900775839565,0.00036698308728867074,,0.0012966109701157635,8.703820650056882e-05,0.0002466850711566647,0.00012087281466476896,1.75310451079295e-05
expAE03,DC_ISSM,/Volumes/FMac/computing/data/antarctica/ismip6/hackathon/ComputedScalarsHelene/expAE03/shelfmelt/computed_shelfmelt_AIS_DC_ISSM_expAE03.nc,-3.148276851667734e-06,9.481582780171122e-06,6.42401265128072e-07,1.0008838036802215e-05,7.441862383670385e-06,2.9325158481721503e-06,8.945210296139564e-06,5.330825434448812e-06,7.091622253977877e-06,4.110329417428951e-06,9.061281285972798e-06,-4.674684275699633e-06,-1.1571709699985345e-05,2.347443973130784e-06,7.565999571110295e-06,-3.087220602379211e-06,-0.00010726178329713514,-7.418688181144655e-06,5.747388702781371e-06,7.776451333189627e-06,5.92052591713235e-06,-2.4728646494836158e-05,1.0008838207351359e-05,9.159882194810208e-06,7.929215379923636e-06,5.330825702913045e-06,8.94521125901486e-06
expAE03,DOE_MALI_4km,/Volumes/FMac/computing/data/antarctica/ismip6/hackathon/ComputedScalarsHelene/expAE03/shelfmelt/computed_shelfmelt_AIS_DOE_MALI_4km_expAE03.nc,3.884875000295231e-05,2.5805275061302803e-05,2.5385774797223716e-05,1.430187285062596e-05,2.136326178168707e-05,1.5034503457336644e-05,1.882050310879422e-05,1.704266042216393e-05,1.3955292162871495e-05,3.1788316316499586e-05,1.6879399920398262e-05,1.313426567467522e-05,1.901229131236324e-05,8.122170248011834e-06,3.1494383706575465e-05,4.334268523737623e-06,-3.699624715818102e-05,2.875704361020042e-06,1.8296760789575492e-05,1.843990057005429e-05,1.8559867898775603e-05,-9.51661647367775e-06,1.4301872348882762e-05,2.5605701874441423e-05,2.0134927168841588e-05,1.704266414052567e-05,1.8820504160190923e-05
expAE03,DOE_MALI_8km_Ant95,/Volumes/FMac/computing/data/antarctica/ismip6/hackathon/ComputedScalarsHelene/expAE03/shelfmelt/computed_shelfmelt_AIS_DOE_MALI_8km_Ant95_expAE03.nc,0.00012701900328833886,2.6170484842202483e-05,2.551676121870926e-05,1.3314845237793865e-06,1.821306131440967e-05,3.3885855774620905e-06,2.027348304065683e-05,1.7428175536548862e-05,1.5020498917757826e-05,3.325255092044585e-05,1.911310360127572e-05,2.213818925713103e-05,-0.0007252827844420497,8.324353291483987e-06,4.480420698173226e-05,-2.110052603679678e-06,-6.007716463294971e-05,-7.443027401115651e-05,1.5790900914318156e-05,1.528602559620517e-05,1.9629456870420857e-05,-4.039912452529693e-05,1.3314843047668087e-06,2.604795966365275e-05,1.8482975022413848e-05,1.742817166451664e-05,2.0273479119667125e-05
expAE03,DOE_MALI_8km_AntMean,/Volumes/FMac/computing/data/antarctica/ismip6/hackathon/ComputedScalarsHelene/expAE03/shelfmelt/computed_shelfmelt_AIS_DOE_MALI_8km_AntMean_expAE03.nc,0.00022044262835699242,2.9198493581593048e-05,1.703026394230034e-05,4.76000776553305e-06,2.084415004247395e-05,2.8787269551047637e-06,1.9770180674866075e-05,1.5671648783750173e-05,1.3748082174175723e-05,2.794600400435571e-05,1.716130399533379e-05,1.7019194927207518e-05,-0.00047293232242757814,-2.1613081730200173e-07,3.497053847176205e-05,-1.9070664200015557e-06,-4.9058586247577884e-05,-3.148790181001752e-05,1.5736940844530644e-05,1.557652218524185e-05,1.7814128640858615e-05,-2.7846604665813358e-05,4.760008472600633e-06,2.8998871926201273e-05,2.006086147646039e-05,1.5671650424752692e-05,1.9770179591312127e-05
expAE03,IGE_ElmerIce,/Volumes/FMac/computing/data/antarctica/ismip6/hackathon/ComputedScalarsHelene/expAE03/shelfmelt/computed_shelfmelt_AIS_IGE_ElmerIce_expAE03.nc,-1.3159214864377369e-05,4.462460671086574e-06,-5.02284894890505e-06,8.869417258541208e-06,4.203843653042799e-06,-1.1114385153722826e-07,1.193370336429971e-05,-6.462890116556441e-07,3.888144106216126e-06,1.58835182116045e-07,3.649790297397875e-06,-9.040641851794616e-06,-3.574707501675931e-05,-6.4876216445980464e-06,1.5284800122711683e-06,-5.0574464948066695e-05,-0.0007398798661400638,-2.0018465730054356e-05,2.9801874365877397e-06,4.593455137403092e-06,2.8312182079065986e-06,-4.9157411924614865e-05,8.86941680685232e-06,3.48172545734078e-06,4.045630066023098e-06,-6.462891222688606e-07,1.193370527884148e-05
expAE03,ILTS_SICOPOLIS,/Volumes/FMac/computing/data/antarctica/ismip6/hackathon/ComputedScalarsHelene/expAE03/shelfmelt/computed_shelfmelt_AIS_ILTS_SICOPOLIS_expAE03.nc,2.0269458697484467e-05,2.3308441890096743e-05,5.535943982872895e-05,1.5447907463430503e-05,1.725333549882431e-05,2.214135475450437e-05,2.2191607467278162e-05,1.5084643231597194e-05,2.4947586068040473e-05,2.68573256123247e-05,1.927937729532378e-05,1.023492715461746e-05,-5.022419361436249e-05,2.3386155017111743e-05,2.6538013886404937e-05,5.700534210932209e-06,-5.456404584285772e-07,2.5136236410447714e-05,1.8908980539489338e-05,1.830933581694283e-05,2.1199779710669986e-05,1.176720259436011e-05,1.54479083069576e-05,2.3301753716523943e-05,1.790228735042606e-05,1.5084640804091593e-05,2.219160934137698e-05
expAE03,IMAU_UFEMISM1,/Volumes/FMac/computing/data/antarctica/ismip6/hackathon/ComputedScalarsHelene/expAE03/shelfmelt/computed_shelfmelt_AIS_IMAU_UFEMISM1_expAE03.nc,,0.00020902852446743882,,,0.00028017882487562577,,,,,,0.00027579731085817876,,,,,,,-3.405257580152311e-05,0.00013504945664663483,0.0002382374722674913,0.00017167093411796,-7.133703241465416e-05,,0.0002082684940036309,0.0002786170640263052,,
expAE03,IMAU_UFEMISM2,/Volumes/FMac/computing/data/antarctica/ismip6/hackathon/ComputedScalarsHelene/expAE03/shelfmelt/computed_shelfmelt_AIS_IMAU_UFEMISM2_expAE03.nc,,0.00016615603523919325,,,0.0004055879063261168,,,,,,0.00022914128100453372,,,,,,,,0.00018304467784442964,0.00022032185296841331,7.983057498266604e-05,,,0.0001649994065818631,0.00034399992226804356,,
expAE03,IMAU_UFEMISM3,/Volumes/FMac/computing/data/antarctica/ismip6/hackathon/ComputedScalarsHelene/expAE03/shelfmelt/computed_shelfmelt_AIS_IMAU_UFEMISM3_expAE03.nc,-4.2246705279701025e-06,0.00010109432967735777,,0.00018330875256545822,0.00020940264885368828,,-0.000191274664575761,,0.0003381364342443791,0.0003482712968853296,0.0003452313150874109,,,,0.0006769445103298573,,,,0.0001211938436517511,0.00011246410057640262,0.0003095189874924914,,0.00018330875223291417,0.00010150829350117866,0.00026092522698804713,,-0.00019127468870036655
expAE03,IMAU_UFEMISM4,/Volumes/FMac/computing/data/antarctica/ismip6/hackathon/ComputedScalarsHelene/expAE03/shelfmelt/computed_shelfmelt_AIS_IMAU_UFEMISM4_expAE03.nc,-7.406236462977204e-06,9.430105535095467e-05,,0.0006118769282720514,0.00027475199492598486,-3.764664883978656e-05,-0.00039240115392903744,,0.0019405511098017883,0.0008227398947086273,0.00030660666538422516,,-0.0021771018845772074,,0.00022288798314421297,,,,0.0001144851790432647,0.00011417024308969446,0.0001891833721828032,,0.000611876944414549,9.109382577842663e-05,0.00028697771123858707,,-0.0003924011679838489
expAE03,LSCE_GRISLI2,/Volumes/FMac/computing/data/antarctica/ismip6/hackathon/ComputedScalarsHelene/expAE03/shelfmelt/computed_shelfmelt_AIS_LSCE_GRISLI2_expAE03.nc,-4.317934583098537e-05,1.666741979464694e-05,-3.6560828029581833e-05,2.1010447672151763e-05,1.3023147491850327e-05,-2.1319141534423904e-05,1.6683570807303045e-05,-1.3033283625369507e-05,3.1657516256311484e-06,8.96189734836167e-06,-1.2560134263830922e-07,-1.6129645711970646e-05,-2.676251670805171e-05,-5.968367948881542e-05,9.158260026254554e-06,-6.916702268566457e-05,-0.0018359967236536304,-0.00012517845589023018,9.717944000253228e-06,1.5175998243926467e-05,-2.035903289912171e-06,-0.00019747272531996045,2.1010445619523263e-05,1.6212583958501763e-05,1.1291388559719016e-05,-1.3033282757062976e-05,1.668357572755455e-05
expAE03,LSCE_GRISLI,/Volumes/FMac/computing/data/antarctica/ismip6/hackathon/ComputedScalarsHelene/expAE03/shelfmelt/computed_shelfmelt_AIS_LSCE_GRISLI_expAE03.nc,0.0001304856356292561,2.7297693996260388e-05,0.00015061325540740607,3.2728550032234354e-05,2.0236355416042243e-05,3.1824133071997905e-05,4.5714774227268034e-05,4.94306035746104e-05,1.0934034038113283e-05,9.464177006292143e-05,3.085980918008632e-05,4.6712887985638e-05,8.717655549278604e-05,5.2799307100368e-05,0.0001367273558154366,-3.5347949300333077e-07,-0.0019579398624292484,0.00013834850139230354,3.486770814718971e-05,3.060355678161787e-05,5.554987781793948e-05,4.779377776558517e-05,3.2728550848196113e-05,2.7342350269772026e-05,2.2903209448913566e-05,4.9430602516474185e-05,4.571476934316002e-05
expAE03,NCAR_CISM1,/Volumes/FMac/computing/data/antarctica/ismip6/hackathon/ComputedScalarsHelene/expAE03/shelfmelt/computed_shelfmelt_AIS_NCAR_CISM1_expAE03.nc,-3.979551291236495e-06,1.0879849852050062e-05,8.992709030790426e-07,1.2112712016202202e-05,8.751095231739232e-06,2.024435934734906e-06,4.5024733538175696e-08,-1.775290420608662e-07,7.183820157041716e-06,9.69182532304798e-06,9.006475534699744e-06,-4.288455492050938e-06,-9.98565194758433e-06,-5.926408305598391e-06,9.404499526624473e-06,-5.86214737051204e-06,-4.160646028275042e-05,-1.5050529663843758e-05,6.756585930094344e-06,9.231819413436655e-06,4.909838216750718e-06,-2.0552923348385116e-05,1.2112710008912448e-05,1.020885712949644e-05,8.835980920205013e-06,-1.7752902011257144e-07,4.502481584630676e-08
expAE03,NCAR_CISM2,/Volumes/FMac/computing/data/antarctica/ismip6/hackathon/ComputedScalarsHelene/expAE03/shelfmelt/computed_shelfmelt_AIS_NCAR_CISM2_expAE03.nc,2.5459414805578593e-05,1.725159421312974e-05,1.859517394293927e-05,1.5262597589442276e-05,1.6620193941060226e-05,1.1679953684511123e-05,2.4444112329977366e-05,1.984231104558306e-05,2.0580746902495598e-05,2.671072359207261e-05,1.826766383550376e-05,1.2081685670661128e-05,1.8020071598601407e-05,1.924563188804719e-05,2.9130256762135276e-05,7.230362613023218e-06,4.4669508016867723e-07,2.737679808349539e-05,1.7648589144096065e-05,1.6387176353746646e-05,2.126756708507403e-05,1.6936054885135846e-05,1.526259469860768e-05,1.7016267317339733e-05,1.721655831820093e-05,1.9842312892175623e-05,2.44441141917831e-05
expAE03,NORCE_CISM2-MAR364-ERA-t1,/Volumes/FMac/computing/data/antarctica/ismip6/hackathon/ComputedScalarsHelene/expAE03/shelfmelt/computed_shelfmelt_AIS_NORCE_CISM2-MAR364-ERA-t1_expAE03.nc,2.4243827391656316e-05,1.4977353988781583e-05,1.031242274386451e-05,2.157141208697483e-05,1.1022836627646393e-05,1.6383447548334278e-05,1.3507840449865443e-05,1.749612446908599e-05,1.8334757711225192e-05,2.6910398513002364e-05,1.8984596082194576e-05,5.950041566789268e-06,4.260395617600232e-06,7.340535804301833e-06,2.2193940285311156e-05,-3.2290424630469658e-06,-3.0213818302922443e-05,-6.671340799364044e-06,1.6265307258388655e-05,1.6337190073571546e-05,1.7823010471729995e-05,-1.3411895292020286e-05,2.1571414708279602e-05,1.5182288797498283e-05,1.3424007929566702e-05,1.749612919253995e-05,1.3507839146625428e-05
expAE03,NORCE_CISM3-MAR364-ERA-t1-local,/Volumes/FMac/computing/data/antarctica/ismip6/hackathon/ComputedScalarsHelene/expAE03/shelfmelt/computed_shelfmelt_AIS_NORCE_CISM3-MAR364-ERA-t1-local_expAE03.nc,1.7419412440612198e-06,1.5018829144114437e-05,8.648007856069366e-06,2.010704715902999e-05,9.975201854690115e-06,5.524649769816392e-06,5.534748637607663e-06,1.3135016365816187e-05,1.2395340943220653e-05,2.104064666753454e-05,1.1923032150675328e-05,-5.101776923028432e-06,-1.1904966514262609e-05,6.433746319991566e-06,1.836448814881699e-05,-1.5105350588217671e-06,-2.846030718201616e-05,-9.419400028258977e-06,1.1805642201584621e-05,1.2948041104972032e-05,1.246429047684781e-05,-1.4510982229748713e-05,2.0107049223679463e-05,1.3858374941952425e-05,1.0583687017681407e-05,1.3135015089632591e-05,5.53475060340285e-06
expAE03,NORCE_CISM3-MAR364-ERA-t1-nonlocal,/Volumes/FMac/computing/data/antarctica/ismip6/hackathon/ComputedScalarsHelene/expAE03/shelfmelt/computed_shelfmelt_AIS_NORCE_CISM3-MAR364-ERA-t1-nonlocal_expAE03.nc,3.489800390340191e-06,1.5537521374153676e-05,9.93365672689029e-06,2.1578363324270188e-05,1.0177268417682482e-05,6.2213005943101516e-06,5.2086123746035616e-06,1.2378230727882672e-05,1.1311703764771767e-05,2.2992786363419137e-05,1.308281273495004e-05,-4.701259973611986e-06,-1.0282289654916684e-05,6.962742620370744e-06,2.1461118400321892e-05,-1.9183921720609924e-06,-3.5519012597902014e-05,-6.879125301474229e-06,1.2630829551426618e-05,1.365903821662526e-05,1.3160040853755286e-05,-1.5941408090746317e-05,2.1578365388616054e-05,1.4603708170867885e-05,1.107087869012811e-05,1.2378231435894945e-05,5.208611687885153e-06
expAE03,NORCE_CISM3-MAR364-ERA-t1,/Volumes/FMac/computing/data/antarctica/ismip6/hackathon/ComputedScalarsHelene/expAE03/shelfmelt/computed_shelfmelt_AIS_NORCE_CISM3-MAR364-ERA-t1_expAE03.nc,1.6669992127205202e-05,1.6780999468618008e-05,1.3410678670151397e-05,2.203914239934933e-05,1.2830367928661973e-05,1.3425176865566014e-05,1.6288542813366183e-05,1.840102598104784e-05,1.8485946215026772e-05,2.9665462612532643e-05,1.8731844051530157e-05,-1.1739162344507159e-06,-4.130457242639087e-06,1.3203720126985485e-05,2.3875004371104194e-05,-3.144833233211604e-06,-3.522072253667572e-05,-3.530027677737071e-07,1.7746856708672708e-05,1.790231685219287e-05,1.8987693021452822e-05,-1.1340921093587379e-05,2.2039142898367096e-05,1.649778860018239e-05,1.4592861992548704e-05,1.8401022818111725e-05,1.6288539103803056e-05
expAE03,NORCE_CISM4-MAR364-ERA-t1-local,/Volumes/FMac/computing/data/antarctica/ismip6/hackathon/ComputedScalarsHelene/expAE03/shelfmelt/computed_shelfmelt_AIS_NORCE_CISM4-MAR364-ERA-t1-local_expAE03.nc,-2.539027155558756e-06,1.6968149628988996e-05,7.921046223724756e-06,2.4382994917963114e-05,1.126000685236772e-05,5.438325815294061e-06,5.00535994185139e-06,1.8746523779462365e-05,1.2080765492290752e-05,2.9295484820127217e-05,1.2511599524391609e-05,-8.840203455293074e-06,-1.2317121446149494e-05,7.940036531358891e-06,2.7189919726221164e-05,-8.394600262769941e-06,-3.5225394532356386e-05,-1.1648274652198e-05,1.4067528079927081e-05,1.4699966826132625e-05,1.5640502345550922e-05,-2.0013253393079204e-05,2.4382991520886542e-05,1.58906078039923e-05,1.1650466459346e-05,1.874652159987139e-05,5.0053599248464615e-06
expAE03,NORCE_CISM4-MAR364-ERA-t1-nonlocal,/Volumes/FMac/computing/data/antarctica/ismip6/hackathon/ComputedScalarsHelene/expAE03/shelfmelt/computed_shelfmelt_AIS_NORCE_CISM4-MAR364-ERA-t1-nonlocal_expAE03.nc,-1.0240854145066207e-06,1.7522876962269797e-05,7.319279828662694e-06,2.560827825876852e-05,1.1732316970964552e-05,7.0448970539005446e-06,7.576396529907547e-06,1.8748397612099327e-05,1.5214482975136803e-05,3.434774499308427e-05,1.4915379607345278e-05,-1.2057049449007084e-05,-6.8387454132055975e-06,1.3190773068369705e-05,3.217860556928748e-05,-1.1414647233758784e-05,-4.0859822599466526e-05,-1.1042310193894632e-05,1.541892489349485e-05,1.526782060122122e-05,1.8184019027486977e-05,-2.2465058586421948e-05,2.5608277143578855e-05,1.6795045993387593e-05,1.2626411827209532e-05,1.8748395463634127e-05,7.576397165541359e-06
expAE03,NORCE_CISM4-MAR364-ERA-t1,/Volumes/FMac/computing/data/antarctica/ismip6/hackathon/ComputedScalarsHelene/expAE03/shelfmelt/computed_shelfmelt_AIS_NORCE_CISM4-MAR364-ERA-t1_expAE03.nc,7.368086083686663e-06,1.766567717988239e-05,5.397456207018676e-06,2.8661214403032114e-05,1.5046879242783698e-05,1.2943752372203102e-05,1.2199998856194496e-05,2.1144046714439696e-05,7.208678529747702e-06,3.5431305416516784e-05,2.0001119060063997e-05,-8.281012572560503e-06,-1.869491661826931e-06,3.929609395760009e-06,2.728371672536065e-05,-6.346176355224509e-06,-3.464481792273071e-05,-3.5902229807315437e-06,1.8919471264613663e-05,1.952411721613086e-05,1.9978810101254315e-05,-1.4285427383532937e-05,2.86612187359745e-05,1.728295098701323e-05,1.651127371360729e-05,2.114404729740017e-05,1.219999709798664e-05
expAE03,NORCE_CISM4-MAR364-JRA-t1,/Volumes/FMac/computing/data/antarctica/ismip6/hackathon/ComputedScalarsHelene/expAE03/shelfmelt/computed_shelfmelt_AIS_NORCE_CISM4-MAR364-JRA-t1_expAE03.nc,7.98206048216616e-06,1.8291574123767084e-05,5.296634092091614e-06,3.0128284798460535e-05,1.5509447743576664e-05,1.3038933059781761e-05,1.2489564451643392e-05,2.1305234805332157e-05,7.972830567852551e-06,3.583623421736263e-05,2.0119232463343034e-05,-8.605036269642461e-06,-8.880188518093358e-07,1.2393670051979918e-05,2.7069191967374706e-05,-7.826824651304135e-06,-4.0435756244747734e-05,-5.380543656833882e-06,1.922177390392108e-05,1.988974294045809e-05,2.0353974520152014e-05,-1.6752915078043974e-05,3.012828952083387e-05,1.7845558697024906e-05,1.6866202194807756e-05,2.1305238905314623e-05,1.2489563680981183e-05
expAE03,NORCE_CISM5-MAR364-ERA-t1-local,/Volumes/FMac/computing/data/antarctica/ismip6/hackathon/ComputedScalarsHelene/expAE03/shelfmelt/computed_shelfmelt_AIS_NORCE_CISM5-MAR364-ERA-t1-local_expAE03.nc,4.807617283495203e-06,1.6413943658952835e-05,7.613932095979353e-06,2.2881048022392476e-05,1.2388201863210001e-05,1.6122465817864522e-06,2.6299446840710126e-06,1.6227088503049543e-05,1.6314844167780173e-05,3.291309158446815e-05,1.7609495843034634e-05,-1.5854839427857707e-05,9.636907494676943e-06,2.0489432542738938e-05,2.63124665394315e-05,-7.25055477682775e-06,-3.5197737635938315e-05,-1.588906174152832e-05,1.4678077502092437e-05,1.4772948848246534e-05,1.761855509223434e-05,-2.0427230129445972e-05,2.2881050243296116e-05,1.5068414334816741e-05,1.4199824266373788e-05,1.622709062401145e-05,2.6299451772943193e-06
expAE03,NORCE_CISM5-MAR364-ERA-t1-nonlocal,/Volumes/FMac/computing/data/antarctica/ismip6/hackathon/ComputedScalarsHelene/expAE03/shelfmelt/computed_shelfmelt_AIS_NORCE_CISM5-MAR364-ERA-t1-nonlocal_expAE03.nc,7.5963296751255605e-06,1.7039159575864205e-05,1.3926047161507925e-05,2.4552887546412434e-05,1.25103152871869e-05,2.770384953383428e-06,8.580104821383904e-06,1.3691539406750701e-05,1.8838274729328e-05,3.551603432642869e-05,2.1337858950189213e-05,-1.6889311988477913e-05,1.1496950202327094e-05,2.141826577283797e-05,2.901298027894578e-05,-2.0614987483436573e-05,-4.321379098587572e-05,-1.1671444174173049e-05,1.5867282323902408e-05,1.5513588210223387e-05,1.943619934886673e-05,-2.3048931765611384e-05,2.4552884843285202e-05,1.6028544667590553e-05,1.5170032585026642e-05,1.3691540164036664e-05,8.580104706289772e-06
expAE03,NORCE_CISM5-MAR364-ERA-t1,/Volumes/FMac/computing/data/antarctica/ismip6/hackathon/ComputedScalarsHelene/expAE03/shelfmelt/computed_shelfmelt_AIS_NORCE_CISM5-MAR364-ERA-t1_expAE03.nc,7.065874434219072e-06,1.5653208534910908e-05,6.9548024363551015e-06,2.6444242133764722e-05,1.3392575399479833e-05,1.1187215338137876e-06,-1.3179965306375046e-06,2.28975103929951e-05,1.4822903826116964e-05,3.166518864697966e-05,1.867857800685872e-05,-2.1068347781134568e-05,6.0753483833769465e-06,2.5658584103559906e-05,2.2245156731909577e-05,-1.2743454498365755e-05,-3.636784322576159e-05,-4.484571075714774e-06,1.563052371772148e-05,1.527205551040453e-05,1.8692575611479332e-05,-1.56674035596114e-05,2.6444250297998253e-05,1.3979352968536004e-05,1.5202499297710281e-05,2.289750788396305e-05,-1.3179966158777582e-06
expAE03,PIK_PISM,/Volumes/FMac/computing/data/antarctica/ismip6/hackathon/ComputedScalarsHelene/expAE03/shelfmelt/computed_shelfmelt_AIS_PIK_PISM_expAE03.nc,1.3618420334108488e-06,3.410598947946747e-05,9.202380686186924e-06,4.5738530827920006e-05,4.671877112923496e-05,1.6854891965911462e-05,2.383343160057788e-05,2.0788981809507218e-05,4.246316721257134e-05,1.3299017160235385e-05,4.7656100724935065e-05,1.7958148007710776e-05,-2.5745215828240186e-05,1.387910928241641e-05,1.0144723466826236e-05,5.189173314282007e-06,-0.00019764588713774652,-9.06138692012382e-06,3.154480627562388e-05,3.7942177623992084e-05,2.8419890646132275e-05,-3.4643533946012655e-05,4.573853704754862e-05,3.258008990998715e-05,4.709971240445356e-05,2.07889835015005e-05,2.3833431608487628e-05
expAE03,UCM_Yelmo,/Volumes/FMac/computing/data/antarctica/ismip6/hackathon/ComputedScalarsHelene/expAE03/shelfmelt/computed_shelfmelt_AIS_UCM_Yelmo_expAE03.nc,0.00012724946162727323,1.9346788647295283e-05,6.045637386261332e-05,3.516660194925729e-05,2.0076641336888804e-05,1.2986034663379281e-05,1.724695716030655e-06,-2.711139526199624e-06,1.4061029059439503e-05,9.434020209393945e-05,2.4352661985633075e-05,1.569792928336099e-05,3.767086519168857e-05,2.2157767219373615e-05,8.528342186328027e-05,1.3816188542020061e-05,-0.0011614040767587144,0.00012457451889143694,2.436829838258998e-05,2.4989703008216366e-05,2.929950354902415e-05,-0.00019986108076519555,3.5166601923816713e-05,1.8833710707775933e-05,2.1781065480985265e-05,-2.711140369236397e-06,1.7246960969393968e-06
expAE03,UCSD_ISSM,/Volumes/FMac/computing/data/antarctica/ismip6/hackathon/ComputedScalarsHelene/expAE03/shelfmelt/computed_shelfmelt_AIS_UCSD_ISSM_expAE03.nc,2.796934011609401e-07,6.2945109428894165e-06,-5.390134310753973e-07,1.2492142398744765e-06,2.0023026286046897e-06,7.21795384386454e-06,1.168445843741806e-05,5.587765685796094e-06,6.761218843307524e-06,-1.0303127225907691e-07,7.231788853116269e-06,9.262585490506797e-06,7.125259006921349e-06,6.941075547370368e-06,1.2569925850868834e-06,-2.20397765667912e-07,-1.0605490634353486e-05,-2.7320810425668476e-07,1.971805907630352e-06,1.5188423211632807e-06,4.18501794636385e-06,-9.66397647948512e-07,1.2492141706925729e-06,6.339357608420501e-06,2.7619783993971857e-06,5.5877666127454725e-06,1.1684459081506034e-05
expAE03,ULB_fETISh-KoriBU1,/Volumes/FMac/computing/data/antarctica/ismip6/hackathon/ComputedScalarsHelene/expAE03/shelfmelt/computed_shelfmelt_AIS_ULB_fETISh-KoriBU1_expAE03.nc,4.320671311927089e-06,1.9081616691877586e-05,7.017737008803212e-06,2.9481173546689787e-05,1.8181573111903835e-05,2.474537247641763e-06,1.853577954871034e-05,1.101437455120401e-05,1.4249493952318538e-05,-1.5618800181891937e-06,9.164118454922587e-06,7.891024280443768e-06,-2.9464326840656937e-05,9.66742253444869e-07,1.620086585184669e-05,1.7012499564475765e-06,-3.799602954790151e-05,-5.522339181787005e-06,1.692738099012138e-05,2.3084546186223837e-05,1.1390523693301875e-05,-1.1523361866935329e-05,2.9481178317217276e-05,1.6796316545610124e-05,1.4798295932447558e-05,1.1014376113610874e-05,1.853577948265924e-05
expAE03,ULB_fETISh-KoriBU2,/Volumes/FMac/computing/data/antarctica/ismip6/hackathon/ComputedScalarsHelene/expAE03/shelfmelt/computed_shelfmelt_AIS_ULB_fETISh-KoriBU2_expAE03.nc,1.1856872395113955e-05,3.2645287635038485e-05,9.321239816916006e-06,9.756886426983083e-06,1.5172539241790973e-05,3.4780292379951033e-06,1.8675181044314028e-05,9.38129819593414e-06,1.5266715825042256e-05,1.3762725586510207e-05,1.252818037820946e-05,1.2993158338981638e-06,-2.0889357416431693e-05,2.7872579425743985e-06,1.6781711217645613e-05,-1.674973053311822e-06,-2.4657838966489106e-05,5.978133999603959e-06,1.5450524866427325e-05,1.7493312104248966e-05,1.2910335577285008e-05,-1.821088754725862e-06,9.756888589408066e-06,3.165220526942428e-05,1.4583994487836701e-05,9.381298462292813e-06,1.8675181419455227e-05
expAE03,UNN_Ua,/Volumes/FMac/computing/data/antarctica/ismip6/hackathon/ComputedScalarsHelene/expAE03/shelfmelt/computed_shelfmelt_AIS_UNN_Ua_expAE03.nc,5.001117392236061e-06,1.9519543553032568e-05,3.83995494530098e-06,1.3813301295775779e-05,1.4750230683494089e-05,1.0556757119929216e-05,4.122474066869051e-06,1.2320425911251626e-05,1.5034772673811276e-05,1.9561459669524213e-05,1.3957567345446341e-05,8.368428963983433e-05,-8.907714035475835e-06,7.066479464624878e-06,1.3375430195392824e-05,1.0167554344166884e-05,-2.3056982672949384e-05,1.9913896822098708e-05,1.4304012186006006e-05,1.4649210506090828e-05,1.36824416533228e-05,6.844530208457905e-07,1.3813300164807575e-05,1.9191200073422398e-05,1.4528068122407948e-05,1.2320428281346462e-05,4.1224745880949436e-06
expAE03,UTAS_ElmerIce,/Volumes/FMac/computing/data/antarctica/ismip6/hackathon/ComputedScalarsHelene/expAE03/shelfmelt/computed_shelfmelt_AIS_UTAS_ElmerIce_expAE03.nc,-1.7672857675043033e-05,8.57125878318247e-06,-1.954909887097981e-06,6.1696504591289315e-06,7.883300054266704e-06,5.1231348669105445e-06,-8.938922005595134e-07,2.1120125127172738e-06,5.1074735458601135e-06,3.725338549712889e-06,6.946711283223915e-06,2.6356822526706566e-06,-2.749641781701976e-06,-4.885838022910673e-06,5.356752458848682e-06,-3.710506521218773e-07,-4.5840446388193704e-05,-1.5206567593914411e-05,4.8955684543567435e-06,7.171341883854438e-06,3.5758317992550903e-06,-1.7850907485154446e-05,6.1696502594626135e-06,8.355597497231901e-06,7.6130836177475356e-06,2.112011851771497e-06,-8.938921135026991e-07
expAE03,VUB_AISMPALEO,/Volumes/FMac/computing/data/antarctica/ismip6/hackathon/ComputedScalarsHelene/expAE03/shelfmelt/computed_shelfmelt_AIS_VUB_AISMPALEO_expAE03.nc,,1.3932685138631545e-05,-0.0001461748509980998,-0.0003809936243783127,1.0668160867347545e-05,-0.0004932300814160578,,,3.7807155045591675e-06,-0.0004889649217500585,3.091048556412634e-06,0.0034303076382847047,-0.0003141156618762934,,-1.1487635894647282e-05,-2.6627246701968432e-05,0.00036211516049894436,-7.485076238255996e-05,-4.977155282373689e-07,7.093922040118402e-06,-1.1195646794070155e-05,0.00012423550847312048,-0.0003809936343901106,5.194666381963751e-06,8.664435365559749e-06,,
expAE03,VUW_PISM1,/Volumes/FMac/computing/data/antarctica/ismip6/hackathon/ComputedScalarsHelene/expAE03/shelfmelt/computed_shelfmelt_AIS_VUW_PISM1_expAE03.nc,9.04424319121639e-06,1.4677542565085039e-05,5.349941764686209e-06,2.428821696461795e-05,1.4330996333867824e-05,-6.766715424626623e-05,1.543414759829558e-06,1.1162440633314056e-05,1.2515563844718994e-05,2.3293065230212225e-05,2.3323308162496782e-05,4.798976383067316e-07,4.411802073018895e-06,1.2731662047222288e-05,2.555880371008824e-05,3.0776292595485473e-06,-5.932020321817668e-05,1.0134228618584982e-05,1.4609349382471297e-05,1.5482872948315513e-05,1.431041080460325e-05,2.746342226927349e-06,2.428822043215173e-05,1.3882157455472567e-05,1.5979416840237207e-05,1.1162441090158567e-05,1.543414901761815e-06
expAE03,VUW_PISM1_s1,/Volumes/FMac/computing/data/antarctica/ismip6/hackathon/ComputedScalarsHelene/expAE03/shelfmelt/computed_shelfmelt_AIS_VUW_PISM1_s1_expAE03.nc,5.5866819567050385e-06,1.6478445231817398e-05,9.468997119329785e-06,2.3721919319356733e-05,1.4041744651306574e-05,-5.879961022298438e-05,7.583973058370309e-06,1.0638940000822683e-05,1.6985839531895992e-05,2.2328944119917384e-05,2.1141511614120782e-05,6.71236450951886e-08,6.602299465461073e-06,1.937843927433575e-05,2.6785438134753696e-05,7.257133525748747e-06,-4.3387447289953004e-05,1.042584094771025e-05,1.5552335085508314e-05,1.611000584676381e-05,1.5510353566229553e-05,4.688750546618945e-06,2.372191191727968e-05,1.5819153907310472e-05,1.5541606671125038e-05,1.0638937857521275e-05,7.58397472709538e-06
expAE03,VUW_PISM1_s2,/Volumes/FMac/computing/data/antarctica/ismip6/hackathon/ComputedScalarsHelene/expAE03/shelfmelt/computed_shelfmelt_AIS_VUW_PISM1_s2_expAE03.nc,1.0322197595898618e-05,1.3931620677770821e-05,2.2914851741438404e-06,2.3272284871228007e-05,1.4701351409996005e-05,-4.682333163912498e-05,1.006699306533793e-06,1.1697574733545093e-05,1.1776459313780671e-05,2.5090311238542692e-05,2.4741638193787248e-05,1.7128296132849066e-06,5.519641456175178e-06,1.2874495772049305e-05,2.5621481324290138e-05,2.7137316896902823e-06,-6.359149333047987e-05,1.2194279881355175e-05,1.456752042777464e-05,1.5001132242437684e-05,1.5142067541103591e-05,4.893313433977948e-06,2.3272280759801577e-05,1.3247903475261283e-05,1.648865391276125e-05,1.1697571744660376e-05,1.0066990705977796e-06
expAE03,VUW_PISM1_s3,/Volumes/FMac/computing/data/antarctica/ismip6/hackathon/ComputedScalarsHelene/expAE03/shelfmelt/computed_shelfmelt_AIS_VUW_PISM1_s3_expAE03.nc,8.262893063204717e-06,1.184738804195388e-05,3.503548144111919e-06,1.9888536175815938e-05,1.3359272221406963e-05,3.238257719290242e-05,3.8485407009504096e-07,6.382357169682804e-06,1.2249565154496067e-05,2.163394643722742e-05,2.660612480754922e-05,7.464553912885875e-06,5.526679711240351e-06,1.4079612760001763e-05,2.1928870609980027e-05,2.2696096727500343e-06,-6.012995968941483e-05,1.0691999602464722e-05,1.3131959109159245e-05,1.3260926966950037e-05,1.4157127616681262e-05,2.9932196608653176e-06,1.988853719790331e-05,1.2345723007381649e-05,1.5979694480254006e-05,6.382355703028895e-06,3.8485416399502466e-07
expAE03,VUW_PISM1_s4,/Volumes/FMac/computing/data/antarctica/ismip6/hackathon/ComputedScalarsHelene/expAE03/shelfmelt/computed_shelfmelt_AIS_VUW_PISM1_s4_expAE03.nc,1.0635313029441017e-05,1.7337016572466903e-05,7.846356935767298e-06,2.7199931726668497e-05,1.5453231399920878e-05,-2.4363078084017022e-05,3.6600241646053474e-06,1.198690144720237e-05,1.3993276697524656e-05,2.7186621500132327e-05,2.9535320662734404e-05,5.4568978380676155e-06,7.665839400042579e-06,1.5267548294429432e-05,2.7036546408933016e-05,8.13306875749553e-06,-7.02524669613428e-05,1.1100148378940745e-05,1.7123425448505817e-05,1.7586431004994418e-05,1.7675445508728266e-05,4.2949473359750285e-06,2.7199933414266634e-05,1.6971845567053632e-05,1.8160902522154754e-05,1.1986900530626697e-05,3.660023984188407e-06
expAE03,VUW_PISM2,/Volumes/FMac/computing/data/antarctica/ismip6/hackathon/ComputedScalarsHelene/expAE03/shelfmelt/computed_shelfmelt_AIS_VUW_PISM2_expAE03.nc,-2.087621047293559e-06,2.237664492967358e-05,2.235487247773715e-06,1.9669172840793663e-05,1.877067137177188e-05,-9.936682299207931e-05,2.5550482121608815e-05,1.700769139228443e-05,2.018248914488114e-05,1.734559303419858e-05,2.065837951820806e-05,-1.3402678816765702e-05,2.577184073114056e-05,2.640890294184003e-05,3.0103006901568855e-05,9.673070234320067e-06,-8.227261649675405e-05,-2.7386831917735257e-05,1.953296135508684e-05,1.9365008302555487e-05,2.1270705825575875e-05,-3.645478236069107e-05,1.9669171311827884e-05,2.139552908567143e-05,1.9501821317870402e-05,1.7007687340035787e-05,2.5550487955273204e-05
expAE03,VUW_PISM2_s1,/Volumes/FMac/computing/data/antarctica/ismip6/hackathon/ComputedScalarsHelene/expAE03/shelfmelt/computed_shelfmelt_AIS_VUW_PISM2_s1_expAE03.nc,-6.32059032000977e-06,2.6263936349894602e-05,-8.538570980688977e-07,2.027149446719471e-05,1.8207762698148995e-05,-0.00011024106511284305,2.4127711309725254e-05,1.8864391381007096e-05,2.123469958657616e-05,2.2472979069830164e-05,2.936754480077317e-05,3.397709092900021e-06,2.5191734505002637e-05,2.0836563744447837e-05,3.280936492149056e-05,1.0062946006951786e-05,-9.090321077316419e-05,-4.2194013081792556e-05,2.107274826103906e-05,2.0514212982812468e-05,2.3256138002778786e-05,-4.7398421085538396e-05,2.0271498044748583e-05,2.530348192555048e-05,2.248797990300147e-05,1.886439623474066e-05,2.412771462910086e-05
expAE03,VUW_PISM2_s2,/Volumes/FMac/computing/data/antarctica/ismip6/hackathon/ComputedScalarsHelene/expAE03/shelfmelt/computed_shelfmelt_AIS_VUW_PISM2_s2_expAE03.nc,6.166043489810642e-06,1.8687816950689486e-05,4.221904518879153e-06,1.9213203783939607e-05,1.784171850345929e-05,-9.337005074416336e-05,1.9416556311240846e-05,1.7624521537153226e-05,1.5300806026432223e-05,1.7756394205419386e-05,2.5006397050877234e-05,-2.0415066762734267e-05,2.26070195579353e-05,2.5223709770565322e-05,2.6180077632313467e-05,1.1723228975291243e-05,-7.637414687256783e-05,-6.2748489682602655e-06,1.8594957186611943e-05,1.824969544853618e-05,2.0915109488873204e-05,-1.9523946149705955e-05,1.9213208684221064e-05,1.775848357447706e-05,2.0212035258141817e-05,1.762452127854995e-05,1.9416554656876267e-05
expAE03,VUW_PISM2_s3,/Volumes/FMac/computing/data/antarctica/ismip6/hackathon/ComputedScalarsHelene/expAE03/shelfmelt/computed_shelfmelt_AIS_VUW_PISM2_s3_expAE03.nc,3.122587243653259e-07,1.4063290444147903e-05,9.179154145054361e-06,2.5121049456320823e-05,1.4034623013922137e-05,-8.536515643397865e-06,1.7878559012049823e-05,1.3721790668832923e-05,1.5905097346039193e-05,2.343100325447895e-05,2.401804814383691e-05,1.1685607762422207e-05,2.3296416488928667e-05,2.5230818609447505e-05,2.948133263216164e-05,1.0819708579033679e-05,-0.00011661696894306879,-5.715004147756616e-06,1.7758355600675528e-05,1.7123290041554083e-05,2.0332638603736624e-05,-2.261211535583386e-05,2.5121042822537754e-05,1.3903017909801984e-05,1.673889413466944e-05,1.3721791396132236e-05,1.7878557271576284e-05
expAE03,VUW_PISM2_s4,/Volumes/FMac/computing/data/antarctica/ismip6/hackathon/ComputedScalarsHelene/expAE03/shelfmelt/computed_shelfmelt_AIS_VUW_PISM2_s4_expAE03.nc,1.750056979829172e-06,2.7811616687053872e-05,6.372786992637493e-06,1.935556471161241e-05,2.0062208558321213e-05,-2.750853702812764e-05,2.6038001628013903e-05,2.071533037656192e-05,2.4480276797823563e-05,1.8780206514693434e-05,2.3117102462028468e-05,8.922512322264621e-06,2.6047480816177976e-05,2.6789150510535825e-05,3.0830382844841056e-05,1.6281780967842704e-05,-7.724797975386116e-05,-2.5247855153091986e-05,2.136633294309639e-05,2.0780969164176176e-05,2.380204150088919e-05,-3.51112383631559e-05,1.935556232636516e-05,2.7435298642876437e-05,2.1339375411841242e-05,2.0715331453739158e-05,2.6038004341010787e-05
expAE03,IMAU_UFEMISM1,/Volumes/FMac/computing/data/antarctica/ismip6/hackathon/ComputedScalarsHelene/expAE03/shelfmelt/jb_computed_shelfmelt_AIS_IMAU_UFEMISM1_expAE03.nc,,0.00020902852446743882,,,0.00028017882487562577,,,,,,0.00027579731085817876,,,,,,,-3.405257580152311e-05,0.00013504945664663483,0.0002382374722674913,0.00017167093411796,-7.133703241465416e-05,,0.0002082684940036309,0.0002786170640263052,,
expAE03,IMAU_UFEMISM2,/Volumes/FMac/computing/data/antarctica/ismip6/hackathon/ComputedScalarsHelene/expAE03/shelfmelt/jb_computed_shelfmelt_AIS_IMAU_UFEMISM2_expAE03.nc,,0.00016615603523919325,,,0.0004055879063261168,,,,,,0.00022914128100453372,,,,,,,,0.00018304467784442964,0.00022032185296841331,7.983057498266604e-05,,,0.0001649994065818631,0.00034399992226804356,,
expAE03,IMAU_UFEMISM3,/Volumes/FMac/computing/data/antarctica/ismip6/hackathon/ComputedScalarsHelene/expAE03/shelfmelt/jb_computed_shelfmelt_AIS_IMAU_UFEMISM3_expAE03.nc,-4.2246705279701025e-06,0.00010109432967735777,,0.00018330875256545822,0.00020940264885368828,,-0.000191274664575761,,0.0003381364342443791,0.0003482712968853296,0.0003452313150874109,,,,0.0006769445103298573,,,,0.0001211938436517511,0.00011246410057640262,0.0003095189874924914,,0.00018330875223291417,0.00010150829350117866,0.00026092522698804713,,-0.00019127468870036655
expAE03,IMAU_UFEMISM4,/Volumes/FMac/computing/data/antarctica/ismip6/hackathon/ComputedScalarsHelene/expAE03/shelfmelt/jb_computed_shelfmelt_AIS_IMAU_UFEMISM4_expAE03.nc,-7.406236462977204e-06,9.430105535095467e-05,,0.0006118769282720514,0.00027475199492598486,-3.764664883978656e-05,-0.00039240115392903744,,0.0019405511098017883,0.0008227398947086273,0.00030660666538422516,,-0.0021771018845772074,,0.00022288798314421297,,,,0.0001144851790432647,0.00011417024308969446,0.0001891833721828032,,0.000611876944414549,9.109382577842663e-05,0.00028697771123858707,,-0.0003924011679838489
expAE04,DC_ISSM,/Volumes/FMac/computing/data/antarctica/ismip6/hackathon/ComputedScalarsHelene/expAE04/shelfmelt/computed_shelfmelt_AIS_DC_ISSM_expAE04.nc,-2.2197275904208373e-05,7.559795103577401e-06,-3.3584641424183367e-06,8.340185668911635e-06,1.0516927438485907e-05,-6.501443934781198e-06,1.052096744894247e-05,3.794641660216519e-06,5.859245430969353e-06,7.947466190781295e-07,1.2222624589011661e-05,-2.5638325936721895e-05,-5.419687910830545e-05,1.5162408122006219e-06,5.399991137123218e-06,-0.0007835248701712168,-0.011639797436300576,-4.383163841941596e-05,2.345431465352297e-06,7.12346110164409e-06,4.13541633364269e-06,-0.00015013948223815954,8.340185115339978e-06,6.904958437146977e-06,1.1086308420152556e-05,3.7946418861312666e-06,1.0520967719703336e-05
expAE04,DOE_MALI_4km,/Volumes/FMac/computing/data/antarctica/ismip6/hackathon/ComputedScalarsHelene/expAE04/shelfmelt/computed_shelfmelt_AIS_DOE_MALI_4km_expAE04.nc,3.840302035886879e-05,2.2485859536060168e-05,3.5623325345490224e-06,2.0510191658627193e-05,2.066451259680701e-05,1.8890626665548447e-05,2.0126220574870218e-05,2.302028250251333e-05,2.0333662524468304e-05,3.4291378381007754e-05,3.0126989212043336e-05,1.7154579611335153e-05,-5.375155251940867e-06,1.4132400423879797e-05,4.0404017040858573e-05,-0.0001540226057654929,-0.33715470089465854,-4.73538293234252e-05,2.18615213096927e-05,2.14486941133927e-05,2.511262691982853e-05,-0.0001242232656768411,2.0510194776491124e-05,2.2394185841245e-05,2.3660145048487395e-05,2.3020281450744167e-05,2.0126217279119603e-05
expAE04,DOE_MALI_8km_Ant95,/Volumes/FMac/computing/data/antarctica/ismip6/hackathon/ComputedScalarsHelene/expAE04/shelfmelt/computed_shelfmelt_AIS_DOE_MALI_8km_Ant95_expAE04.nc,0.00011148877421408534,3.360446188100426e-05,-2.6153517899178643e-05,1.115738656850981e-05,2.377418722350586e-05,2.470921675260637e-05,2.4607322010469484e-05,5.1915851024705886e-05,3.2281789090713254e-05,1.3955971416693556e-05,2.989233397887527e-05,3.756185613251798e-05,-0.0005014329482686296,-1.0813074800445954e-05,0.00010316878108285607,-0.0001719122586365531,-0.013803357056057002,-0.00030539402412172763,2.0448066105969096e-05,1.9648949105014713e-05,2.7691485896398454e-05,-0.0004804238072371822,1.1157387404631202e-05,3.350667147997746e-05,2.578472015107973e-05,5.191587791794766e-05,2.4607320986304773e-05
expAE04,DOE_MALI_8km_AntMean,/Volumes/FMac/computing/data/antarctica/ismip6/hackathon/ComputedScalarsHelene/expAE04/shelfmelt/computed_shelfmelt_AIS_DOE_MALI_8km_AntMean_expAE04.nc,5.972426924532597e-05,2.888676540718463e-05,-4.204438690380198e-05,1.242732391992937e-05,2.5801111576045748e-05,1.9425648173586887e-05,2.242681387613461e-05,3.3270365423283286e-05,2.5118696698831024e-05,9.948790462769523e-06,3.1231512275155746e-05,1.3064196632375388e-05,-0.00011623448728322352,-1.55984601033829e-05,4.485498564202227e-05,-7.920759707831313e-05,-0.011362969021379316,-0.0002489772488787254,1.9518940759027166e-05,1.8958581588906863e-05,2.5604140903144784e-05,-0.00036670841552046915,1.2427325303476988e-05,2.878655732469453e-05,2.7316434982012043e-05,3.327037066853067e-05,2.242681187886503e-05
expAE04,IGE_ElmerIce,/Volumes/FMac/computing/data/antarctica/ismip6/hackathon/ComputedScalarsHelene/expAE04/shelfmelt/computed_shelfmelt_AIS_IGE_ElmerIce_expAE04.nc,-4.598831712033633e-05,3.0704299053090724e-06,-1.5921413406198846e-05,7.232954361791822e-06,5.01325652403051e-06,-9.412927502470837e-07,1.164013584126915e-05,-3.4759636532843164e-06,5.776307285443533e-07,-5.062958477879872e-06,4.1952669037902455e-06,-1.946272669078135e-05,-3.354325152712649e-05,-1.1579658586563852e-05,1.2106318127573225e-07,-0.000284135958438375,-0.00447697884431422,-5.1500194297447473e-05,2.1541359627176702e-07,2.9796566538056133e-06,1.6046318461943263e-07,-0.00010602300130703452,7.232954144476398e-06,2.3356083995401557e-06,4.800043320680235e-06,-3.4759642336837496e-06,1.164013658196906e-05
expAE04,ILTS_SICOPOLIS,/Volumes/FMac/computing/data/antarctica/ismip6/hackathon/ComputedScalarsHelene/expAE04/shelfmelt/computed_shelfmelt_AIS_ILTS_SICOPOLIS_expAE04.nc,2.8949386103561446e-05,2.2426385226961572e-05,3.1425269393128246e-05,2.408616775814031e-05,1.2864468970671978e-05,2.7946723234704685e-05,2.7299867182075637e-05,2.409831641938874e-05,3.5649149144306514e-05,3.2178105011034376e-05,2.4820325465598573e-05,1.8590803195357663e-05,1.7659978187107152e-05,3.456816216239791e-05,3.3437313770515306e-05,-0.000798796273445942,,3.5196244880880615e-05,2.3006765416644155e-05,2.1408784980492546e-05,2.7557085485352847e-05,4.231853285129118e-06,2.4086167427803127e-05,2.2484399670472702e-05,1.7748193304294633e-05,2.4098322612603988e-05,2.729987091742614e-05
expAE04,IMAU_UFEMISM1,/Volumes/FMac/computing/data/antarctica/ismip6/hackathon/ComputedScalarsHelene/expAE04/shelfmelt/computed_shelfmelt_AIS_IMAU_UFEMISM1_expAE04.nc,,0.00011527694062433081,,,0.00020860887828625416,,,,,,0.00017943458085096714,,,,,,,,8.55314358910801e-05,0.00012472233295403412,0.00012376608078736495,,,0.00011340099824077133,0.00019676264010800356,,
expAE04,IMAU_UFEMISM2,/Volumes/FMac/computing/data/antarctica/ismip6/hackathon/ComputedScalarsHelene/expAE04/shelfmelt/computed_shelfmelt_AIS_IMAU_UFEMISM2_expAE04.nc,,0.0001509380997538057,,,0.00016927959036029634,,,,,,0.0008108118279203663,,,,0.0003244591946562785,,,,0.00012998216845963378,0.00017519888435620255,0.00024232261568588157,,,0.0001477945728890658,0.00022381527821591082,,
expAE04,IMAU_UFEMISM3,/Volumes/FMac/computing/data/antarctica/ismip6/hackathon/ComputedScalarsHelene/expAE04/shelfmelt/computed_shelfmelt_AIS_IMAU_UFEMISM3_expAE04.nc,,8.54374935804904e-05,-0.0004479149908585076,0.0001928239850739207,9.092691720332439e-05,,,-1.8523437754839622e-05,0.00014563582301506652,0.0009109388930451429,0.0012110388413742689,,-0.0033099590705535954,,0.0012653507886999623,,,,9.076242080686183e-05,9.407329687072469e-05,0.00031991730263330223,,0.00019282399562521853,8.187817004768706e-05,0.00011886808988767432,-1.8523437663947024e-05,
expAE04,IMAU_UFEMISM4,/Volumes/FMac/computing/data/antarctica/ismip6/hackathon/ComputedScalarsHelene/expAE04/shelfmelt/computed_shelfmelt_AIS_IMAU_UFEMISM4_expAE04.nc,-0.001997405272701629,6.081682537074197e-05,-0.0013762395591329897,0.00457341070677926,0.0006770606759321032,,,8.548957608425005e-05,0.000389394501226867,0.0007346271435809833,0.0007738839689171407,,-0.0007012900300423802,,0.0010274264153568645,,,,9.535465447792296e-05,0.0001007540089169495,0.0003300354149278626,,0.00457341080709805,5.922257062311399e-05,0.0007749566716987766,8.54895808009558e-05,
expAE04,LSCE_GRISLI2,/Volumes/FMac/computing/data/antarctica/ismip6/hackathon/ComputedScalarsHelene/expAE04/shelfmelt/computed_shelfmelt_AIS_LSCE_GRISLI2_expAE04.nc,-0.00010581334232634756,1.7083555082314595e-05,-9.927470756010611e-05,3.006597983719383e-05,1.722411349269715e-05,-8.559525642308227e-05,1.6161534441650372e-05,-4.402001198445768e-05,6.89097988161572e-06,3.998053416800937e-06,1.7307562672734704e-06,-0.000106134228954412,-0.00011648386041916002,-5.479908500726084e-05,5.724424959394625e-06,-0.0004874397213089945,-0.0017385584905486933,-0.0001558674263862288,9.167800518069495e-06,1.646687978633443e-05,-6.323228146614885e-06,-0.0003223366331511884,3.0065977918642468e-05,1.6449662860151223e-05,1.5836160371218067e-05,-4.40200076528362e-05,1.6161535170140374e-05
expAE04,LSCE_GRISLI,/Volumes/FMac/computing/data/antarctica/ismip6/hackathon/ComputedScalarsHelene/expAE04/shelfmelt/computed_shelfmelt_AIS_LSCE_GRISLI_expAE04.nc,0.00010583262575503713,2.8535851430301558e-05,0.00027796254782987357,2.9958276384466745e-05,4.2437182514475586e-05,3.871283438351823e-05,8.247078194829582e-05,0.00012226388650636046,0.0002461367230579205,0.00017619578374729935,4.567826578047033e-05,6.282715903047394e-05,0.0006459922246403769,0.00013686248048603732,0.00014607701433416996,-0.0006201396741363381,,0.00019843715523352293,5.0220777776725746e-05,3.476349774229968e-05,9.554016117514571e-05,-6.55560178158717e-05,2.9958278328570244e-05,2.879331620254846e-05,4.4614962029444134e-05,0.00012226389828901284,8.247079017485995e-05
expAE04,NCAR_CISM1,/Volumes/FMac/computing/data/antarctica/ismip6/hackathon/ComputedScalarsHelene/expAE04/shelfmelt/computed_shelfmelt_AIS_NCAR_CISM1_expAE04.nc,-2.49800692114216e-05,1.0589769735598468e-05,-3.831448851787935e-06,1.4565861941835889e-05,1.60033856464973e-05,4.292405887737059e-06,-1.4300671128223832e-06,-1.987813054370201e-06,8.370683924994356e-06,5.420876714759157e-06,1.63205144416644e-05,-7.267784490220376e-06,-2.2458363646268822e-05,-8.5161604022592e-06,9.499373741985627e-06,-0.0001503532662131902,-0.0030718817430733436,-4.488306255663463e-05,8.369521339797153e-06,1.2114431484293087e-05,5.5662028799828565e-06,-0.00010408409584608575,1.4565862921372236e-05,1.0179293371595468e-05,1.6099110835795192e-05,-1.9878125446768463e-06,-1.4300670287284747e-06
expAE04,NCAR_CISM2,/Volumes/FMac/computing/data/antarctica/ismip6/hackathon/ComputedScalarsHelene/expAE04/shelfmelt/computed_shelfmelt_AIS_NCAR_CISM2_expAE04.nc,3.82266675196461e-05,1.8851501566336484e-05,2.937288798768162e-05,4.3915284890324793e-05,1.269291575624022e-05,1.9606422358910316e-05,2.4042362716586758e-05,2.2624734916740408e-05,3.099159665624169e-05,4.7190371831695764e-05,2.9938461242839025e-05,1.5833205319663986e-05,3.910956219183597e-05,3.646911750974134e-05,3.8458657296890687e-05,-2.2118574538908577e-06,-3.5340642988115324e-05,4.5897307599336516e-05,2.4315426319638215e-05,2.120246242964614e-05,3.059748807160456e-05,4.208045800605716e-05,4.391528132962902e-05,1.8905298641646758e-05,1.7544356917710065e-05,2.26247393228849e-05,2.4042360397769128e-05
expAE04,NORCE_CISM2-MAR364-ERA-t1,/Volumes/FMac/computing/data/antarctica/ismip6/hackathon/ComputedScalarsHelene/expAE04/shelfmelt/computed_shelfmelt_AIS_NORCE_CISM2-MAR364-ERA-t1_expAE04.nc,4.586044680903505e-05,1.9344476574841554e-05,2.12128325274078e-05,2.6107924540791736e-05,1.4186553241714906e-05,2.7526676074258694e-05,2.2904674474702983e-05,2.417919222795171e-05,2.5192832850760185e-05,4.0243143971382045e-05,3.122943969166382e-05,1.0584088309904003e-05,3.265387288425182e-06,2.8888085314505384e-05,5.327518877552666e-05,-0.0002745153891136019,-0.002585802632754488,9.249405982132046e-07,2.2845866804883312e-05,2.1089066595517116e-05,2.8688419306577175e-05,-6.795414238022982e-05,2.6107925789249057e-05,2.002608565402723e-05,2.071533930157513e-05,2.4179197082962624e-05,2.2904676237316977e-05
expAE04,NORCE_CISM3-MAR364-ERA-t1-local,/Volumes/FMac/computing/data/antarctica/ismip6/hackathon/ComputedScalarsHelene/expAE04/shelfmelt/computed_shelfmelt_AIS_NORCE_CISM3-MAR364-ERA-t1-local_expAE04.nc,-2.0499323932281176e-06,1.584796726298322e-05,1.1492918809017335e-05,2.663294365611979e-05,1.8691767754564643e-05,1.2822190310268988e-05,1.1478512801696345e-05,1.6072564568368266e-05,1.7151032589504902e-05,2.6191215124809233e-05,2.4892424259427602e-05,-1.869261533859212e-07,2.305803918434064e-06,1.7356455560608803e-05,2.718351733944251e-05,-0.0004018717875714521,-0.0023151911949375005,-3.060906594569491e-05,1.6969477077951163e-05,1.7655122542411005e-05,1.967739285820943e-05,-0.00011323703084746392,2.663294059760298e-05,1.5595123063940097e-05,2.0664634734427945e-05,1.6072566447781047e-05,1.1478512262399228e-05
expAE04,NORCE_CISM3-MAR364-ERA-t1-nonlocal,/Volumes/FMac/computing/data/antarctica/ismip6/hackathon/ComputedScalarsHelene/expAE04/shelfmelt/computed_shelfmelt_AIS_NORCE_CISM3-MAR364-ERA-t1-nonlocal_expAE04.nc,7.689558670523339e-07,1.656717033011033e-05,1.3906549205868016e-05,2.6613716265707442e-05,1.949641426243665e-05,1.3372269445463718e-05,1.3212350383723202e-05,1.7616656110511162e-05,1.8527515971163928e-05,2.7989784548770275e-05,2.5543050901168703e-05,1.411246268435242e-06,4.440811056356293e-06,1.8239053070847433e-05,2.8738720583100162e-05,-0.0005126029233394054,-0.0023138068294597737,-2.1237143244034164e-05,1.826894502943528e-05,1.853351181027678e-05,2.101154407339762e-05,-9.635459984908905e-05,2.6613710315525465e-05,1.6358205128421876e-05,2.147456670314185e-05,1.761665837983883e-05,1.3212348725684766e-05
expAE04,NORCE_CISM3-MAR364-ERA-t1,/Volumes/FMac/computing/data/antarctica/ismip6/hackathon/ComputedScalarsHelene/expAE04/shelfmelt/computed_shelfmelt_AIS_NORCE_CISM3-MAR364-ERA-t1_expAE04.nc,6.404043499555859e-05,2.0526893685377965e-05,3.405764808808629e-05,3.4477446503184844e-05,1.3898119309444046e-05,3.224962414794773e-05,3.482843247612664e-05,2.7372678630796616e-05,3.501841567135505e-05,5.555873828316618e-05,3.7456800323340506e-05,5.698846503820497e-06,2.6776164770542522e-05,3.768749260769076e-05,6.763863939616632e-05,-0.0009275962750759004,-0.0022798713896067225,2.0221653385578232e-05,2.6215055014563877e-05,2.3323639450915748e-05,3.598794049438011e-05,-5.761808036861092e-05,3.4477444852818484e-05,2.1437414789002013e-05,1.967498708501817e-05,2.7372675507436586e-05,3.482843432063864e-05
expAE04,NORCE_CISM4-MAR364-ERA-t1-local,/Volumes/FMac/computing/data/antarctica/ismip6/hackathon/ComputedScalarsHelene/expAE04/shelfmelt/computed_shelfmelt_AIS_NORCE_CISM4-MAR364-ERA-t1-local_expAE04.nc,2.475816883125063e-05,1.924277400436343e-05,1.5555346306606255e-05,3.205009239020393e-05,2.2178274074308848e-05,1.3370367101435812e-05,2.8071274109745985e-05,2.70008666387124e-05,2.5800025158124645e-05,4.5715730134258336e-05,3.0233410911922134e-05,1.141775055338329e-06,5.936931589678817e-05,4.790050521864087e-05,4.523785502778519e-05,-0.0001110506907769772,-0.0021691580929558856,-2.618906785562261e-05,2.425418813188236e-05,2.1987295327516312e-05,3.209489631251358e-05,-0.0001636932132624145,3.20501027399437e-05,1.8996868461738405e-05,2.4411210802384677e-05,2.7000864692771333e-05,2.8071279312395793e-05
expAE04,NORCE_CISM4-MAR364-ERA-t1-nonlocal,/Volumes/FMac/computing/data/antarctica/ismip6/hackathon/ComputedScalarsHelene/expAE04/shelfmelt/computed_shelfmelt_AIS_NORCE_CISM4-MAR364-ERA-t1-nonlocal_expAE04.nc,2.5449255111548853e-05,1.9778286540874517e-05,1.4814217491395068e-05,3.285418240765485e-05,2.3593518073951485e-05,1.4271811753987662e-05,3.145721092127651e-05,2.8111685712633304e-05,3.070037098712609e-05,4.653140782123555e-05,3.119635518253021e-05,-1.0902787897063361e-06,5.990751163251567e-05,4.887298272385589e-05,4.596466060116598e-05,-0.000113409374416898,-0.0019204575324012806,-2.9691683498681038e-05,2.5312811156125997e-05,2.2651574577320812e-05,3.382009213900135e-05,-0.0001664580785371814,3.285418742470099e-05,1.9609545298070378e-05,2.5802439513765167e-05,2.811167825221767e-05,3.145720661811314e-05
expAE04,NORCE_CISM4-MAR364-ERA-t1,/Volumes/FMac/computing/data/antarctica/ismip6/hackathon/ComputedScalarsHelene/expAE04/shelfmelt/computed_shelfmelt_AIS_NORCE_CISM4-MAR364-ERA-t1_expAE04.nc,6.249092097931281e-05,2.0195796014815524e-05,2.4922172360745335e-05,5.309421912316938e-05,1.0779742790605438e-05,5.225861583930441e-05,3.519072558899745e-05,3.2389439783137104e-05,3.9823808049033746e-05,5.4806375915485836e-05,4.3025527094036565e-05,-7.231947135277978e-06,6.551267599645992e-05,5.465983866321118e-05,5.53003357834431e-05,-0.0011330051038278552,-0.0023260274468763775,1.549237451762284e-05,2.6326896921857974e-05,2.271181892853096e-05,4.198759680402313e-05,-7.297553584048263e-05,5.3094218675613746e-05,2.059638956750594e-05,1.669838402784394e-05,3.2389433865597425e-05,3.5190724372437e-05
expAE04,NORCE_CISM4-MAR364-JRA-t1,/Volumes/FMac/computing/data/antarctica/ismip6/hackathon/ComputedScalarsHelene/expAE04/shelfmelt/computed_shelfmelt_AIS_NORCE_CISM4-MAR364-JRA-t1_expAE04.nc,6.479678163979452e-05,2.062860905834745e-05,2.5277832654870704e-05,5.3425527861362243e-05,1.0611125100789917e-05,5.1657106621615085e-05,3.544818505090305e-05,3.211991928284682e-05,3.798729709420941e-05,5.671251363120195e-05,4.242795886720241e-05,-3.947983167905894e-06,6.848465674051675e-05,5.562257886155985e-05,5.713582414656853e-05,-0.0013887955564776866,-0.002308975848421281,1.3124643953711542e-05,2.63799155797521e-05,2.275383912063785e-05,4.1905737892296344e-05,-8.71662883814659e-05,5.3425533678009165e-05,2.1025685854970906e-05,1.6416707310612342e-05,3.2119928851724514e-05,3.544818709186338e-05
expAE04,NORCE_CISM5-MAR364-ERA-t1-local,/Volumes/FMac/computing/data/antarctica/ismip6/hackathon/ComputedScalarsHelene/expAE04/shelfmelt/computed_shelfmelt_AIS_NORCE_CISM5-MAR364-ERA-t1-local_expAE04.nc,5.754802983427244e-05,1.9799383912302344e-05,3.1916563944885545e-05,3.6938115711445536e-05,2.0983943101382148e-05,-1.0296377444709483e-05,5.90356226405814e-05,2.973824762474769e-05,3.377923591023105e-05,5.1712765358026076e-05,3.580271604688744e-05,-4.561143344837383e-07,7.280113813491477e-05,8.696489106820581e-05,5.366570267578339e-05,-0.0007675869617565479,-0.014224963094792084,4.141544160227416e-05,2.8687140470823312e-05,2.3219357437723682e-05,4.086097520791104e-05,-2.658972013952956e-05,3.693811520586373e-05,1.8835999578616156e-05,2.5624137162944052e-05,2.9738246232733814e-05,5.90356171324368e-05
expAE04,NORCE_CISM5-MAR364-ERA-t1-nonlocal,/Volumes/FMac/computing/data/antarctica/ismip6/hackathon/ComputedScalarsHelene/expAE04/shelfmelt/computed_shelfmelt_AIS_NORCE_CISM5-MAR364-ERA-t1-nonlocal_expAE04.nc,4.8900394842731105e-05,2.0728944917138033e-05,3.992516245367792e-05,3.9534046619975226e-05,2.2132617007346227e-05,-1.1113461416518709e-05,5.704290910201834e-05,2.7854128900981538e-05,3.8560988073071573e-05,5.646516660177184e-05,3.529672473106454e-05,-7.318680108777993e-07,0.00010358581368146343,8.572063000846152e-05,5.1885791862955465e-05,-0.0003527560784475557,-0.04795817458621346,6.132656709387039e-05,2.9223008831163426e-05,2.394383832549072e-05,4.108969911828582e-05,6.0439611336345086e-06,3.9534050355497066e-05,2.003802318256599e-05,2.6218769480030958e-05,2.7854133846909645e-05,5.7042915661938884e-05
expAE04,NORCE_CISM5-MAR364-ERA-t1,/Volumes/FMac/computing/data/antarctica/ismip6/hackathon/ComputedScalarsHelene/expAE04/shelfmelt/computed_shelfmelt_AIS_NORCE_CISM5-MAR364-ERA-t1_expAE04.nc,7.588388710360511e-05,2.0429617142326938e-05,4.117250768732148e-05,6.446945553044946e-05,1.5129928751882723e-05,-5.472468354348171e-06,6.667076035754083e-05,3.933240056831255e-05,4.9553518005852586e-05,5.747431066082594e-05,3.6048742398711196e-05,-7.419448539463791e-06,0.00020456339179254093,8.518836478646842e-05,5.002730999601188e-05,-0.0005109712908838182,-0.002910148875685466,4.814857758881782e-05,2.8650585546810588e-05,2.2950818059684594e-05,4.514235461688945e-05,-3.522181520698896e-06,6.446944941459192e-05,1.9911240158469767e-05,2.0275367907295234e-05,3.9332408490206906e-05,6.667076482890092e-05
expAE04,PIK_PISM,/Volumes/FMac/computing/data/antarctica/ismip6/hackathon/ComputedScalarsHelene/expAE04/shelfmelt/computed_shelfmelt_AIS_PIK_PISM_expAE04.nc,-1.8380289327242222e-05,2.872419618862179e-05,7.276032166679469e-06,4.226529699638873e-05,6.870102312802042e-05,9.239344626673999e-06,2.3171086885703295e-05,2.475155478207482e-05,2.6717472242474748e-05,1.0413008012729975e-05,3.9866419589325396e-05,-3.330437050602436e-05,-5.509863389706345e-05,1.1141890669248482e-05,5.766500498274585e-06,-6.17500050199386e-05,-0.0020499716791786316,-2.2406073102823357e-05,2.717358512583262e-05,3.9451438732589726e-05,2.177298519674292e-05,-6.827674417753311e-05,4.226529638889828e-05,2.700307059621047e-05,5.562625891519699e-05,2.4751550471615136e-05,2.3171089455766842e-05
expAE04,UCM_Yelmo,/Volumes/FMac/computing/data/antarctica/ismip6/hackathon/ComputedScalarsHelene/expAE04/shelfmelt/computed_shelfmelt_AIS_UCM_Yelmo_expAE04.nc,1.3075262957802457e-05,1.1156067412533083e-05,2.0643334937245587e-05,3.7027468480654135e-05,4.031689596758547e-05,-3.72313454390091e-05,2.098785043613628e-05,1.3143388706253861e-05,1.3078247191500764e-05,0.00021029379761787535,6.341390267080392e-05,-6.423961191899001e-05,-0.0006771622536647828,1.663677909369266e-05,8.082928193349038e-05,-0.004171693105778013,-0.0012026890668356176,-0.0005364796402129921,1.226325549807912e-05,2.4776781607812985e-05,3.386470426958277e-05,-0.0010993404386247805,3.7027462038024814e-05,8.627023635622858e-06,4.9076996778626526e-05,1.3143388798463931e-05,2.098785150006256e-05
expAE04,UCSD_ISSM,/Volumes/FMac/computing/data/antarctica/ismip6/hackathon/ComputedScalarsHelene/expAE04/shelfmelt/computed_shelfmelt_AIS_UCSD_ISSM_expAE04.nc,9.627594388342414e-07,1.4636623360061901e-05,3.7120189072446947e-07,1.039026708591207e-05,3.372026053044875e-06,1.8375587280315913e-05,1.4074654138981246e-05,9.649803628067079e-06,3.307310790520351e-05,2.722733614480054e-05,1.7450378616262488e-05,2.9988952670382765e-05,2.1088749256438856e-05,1.6557617617449406e-05,9.129474638382945e-06,7.625887947826488e-06,-3.451693332574902e-05,8.543473792852772e-07,8.110975734100874e-06,6.25649083654879e-06,1.574880849289311e-05,-7.386935605834933e-07,1.0390267960834532e-05,1.477715321861301e-05,5.753283581344397e-06,9.649802173811162e-06,1.4074654948008307e-05
expAE04,ULB_fETISh-KoriBU1,/Volumes/FMac/computing/data/antarctica/ismip6/hackathon/ComputedScalarsHelene/expAE04/shelfmelt/computed_shelfmelt_AIS_ULB_fETISh-KoriBU1_expAE04.nc,2.836475711316446e-06,1.3918586037362221e-05,7.844164899764247e-06,8.334657006414192e-06,1.3238339221060244e-05,9.400996063136191e-07,1.67184215416832e-05,1.0876151490302401e-05,8.19816633400693e-06,1.4214454272637409e-06,8.86421753350827e-06,-1.1889403717061068e-06,-4.837471978237145e-05,5.059486573248455e-06,1.6066823184562397e-05,-1.4814869437076883e-05,-0.00019432028118749516,-8.96278220985582e-06,7.281887075175847e-06,1.0919126144925897e-05,9.048709489638691e-06,-3.606002322448949e-05,8.334655981545891e-06,1.1192410267235436e-05,1.1478501009583354e-05,1.0876153571255595e-05,1.671842283933442e-05
expAE04,ULB_fETISh-KoriBU2,/Volumes/FMac/computing/data/antarctica/ismip6/hackathon/ComputedScalarsHelene/expAE04/shelfmelt/computed_shelfmelt_AIS_ULB_fETISh-KoriBU2_expAE04.nc,7.242336843362915e-06,1.9735413082509272e-05,8.329849717169026e-06,2.27909763400611e-05,1.9121756242803644e-05,3.4851388274455446e-06,1.9173862961745737e-05,1.2250326498507143e-05,1.7668511428065568e-05,1.1335029707171125e-05,2.3481190179432147e-05,-3.2951973698493626e-06,-2.3803923964504024e-05,4.107513913102534e-06,1.658676167051457e-05,-1.0729605151860443e-05,-5.904384120817472e-05,1.8881824702029592e-06,1.6916273203103978e-05,2.011913513929022e-05,1.5302348291026496e-05,-1.1516956176366774e-05,2.2790978026228743e-05,1.905627205419607e-05,2.059968754865782e-05,1.2250328339123017e-05,1.9173862480930287e-05
expAE04,UNN_Ua,/Volumes/FMac/computing/data/antarctica/ismip6/hackathon/ComputedScalarsHelene/expAE04/shelfmelt/computed_shelfmelt_AIS_UNN_Ua_expAE04.nc,1.0673030034745779e-05,1.6546616833488205e-05,5.964732227497844e-06,1.2023044914083408e-05,2.4712781370058977e-05,1.0110892918499653e-05,5.5881792329916665e-06,1.711980416246131e-05,1.5117366950546297e-05,3.032531252726035e-05,2.6953550057220673e-05,7.838275032342036e-05,1.2527706991638209e-05,1.7181692505565594e-05,3.794643785320206e-05,4.6580586744519925e-05,,5.4751969470523586e-05,1.7486217459092415e-05,1.5824081468487853e-05,2.3811759015027678e-05,-5.498782973458274e-05,1.2023042712039624e-05,1.638413442681825e-05,2.5706343287333602e-05,1.7119805818708107e-05,5.5881793163518855e-06
expAE04,UTAS_ElmerIce,/Volumes/FMac/computing/data/antarctica/ismip6/hackathon/ComputedScalarsHelene/expAE04/shelfmelt/computed_shelfmelt_AIS_UTAS_ElmerIce_expAE04.nc,-2.7443536331899815e-05,6.178651847939876e-06,-7.945772599962376e-06,4.123360668378169e-06,1.3343923552603276e-05,1.005699359439848e-05,1.9569838139750765e-06,1.385216323579569e-06,3.822655237565281e-06,2.8083869014670856e-06,1.2280829415197079e-05,1.7154112540460272e-06,-7.044352988575055e-06,-3.863663852936249e-06,8.891179264756873e-06,-0.00031743778139264954,-0.0026753572980591656,-3.718032367329421e-05,5.098733778574709e-06,7.3133466706249655e-06,4.817716482731005e-06,-7.700673798051192e-05,4.12336018532022e-06,6.383801830524175e-06,1.3046443699329553e-05,1.3852169482667393e-06,1.956983886429347e-06
expAE04,VUB_AISMPALEO,/Volumes/FMac/computing/data/antarctica/ismip6/hackathon/ComputedScalarsHelene/expAE04/shelfmelt/computed_shelfmelt_AIS_VUB_AISMPALEO_expAE04.nc,0.00022053073938337243,1.9862747735172327e-05,8.700147681934817e-05,0.001918515491443627,3.0425060192457973e-05,-0.0029446722944132817,1.0792231656554238e-05,0.004851080784593466,3.5824003365520314e-06,0.0001349974187345884,4.633834768629631e-05,-0.009709349493626089,0.0006636033812562092,0.004943588481227064,0.0022741457087729197,0.0018345338326921598,0.0015696610610737365,0.012311162745769254,0.00010618722052435773,6.304659684162901e-05,6.53350237742665e-05,0.0032729899087774166,0.0019185155766060166,1.1750765318751878e-05,3.388572808035807e-05,0.00485108085903574,1.0792226571465585e-05
expAE04,VUW_PISM1,/Volumes/FMac/computing/data/antarctica/ismip6/hackathon/ComputedScalarsHelene/expAE04/shelfmelt/computed_shelfmelt_AIS_VUW_PISM1_expAE04.nc,1.608288958229983e-05,1.644905710500474e-05,1.1549483634993658e-05,4.0987650779056104e-05,1.3979529005635368e-05,-5.879164984394698e-05,1.8672870269684367e-06,1.3129734857218495e-05,2.050565167730325e-05,2.5752662923024506e-05,2.6618593519400953e-05,3.16304559835173e-06,1.5049921130631061e-05,2.3524628959023346e-05,3.0643157023303984e-05,-0.00011779366092457683,-0.001025719554566621,1.4878332040502319e-05,1.8559931439941716e-05,1.9651073869966874e-05,1.8504647243673633e-05,5.039155786328252e-06,4.0987655685243695e-05,1.5852207209655477e-05,1.8336824879943463e-05,1.3129732681866655e-05,1.8672871159595766e-06
expAE04,VUW_PISM1_s1,/Volumes/FMac/computing/data/antarctica/ismip6/hackathon/ComputedScalarsHelene/expAE04/shelfmelt/computed_shelfmelt_AIS_VUW_PISM1_s1_expAE04.nc,1.3256317031327568e-05,1.83229028588011e-05,1.5443174715788618e-05,3.69551246729382e-05,1.4188090804878867e-05,-6.234640834129057e-05,1.0219426555821794e-05,1.2199750698534561e-05,2.8159319826322882e-05,3.445434770278176e-05,2.79926211819801e-05,-1.569082285680853e-07,1.4974060182731383e-05,3.113418163322844e-05,2.9951954682804668e-05,-7.082013867318748e-05,-0.0011698875113767767,1.4662445932800153e-05,2.016216355935052e-05,2.090422106825064e-05,2.0482396975038614e-05,5.471331294394677e-06,3.695511610318506e-05,1.7710044648063483e-05,1.949108737172764e-05,1.2199749574388856e-05,1.0219425020684252e-05
expAE04,VUW_PISM1_s2,/Volumes/FMac/computing/data/antarctica/ismip6/hackathon/ComputedScalarsHelene/expAE04/shelfmelt/computed_shelfmelt_AIS_VUW_PISM1_s2_expAE04.nc,1.8643706743242875e-05,1.4874675070213351e-05,8.072717478035439e-06,3.6969927784083844e-05,1.506129955975794e-05,-3.0119929059426695e-05,2.0175145628421352e-06,9.019491791786207e-06,1.9505035585517064e-05,2.2654414938941124e-05,2.6404773947788632e-05,3.847824067573411e-06,1.692157291861385e-05,1.8272190635361118e-05,2.8127077464331675e-05,-0.0001616842614327065,-0.0009453733516332326,1.4569068022317858e-05,1.725988082876264e-05,1.8494617764817477e-05,1.687735578403013e-05,4.3582745482825345e-06,3.696993169973339e-05,1.4507420481803873e-05,1.8535175591030083e-05,9.019494087377162e-06,2.017514174830299e-06
expAE04,VUW_PISM1_s3,/Volumes/FMac/computing/data/antarctica/ismip6/hackathon/ComputedScalarsHelene/expAE04/shelfmelt/computed_shelfmelt_AIS_VUW_PISM1_s3_expAE04.nc,1.3398325940956008e-05,9.922622303126624e-06,9.048754163291426e-06,4.071367167191147e-05,1.2982678268829045e-05,4.733600977024792e-05,-2.9903731760765357e-06,6.216798158836866e-06,1.783279785698096e-05,3.193428412867055e-05,3.1610415483609916e-05,8.963037311122916e-06,1.6645502590274354e-05,1.6063076472971674e-05,2.651492243592328e-05,-0.00014144469148007996,-0.0010482705572904389,1.3229175024484633e-05,1.5383205098951977e-05,1.5693942450744955e-05,1.6433375535091932e-05,2.1358584571631162e-06,4.071367574106422e-05,1.0287870904445311e-05,1.76637398374986e-05,6.216797914859264e-06,-2.9903729400970512e-06
expAE04,VUW_PISM1_s4,/Volumes/FMac/computing/data/antarctica/ismip6/hackathon/ComputedScalarsHelene/expAE04/shelfmelt/computed_shelfmelt_AIS_VUW_PISM1_s4_expAE04.nc,1.7110400577319332e-05,1.839657514568106e-05,1.4620748116210747e-05,5.048529967287854e-05,1.529512133290639e-05,-2.5749676167989625e-05,7.4414598210522175e-06,1.5468321394884815e-05,2.7002253506499765e-05,2.5400766776228904e-05,3.149990517749679e-05,5.582712454171253e-06,1.6388804285996347e-05,2.6574436023792023e-05,3.0789774153732214e-05,-9.925260810936506e-05,-0.0011678522989609205,1.5652069561914546e-05,2.2546850448974492e-05,2.3869855049830854e-05,2.227540339881367e-05,5.774599923338098e-06,5.0485283183027004e-05,1.8057601739729794e-05,2.136326425049328e-05,1.546832387612432e-05,7.441459380121389e-06
expAE04,VUW_PISM2,/Volumes/FMac/computing/data/antarctica/ismip6/hackathon/ComputedScalarsHelene/expAE04/shelfmelt/computed_shelfmelt_AIS_VUW_PISM2_expAE04.nc,9.177822872423131e-06,1.721215090088674e-05,1.4022670477563891e-05,2.68564506037997e-05,1.8734548577218957e-05,-0.00012723512697320624,3.125627600921823e-05,2.6589501976705444e-05,3.245280291553807e-05,1.4081454221376174e-05,2.5740777530929257e-05,3.53808552238161e-06,2.165538984430463e-05,3.133676348256105e-05,3.0356911058315397e-05,-0.00013970611401513652,-0.00500090219819422,8.262821346463573e-06,2.3502026393722802e-05,2.2650617817135316e-05,2.6833795139249936e-05,-1.2993904757272548e-05,2.685644960061881e-05,1.6579880104810558e-05,2.192787158787133e-05,2.6589499962987395e-05,3.125628093028702e-05
expAE04,VUW_PISM2_s1,/Volumes/FMac/computing/data/antarctica/ismip6/hackathon/ComputedScalarsHelene/expAE04/shelfmelt/computed_shelfmelt_AIS_VUW_PISM2_s1_expAE04.nc,3.3112868369883223e-06,2.1446086980099258e-05,1.2983886249533825e-05,3.50839875151028e-05,1.8745274116716407e-05,-0.00013337137740233605,3.208291705206887e-05,2.693192386416407e-05,3.584623023748737e-05,3.6629989004305465e-05,3.421142970359454e-05,1.8076020095080036e-06,2.1492673365575898e-05,3.0331683874285907e-05,3.3162342990289835e-05,-0.00017896835748094624,-0.004565988897014623,-1.928852028242298e-06,2.774505667491461e-05,2.7164660083765045e-05,3.0149382720935895e-05,-4.54170981834278e-05,3.5083990963211875e-05,2.0728016637161455e-05,2.6072111840410292e-05,2.6931918724383333e-05,3.2082920515220217e-05
expAE04,VUW_PISM2_s2,/Volumes/FMac/computing/data/antarctica/ismip6/hackathon/ComputedScalarsHelene/expAE04/shelfmelt/computed_shelfmelt_AIS_VUW_PISM2_s2_expAE04.nc,1.3274640219014418e-05,1.654029142474564e-05,1.520688175932335e-05,3.051820816751263e-05,1.7644053247440744e-05,-7.844496916783585e-05,2.524039658996218e-05,2.0836002950683587e-05,2.7211625287969823e-05,8.77177348132631e-06,2.4925248642550003e-05,-2.371164944600771e-07,2.03093521564972e-05,2.7424041820665106e-05,3.279311701460238e-05,-0.00016659187038631148,-0.0036621491702881247,1.3170437842514443e-05,2.3217774426427826e-05,2.3677130759581972e-05,2.385018931323532e-05,-3.1829999083226102e-06,3.0518201091047034e-05,1.623842453621161e-05,2.0804749044553454e-05,2.0836003092341855e-05,2.52403960508944e-05
expAE04,VUW_PISM2_s3,/Volumes/FMac/computing/data/antarctica/ismip6/hackathon/ComputedScalarsHelene/expAE04/shelfmelt/computed_shelfmelt_AIS_VUW_PISM2_s3_expAE04.nc,1.3868247701553921e-05,1.421234220641069e-05,1.2801576857197834e-05,3.851160344302319e-05,1.572965467426259e-05,7.08663342945232e-05,2.2481016147899312e-05,1.3724014600122732e-05,2.9107957262270178e-05,2.4716824774206985e-05,3.3386337817367757e-05,1.6175947761404615e-05,1.9958469774629378e-05,2.9781363896524203e-05,3.640507255608747e-05,-0.00018918278604368753,-0.0068047391123944555,1.5314997103815275e-05,2.116307115997466e-05,1.9366624632485452e-05,2.5357255393293554e-05,-3.365771631473694e-06,3.8511603683397526e-05,1.4582789715992792e-05,2.2959027043688972e-05,1.3724016147786395e-05,2.2481015609259108e-05
expAE04,VUW_PISM2_s4,/Volumes/FMac/computing/data/antarctica/ismip6/hackathon/ComputedScalarsHelene/expAE04/shelfmelt/computed_shelfmelt_AIS_VUW_PISM2_s4_expAE04.nc,9.364533264994707e-06,2.3427453200896158e-05,1.6447726464985787e-05,2.095359635384615e-05,2.093358430578071e-05,-3.576812255765888e-05,3.111745004343894e-05,2.452930328125743e-05,3.258668306996246e-05,1.2569755673717575e-05,3.0943732147311255e-05,9.35050456768276e-06,2.3421031332729747e-05,2.8880964192900232e-05,3.712074941400199e-05,-0.00010903231368616496,-0.004120585718441993,6.515032656454735e-06,2.279686453851921e-05,2.1273340264157434e-05,2.8055853378213254e-05,-2.0794859635514523e-05,2.0953591781182564e-05,2.3136260795372602e-05,2.556498903837637e-05,2.4529300976812722e-05,3.111745060553029e-05
expAE04,IMAU_UFEMISM1,/Volumes/FMac/computing/data/antarctica/ismip6/hackathon/ComputedScalarsHelene/expAE04/shelfmelt/jb_computed_shelfmelt_AIS_IMAU_UFEMISM1_expAE04.nc,,0.00011527694062433081,,,0.00020860887828625416,,,,,,0.00017943458085096714,,,,,,,,8.55314358910801e-05,0.00012472233295403412,0.00012376608078736495,,,0.00011340099824077133,0.00019676264010800356,,
expAE04,IMAU_UFEMISM2,/Volumes/FMac/computing/data/antarctica/ismip6/hackathon/ComputedScalarsHelene/expAE04/shelfmelt/jb_computed_shelfmelt_AIS_IMAU_UFEMISM2_expAE04.nc,,0.0001509380997538057,,,0.00016927959036029634,,,,,,0.0008108118279203663,,,,0.0003244591946562785,,,,0.00012998216845963378,0.00017519888435620255,0.00024232261568588157,,,0.0001477945728890658,0.00022381527821591082,,
expAE04,IMAU_UFEMISM3,/Volumes/FMac/computing/data/antarctica/ismip6/hackathon/ComputedScalarsHelene/expAE04/shelfmelt/jb_computed_shelfmelt_AIS_IMAU_UFEMISM3_expAE04.nc,,8.54374935804904e-05,-0.0004479149908585076,0.0001928239850739207,9.092691720332439e-05,,,-1.8523437754839622e-05,0.00014563582301506652,0.0009109388930451429,0.0012110388413742689,,-0.0033099590705535954,,0.0012653507886999623,,,,9.076242080686183e-05,9.407329687072469e-05,0.00031991730263330223,,0.00019282399562521853,8.187817004768706e-05,0.00011886808988767432,-1.8523437663947024e-05,
expAE04,IMAU_UFEMISM4,/Volumes/FMac/computing/data/antarctica/ismip6/hackathon/ComputedScalarsHelene/expAE04/shelfmelt/jb_computed_shelfmelt_AIS_IMAU_UFEMISM4_expAE04.nc,-0.001997405272701629,6.081682537074197e-05,-0.0013762395591329897,0.00457341070677926,0.0006770606759321032,,,8.548957608425005e-05,0.000389394501226867,0.0007346271435809833,0.0007738839689171407,,-0.0007012900300423802,,0.0010274264153568645,,,,9.535465447792296e-05,0.0001007540089169495,0.0003300354149278626,,0.00457341080709805,5.922257062311399e-05,0.0007749566716987766,8.54895808009558e-05,
expAE05,DC_ISSM,/Volumes/FMac/computing/data/antarctica/ismip6/hackathon/ComputedScalarsHelene/expAE05/shelfmelt/computed_shelfmelt_AIS_DC_ISSM_expAE05.nc,-1.8316243903443075e-05,1.0107979795786446e-05,5.76286876481937e-07,8.773720547221773e-06,8.962973409410148e-06,7.105104854009723e-06,1.2267218463953121e-05,6.215865773921045e-06,1.1267069463790259e-05,4.526618423953746e-06,1.1275867621081375e-05,-5.711623694853951e-06,-1.4315975790799522e-05,5.1983921615393905e-06,7.748728020366617e-06,-1.3964115876030026e-05,-0.0002601675424184672,-9.1100271482556e-06,7.482282634238148e-06,8.354261073120969e-06,8.053334155486924e-06,-2.4513590829774263e-05,8.773718933529446e-06,9.980980279931167e-06,9.627127742907684e-06,6.2158657566249485e-06,1.2267215929956771e-05
expAE05,DOE_MALI_4km,/Volumes/FMac/computing/data/antarctica/ismip6/hackathon/ComputedScalarsHelene/expAE05/shelfmelt/computed_shelfmelt_AIS_DOE_MALI_4km_expAE05.nc,3.102224730349809e-05,2.6301530888409003e-05,2.2940403288656638e-05,1.7299271828889996e-05,2.0549105598574097e-05,1.9138271353875935e-05,2.329631357668884e-05,2.3774502525312344e-05,2.4304789444796446e-05,3.7601282388608714e-05,2.2536459518773136e-05,3.364176964401712e-05,3.888027326282114e-06,2.3434583807681658e-05,3.665658391965986e-05,1.1766182669985224e-05,-0.0004602191294172611,8.227999550671982e-07,2.1396835618186736e-05,2.096982181473824e-05,2.4618642539462138e-05,-6.194663454181504e-06,1.7299270575106525e-05,2.6071481551211926e-05,2.1189366508289704e-05,2.3774504045689637e-05,2.3296312045210016e-05
expAE05,DOE_MALI_8km_Ant95,/Volumes/FMac/computing/data/antarctica/ismip6/hackathon/ComputedScalarsHelene/expAE05/shelfmelt/computed_shelfmelt_AIS_DOE_MALI_8km_Ant95_expAE05.nc,0.00022420166792199936,2.9605851609192418e-05,8.375763166565745e-05,7.236877868800792e-06,2.3265556231118224e-05,2.0553085841876e-05,2.703090957322793e-05,2.6237153872318024e-05,3.146492788536113e-05,4.4844771390719834e-05,2.3951221411412264e-05,8.835052413347819e-05,-0.00016289094788562208,2.8094749882150785e-05,5.098396041067076e-05,9.934123857646021e-06,-0.0008615893714250404,2.8323698161671738e-06,1.8676944450765545e-05,1.7382797358695215e-05,2.7500660203079456e-05,-9.364169224585093e-06,7.236878079196376e-06,2.953042517666393e-05,2.354339599060574e-05,2.6237159858932606e-05,2.7030912353312447e-05
expAE05,DOE_MALI_8km_AntMean,/Volumes/FMac/computing/data/antarctica/ismip6/hackathon/ComputedScalarsHelene/expAE05/shelfmelt/computed_shelfmelt_AIS_DOE_MALI_8km_AntMean_expAE05.nc,-7.274846835847977e-06,2.955791518618223e-05,3.316301193131092e-05,9.627938304849442e-06,2.6237545985902048e-05,1.785932568862904e-05,2.3720908997505193e-05,2.4789978613723876e-05,2.744735351763712e-05,3.4991555411801434e-05,2.1707948359131477e-05,8.300301110209456e-05,-0.00012457763069805816,1.929681958520086e-05,3.866692190231457e-05,6.728573061785948e-06,-0.0006671690697508597,-7.359326882055688e-09,1.8608621592517704e-05,1.7798714407200127e-05,2.4383323565557133e-05,-1.2319795945243307e-05,9.627937970392197e-06,2.9454873783004952e-05,2.5087506176736507e-05,2.4789983823931054e-05,2.3720907303382896e-05
expAE05,IGE_ElmerIce,/Volumes/FMac/computing/data/antarctica/ismip6/hackathon/ComputedScalarsHelene/expAE05/shelfmelt/computed_shelfmelt_AIS_IGE_ElmerIce_expAE05.nc,-5.6904386852626474e-05,6.122314465212534e-06,-4.847237135912448e-06,8.82642050855114e-06,4.516736524916549e-06,-1.452657007879841e-07,1.1476369780558751e-05,2.1526527816453214e-07,6.5361399212304695e-06,2.768399715271464e-06,3.5623074917028543e-06,-1.131477708478973e-05,-3.143407394224075e-05,-1.9821556330672954e-07,1.4647113022952052e-06,-5.357829445956582e-05,-0.0005090794354084705,-1.9401249117793505e-05,3.2601153555361446e-06,4.566353944532118e-06,3.592282106672167e-06,-4.4443766276439296e-05,8.826419851841126e-06,5.087692813078581e-06,4.242108823982485e-06,2.1526526901588813e-07,1.1476367549659685e-05
expAE05,ILTS_SICOPOLIS,/Volumes/FMac/computing/data/antarctica/ismip6/hackathon/ComputedScalarsHelene/expAE05/shelfmelt/computed_shelfmelt_AIS_ILTS_SICOPOLIS_expAE05.nc,9.937036806087244e-06,2.5637813144023393e-05,9.441743674188087e-05,2.5001750811520357e-05,1.496603733880343e-05,3.1056982533723695e-05,2.1741137884444714e-05,2.2697135543279108e-05,3.648305283965527e-05,2.960147807498729e-05,2.157398000274869e-05,4.0306416305264814e-05,-2.870940356177513e-05,3.043876212136042e-05,2.8208274608715824e-05,1.5654877021825937e-05,-5.2882995632921654e-05,1.3973504371120152e-05,2.273903305135184e-05,2.202093659862466e-05,2.4424987352555643e-05,1.026695679572207e-05,2.5001748810027592e-05,2.5714608662032134e-05,1.7211479788833746e-05,2.2697134944181195e-05,2.174113625068797e-05
expAE05,IMAU_UFEMISM1,/Volumes/FMac/computing/data/antarctica/ismip6/hackathon/ComputedScalarsHelene/expAE05/shelfmelt/computed_shelfmelt_AIS_IMAU_UFEMISM1_expAE05.nc,,0.00010027145624720769,,,0.001023363553042727,,,,,,0.00041262594594875115,,,,,,,-8.577906560322026e-05,0.0001096942541260882,0.0001360829303234129,0.00017237089189264015,-0.00023473544691867716,,9.782879304057098e-05,0.0006803545229572284,,
expAE05,IMAU_UFEMISM2,/Volumes/FMac/computing/data/antarctica/ismip6/hackathon/ComputedScalarsHelene/expAE05/shelfmelt/computed_shelfmelt_AIS_IMAU_UFEMISM2_expAE05.nc,,0.00011666048343594881,,,0.0012781734248403195,,,,,,0.0003462340518222318,,,,3.631528154789808e-05,,,,0.00013729747503487714,0.0001722836721000836,5.436282767357644e-05,,,0.00011526902721903774,0.000780972776303981,,
expAE05,IMAU_UFEMISM3,/Volumes/FMac/computing/data/antarctica/ismip6/hackathon/ComputedScalarsHelene/expAE05/shelfmelt/computed_shelfmelt_AIS_IMAU_UFEMISM3_expAE05.nc,-8.707180063306288e-05,0.00010498683128759288,,0.0002831590530662519,0.0005016115947526793,0.0003207412362910946,,,0.00027472399442732563,0.00017971445675443888,0.0005030683701247773,,,,0.0009564201972079163,,,,0.0001691476914196524,0.0001608466399180318,0.0003332822399514706,,0.0002831590460386543,0.00010619760256096713,0.0005500280391072402,,
expAE05,IMAU_UFEMISM4,/Volumes/FMac/computing/data/antarctica/ismip6/hackathon/ComputedScalarsHelene/expAE05/shelfmelt/computed_shelfmelt_AIS_IMAU_UFEMISM4_expAE05.nc,-5.157388985859422e-05,8.276433680317821e-05,,0.001187073812147032,0.000282293592618354,,,0.00015777228393009965,,0.0004570481186042696,0.00047340714602974013,,,,,,,,0.00013103090174996292,0.000126199901025338,0.0004244160007397078,,0.0011870738572088895,8.182135255405357e-05,0.00031530024171530393,0.0001577722956320372,
expAE05,LSCE_GRISLI2,/Volumes/FMac/computing/data/antarctica/ismip6/hackathon/ComputedScalarsHelene/expAE05/shelfmelt/computed_shelfmelt_AIS_LSCE_GRISLI2_expAE05.nc,-0.00023545129422993517,1.9000354209998457e-05,-9.252251080804535e-06,1.9742485780072538e-05,1.4597915349409159e-05,-5.895756404317214e-05,1.3098847738059029e-05,-1.3726058997400192e-05,7.122742753776984e-06,1.9449537940505535e-05,2.398709489652371e-06,-6.430337257458761e-05,-5.02663012952873e-05,1.2503685542828634e-05,8.194798677709209e-06,-0.00017978179320845032,-0.0009204708555207889,-2.646574899335181e-05,1.1087543750625007e-05,1.6286693349824365e-05,4.551486871050385e-06,-7.059022729946167e-05,1.9742486241317963e-05,1.866384884901694e-05,1.323355654123716e-05,-1.3726056090789537e-05,1.3098851138578934e-05
expAE05,LSCE_GRISLI,/Volumes/FMac/computing/data/antarctica/ismip6/hackathon/ComputedScalarsHelene/expAE05/shelfmelt/computed_shelfmelt_AIS_LSCE_GRISLI_expAE05.nc,0.00012350629008364177,4.4001689631600165e-05,0.00044499524803226883,2.7655408366511124e-05,2.1814493797447036e-05,8.10790629480627e-05,5.148382253288696e-05,9.10055350665218e-05,0.00014542729255974577,0.0001131048694448454,4.6819015025431454e-05,4.671365297985371e-05,0.00022666880230437462,0.00011616369729632923,0.00014423937255717334,1.0768287859820367e-05,-0.0012043376237791173,3.425437757095775e-05,4.0746572181089644e-05,3.186536145523991e-05,8.455554286174681e-05,-1.4202649082091403e-05,2.765540217789488e-05,4.4595972450347626e-05,2.7610213959025994e-05,9.100552046509916e-05,5.148382707703814e-05
expAE05,NCAR_CISM1,/Volumes/FMac/computing/data/antarctica/ismip6/hackathon/ComputedScalarsHelene/expAE05/shelfmelt/computed_shelfmelt_AIS_NCAR_CISM1_expAE05.nc,-2.8049625999716608e-05,1.3891233072678206e-05,3.245731906227982e-06,1.3772574867984697e-05,1.1889068688891388e-05,5.929367695628956e-06,4.966447932335318e-06,4.5590080914056844e-06,1.1299387456983777e-05,1.1759281475314118e-05,1.3338040768349703e-05,-9.165125382995784e-06,-1.1122741610365008e-05,2.5755658375811036e-06,1.0545047204462827e-05,-6.478055957031601e-06,-0.0001821146627072535,-9.984195548908978e-06,9.917304062761472e-06,1.2248467992028917e-05,8.367460752725403e-06,-2.4080006212930943e-05,1.377257911467363e-05,1.3470928344668414e-05,1.2266601536309885e-05,4.559008235334667e-06,4.96644798283354e-06
expAE05,NCAR_CISM2,/Volumes/FMac/computing/data/antarctica/ismip6/hackathon/ComputedScalarsHelene/expAE05/shelfmelt/computed_shelfmelt_AIS_NCAR_CISM2_expAE05.nc,1.96144122826279e-05,2.323690106112704e-05,2.349565738802206e-05,2.8048717792540673e-05,1.2344266735859283e-05,2.1331055113067304e-05,2.2794990698393607e-05,2.4557908726352924e-05,2.826430534208572e-05,3.0068901806286013e-05,2.5221734400890278e-05,2.217335247856005e-05,2.1285485148929534e-05,2.6358411210362498e-05,2.7249199546776946e-05,9.345177293284445e-06,9.453881145636323e-07,1.97592715157931e-05,2.27401801876506e-05,2.1311929343447294e-05,2.546733485568575e-05,1.572740238646431e-05,2.8048721782207305e-05,2.317070181853027e-05,1.595518179565541e-05,2.4557903885499833e-05,2.2794989308352533e-05
expAE05,NORCE_CISM2-MAR364-ERA-t1,/Volumes/FMac/computing/data/antarctica/ismip6/hackathon/ComputedScalarsHelene/expAE05/shelfmelt/computed_shelfmelt_AIS_NORCE_CISM2-MAR364-ERA-t1_expAE05.nc,4.692084948013312e-05,2.2762676338922466e-05,1.5176674518180615e-05,3.384946697495527e-05,1.0055044415212291e-05,2.7738277140834212e-05,2.2087295222735927e-05,2.20020247923487e-05,2.6019309703139388e-05,2.7633006370264628e-05,2.3445679112407683e-05,5.087001802765913e-06,7.522080313087699e-06,1.7655200498022295e-05,3.098158588411642e-05,-2.567650862759269e-06,-0.0005191020775896198,1.0151345691720203e-06,2.1127227836447025e-05,2.0901617794432896e-05,2.3777048312600017e-05,-1.4617133266645336e-05,3.3849469888913004e-05,2.3186726444776656e-05,1.377127273068907e-05,2.2002028687218332e-05,2.2087291317450852e-05
expAE05,NORCE_CISM3-MAR364-ERA-t1-local,/Volumes/FMac/computing/data/antarctica/ismip6/hackathon/ComputedScalarsHelene/expAE05/shelfmelt/computed_shelfmelt_AIS_NORCE_CISM3-MAR364-ERA-t1-local_expAE05.nc,-5.959757174463299e-06,1.747051929912213e-05,1.3482231888784491e-05,2.2707888929348365e-05,1.3987043285811654e-05,1.0577462873560136e-05,1.409886923872644e-05,1.6743786572642284e-05,2.02146806184521e-05,2.0226563490670092e-05,1.9373351547364196e-05,-1.8602353482966626e-06,-8.428446704363686e-06,1.5234299666839124e-05,2.2243561122626574e-05,-1.407552115141146e-06,-0.00018524730609311403,-8.585612429595957e-06,1.5838451679530305e-05,1.6554539169375963e-05,1.7360041129839582e-05,-2.874495019040834e-05,2.270788785643122e-05,1.7146568944083775e-05,1.544097377299977e-05,1.6743786765768046e-05,1.4098868338154274e-05
expAE05,NORCE_CISM3-MAR364-ERA-t1-nonlocal,/Volumes/FMac/computing/data/antarctica/ismip6/hackathon/ComputedScalarsHelene/expAE05/shelfmelt/computed_shelfmelt_AIS_NORCE_CISM3-MAR364-ERA-t1-nonlocal_expAE05.nc,-5.998763389759798e-06,1.740423738641808e-05,1.450479461767137e-05,2.204304615302476e-05,1.3757003740991558e-05,1.463800304755879e-05,1.466155161671141e-05,1.7550880519275365e-05,2.0911209658782662e-05,2.247300812500493e-05,1.9272900268022102e-05,-1.016501291781711e-06,-4.77768945322359e-06,1.626253395520261e-05,2.3462556055286834e-05,-6.864788284680763e-07,-0.00038145359653028504,-6.623214057382903e-06,1.6192967526560087e-05,1.6432762038581174e-05,1.8364056469253087e-05,-2.8418079950087828e-05,2.2043043861237774e-05,1.7278324071918182e-05,1.5250282058192798e-05,1.755087737683008e-05,1.466155410593255e-05
expAE05,NORCE_CISM3-MAR364-ERA-t1,/Volumes/FMac/computing/data/antarctica/ismip6/hackathon/ComputedScalarsHelene/expAE05/shelfmelt/computed_shelfmelt_AIS_NORCE_CISM3-MAR364-ERA-t1_expAE05.nc,3.5577563713573706e-05,2.1906710184492215e-05,1.9375358577256477e-05,3.868989779388492e-05,1.2195180242344597e-05,3.156462407992418e-05,2.480848377941994e-05,2.3350883062354792e-05,2.7351074701142126e-05,2.974861270708695e-05,2.3710577346236183e-05,-7.634296585376923e-06,3.8951662310442765e-06,1.8187994173451985e-05,3.2346959024346805e-05,-3.0056564864921306e-06,-0.0008682945878272834,-2.1688017077881026e-06,2.168910314962651e-05,2.1128233889107804e-05,2.5345854898147396e-05,-2.3782895454759638e-05,3.86899021689116e-05,2.253298836374306e-05,1.4995671213557286e-05,2.3350877250173774e-05,2.4808489694381636e-05
expAE05,NORCE_CISM4-MAR364-ERA-t1-local,/Volumes/FMac/computing/data/antarctica/ismip6/hackathon/ComputedScalarsHelene/expAE05/shelfmelt/computed_shelfmelt_AIS_NORCE_CISM4-MAR364-ERA-t1-local_expAE05.nc,-5.101259913665924e-06,1.9021021320641436e-05,1.4285439694370155e-05,2.642297875345178e-05,1.5462276478572247e-05,1.2394081983059383e-05,1.8688389094563926e-05,2.3068448284003902e-05,1.703335107673231e-05,2.487481273954148e-05,2.0725155638375647e-05,-1.5761017470774973e-05,1.2134825793825585e-05,1.9682160748882876e-05,3.131372311812801e-05,-1.936605964096039e-05,-0.0004737993229551834,-1.0449680423813558e-05,1.8232709730310036e-05,1.840869336434594e-05,2.1361816137346277e-05,-4.2897593507720325e-05,2.6422980597273454e-05,1.8843398165579645e-05,1.6731464016753687e-05,2.3068443415333775e-05,1.8688384944077727e-05
expAE05,NORCE_CISM4-MAR364-ERA-t1-nonlocal,/Volumes/FMac/computing/data/antarctica/ismip6/hackathon/ComputedScalarsHelene/expAE05/shelfmelt/computed_shelfmelt_AIS_NORCE_CISM4-MAR364-ERA-t1-nonlocal_expAE05.nc,-4.319116385488477e-06,1.9281868751112024e-05,1.3130087659582895e-05,2.618054233306356e-05,1.5612752304451494e-05,1.7204484525967464e-05,2.2720143350813336e-05,2.4494544391381356e-05,1.941490720016917e-05,3.011904311033447e-05,2.1824888009136286e-05,-1.8656538933133657e-05,1.6219933526635485e-05,2.2868045357834996e-05,3.4088604228960075e-05,-2.1526566261803385e-05,-0.0007757730032563566,-7.939019791899307e-06,1.901723756093325e-05,1.8553292678495758e-05,2.379034736893968e-05,-4.425050427473373e-05,2.6180544551724575e-05,1.9246564903750993e-05,1.7059687642819707e-05,2.4494541420166383e-05,2.2720141993950122e-05
expAE05,NORCE_CISM4-MAR364-ERA-t1,/Volumes/FMac/computing/data/antarctica/ismip6/hackathon/ComputedScalarsHelene/expAE05/shelfmelt/computed_shelfmelt_AIS_NORCE_CISM4-MAR364-ERA-t1_expAE05.nc,3.665313741765137e-05,2.1439293372491518e-05,1.3971991186388524e-05,3.9437889430571886e-05,1.5733343653260325e-05,4.0623687118739416e-05,1.965491603883182e-05,2.691359437947105e-05,1.5680230484939506e-05,3.388258021214584e-05,2.565526950293147e-05,-1.717099832849969e-05,1.550614349117694e-05,1.6890823102123182e-05,3.821100587021372e-05,-1.0736242007970873e-06,-0.0004966892353134339,-5.227411939766362e-06,2.1984722211906203e-05,2.140173927586203e-05,2.6970321943743143e-05,-4.068004519271578e-05,3.9437896333262883e-05,2.1744491541813326e-05,1.8175224922433053e-05,2.6913596013740475e-05,1.9654914730357322e-05
expAE05,NORCE_CISM4-MAR364-JRA-t1,/Volumes/FMac/computing/data/antarctica/ismip6/hackathon/ComputedScalarsHelene/expAE05/shelfmelt/computed_shelfmelt_AIS_NORCE_CISM4-MAR364-JRA-t1_expAE05.nc,3.625659178529407e-05,2.1694232851070415e-05,1.372755803059586e-05,4.015282098947912e-05,1.6224949443947947e-05,3.5956776101522085e-05,2.6216587256352038e-05,2.7086077198030884e-05,1.3313281004770394e-05,3.3725621682471066e-05,2.5699618869175015e-05,-1.6953788773021242e-05,1.705392278234101e-05,2.020243313268479e-05,3.841220092567147e-05,-2.5708824315033236e-06,-0.00040097200305934155,-4.5145976690636815e-06,2.2213808472351022e-05,2.165321982019945e-05,2.709287715661334e-05,-4.006061960479303e-05,4.015282180298686e-05,2.1886062874546325e-05,1.8543951207500585e-05,2.7086071180154193e-05,2.6216583048414634e-05
expAE05,NORCE_CISM5-MAR364-ERA-t1-local,/Volumes/FMac/computing/data/antarctica/ismip6/hackathon/ComputedScalarsHelene/expAE05/shelfmelt/computed_shelfmelt_AIS_NORCE_CISM5-MAR364-ERA-t1-local_expAE05.nc,2.2484725337747595e-05,1.9510999079045454e-05,1.6080078121574424e-05,2.750113536410075e-05,1.6096895266762383e-05,7.417167906389018e-06,-1.4144556075468406e-06,1.9707344094413356e-05,3.0128230863029516e-05,2.5016769200731914e-05,2.472025272665846e-05,-4.7166683741441844e-05,1.0720545116128896e-05,2.1866965525431437e-05,3.200385745402858e-05,-7.540944216088008e-05,-0.0005628777679280641,-2.315903051184387e-05,1.8897960052501157e-05,1.912587439385323e-05,2.1897874490680184e-05,-7.376376467471427e-05,2.750113160837275e-05,1.9134277367239697e-05,1.873903728704116e-05,1.970734808305474e-05,-1.4144558682756294e-06
expAE05,NORCE_CISM5-MAR364-ERA-t1-nonlocal,/Volumes/FMac/computing/data/antarctica/ismip6/hackathon/ComputedScalarsHelene/expAE05/shelfmelt/computed_shelfmelt_AIS_NORCE_CISM5-MAR364-ERA-t1-nonlocal_expAE05.nc,2.8040418156256036e-05,1.9680951646329937e-05,2.0417386252221126e-05,3.0337923374904452e-05,1.600820589896708e-05,6.894861000710027e-06,-1.4735675137555917e-07,1.8066640868343754e-05,3.292936665908291e-05,2.5000622494266797e-05,2.7378923889014878e-05,-4.9208967403741973e-05,1.5485721346616545e-05,2.564285863821059e-05,3.147990103975864e-05,-2.356948016109066e-05,-0.0008177159908102955,-1.616411441477849e-05,1.952937011846794e-05,1.9527446854193677e-05,2.3021235735456826e-05,-6.090911059001382e-05,3.033792539567403e-05,1.9359584636323337e-05,1.929959352329555e-05,1.8066637328328892e-05,-1.4735679576359301e-07
expAE05,NORCE_CISM5-MAR364-ERA-t1,/Volumes/FMac/computing/data/antarctica/ismip6/hackathon/ComputedScalarsHelene/expAE05/shelfmelt/computed_shelfmelt_AIS_NORCE_CISM5-MAR364-ERA-t1_expAE05.nc,2.7947618309440688e-05,1.988494347264919e-05,1.1257344468774554e-05,3.269848735489376e-05,1.486932725188024e-05,9.504308567635359e-06,-1.9638236100208354e-06,2.8340180724961817e-05,1.3578478450172652e-05,2.33065434366516e-05,2.3248791099978066e-05,-3.401785353362386e-05,1.4187701899388771e-05,1.846725962775198e-05,3.3148092363768945e-05,-8.181284527881279e-05,-0.00048531249635245984,-9.955002973395358e-06,1.9426621388557786e-05,1.917527612928502e-05,2.287652030179756e-05,-5.944641691734164e-05,3.2698493482470536e-05,1.964139979749469e-05,1.750015335413277e-05,2.8340189280698174e-05,-1.9638235805693905e-06
expAE05,PIK_PISM,/Volumes/FMac/computing/data/antarctica/ismip6/hackathon/ComputedScalarsHelene/expAE05/shelfmelt/computed_shelfmelt_AIS_PIK_PISM_expAE05.nc,-2.388732354683359e-05,3.5295368888207585e-05,1.0053803736532975e-05,6.611375523007589e-05,5.311910256939651e-05,2.302595317291373e-05,3.118270929496008e-05,2.2944419405322875e-05,4.566792709753879e-05,1.886244440080829e-05,5.234377433869003e-05,-2.265098472736786e-06,-2.3462621919952234e-05,1.5624252389220612e-05,4.2292680777469234e-06,-1.348688230754425e-05,-0.00018492198305765023,-9.9289143270863e-06,3.4501322662992395e-05,4.134578002252506e-05,3.2093224637383625e-05,-3.721241844533867e-05,6.611375901577507e-05,3.4382446597819e-05,5.2886908675338405e-05,2.2944420127322447e-05,3.1182709756773286e-05
expAE05,UCM_Yelmo,/Volumes/FMac/computing/data/antarctica/ismip6/hackathon/ComputedScalarsHelene/expAE05/shelfmelt/computed_shelfmelt_AIS_UCM_Yelmo_expAE05.nc,9.414209342419379e-05,2.7138460961906094e-05,0.00012943684139852241,4.76806639573168e-05,2.5826799594159957e-05,3.175276415913067e-05,4.0165980911028875e-05,3.023701406915164e-05,2.0827122202993888e-05,0.00012255822476620775,3.18553528719348e-05,-9.65010783148715e-06,4.0014606386702915e-05,4.733582337536423e-05,9.245765482134702e-05,-5.771654958699998e-05,-0.00020488020864175785,1.3992822058895908e-05,3.2776778366496744e-05,3.0364379277277166e-05,4.233154346237528e-05,-5.325707721208783e-05,4.768066921345425e-05,2.731592915439592e-05,2.8079976581802283e-05,3.023700776984481e-05,4.0165985685091415e-05
expAE05,UCSD_ISSM,/Volumes/FMac/computing/data/antarctica/ismip6/hackathon/ComputedScalarsHelene/expAE05/shelfmelt/computed_shelfmelt_AIS_UCSD_ISSM_expAE05.nc,-3.5133754600233804e-07,3.534290764235459e-06,-5.502726420399079e-07,3.318555973772014e-06,1.7287243049304012e-06,9.430115798808435e-07,5.324486615175457e-06,3.8727083374201904e-06,2.534837334683375e-06,-1.4566428986399013e-06,6.337931795263562e-06,2.769834273004049e-06,3.7263484559194834e-06,1.8352925663241777e-06,-3.519925582361693e-07,-3.700062644421526e-06,-3.328893814445262e-05,-7.427478407843708e-07,1.7213513471140803e-06,2.1626059150367483e-06,1.759932888486585e-06,-2.4874827998011804e-06,3.3185560575523134e-06,3.4597165789264756e-06,2.3963809530638424e-06,3.872708048141702e-06,5.324485959099892e-06
expAE05,ULB_fETISh-KoriBU1,/Volumes/FMac/computing/data/antarctica/ismip6/hackathon/ComputedScalarsHelene/expAE05/shelfmelt/computed_shelfmelt_AIS_ULB_fETISh-KoriBU1_expAE05.nc,-1.1251674097329949e-05,1.747470421540076e-05,4.676888194871214e-06,3.7172077050162816e-05,1.634933611150215e-05,-1.6611777032076389e-06,2.119430022549852e-05,1.0604273940614945e-05,1.7692191182340947e-05,2.517104656228738e-06,1.0104807618302036e-05,-5.3918520423727244e-06,-5.5716961003457137e-05,5.595124345999695e-06,1.6143203364119338e-05,-1.9346178391747504e-05,-0.0003038870570181409,-1.3058922166757443e-05,1.5771426808100546e-05,2.2694325614867626e-05,1.2113962800528954e-05,-3.164559051714264e-05,3.717207667062532e-05,1.525135157328697e-05,1.407116081321262e-05,1.060427468246571e-05,2.1194303265836303e-05
expAE05,ULB_fETISh-KoriBU2,/Volumes/FMac/computing/data/antarctica/ismip6/hackathon/ComputedScalarsHelene/expAE05/shelfmelt/computed_shelfmelt_AIS_ULB_fETISh-KoriBU2_expAE05.nc,2.034165814073799e-06,2.7475069081218187e-05,5.591013390846269e-06,1.7454258446638506e-05,1.8897472240023404e-05,1.6204248419290914e-06,2.1657750810433563e-05,1.0510458242043995e-05,2.0166410988954986e-05,1.583367892757156e-05,1.734529241591314e-05,-1.384586140268728e-05,-4.709741457491917e-05,6.03232253347145e-06,1.7655373948165323e-05,-2.6805555774787667e-05,-8.063808422876469e-05,-1.9113963676709705e-05,1.801287368785586e-05,2.0153527474492275e-05,1.584606140801922e-05,-3.6658245049771037e-05,1.7454261720621506e-05,2.6741343733582803e-05,1.8497612259933503e-05,1.05104573591994e-05,2.165775237530221e-05
expAE05,UNN_Ua,/Volumes/FMac/computing/data/antarctica/ismip6/hackathon/ComputedScalarsHelene/expAE05/shelfmelt/computed_shelfmelt_AIS_UNN_Ua_expAE05.nc,7.63761385931562e-07,2.1089749068675642e-05,6.790284549900707e-06,1.3499687772777316e-05,1.6485698181325717e-05,1.0377598127330955e-06,1.2385738790598079e-05,1.5183967377998148e-05,2.1109914870813662e-05,2.258784510032612e-05,2.1069377351923188e-05,4.6916551352630045e-05,4.450078571011953e-06,1.032017637077914e-05,2.9408223099963674e-05,0.00010064690333080138,-3.5682300168583045e-05,4.1671469098882834e-05,1.6829053247767413e-05,1.6292394420718744e-05,1.903002718948113e-05,1.654724566854878e-05,1.3499686084641813e-05,2.070477727156801e-05,1.7683337540136097e-05,1.5183966343216782e-05,1.238573502340398e-05
expAE05,UTAS_ElmerIce,/Volumes/FMac/computing/data/antarctica/ismip6/hackathon/ComputedScalarsHelene/expAE05/shelfmelt/computed_shelfmelt_AIS_UTAS_ElmerIce_expAE05.nc,-4.1272631186421855e-05,1.035754693378047e-05,-1.2810043669865078e-06,4.255529258025755e-06,1.0545016389582947e-05,5.661317883494943e-06,1.580563744880379e-06,3.590338675848212e-06,8.434212590284782e-06,6.115563138299897e-06,1.0612520050698542e-05,-6.347976156125938e-07,-3.433009006822437e-06,1.0065547117512644e-06,6.684805622721826e-06,-6.464761893765043e-06,-8.879808950852119e-05,-1.2484826579429255e-05,6.740746528371402e-06,8.752795533550268e-06,5.855263626336218e-06,-2.398561812956751e-05,4.25553039046504e-06,1.0079236035425856e-05,1.057615449076646e-05,3.590338680821883e-06,1.5805638847279393e-06
expAE05,VUB_AISMPALEO,/Volumes/FMac/computing/data/antarctica/ismip6/hackathon/ComputedScalarsHelene/expAE05/shelfmelt/computed_shelfmelt_AIS_VUB_AISMPALEO_expAE05.nc,6.915023500511015e-05,-2.13848873471111e-05,-4.9690005623694897e-05,-0.00011605894940628501,5.36744705553526e-06,0.0005766971761774604,,-0.009766529434795234,4.7628034788464964e-06,-0.00038535634313171103,3.195117479238038e-06,,-0.0021521163109580895,-0.003802280214728688,-0.00016850047135149766,-0.00290005552740733,-0.0022068844046669615,6.729853644522569e-05,-2.2657930428631265e-06,4.51619717462613e-06,-1.2248802142052515e-05,-0.0004218945892009398,-0.00011605895384097632,-1.6242885808191586e-05,5.004082137312832e-06,-0.009766529434795234,
expAE05,VUW_PISM1,/Volumes/FMac/computing/data/antarctica/ismip6/hackathon/ComputedScalarsHelene/expAE05/shelfmelt/computed_shelfmelt_AIS_VUW_PISM1_expAE05.nc,4.59246487579169e-06,1.6875573710512277e-05,1.112246277235278e-05,3.7399147239421636e-05,1.598145892298652e-05,-7.106242920091967e-05,4.054899320881203e-06,1.2523785602788692e-05,1.5559739758189226e-05,2.3513202131554218e-05,2.8885804221834722e-05,4.705503107393076e-06,6.626475552495025e-06,2.427653302468926e-05,2.8649425340782092e-05,-1.503799339070116e-05,-0.0003334259935096567,1.183020392165824e-05,1.729672264782034e-05,1.780411459758478e-05,1.7763096093123546e-05,-5.298911999028586e-06,3.7399154391063165e-05,1.6247694258586847e-05,1.8060609568568856e-05,1.2523788435230107e-05,4.054898721386531e-06
expAE05,VUW_PISM1_s1,/Volumes/FMac/computing/data/antarctica/ismip6/hackathon/ComputedScalarsHelene/expAE05/shelfmelt/computed_shelfmelt_AIS_VUW_PISM1_s1_expAE05.nc,1.8288489319540711e-06,2.075575821314766e-05,1.3404171248011154e-05,4.495132277232424e-05,1.5108029712008963e-05,-2.7409245290595007e-05,1.4459696613551057e-05,1.239853848939516e-05,1.7003201560184104e-05,2.264836915905194e-05,3.134233052222844e-05,5.293425794403234e-07,1.1639829852188218e-05,2.8262113517606e-05,3.066320142304592e-05,-6.680921383945196e-06,-0.0005922113885325154,1.5717774065487257e-05,1.897045254314971e-05,1.923669650077505e-05,1.9383238300920592e-05,3.2319996569416086e-06,4.495131593773161e-05,2.030031188397031e-05,1.751599276584144e-05,1.2398536928011178e-05,1.4459697967971768e-05
expAE05,VUW_PISM1_s2,/Volumes/FMac/computing/data/antarctica/ismip6/hackathon/ComputedScalarsHelene/expAE05/shelfmelt/computed_shelfmelt_AIS_VUW_PISM1_s2_expAE05.nc,7.0838134164088215e-06,1.5311273806200182e-05,1.013720755303087e-05,2.8871530700792944e-05,1.5827727974283813e-05,-4.630750015441058e-06,4.945325695920841e-06,1.0790131015427792e-05,1.3155600710422225e-05,2.523360345338392e-05,2.344388824453302e-05,2.467638348240606e-06,9.674545561299161e-06,2.3778380862234323e-05,2.7458944272341427e-05,-1.791920296658441e-05,-0.00027388114623182425,1.189654189685683e-05,1.5852575475904482e-05,1.636824477109285e-05,1.6282314348919424e-05,-7.1678196076517706e-06,2.8871540268568942e-05,1.504511226360318e-05,1.6998644956287577e-05,1.0790131666090999e-05,4.945326207865907e-06
expAE05,VUW_PISM1_s3,/Volumes/FMac/computing/data/antarctica/ismip6/hackathon/ComputedScalarsHelene/expAE05/shelfmelt/computed_shelfmelt_AIS_VUW_PISM1_s3_expAE05.nc,-1.1519975778725542e-06,1.210182005192094e-05,9.51219554937774e-06,2.801526071290494e-05,1.4749881428616109e-05,2.2876927174041545e-05,4.172602817893627e-06,1.0421235567901503e-05,1.6477629324525423e-05,2.719615114224228e-05,2.7703221852274462e-05,9.88619590365977e-06,1.079787763948668e-05,2.3674087409234728e-05,2.757951505344686e-05,-1.9033573101186674e-05,-0.0003532107820403645,4.932254746845606e-06,1.5075393451021504e-05,1.4740849744143291e-05,1.735649327695476e-05,-1.2832907308875704e-05,2.8015258422434204e-05,1.2247143546475702e-05,1.6533030652932062e-05,1.0421237268662065e-05,4.172603160110448e-06
expAE05,VUW_PISM1_s4,/Volumes/FMac/computing/data/antarctica/ismip6/hackathon/ComputedScalarsHelene/expAE05/shelfmelt/computed_shelfmelt_AIS_VUW_PISM1_s4_expAE05.nc,5.067334797726394e-06,1.7565085830035362e-05,1.2621253198507837e-05,4.105167818346778e-05,1.704326040276915e-05,-3.898284400729632e-05,8.767142088523308e-06,1.4049222134346902e-05,1.716085017654556e-05,2.7322956932953586e-05,2.368120055381739e-05,4.5536990782044665e-06,7.35451365508318e-06,3.126990981615167e-05,3.059137981841095e-05,-9.945003825246796e-06,-0.00032452440450658873,1.9581447314269014e-05,1.880118772281986e-05,1.8857873315511144e-05,1.9669704964814996e-05,3.542539404028856e-06,4.105167654835939e-05,1.7264419911176766e-05,1.826582299599832e-05,1.4049219947913642e-05,8.767142995165834e-06
expAE05,VUW_PISM2,/Volumes/FMac/computing/data/antarctica/ismip6/hackathon/ComputedScalarsHelene/expAE05/shelfmelt/computed_shelfmelt_AIS_VUW_PISM2_expAE05.nc,-6.246811663485194e-07,1.8927507707888223e-05,8.319235447631321e-06,2.894950784000245e-05,1.651428554684922e-05,-0.00027545459897970097,2.8061465128614025e-05,2.0040372851255537e-05,2.0114582707237267e-05,1.607838321060099e-05,2.66936725745371e-05,8.205151321771533e-06,2.3997176763804177e-05,3.320589913916941e-05,2.8645237941032028e-05,-9.593774029252244e-06,-0.0005238296268989362,2.1864609909543608e-05,2.302127920208024e-05,2.241363771905206e-05,2.4965400484046156e-05,8.678181425928524e-06,2.8949509548000382e-05,1.8219607136936662e-05,1.9230167345367e-05,2.0040371124899415e-05,2.806146528045096e-05
expAE05,VUW_PISM2_s1,/Volumes/FMac/computing/data/antarctica/ismip6/hackathon/ComputedScalarsHelene/expAE05/shelfmelt/computed_shelfmelt_AIS_VUW_PISM2_s1_expAE05.nc,-1.9908819065258935e-05,2.1162735893475925e-05,5.353416693790799e-06,4.064394520712067e-05,1.6605632579389408e-05,-0.00036326030379782415,2.7343305487823916e-05,1.96399538626687e-05,2.2352397437674522e-05,1.8613250183918314e-05,2.861785960346821e-05,2.5103840585313368e-05,2.5107317134879354e-05,3.04004407385942e-05,2.8099192715418855e-05,-8.594742828033135e-06,-0.0011661826627395282,2.1740799100311758e-05,2.548673070680646e-05,2.6270746145126595e-05,2.5139755457545565e-05,9.449520698919353e-06,4.06439432543135e-05,2.0431687022144356e-05,2.0205831983143963e-05,1.9639958597472708e-05,2.7343305913977827e-05
expAE05,VUW_PISM2_s2,/Volumes/FMac/computing/data/antarctica/ismip6/hackathon/ComputedScalarsHelene/expAE05/shelfmelt/computed_shelfmelt_AIS_VUW_PISM2_s2_expAE05.nc,1.9820545579467315e-06,1.9367032520350822e-05,9.0529167839811e-06,2.1730815276874304e-05,1.661548863973016e-05,-7.004988485638104e-05,2.4733825814634207e-05,2.2793323129074652e-05,1.569653800505329e-05,2.2766541673175334e-05,1.854540484956403e-05,5.726190212496067e-06,2.0658711404760365e-05,3.400827095718153e-05,2.7745268694826154e-05,-5.006158078634377e-06,-0.00039236144282679794,1.8844242719780453e-05,2.0303405456730685e-05,1.970058962107709e-05,2.2755365320700006e-05,4.2322830456375426e-06,2.1730812975785992e-05,1.8582282723643758e-05,1.71606457592825e-05,2.2793326555167293e-05,2.4733827155341107e-05
expAE05,VUW_PISM2_s3,/Volumes/FMac/computing/data/antarctica/ismip6/hackathon/ComputedScalarsHelene/expAE05/shelfmelt/computed_shelfmelt_AIS_VUW_PISM2_s3_expAE05.nc,-6.862397748421921e-06,1.466206722815696e-05,1.2313339789545832e-05,3.919001894884367e-05,1.5301595130151504e-05,2.7675629945788484e-05,2.571977203418238e-05,1.4292174763833411e-05,1.7374099777675952e-05,2.0260328007609385e-05,2.3891617342803846e-05,1.849955822201134e-05,1.984358286972175e-05,2.906715180560589e-05,2.8557908198734795e-05,-1.0470822932020972e-05,-0.0005829438313728505,1.5995387918367284e-05,1.898773033991006e-05,1.7697359700352925e-05,2.197415318392481e-05,-3.544411924657719e-08,3.919001428717957e-05,1.4770587809819012e-05,1.7264025025323586e-05,1.4292173397451863e-05,2.571976805008873e-05
expAE05,VUW_PISM2_s4,/Volumes/FMac/computing/data/antarctica/ismip6/hackathon/ComputedScalarsHelene/expAE05/shelfmelt/computed_shelfmelt_AIS_VUW_PISM2_s4_expAE05.nc,-3.939052405665422e-06,2.3300686221321215e-05,1.081986810190822e-05,2.100716657735714e-05,1.787890960905798e-05,4.579508570411315e-07,2.7102043077181557e-05,2.1644827055280044e-05,2.3895729944000698e-05,1.6766471748287896e-05,2.64367826911552e-05,1.8838653912057628e-05,2.5111644155832147e-05,3.673012405887801e-05,2.876761958219014e-05,3.275721249335746e-06,-0.0006142803439738788,2.4356126302477366e-05,2.210202785794496e-05,2.0761308180847354e-05,2.6047181222847048e-05,1.1347666614711243e-05,2.1007162918767968e-05,2.3153192490583555e-05,2.030204704491738e-05,2.164482683369018e-05,2.7102049089991416e-05
expAE05,IMAU_UFEMISM1,/Volumes/FMac/computing/data/antarctica/ismip6/hackathon/ComputedScalarsHelene/expAE05/shelfmelt/jb_computed_shelfmelt_AIS_IMAU_UFEMISM1_expAE05.nc,,0.00010027145624720769,,,0.001023363553042727,,,,,,0.00041262594594875115,,,,,,,-8.577906560322026e-05,0.0001096942541260882,0.0001360829303234129,0.00017237089189264015,-0.00023473544691867716,,9.782879304057098e-05,0.0006803545229572284,,
expAE05,IMAU_UFEMISM2,/Volumes/FMac/computing/data/antarctica/ismip6/hackathon/ComputedScalarsHelene/expAE05/shelfmelt/jb_computed_shelfmelt_AIS_IMAU_UFEMISM2_expAE05.nc,,0.00011666048343594881,,,0.0012781734248403195,,,,,,0.0003462340518222318,,,,3.631528154789808e-05,,,,0.00013729747503487714,0.0001722836721000836,5.436282767357644e-05,,,0.00011526902721903774,0.000780972776303981,,
expAE05,IMAU_UFEMISM3,/Volumes/FMac/computing/data/antarctica/ismip6/hackathon/ComputedScalarsHelene/expAE05/shelfmelt/jb_computed_shelfmelt_AIS_IMAU_UFEMISM3_expAE05.nc,-8.707180063306288e-05,0.00010498683128759288,,0.0002831590530662519,0.0005016115947526793,0.0003207412362910946,,,0.00027472399442732563,0.00017971445675443888,0.0005030683701247773,,,,0.0009564201972079163,,,,0.0001691476914196524,0.0001608466399180318,0.0003332822399514706,,0.0002831590460386543,0.00010619760256096713,0.0005500280391072402,,
expAE05,IMAU_UFEMISM4,/Volumes/FMac/computing/data/antarctica/ismip6/hackathon/ComputedScalarsHelene/expAE05/shelfmelt/jb_computed_shelfmelt_AIS_IMAU_UFEMISM4_expAE05.nc,-5.157388985859422e-05,8.276433680317821e-05,,0.001187073812147032,0.000282293592618354,,,0.00015777228393009965,,0.0004570481186042696,0.00047340714602974013,,,,,,,,0.00013103090174996292,0.000126199901025338,0.0004244160007397078,,0.0011870738572088895,8.182135255405357e-05,0.00031530024171530393,0.0001577722956320372,
