Experiment,Model,Path,sector_1,sector_2,sector_3,sector_4,sector_5,sector_6,sector_7,sector_8,sector_9,sector_10,sector_11,sector_12,sector_13,sector_14,sector_15,sector_16,sector_17,sector_18,AIS,region_1,region_2,region_3,Amundsen,Ross,FilchnerRonne,Aurora,Wilkes
expAE02,DC_ISSM,/Volumes/FMac/computing/data/antarctica/ismip6/hackathon/ComputedScalarsHelene/expAE02/shelfmelt/computed_shelfmelt_AIS_DC_ISSM_expAE02.nc,8.890074892030871e-07,2.709835791290697e-06,3.2742396059178037e-06,4.158860573742926e-06,4.761694844147683e-06,3.196344162913314e-07,5.036678542577011e-06,4.626218845473463e-06,2.9642502613740206e-06,2.7849530419530178e-06,3.911250994712751e-06,-4.148660431865335e-07,1.1369594837892822e-06,2.900262091870478e-06,2.643565272431297e-06,9.542230212565903e-07,-8.8666171418399e-06,2.578658508663406e-06,3.3771167724828106e-06,3.901051639811422e-06,3.1686616199044737e-06,-3.1127710973341514e-07,4.1588614517730016e-06,1.9986773049717e-06,4.4587465457455134e-06,4.626219077197103e-06,5.0366780812760014e-06
expAE02,DOE_MALI_4km,/Volumes/FMac/computing/data/antarctica/ismip6/hackathon/ComputedScalarsHelene/expAE02/shelfmelt/computed_shelfmelt_AIS_DOE_MALI_4km_expAE02.nc,9.958384980473861e-06,5.874870772273855e-06,7.011423764809478e-06,1.6973470460014087e-05,8.327489550888932e-06,6.500726996946774e-07,2.0466345819306375e-05,1.3836485931063128e-05,4.5506942829673435e-06,9.705413503005214e-06,5.935435760257355e-06,5.181560626004144e-06,5.699298567399742e-05,7.229619661364148e-06,1.083203086693242e-05,1.2977583570976874e-05,-2.0571915522057484e-06,1.0466733857835271e-05,8.88273339624668e-06,9.44315412889108e-06,8.253896758604835e-06,7.253234272602052e-06,1.6973473031563736e-05,4.5003119150855944e-06,7.535282780991869e-06,1.3836484051636953e-05,2.046634219866651e-05
expAE02,DOE_MALI_8km_Ant95,/Volumes/FMac/computing/data/antarctica/ismip6/hackathon/ComputedScalarsHelene/expAE02/shelfmelt/computed_shelfmelt_AIS_DOE_MALI_8km_Ant95_expAE02.nc,1.0857294156328435e-05,1.0509854756693058e-05,8.048354244915943e-06,1.4006381150922164e-05,9.93429045031959e-06,6.551747217863639e-07,2.5591865511653317e-05,1.5544268729908794e-05,6.1448406705024375e-06,1.172276546991386e-05,7.5700635247718605e-06,4.657967824860656e-06,2.1383935997654853e-05,6.694357145678846e-06,1.3524944885479814e-05,1.2716959739464005e-05,-1.9228120145826005e-06,9.421576996939055e-06,1.1088916042512938e-05,1.1950704456851159e-05,9.633154658042968e-06,6.605010777464102e-06,1.4006383448795918e-05,8.108417292192951e-06,9.160041097869273e-06,1.5544273351867585e-05,2.559186548375505e-05
expAE02,DOE_MALI_8km_AntMean,/Volumes/FMac/computing/data/antarctica/ismip6/hackathon/ComputedScalarsHelene/expAE02/shelfmelt/computed_shelfmelt_AIS_DOE_MALI_8km_AntMean_expAE02.nc,9.829671343563024e-06,8.89663599700012e-06,8.148013016809173e-06,1.5079963912339757e-05,9.446365233564266e-06,6.167189189228585e-07,2.457186954902058e-05,1.47906139553122e-05,5.583859380238422e-06,1.1406756116177006e-05,7.084407395551274e-06,4.111828531484366e-06,2.0082841464657476e-05,6.093385750356294e-06,1.2901069939800844e-05,1.22777226761588e-05,-2.0927164319603434e-06,9.629254046881333e-06,1.0394146402530182e-05,1.1430269484987342e-05,8.873833459400384e-06,6.659000443434463e-06,1.5079962039982624e-05,6.74829931395164e-06,8.658446927700087e-06,1.4790611935318126e-05,2.4571866120775038e-05
expAE02,IGE_ElmerIce,/Volumes/FMac/computing/data/antarctica/ismip6/hackathon/ComputedScalarsHelene/expAE02/shelfmelt/computed_shelfmelt_AIS_IGE_ElmerIce_expAE02.nc,8.384436452079454e-07,1.5869800833813396e-06,2.486871228326715e-06,3.4605618138251505e-06,3.549651744115781e-06,3.688360631817051e-07,8.214312804494886e-06,4.51104350563037e-06,2.165018844182046e-06,3.0068100560853536e-06,2.409583288293636e-06,1.1508296625091167e-06,5.351035976550289e-06,1.128012311719356e-06,4.067354981407306e-06,1.439729234079173e-06,-7.929331754689798e-06,1.955731282025268e-06,2.7603048832305214e-06,2.9525734460404216e-06,2.945392162584423e-06,-1.1060486154235893e-06,3.460561018902075e-06,1.2895154707471778e-06,3.1322112206811635e-06,4.51104326985118e-06,8.214311135655286e-06
expAE02,ILTS_SICOPOLIS,/Volumes/FMac/computing/data/antarctica/ismip6/hackathon/ComputedScalarsHelene/expAE02/shelfmelt/computed_shelfmelt_AIS_ILTS_SICOPOLIS_expAE02.nc,1.070223373262382e-05,1.2671742079308419e-05,7.734561392640055e-06,2.00771269047164e-05,1.2663846153071362e-05,1.6121100541562435e-06,6.191349136556043e-06,1.3940419298340647e-05,1.2431695425024383e-05,1.2412581150559392e-05,9.363267980879827e-06,9.315564198726079e-07,7.341858757842223e-06,1.454436728750801e-05,1.5708862665606917e-05,3.253938006914449e-06,3.1145253007368855e-07,1.4043030307528277e-05,1.2210721720453586e-05,1.3468537389418477e-05,1.0671521725526854e-05,9.390170521441792e-06,2.0077124807725293e-05,1.0397027712929494e-05,1.1586333403802656e-05,1.3940417427408212e-05,6.191351009442202e-06
expAE02,IMAU_UFEMISM1,/Volumes/FMac/computing/data/antarctica/ismip6/hackathon/ComputedScalarsHelene/expAE02/shelfmelt/computed_shelfmelt_AIS_IMAU_UFEMISM1_expAE02.nc,1.7794523548828622e-05,6.963385914718416e-06,4.9587458208843526e-05,4.343416373816763e-05,7.936256482870126e-06,6.515154891093882e-07,,2.658024242091528e-05,6.7460132186665046e-06,1.8636760252340915e-05,7.398621619740206e-06,,6.942528016005217e-05,2.924363987987193e-05,3.13227981514313e-05,1.1531349855801337e-05,-2.836933011200645e-05,-4.3134428819458835e-05,8.111707871781376e-06,8.407638504852678e-06,8.43196014772238e-06,-1.4969196140235288e-05,4.343417414852014e-05,5.447044807112515e-06,7.732498880718703e-06,2.6580236695121805e-05,
expAE02,IMAU_UFEMISM2,/Volumes/FMac/computing/data/antarctica/ismip6/hackathon/ComputedScalarsHelene/expAE02/shelfmelt/computed_shelfmelt_AIS_IMAU_UFEMISM2_expAE02.nc,1.122888264958075e-05,9.204377145109808e-06,1.6282460819298045e-05,2.668870355943365e-05,9.050284576124416e-06,1.3122884128347635e-06,0.00024002617986399654,1.828574409390478e-05,5.143421327409844e-06,2.0481368700252e-05,7.302492894888444e-06,,-0.0003001774326854042,2.1654172713149294e-05,2.2329464850847155e-05,2.1139970966247585e-05,-2.5967940772686828e-05,-2.3536795929510003e-05,8.417894650139e-06,9.349055320814969e-06,7.446745840019129e-06,-8.878814223128365e-06,2.6688704407439763e-05,7.210742585044746e-06,8.376706151159355e-06,1.828574663532253e-05,0.00024002619738431143
expAE02,IMAU_UFEMISM3,/Volumes/FMac/computing/data/antarctica/ismip6/hackathon/ComputedScalarsHelene/expAE02/shelfmelt/computed_shelfmelt_AIS_IMAU_UFEMISM3_expAE02.nc,5.098909007651223e-06,1.1338390122298904e-05,7.483405126582688e-06,2.627061777811902e-05,1.1365187921316738e-05,1.4772998352510444e-06,3.443608686545388e-05,1.0054177505285466e-05,6.5956920055193505e-06,1.0800723427863875e-05,9.847629887692334e-06,0.0001903728487624723,5.0058467471635196e-06,1.020489407648338e-05,1.899543096728667e-05,1.8122213913051325e-05,-1.3138199535936624e-05,0.002760676704304793,1.0606022912307856e-05,1.1686525721157864e-05,8.838090303503774e-06,-2.3439050770975204e-06,2.6270618305219803e-05,9.166466176758417e-06,1.0865200496949562e-05,1.0054176653973219e-05,3.4436073790341805e-05
expAE02,IMAU_UFEMISM4,/Volumes/FMac/computing/data/antarctica/ismip6/hackathon/ComputedScalarsHelene/expAE02/shelfmelt/computed_shelfmelt_AIS_IMAU_UFEMISM4_expAE02.nc,-4.456693611866025e-06,1.119180873245948e-05,6.990358166953806e-06,1.7638465468114464e-05,1.1403974477596868e-05,1.1170138374770457e-06,6.753872719682934e-05,1.2359275006952808e-05,6.853654291276498e-06,1.1197868223953347e-05,7.735091439593632e-06,0.00020674147236987534,9.149354820862592e-06,1.1397831154948975e-05,2.0781677592490075e-05,1.221920335859128e-05,-1.4208554914460792e-05,,1.0245489317443585e-05,1.1503055722624816e-05,8.106497329498184e-06,-4.637783427396949e-06,1.7638466017156836e-05,9.012969318875164e-06,1.0153935849916935e-05,1.2359272842263558e-05,6.753874779141957e-05
expAE02,LSCE_GRISLI2,/Volumes/FMac/computing/data/antarctica/ismip6/hackathon/ComputedScalarsHelene/expAE02/shelfmelt/computed_shelfmelt_AIS_LSCE_GRISLI2_expAE02.nc,9.921045904917983e-07,7.52039048159926e-06,2.3112532470350605e-06,5.891992544800852e-06,6.759264758484536e-06,-2.5652474498975607e-07,5.47334547136035e-06,2.2427572592460173e-06,6.798917815957305e-06,7.748826083135375e-06,6.532700457480367e-07,2.661588542632241e-06,5.266479178222853e-06,-9.157897603346539e-08,6.468799007886001e-06,8.910755472479165e-06,-2.3472776734173367e-05,2.3128703353806e-06,4.707291426238846e-06,6.574319547265332e-06,2.6638553535756425e-06,-2.6010487594424126e-06,5.89199166732721e-06,6.177915078247483e-06,4.468829832864634e-06,2.24275659866953e-06,5.473344567324621e-06
expAE02,LSCE_GRISLI,/Volumes/FMac/computing/data/antarctica/ismip6/hackathon/ComputedScalarsHelene/expAE02/shelfmelt/computed_shelfmelt_AIS_LSCE_GRISLI_expAE02.nc,2.0489978196738163e-05,1.1068001157799711e-05,1.4550559549055302e-05,3.145977996017739e-05,8.761285265005024e-06,1.0997088020929004e-06,2.021473823022805e-05,2.808592596332042e-05,1.0746561774340744e-05,2.3661718430553817e-05,3.0681600206090336e-06,3.6645688916664335e-05,7.960656040354167e-05,3.3389579705083316e-05,2.5263563412466067e-05,2.8581319342396232e-05,6.540051550108263e-06,4.235233360969026e-05,1.2799400545772813e-05,1.2236722431353932e-05,1.2109536830435755e-05,3.1462856381584324e-05,3.145978243309308e-05,9.805164968378357e-06,6.936315854491781e-06,2.8085927539363593e-05,2.0214734317233884e-05
expAE02,NCAR_CISM1,/Volumes/FMac/computing/data/antarctica/ismip6/hackathon/ComputedScalarsHelene/expAE02/shelfmelt/computed_shelfmelt_AIS_NCAR_CISM1_expAE02.nc,2.335464730536786e-06,2.7900573441781484e-06,3.817722538449416e-06,5.46325501914433e-06,5.400194425925218e-06,6.436436166395172e-07,3.5124157164954853e-06,-1.6204165440465386e-06,2.2343494676856744e-06,4.012286037145847e-06,3.7202590940769566e-06,8.862419462380272e-06,1.9358197831736575e-05,1.7038644017831743e-06,3.993864923311695e-06,9.9018303476459e-06,-9.912115775121941e-06,3.988575109101239e-06,3.7257775623651086e-06,4.419980148615272e-06,3.231808451344862e-06,9.94838588227139e-07,5.463254053198423e-06,2.1108666630005064e-06,4.769423244373545e-06,-1.6204167405708948e-06,3.512416233932077e-06
expAE02,NCAR_CISM2,/Volumes/FMac/computing/data/antarctica/ismip6/hackathon/ComputedScalarsHelene/expAE02/shelfmelt/computed_shelfmelt_AIS_NCAR_CISM2_expAE02.nc,9.749002582489624e-06,7.016023235966365e-06,6.169824978609306e-06,1.9092440719356323e-05,8.20464293067677e-06,1.225293915157483e-06,8.451345451697503e-06,1.3268350651702799e-05,7.266894732648272e-06,1.1137407597312778e-05,9.273483921298984e-06,5.604545438720854e-06,1.141112582682554e-05,7.523964737655376e-06,9.682147312176344e-06,3.944215447910004e-06,1.4396021210803234e-06,9.95018626912945e-06,8.80758645156007e-06,8.952877079621782e-06,8.794868789674636e-06,7.039410179741603e-06,1.90924453133054e-05,5.61085364541006e-06,8.606513404932564e-06,1.3268352522301105e-05,8.4513463566629e-06
expAE02,NORCE_CISM2-MAR364-ERA-t1,/Volumes/FMac/computing/data/antarctica/ismip6/hackathon/ComputedScalarsHelene/expAE02/shelfmelt/computed_shelfmelt_AIS_NORCE_CISM2-MAR364-ERA-t1_expAE02.nc,6.0281182731071256e-06,6.621986914049411e-06,7.755982066626093e-06,1.9521690604288323e-05,8.27441261099828e-06,4.2267386779644115e-06,8.72154553884627e-06,1.3600746163324592e-05,7.009256225841646e-06,9.304384392554954e-06,8.889091470920096e-06,8.951938274099911e-06,2.004061673472876e-05,7.498491119479538e-06,8.689640303830781e-06,8.595618382987692e-06,-1.0668306903733818e-05,7.513711558788574e-06,8.745779181430215e-06,9.051297669036147e-06,9.023137340848963e-06,2.589627115509222e-06,1.9521684532688832e-05,5.981498502067638e-06,8.520693208937023e-06,1.3600744890865685e-05,8.721547866712692e-06
expAE02,NORCE_CISM3-MAR364-ERA-t1-local,/Volumes/FMac/computing/data/antarctica/ismip6/hackathon/ComputedScalarsHelene/expAE02/shelfmelt/computed_shelfmelt_AIS_NORCE_CISM3-MAR364-ERA-t1-local_expAE02.nc,4.13042131443179e-06,4.531404355604656e-06,5.855293851707821e-06,8.51119581642069e-06,6.260145433080841e-06,1.857640912348972e-06,4.065315234006979e-06,7.241780764948979e-06,5.222688101322488e-06,6.609919732422149e-06,5.366287106990725e-06,1.3471073976941016e-05,1.940935839307948e-05,4.9209252202194664e-06,6.253448391926555e-06,7.845599880336388e-06,-1.127271849123085e-05,5.923223617687039e-06,5.421480206920956e-06,5.823081591892522e-06,5.448107110866154e-06,1.2428036932399815e-06,8.511196273961536e-06,3.816727127012609e-06,5.942962855292758e-06,7.241781847019544e-06,4.065316458848895e-06
expAE02,NORCE_CISM3-MAR364-ERA-t1-nonlocal,/Volumes/FMac/computing/data/antarctica/ismip6/hackathon/ComputedScalarsHelene/expAE02/shelfmelt/computed_shelfmelt_AIS_NORCE_CISM3-MAR364-ERA-t1-nonlocal_expAE02.nc,4.0037757795293e-06,4.136820856128807e-06,5.900743311042297e-06,8.937290821202904e-06,5.396295896518166e-06,1.7034952213192147e-06,4.0600991664321715e-06,6.585131625764412e-06,5.006544354573686e-06,6.705092863952862e-06,4.517334631084131e-06,1.1734467932909588e-05,1.887845973004043e-05,4.978999983828444e-06,6.155811224251669e-06,7.680513636661723e-06,-1.0569316276945067e-05,6.50816734838877e-06,4.905188251404461e-06,5.262835671255694e-06,4.903721637273859e-06,1.4977271159262607e-06,8.937287934807727e-06,3.3986219954522315e-06,5.065286437584172e-06,6.585131165171921e-06,4.06010031795488e-06
expAE02,NORCE_CISM3-MAR364-ERA-t1,/Volumes/FMac/computing/data/antarctica/ismip6/hackathon/ComputedScalarsHelene/expAE02/shelfmelt/computed_shelfmelt_AIS_NORCE_CISM3-MAR364-ERA-t1_expAE02.nc,7.260321463841891e-06,6.099015352432185e-06,7.709710372595854e-06,2.029135088620521e-05,8.97285378009672e-06,2.7498116692097624e-06,1.1038229490543678e-05,1.5182379316041848e-05,8.191029385584549e-06,1.107514779414637e-05,8.818533907181056e-06,7.5129113340137816e-06,1.8619051550428062e-05,9.27548645965712e-06,1.0077635818829986e-05,7.318365934746268e-06,-1.1963011573932075e-05,5.82742646100532e-06,9.2150913645718e-06,9.687836232816895e-06,9.461792256371179e-06,8.995553711022532e-07,2.0291344576886927e-05,5.21072188603613e-06,8.949560526948933e-06,1.5182379751218723e-05,1.1038232774046808e-05
expAE02,NORCE_CISM4-MAR364-ERA-t1-local,/Volumes/FMac/computing/data/antarctica/ismip6/hackathon/ComputedScalarsHelene/expAE02/shelfmelt/computed_shelfmelt_AIS_NORCE_CISM4-MAR364-ERA-t1-local_expAE02.nc,4.728209574385657e-06,4.879014819802443e-06,6.001319022236892e-06,1.043922420279079e-05,7.667788221542797e-06,2.1755941276571484e-06,3.909768521212166e-06,1.1406352245427712e-05,5.577295231493714e-06,7.717426670078953e-06,6.018357081379891e-06,8.43633785965166e-06,2.0325816347237167e-05,6.320923552158147e-06,7.154033760198975e-06,5.628986206844281e-06,-1.2465965377443809e-05,5.184972497908944e-06,6.3362766680559985e-06,6.883032132496818e-06,6.334407528830947e-06,4.146915798450902e-08,1.0439225958124073e-05,4.11800715639323e-06,7.094086576899258e-06,1.140635244086978e-05,3.909768945567531e-06
expAE02,NORCE_CISM4-MAR364-ERA-t1-nonlocal,/Volumes/FMac/computing/data/antarctica/ismip6/hackathon/ComputedScalarsHelene/expAE02/shelfmelt/computed_shelfmelt_AIS_NORCE_CISM4-MAR364-ERA-t1-nonlocal_expAE02.nc,4.7417498003349914e-06,4.361924864567501e-06,5.66255785726176e-06,1.2032976724836172e-05,6.630130779634886e-06,2.066483635544567e-06,5.136138703252879e-06,1.1040380363089735e-05,5.585130604287497e-06,7.699135689486176e-06,4.817420651194719e-06,7.012543940546803e-06,2.178562368297804e-05,6.2840842278227775e-06,7.067450843715572e-06,5.459894080559147e-06,-1.2889146447935597e-05,5.4851050596262725e-06,5.755997027689354e-06,6.242267645121341e-06,5.778014346516994e-06,1.4988093550639861e-07,1.2032978961896034e-05,3.627872253314632e-06,5.958472488218271e-06,1.1040380331915121e-05,5.136138151048374e-06
expAE02,NORCE_CISM4-MAR364-ERA-t1,/Volumes/FMac/computing/data/antarctica/ismip6/hackathon/ComputedScalarsHelene/expAE02/shelfmelt/computed_shelfmelt_AIS_NORCE_CISM4-MAR364-ERA-t1_expAE02.nc,5.619536956576159e-06,5.291551984989294e-06,6.132568948046254e-06,1.7795046237390654e-05,9.874582214294707e-06,2.4752814557919872e-06,6.2986696956055026e-06,1.6933057024117252e-05,6.4306640394372865e-06,1.0264552904599395e-05,8.0960176690613e-06,9.45091302985234e-06,1.9485873636494416e-05,5.791922379262827e-06,9.612490768556767e-06,6.295767500596344e-06,-1.602135903394084e-05,5.645259822607561e-06,8.640871645436442e-06,9.233197872731973e-06,8.765081442228426e-06,6.022463437152917e-08,1.7795044936049824e-05,4.495797105370138e-06,9.267331890764491e-06,1.6933056301316127e-05,6.29867062448744e-06
expAE02,NORCE_CISM4-MAR364-JRA-t1,/Volumes/FMac/computing/data/antarctica/ismip6/hackathon/ComputedScalarsHelene/expAE02/shelfmelt/computed_shelfmelt_AIS_NORCE_CISM4-MAR364-JRA-t1_expAE02.nc,5.915959567020864e-06,6.7019077040501725e-06,6.102019004192375e-06,1.749949238829348e-05,1.034745336179595e-05,3.085750781787269e-06,6.627971976940056e-06,1.7121669101359968e-05,5.933458362567843e-06,1.048734755674014e-05,8.291575539673438e-06,9.16202007303948e-06,1.933172427861515e-05,8.890230732452773e-06,9.49033101493327e-06,6.343920091324544e-06,-1.4254723979556404e-05,5.6879872198337285e-06,9.126553401946917e-06,9.901112407870598e-06,9.070357946253199e-06,4.869650688626348e-07,1.7499494174150178e-05,5.668443788455199e-06,9.656253647737652e-06,1.712166920759585e-05,6.627973545062112e-06
expAE02,NORCE_CISM5-MAR364-ERA-t1-local,/Volumes/FMac/computing/data/antarctica/ismip6/hackathon/ComputedScalarsHelene/expAE02/shelfmelt/computed_shelfmelt_AIS_NORCE_CISM5-MAR364-ERA-t1-local_expAE02.nc,4.68386519062708e-06,4.947511437346441e-06,5.176079826930687e-06,1.0344704397218252e-05,8.01755502734152e-06,2.414039247135208e-06,2.2729325266204892e-06,1.0518788194168677e-05,5.468481845434013e-06,8.828445494148503e-06,8.78665638354355e-06,2.140042438899447e-06,1.4394873081750393e-05,4.737998904111994e-06,6.739047762907541e-06,5.2710971772584455e-06,-1.4856589130080567e-05,4.6013035823068885e-06,6.854318949353074e-06,7.045772528244988e-06,7.5251725558597495e-06,-1.1283765532944344e-06,1.03447046837535e-05,4.286552697591244e-06,8.33064960867844e-06,1.051878982516349e-05,2.2729322184366866e-06
expAE02,NORCE_CISM5-MAR364-ERA-t1-nonlocal,/Volumes/FMac/computing/data/antarctica/ismip6/hackathon/ComputedScalarsHelene/expAE02/shelfmelt/computed_shelfmelt_AIS_NORCE_CISM5-MAR364-ERA-t1-nonlocal_expAE02.nc,5.0653100669826526e-06,4.433223010294465e-06,6.423461119545943e-06,1.3172649856637436e-05,7.029701327803708e-06,1.6276825308527134e-06,1.9022806492287482e-06,9.040843344872391e-06,7.4518018595766605e-06,8.774892200088297e-06,7.2040892822328986e-06,1.9691886444344013e-06,1.3985317359908603e-05,4.5608508858038625e-06,7.346229412559633e-06,4.341835790193321e-06,-1.3957788540229832e-05,5.730328729556765e-06,6.409937937131654e-06,6.847677482792517e-06,6.6746601897901345e-06,-5.887614183442629e-07,1.317265259175101e-05,3.599749674572851e-06,7.122028505150281e-06,9.04084269664306e-06,1.9022807757866827e-06
expAE02,NORCE_CISM5-MAR364-ERA-t1,/Volumes/FMac/computing/data/antarctica/ismip6/hackathon/ComputedScalarsHelene/expAE02/shelfmelt/computed_shelfmelt_AIS_NORCE_CISM5-MAR364-ERA-t1_expAE02.nc,4.951971285735385e-06,5.5007883405810896e-06,6.621533413458932e-06,1.2657547566854064e-05,8.998778531544707e-06,2.814460468045846e-06,1.1903562788861247e-06,1.5106118348656471e-05,6.516481204520326e-06,8.795496799378973e-06,9.70795485253484e-06,1.9961122698915087e-06,1.265079533208333e-05,5.002268469932172e-06,7.112992479490468e-06,5.651868485461077e-06,-1.4473481796907539e-05,4.713006810744898e-06,8.015853605332526e-06,8.396548842873171e-06,8.608417097463548e-06,-7.299968257513258e-07,1.2657549752763116e-05,4.732979324078268e-06,9.286047592494216e-06,1.5106120528340345e-05,1.1903564315478305e-06
expAE02,PIK_PISM,/Volumes/FMac/computing/data/antarctica/ismip6/hackathon/ComputedScalarsHelene/expAE02/shelfmelt/computed_shelfmelt_AIS_PIK_PISM_expAE02.nc,8.781425556817222e-06,1.0350867963301988e-05,1.3779979303413796e-05,1.8440423441002463e-05,2.1938492052836213e-05,3.5866118682125934e-06,2.3382921097328172e-05,3.316427335487432e-05,3.148607039938234e-05,1.55697189330954e-05,1.2889639144732628e-05,5.845372291715594e-06,5.7933959277077995e-05,1.9357469427685e-05,1.6837255072094473e-05,7.929819641026866e-06,-2.462588649397794e-07,9.680113905564313e-06,1.71433003080903e-05,1.7375285677562195e-05,1.809661787898019e-05,5.748860999513568e-06,1.8440415946168584e-05,8.824135197234285e-06,1.7843350553615275e-05,3.3164270180568195e-05,2.3382931581586355e-05
expAE02,UCM_Yelmo,/Volumes/FMac/computing/data/antarctica/ismip6/hackathon/ComputedScalarsHelene/expAE02/shelfmelt/computed_shelfmelt_AIS_UCM_Yelmo_expAE02.nc,1.2863451078453351e-05,3.6293814106618106e-06,6.21412684093514e-06,5.873236682851667e-06,7.571371704166132e-06,4.4074830812770756e-07,9.250098832284411e-07,4.34732678429157e-08,4.461565662357598e-06,1.5663055994782628e-05,6.975220622478136e-06,3.866166754752086e-06,9.371292027439439e-06,4.244375029261449e-06,1.850573876228763e-05,1.4065286903473569e-05,-2.2438618957852888e-05,2.7555427053984074e-05,6.3821497897602954e-06,6.748309637149207e-06,5.746071483556322e-06,1.2013370471321804e-05,5.873237373635149e-06,2.3662243119899703e-06,7.369475389239252e-06,4.3473266468093555e-08,9.250094547325181e-07
expAE02,UCSD_ISSM,/Volumes/FMac/computing/data/antarctica/ismip6/hackathon/ComputedScalarsHelene/expAE02/shelfmelt/computed_shelfmelt_AIS_UCSD_ISSM_expAE02.nc,-2.971302725022746e-07,9.532664222247251e-07,-1.0992911589111561e-07,9.196510207120357e-06,4.0344514801600285e-06,1.8165437760213273e-06,9.728758639593997e-06,8.296388196233042e-06,4.7284726447806594e-06,2.0739712187579593e-06,1.7375770476167193e-06,-6.862018428291908e-06,2.0795024996213868e-06,2.1879649738113855e-06,3.65870455945819e-06,-1.3452240527802054e-07,-1.9754634747326018e-05,-3.2880984594397175e-07,3.2838700772610282e-06,3.969468323698045e-06,5.049580704135715e-06,-1.4333632659222884e-06,9.196505315251881e-06,1.0546395393919188e-06,3.50369360428923e-06,8.296387619107806e-06,9.728759165430751e-06
expAE02,ULB_fETISh-KoriBU1,/Volumes/FMac/computing/data/antarctica/ismip6/hackathon/ComputedScalarsHelene/expAE02/shelfmelt/computed_shelfmelt_AIS_ULB_fETISh-KoriBU1_expAE02.nc,3.2907800619957905e-06,1.2456603134220257e-05,5.053819656466513e-06,7.037736454604603e-06,1.2100790172802909e-05,2.0142836900558096e-06,1.0738567193291308e-05,6.820846253275876e-06,5.94429540427656e-06,6.457721333951595e-06,6.750468422212215e-06,1.8932020090713362e-06,1.0954411089646784e-05,4.611662745128906e-06,1.3530563122603626e-05,5.251931956990826e-06,-9.845301009050233e-06,2.5973449094456328e-06,7.400401517369612e-06,8.954192200093935e-06,7.32607074339958e-06,-4.965006097038976e-07,7.037738545651233e-06,9.889591268636367e-06,9.759033107281706e-06,6.820846337863995e-06,1.073856409133551e-05
expAE02,ULB_fETISh-KoriBU2,/Volumes/FMac/computing/data/antarctica/ismip6/hackathon/ComputedScalarsHelene/expAE02/shelfmelt/computed_shelfmelt_AIS_ULB_fETISh-KoriBU2_expAE02.nc,4.655857831293892e-06,8.03444079264854e-06,5.3216410933402556e-06,2.42438000117137e-05,1.0269399879702702e-05,6.957701611376827e-07,7.683049012972186e-06,6.077654202269922e-06,7.435657807554094e-06,1.0941339760840272e-05,5.6797014180157394e-06,1.7975576714707744e-06,1.054222468675757e-05,3.4874824307339626e-06,1.1961315539550654e-05,5.598929181099663e-06,-1.2223471698036557e-05,4.341831972631057e-06,1.0526245116925772e-05,1.4433766327403055e-05,6.561918154105173e-06,-5.271761067612581e-07,2.4243795393371177e-05,5.517658030364944e-06,8.476132256695536e-06,6.077655555286669e-06,7.683050299694727e-06
expAE02,UNN_Ua,/Volumes/FMac/computing/data/antarctica/ismip6/hackathon/ComputedScalarsHelene/expAE02/shelfmelt/computed_shelfmelt_AIS_UNN_Ua_expAE02.nc,8.940047207872027e-06,5.7204291941889994e-06,4.926871378581474e-06,1.0028710107786793e-05,8.964740851191261e-06,7.554820462413358e-07,1.2461293139649956e-05,1.0844002255504582e-05,6.130742338133169e-06,8.930503117498772e-06,6.38760946775309e-06,-2.7361961494958736e-05,1.3069794034592057e-05,6.827672022511671e-06,7.806935182194216e-06,-1.4154367891656608e-06,-8.294956114328917e-07,2.2631916118390076e-05,7.611771046707395e-06,8.186430838515342e-06,6.635779779053603e-06,7.87567526872511e-06,1.0028710310417651e-05,4.445954699101923e-06,8.104792044861196e-06,1.0844002586901588e-05,1.2461295015227689e-05
expAE02,UTAS_ElmerIce,/Volumes/FMac/computing/data/antarctica/ismip6/hackathon/ComputedScalarsHelene/expAE02/shelfmelt/computed_shelfmelt_AIS_UTAS_ElmerIce_expAE02.nc,1.1019552085657508e-06,2.375110656471527e-06,2.3048980331801894e-06,1.4305784130356189e-06,4.096402123334685e-06,4.255469217742686e-07,2.3886591472626546e-06,4.330794422975401e-06,1.8390963433151065e-06,2.494037207131828e-06,3.090000508862022e-06,4.412548328745756e-06,7.505153844721496e-06,1.8512729104536708e-06,2.9948452002006542e-06,2.5939703531917378e-06,-6.097502888607072e-06,3.0525997115231637e-06,2.887349620074754e-06,3.1973835197450423e-06,2.7594135123951325e-06,1.8339888275299578e-07,1.4305787042765037e-06,1.8706888941945005e-06,3.75368427352876e-06,4.330793950454881e-06,2.3886592969629086e-06
expAE02,VUB_AISMPALEO,/Volumes/FMac/computing/data/antarctica/ismip6/hackathon/ComputedScalarsHelene/expAE02/shelfmelt/computed_shelfmelt_AIS_VUB_AISMPALEO_expAE02.nc,-3.76074490551908e-05,4.046028775485274e-06,2.63546497441308e-06,7.547373786218631e-05,3.6579268386434785e-06,2.92541679318728e-06,-7.856946342424528e-05,-0.0009148022945558098,5.78449106658241e-06,4.0073884142284436e-07,4.019447919784396e-06,-3.765281980288018e-05,0.00013702834583032394,-5.8636833198462155e-05,1.1151203355127554e-05,1.0964220068581942e-05,-2.8575070730363518e-05,-0.0005541954745294689,3.414159024476533e-06,3.7967551622065193e-06,3.688660360182011e-06,-1.918404752888661e-05,7.547369746725913e-05,3.7054158480969192e-06,3.7795861162308015e-06,-0.0009148021544590613,-7.856945385617355e-05
expAE02,VUW_PISM1,/Volumes/FMac/computing/data/antarctica/ismip6/hackathon/ComputedScalarsHelene/expAE02/shelfmelt/computed_shelfmelt_AIS_VUW_PISM1_expAE02.nc,1.3377080024580264e-05,7.925327425081805e-06,8.619926134050978e-06,1.9371324973206407e-05,1.2892119363606401e-05,-2.726225050252799e-07,4.761228867231221e-06,8.404000935092752e-06,8.081336766817913e-06,1.18846847025135e-05,7.259696842715854e-06,-6.989529137375262e-07,1.366772818033977e-05,1.5894894202792823e-05,1.8038279362002372e-05,3.93408275707825e-06,-7.899856810289983e-06,1.200462491384774e-05,1.0791997784454725e-05,1.205433416537788e-05,9.051093623462912e-06,9.076186932778809e-06,1.9371332213681177e-05,6.300480302594824e-06,1.1276719300815711e-05,8.40400140086021e-06,4.76122893347961e-06
expAE02,VUW_PISM1_s1,/Volumes/FMac/computing/data/antarctica/ismip6/hackathon/ComputedScalarsHelene/expAE02/shelfmelt/computed_shelfmelt_AIS_VUW_PISM1_s1_expAE02.nc,-0.0005619942977160321,-0.001242752115965838,-0.0006558200560341118,-0.0009492244000187406,-0.0010840002112129832,2.977165321494198e-05,-0.0004602320533089226,-0.000387851593211082,-0.0009521589561453492,-0.00017089390318951111,-0.00041308917543425957,-4.7415273036050484e-07,-0.0007627010442594209,-0.0005737297932769686,-0.0005459075191638652,-0.0003224205325841151,0.00013067128152065733,-0.00046149768180314444,-0.0006395830093434633,-0.001043410478322652,-0.0004009827284225637,-0.0003835971293619239,-0.0009492242871652219,-0.0007500390311638397,-0.0007979970165401422,-0.0003878516180729183,-0.0004602320473625771
expAE02,VUW_PISM1_s2,/Volumes/FMac/computing/data/antarctica/ismip6/hackathon/ComputedScalarsHelene/expAE02/shelfmelt/computed_shelfmelt_AIS_VUW_PISM1_s2_expAE02.nc,1.2121622326055217e-05,7.033837741553147e-06,8.196189213175082e-06,1.5451952401190158e-05,1.1055482859976753e-05,-9.085740245695017e-08,3.0866743723838417e-06,7.223324304538808e-06,7.693548967724527e-06,8.869661729272424e-06,7.200336754331393e-06,1.577150275004354e-07,1.4822949335378165e-05,1.4079347461320531e-05,1.7847389915763313e-05,2.934573885994477e-06,-7.667663582126329e-06,1.1413008873206248e-05,9.554154015984076e-06,1.0360326387845318e-05,8.312000209164235e-06,8.430983800199624e-06,1.5451948709786235e-05,5.565695549642944e-06,1.0051378073383516e-05,7.223322253687614e-06,3.086673669983948e-06
expAE02,VUW_PISM1_s3,/Volumes/FMac/computing/data/antarctica/ismip6/hackathon/ComputedScalarsHelene/expAE02/shelfmelt/computed_shelfmelt_AIS_VUW_PISM1_s3_expAE02.nc,1.0382785719586624e-05,5.91344655854747e-06,8.461391507735359e-06,1.9336400138548264e-05,9.629099136900151e-06,1.3721470157856255e-06,5.9309610847901745e-06,6.79320825985578e-06,7.5726667691703404e-06,1.119682744918297e-05,6.7520816622556505e-06,-5.4886188164451445e-06,1.3942107404870513e-05,1.4386632593543951e-05,1.6544195583462907e-05,4.7227364133536985e-06,-9.15672068105853e-06,1.0535969366370873e-05,9.161387382101868e-06,9.573134338533114e-06,8.585029966115257e-06,7.771708619389045e-06,1.9336399187523683e-05,5.030487780882792e-06,8.93159199838364e-06,6.793209062134166e-06,5.930959273122158e-06
expAE02,VUW_PISM1_s4,/Volumes/FMac/computing/data/antarctica/ismip6/hackathon/ComputedScalarsHelene/expAE02/shelfmelt/computed_shelfmelt_AIS_VUW_PISM1_s4_expAE02.nc,1.5358412995375245e-05,9.81545386202492e-06,8.859197704233531e-06,2.6609905657199075e-05,1.3621065657038707e-05,1.052989889414292e-06,4.646577940628956e-06,9.741888344070936e-06,8.67619418532245e-06,1.3104953859951562e-05,8.516096497095472e-06,-4.2583192768173135e-06,1.4701756404512044e-05,1.6699929743705768e-05,1.997118109032697e-05,5.015767748737905e-06,-8.132914367801782e-06,1.3334912375204584e-05,1.2163353236620123e-05,1.3551114496677286e-05,1.0248338397641903e-05,1.021842733969131e-05,2.660991096978805e-05,8.160262830203722e-06,1.2212034431861887e-05,9.741886242102973e-06,4.646578545249616e-06
expAE02,VUW_PISM2,/Volumes/FMac/computing/data/antarctica/ismip6/hackathon/ComputedScalarsHelene/expAE02/shelfmelt/computed_shelfmelt_AIS_VUW_PISM2_expAE02.nc,1.930618377526668e-05,9.113676487233272e-06,1.1375997679801394e-05,3.288176202058372e-05,1.1612565725471285e-05,-3.8964084390895733e-07,1.1503567346080416e-05,1.1596306081219688e-05,9.749457227443584e-06,9.037972535344852e-06,1.0335014826434114e-05,-5.463162023894687e-06,1.7968156552844928e-05,2.2369221299371364e-05,2.3416283935575464e-05,8.110820890620926e-06,-1.0443790655386846e-05,1.7583272900158584e-05,1.3001336827048112e-05,1.3473960628364882e-05,1.2004161298270144e-05,1.4121733393727146e-05,3.2881775506631594e-05,7.340752736783349e-06,1.1385774811915182e-05,1.159630874071128e-05,1.1503570238362958e-05
expAE02,VUW_PISM2_s1,/Volumes/FMac/computing/data/antarctica/ismip6/hackathon/ComputedScalarsHelene/expAE02/shelfmelt/computed_shelfmelt_AIS_VUW_PISM2_s1_expAE02.nc,1.9650554194534915e-05,1.0333681491898626e-05,1.1644204689956771e-05,3.777478961803436e-05,1.2015400689470806e-05,-3.4821616460515717e-07,1.4046199418625363e-05,1.1966722445224858e-05,1.0479536184710854e-05,1.0302473543665259e-05,1.0689729876379244e-05,-7.771263960304971e-06,2.0190030331987117e-05,2.2752810454654015e-05,2.4839149336871967e-05,8.335808140110386e-06,-1.0059383503123499e-05,1.813482962790788e-05,1.3686003919773898e-05,1.4071878611717004e-05,1.2828709221642365e-05,1.4959649200115998e-05,3.777477843615307e-05,8.511690851480547e-06,1.1767974241748148e-05,1.1966722469945802e-05,1.4046203850548728e-05
expAE02,VUW_PISM2_s2,/Volumes/FMac/computing/data/antarctica/ismip6/hackathon/ComputedScalarsHelene/expAE02/shelfmelt/computed_shelfmelt_AIS_VUW_PISM2_s2_expAE02.nc,1.8771522205420806e-05,8.025076300622088e-06,9.849954051755647e-06,2.8769826156085558e-05,1.119907644431306e-05,-1.9427368696253998e-07,9.222410416943116e-06,8.805374808045724e-06,8.831698673517823e-06,7.660467405162654e-06,8.927831864901232e-06,-6.166143863346238e-06,1.7885375926259623e-05,1.8739788580848544e-05,2.243807078125717e-05,6.432873478645431e-06,-1.0700283671718237e-05,1.6606606946868886e-05,1.1467689423012337e-05,1.19738216388528e-05,1.0402253518178228e-05,1.3059481578301913e-05,2.876983153695757e-05,6.420803540362071e-06,1.067499167315685e-05,8.805374419978601e-06,9.22240937483314e-06
expAE02,VUW_PISM2_s3,/Volumes/FMac/computing/data/antarctica/ismip6/hackathon/ComputedScalarsHelene/expAE02/shelfmelt/computed_shelfmelt_AIS_VUW_PISM2_s3_expAE02.nc,1.4031546583328064e-05,7.155266830290327e-06,9.577637250274643e-06,2.335097345904788e-05,1.0030765643719271e-05,1.5046623364669408e-06,1.1969292336424262e-05,8.633627710098193e-06,8.875587094967404e-06,9.866571748138495e-06,9.043929512368244e-06,-9.802032940161324e-06,1.806102601900046e-05,2.088155370560003e-05,2.0996300959836307e-05,7.556352172353963e-06,-1.0044119134479446e-05,1.5718194111471072e-05,1.0861113266070078e-05,1.056783024675793e-05,1.103599249849125e-05,1.2430207976326712e-05,2.3350975668314276e-05,6.133172739634697e-06,9.89725620023324e-06,8.633629511167574e-06,1.196929085345699e-05
expAE02,VUW_PISM2_s4,/Volumes/FMac/computing/data/antarctica/ismip6/hackathon/ComputedScalarsHelene/expAE02/shelfmelt/computed_shelfmelt_AIS_VUW_PISM2_s4_expAE02.nc,2.0727504062569272e-05,1.1457813058146526e-05,1.1517310876766404e-05,3.3290919286682016e-05,1.2186116854009567e-05,1.3284704413660827e-06,1.2553108567077567e-05,1.3660197496315183e-05,9.93846814008393e-06,1.0191798985513499e-05,1.0962538239844282e-05,-8.541319074231961e-06,1.8486970574633e-05,2.4368774814692926e-05,2.5571628504606693e-05,9.34975831186884e-06,-9.871359173878496e-06,1.8236304082154614e-05,1.469336259580193e-05,1.5347909390041962e-05,1.3452234984995401e-05,1.499574639946187e-05,3.329092304259144e-05,9.721269866894872e-06,1.1974261776928197e-05,1.366019858076498e-05,1.255310929200849e-05
expAE02,IMAU_UFEMISM1,/Volumes/FMac/computing/data/antarctica/ismip6/hackathon/ComputedScalarsHelene/expAE02/shelfmelt/jb_computed_shelfmelt_AIS_IMAU_UFEMISM1_expAE02.nc,1.7794523548828622e-05,6.963385914718416e-06,4.9587458208843526e-05,4.343416373816763e-05,7.936256482870126e-06,6.515154891093882e-07,,2.658024242091528e-05,6.7460132186665046e-06,1.8636760252340915e-05,7.398621619740206e-06,,6.942528016005217e-05,2.924363987987193e-05,3.13227981514313e-05,1.1531349855801337e-05,-2.836933011200645e-05,-4.3134428819458835e-05,8.111707871781376e-06,8.407638504852678e-06,8.43196014772238e-06,-1.4969196140235288e-05,4.343417414852014e-05,5.447044807112515e-06,7.732498880718703e-06,2.6580236695121805e-05,
expAE02,IMAU_UFEMISM2,/Volumes/FMac/computing/data/antarctica/ismip6/hackathon/ComputedScalarsHelene/expAE02/shelfmelt/jb_computed_shelfmelt_AIS_IMAU_UFEMISM2_expAE02.nc,1.122888264958075e-05,9.204377145109808e-06,1.6282460819298045e-05,2.668870355943365e-05,9.050284576124416e-06,1.3122884128347635e-06,0.00024002617986399654,1.828574409390478e-05,5.143421327409844e-06,2.0481368700252e-05,7.302492894888444e-06,,-0.0003001774326854042,2.1654172713149294e-05,2.2329464850847155e-05,2.1139970966247585e-05,-2.5967940772686828e-05,-2.3536795929510003e-05,8.417894650139e-06,9.349055320814969e-06,7.446745840019129e-06,-8.878814223128365e-06,2.6688704407439763e-05,7.210742585044746e-06,8.376706151159355e-06,1.828574663532253e-05,0.00024002619738431143
expAE02,IMAU_UFEMISM3,/Volumes/FMac/computing/data/antarctica/ismip6/hackathon/ComputedScalarsHelene/expAE02/shelfmelt/jb_computed_shelfmelt_AIS_IMAU_UFEMISM3_expAE02.nc,5.098909007651223e-06,1.1338390122298904e-05,7.483405126582688e-06,2.627061777811902e-05,1.1365187921316738e-05,1.4772998352510444e-06,3.443608686545388e-05,1.0054177505285466e-05,6.5956920055193505e-06,1.0800723427863875e-05,9.847629887692334e-06,0.0001903728487624723,5.0058467471635196e-06,1.020489407648338e-05,1.899543096728667e-05,1.8122213913051325e-05,-1.3138199535936624e-05,0.002760676704304793,1.0606022912307856e-05,1.1686525721157864e-05,8.838090303503774e-06,-2.3439050770975204e-06,2.6270618305219803e-05,9.166466176758417e-06,1.0865200496949562e-05,1.0054176653973219e-05,3.4436073790341805e-05
expAE02,IMAU_UFEMISM4,/Volumes/FMac/computing/data/antarctica/ismip6/hackathon/ComputedScalarsHelene/expAE02/shelfmelt/jb_computed_shelfmelt_AIS_IMAU_UFEMISM4_expAE02.nc,-4.456693611866025e-06,1.119180873245948e-05,6.990358166953806e-06,1.7638465468114464e-05,1.1403974477596868e-05,1.1170138374770457e-06,6.753872719682934e-05,1.2359275006952808e-05,6.853654291276498e-06,1.1197868223953347e-05,7.735091439593632e-06,0.00020674147236987534,9.149354820862592e-06,1.1397831154948975e-05,2.0781677592490075e-05,1.221920335859128e-05,-1.4208554914460792e-05,,1.0245489317443585e-05,1.1503055722624816e-05,8.106497329498184e-06,-4.637783427396949e-06,1.7638466017156836e-05,9.012969318875164e-06,1.0153935849916935e-05,1.2359272842263558e-05,6.753874779141957e-05
expAE03,DC_ISSM,/Volumes/FMac/computing/data/antarctica/ismip6/hackathon/ComputedScalarsHelene/expAE03/shelfmelt/computed_shelfmelt_AIS_DC_ISSM_expAE03.nc,3.013466272895034e-07,4.3083994918781115e-06,2.0733576904681593e-06,6.414204819194709e-06,4.30991274116609e-06,5.178098190351914e-07,6.8170848486816595e-06,4.753364601561972e-06,3.248391136665616e-06,2.8885327540073806e-06,3.7030774336057268e-06,-1.8751313820288956e-06,-6.273084176565605e-06,2.1420265969701982e-06,2.804749412068658e-06,-2.089714337965693e-06,-5.782580723662196e-05,-9.313721920998278e-07,3.2141650097128368e-06,4.272539203357626e-06,3.0460644108903263e-06,-1.1562053640408325e-05,6.414205013775288e-06,3.3452359292445168e-06,4.104650141031818e-06,4.753364155494616e-06,6.817084085998026e-06
expAE03,DOE_MALI_4km,/Volumes/FMac/computing/data/antarctica/ismip6/hackathon/ComputedScalarsHelene/expAE03/shelfmelt/computed_shelfmelt_AIS_DOE_MALI_4km_expAE03.nc,2.0429564921955173e-05,1.4342221662852305e-05,8.310882299160434e-06,1.6006222619388092e-05,9.4573410933445e-06,1.2265731425050157e-06,1.977111709514741e-05,1.357661445014643e-05,4.9381661775457205e-06,1.0413101054288249e-05,6.0119423593745444e-06,8.131776337709902e-06,8.998172593757878e-06,4.738641853821945e-06,1.1256580528901889e-05,3.5177133271317805e-06,-1.395431779173189e-05,8.320595542097355e-06,1.2141631187463893e-05,1.395593053986588e-05,8.657000483829596e-06,1.042813161349163e-06,1.600622212762768e-05,1.1958342937067981e-05,8.339516969620349e-06,1.3576612935241306e-05,1.9771117506209482e-05
expAE03,DOE_MALI_8km_Ant95,/Volumes/FMac/computing/data/antarctica/ismip6/hackathon/ComputedScalarsHelene/expAE03/shelfmelt/computed_shelfmelt_AIS_DOE_MALI_8km_Ant95_expAE03.nc,2.589804050574006e-05,2.0358363493096378e-05,9.740167716678168e-06,1.1994612010435085e-05,1.2006880297863483e-05,8.57657369173543e-07,2.233637698404655e-05,1.471883645064227e-05,6.012649594505296e-06,1.2175818756796717e-05,7.444361478830032e-06,1.0102668490654848e-05,-9.566566678482421e-06,5.240242120557616e-06,1.4132700509437418e-05,7.546806759654714e-07,-1.4908990991359213e-05,5.474428604980368e-06,1.3095426189264963e-05,1.4231296662937818e-05,1.0242172943705104e-05,-1.962398673193498e-06,1.1994611761818435e-05,1.7549671729275072e-05,1.0604577179070506e-05,1.4718832866936796e-05,2.23363770462144e-05
expAE03,DOE_MALI_8km_AntMean,/Volumes/FMac/computing/data/antarctica/ismip6/hackathon/ComputedScalarsHelene/expAE03/shelfmelt/computed_shelfmelt_AIS_DOE_MALI_8km_AntMean_expAE03.nc,2.0376995508133006e-05,1.937274272119774e-05,8.761473174079216e-06,1.2352966295410891e-05,1.1707122955031295e-05,8.122252044905428e-07,2.2752624371501348e-05,1.4159686310855285e-05,5.442155570861865e-06,1.1839009093181306e-05,6.869427812874506e-06,7.208495966572262e-06,-1.009158291559954e-05,2.631060380661112e-06,1.3233818405127473e-05,6.139657102146122e-07,-1.5007431584628865e-05,5.570448318738916e-06,1.269381048538104e-05,1.4051393585641793e-05,9.48682261620056e-06,-1.6179764739439228e-06,1.2352967316304676e-05,1.6141707917643986e-05,1.0156715307258084e-05,1.4159686751823768e-05,2.275262679614889e-05
expAE03,IGE_ElmerIce,/Volumes/FMac/computing/data/antarctica/ismip6/hackathon/ComputedScalarsHelene/expAE03/shelfmelt/computed_shelfmelt_AIS_IGE_ElmerIce_expAE03.nc,-1.636158576131402e-06,2.222744035151894e-06,4.4291874421118675e-07,5.587987855327531e-06,2.98995772638992e-06,4.0375038624301446e-07,9.31954024844014e-06,3.5566234208478107e-06,2.3719817258980184e-06,2.1138022240819924e-06,1.8806191023014113e-06,2.096819366590957e-06,-1.3547678879587416e-05,-1.3014834328440003e-06,2.748851982964069e-06,-6.531403017648162e-07,-2.363499528426813e-05,-5.423992319932168e-06,2.049730549712413e-06,2.8277451854805497e-06,2.263484216718857e-06,-1.0458216091482086e-05,5.5879870689655276e-06,1.7868424506027106e-06,2.589052794437814e-06,3.556623649884065e-06,9.319542772611585e-06
expAE03,ILTS_SICOPOLIS,/Volumes/FMac/computing/data/antarctica/ismip6/hackathon/ComputedScalarsHelene/expAE03/shelfmelt/computed_shelfmelt_AIS_ILTS_SICOPOLIS_expAE03.nc,1.461020640250481e-05,1.78552005786745e-05,1.0054913241170487e-05,1.7742184647814075e-05,1.2963786427206736e-05,2.2955853862088125e-06,1.7922921895728578e-05,1.3496876566002048e-05,1.3435008877827578e-05,1.3681650557040331e-05,9.988534242630003e-06,4.891439865097885e-06,-3.945810991114853e-06,1.632373260074226e-05,1.7101435195919562e-05,2.3748867873206633e-06,-7.665419232129264e-07,1.622732661673876e-05,1.5018111541150256e-05,1.6442865822321722e-05,1.2018413091338848e-05,1.092851067966309e-05,1.7742189217757362e-05,1.6328840049450977e-05,1.1999997289464362e-05,1.3496875759074889e-05,1.7922922437487297e-05
expAE03,IMAU_UFEMISM1,/Volumes/FMac/computing/data/antarctica/ismip6/hackathon/ComputedScalarsHelene/expAE03/shelfmelt/computed_shelfmelt_AIS_IMAU_UFEMISM1_expAE03.nc,-1.6838521064345963e-06,1.0763568009807787e-05,3.99699789160519e-05,2.289873204364612e-05,6.979162758807769e-06,1.0400334517561165e-07,2.116562092084334e-05,2.080165740824457e-05,6.814729569487427e-06,5.602429845669335e-06,7.071891684186347e-06,,-0.0033204081824468653,-5.517631551953284e-05,2.116878541598267e-05,-8.203136467316843e-06,-3.2421279384867644e-05,-6.429849340218292e-05,7.379854324277913e-06,8.84407100781922e-06,6.415360370964972e-06,-4.703967420768797e-05,2.2898732772100017e-05,8.300333107035926e-06,7.018086133943104e-06,2.0801656312834286e-05,2.11656210261892e-05
expAE03,IMAU_UFEMISM2,/Volumes/FMac/computing/data/antarctica/ismip6/hackathon/ComputedScalarsHelene/expAE03/shelfmelt/computed_shelfmelt_AIS_IMAU_UFEMISM2_expAE03.nc,-1.2199610085970351e-05,1.5620460261447085e-05,2.8156175760616864e-06,1.2084972004596332e-05,8.218922369501906e-06,6.987620248523303e-07,2.8954167446671723e-06,8.032480626153606e-06,4.617935167385434e-06,1.112936844764052e-05,7.0110004530626535e-06,,-0.0018204108532144901,-2.816860800021498e-05,1.6608963999773928e-05,-7.291109041908936e-06,-3.948300219798036e-05,-0.0018091516453128105,8.402991298835505e-06,1.1031061438219253e-05,5.451092269024848e-06,-5.222102567423635e-05,1.208497245346352e-05,1.1845224128131291e-05,7.773234453092081e-06,8.032478233683149e-06,2.8954182969390323e-06
expAE03,IMAU_UFEMISM3,/Volumes/FMac/computing/data/antarctica/ismip6/hackathon/ComputedScalarsHelene/expAE03/shelfmelt/computed_shelfmelt_AIS_IMAU_UFEMISM3_expAE03.nc,-6.256485188563744e-06,1.9119061731091096e-05,1.8161681145947963e-06,3.468981559192607e-05,1.0234742386813276e-05,1.8898333917292227e-06,1.3831954007428503e-05,6.497790468961765e-06,8.849777267599966e-06,6.882751143803879e-06,9.201090813639117e-06,0.00017628951303729976,-0.00037981464090990866,-3.6748557790822168e-06,1.4453243794731424e-05,-5.457834106695069e-06,-2.1812278398443856e-05,-0.011338713182098125,1.1133798968130352e-05,1.3828145979583114e-05,7.754516304665515e-06,-3.015816427265807e-05,3.468981721704081e-05,1.5170622753913196e-05,9.885279777644082e-06,6.497789783232947e-06,1.3831958720162876e-05
expAE03,IMAU_UFEMISM4,/Volumes/FMac/computing/data/antarctica/ismip6/hackathon/ComputedScalarsHelene/expAE03/shelfmelt/computed_shelfmelt_AIS_IMAU_UFEMISM4_expAE03.nc,-9.200077075979491e-06,1.8592607308520314e-05,8.713452846194944e-07,2.4252242635609447e-05,1.0187631690300292e-05,1.1718367051999027e-06,2.4891251561822156e-06,9.871736582993564e-06,7.462930213083818e-06,6.974381605857822e-06,7.283160111944073e-06,0.00012989751636024416,-0.00030100636454884986,-6.904809775649004e-06,1.300062622853319e-05,-3.832498276451493e-06,-1.928902712301479e-05,,1.0476255221880213e-05,1.3513988878704997e-05,6.376360985448476e-06,-2.828855188101434e-05,2.4252245415751168e-05,1.4613875705623637e-05,9.204419909014222e-06,9.871734244995519e-06,2.4891237231221877e-06
expAE03,LSCE_GRISLI2,/Volumes/FMac/computing/data/antarctica/ismip6/hackathon/ComputedScalarsHelene/expAE03/shelfmelt/computed_shelfmelt_AIS_LSCE_GRISLI2_expAE03.nc,-2.1786077145086132e-06,1.0283137076768838e-05,-1.7495311973498203e-06,1.1204729702219852e-05,6.1020990177211144e-06,-9.511600461391897e-07,7.708037168078448e-06,3.9833936709667307e-07,5.288658299368424e-06,6.185289530337687e-06,3.780838182116991e-07,-5.74820140133119e-06,-1.3096475765665279e-05,-1.627815491262383e-05,3.9645504944623685e-06,-1.6047306063877012e-05,-6.45080327160815e-05,-1.2760842013757963e-05,4.4233593788269715e-06,7.610441238763139e-06,1.1067260595967986e-06,-2.4960377144552267e-05,1.1204726314431307e-05,8.751279773718347e-06,4.0320554809542785e-06,3.983404420813793e-07,7.708034591754176e-06
expAE03,LSCE_GRISLI,/Volumes/FMac/computing/data/antarctica/ismip6/hackathon/ComputedScalarsHelene/expAE03/shelfmelt/computed_shelfmelt_AIS_LSCE_GRISLI_expAE03.nc,6.051069335898667e-05,1.4117010668967483e-05,3.7640238665518215e-05,2.916881644985138e-05,9.123939158002784e-06,1.3371953461311516e-06,2.3840254649451176e-05,2.5268165524887677e-05,9.068392975806715e-06,2.3878425617244716e-05,4.8277407974917645e-06,3.3821758047620254e-05,5.242443700633185e-05,3.4970414929197025e-05,4.2371629300168506e-05,1.786611918709068e-05,-4.286254338831244e-05,6.946376179286267e-05,1.7281235229759753e-05,1.8048813313970937e-05,1.3866025544707235e-05,3.574527620558531e-05,2.9168814708768408e-05,1.274350990033701e-05,7.828324297186427e-06,2.5268168815895083e-05,2.3840260916719584e-05
expAE03,NCAR_CISM1,/Volumes/FMac/computing/data/antarctica/ismip6/hackathon/ComputedScalarsHelene/expAE03/shelfmelt/computed_shelfmelt_AIS_NCAR_CISM1_expAE03.nc,6.319099917857592e-07,4.669326892318771e-06,2.2741271221292986e-06,8.082329101966051e-06,4.926125224068158e-06,6.531313950989764e-07,2.607045340258889e-06,-1.770448566968437e-06,2.332333591766921e-06,3.312532169533185e-06,3.3363051272207946e-06,5.345198146246751e-08,-9.186471049712343e-06,-2.9818924049428486e-06,2.8103053533160007e-06,-1.7274802759226278e-06,-3.1151353269804354e-05,-3.4541846747846134e-06,3.144440459039348e-06,4.830574378754761e-06,2.0246604938188793e-06,-9.590692015771929e-06,8.082329395679683e-06,3.5873867760741802e-06,4.36163038309524e-06,-1.7704486932110278e-06,2.6070453887738617e-06
expAE03,NCAR_CISM2,/Volumes/FMac/computing/data/antarctica/ismip6/hackathon/ComputedScalarsHelene/expAE03/shelfmelt/computed_shelfmelt_AIS_NCAR_CISM2_expAE03.nc,1.6317149381356856e-05,1.1764133831596773e-05,1.1805846500019523e-05,1.7460948251878137e-05,8.165414881135962e-06,2.320206926316394e-06,2.1384260093990555e-05,1.667585887833778e-05,9.675203921062775e-06,1.628610131602903e-05,8.888229051954065e-06,1.0786688406425878e-05,1.4190834455752609e-05,1.051469565226888e-05,1.4767631921523983e-05,4.445882143966267e-06,1.7183353583433868e-06,1.5184087918890508e-05,1.2431017562435806e-05,1.2870490760551547e-05,1.1736295931666273e-05,1.0882244692251326e-05,1.746095049788933e-05,9.895182999631807e-06,8.424708854989081e-06,1.6675859247522172e-05,2.1384261789147954e-05
expAE03,NORCE_CISM2-MAR364-ERA-t1,/Volumes/FMac/computing/data/antarctica/ismip6/hackathon/ComputedScalarsHelene/expAE03/shelfmelt/computed_shelfmelt_AIS_NORCE_CISM2-MAR364-ERA-t1_expAE03.nc,6.017637050141725e-06,1.0178660755784458e-05,8.807285168670787e-06,2.1181348206402096e-05,7.999063729227684e-06,7.918490994252664e-06,1.082561928950029e-05,1.4549908356780059e-05,8.718023898712535e-06,1.1234538229001013e-05,8.827460102699032e-06,5.658327230773435e-06,2.2829738477991033e-06,4.9029514348533985e-06,1.0951692007698312e-05,1.0642534019434236e-06,-1.9856620806028676e-05,2.7887236059099574e-06,1.0285512551922585e-05,1.137956080305231e-05,9.700148569573573e-06,-3.280001963772354e-06,2.118134944635884e-05,9.669262833841163e-06,8.31005827785638e-06,1.454990567849245e-05,1.0825618198313536e-05
expAE03,NORCE_CISM3-MAR364-ERA-t1-local,/Volumes/FMac/computing/data/antarctica/ismip6/hackathon/ComputedScalarsHelene/expAE03/shelfmelt/computed_shelfmelt_AIS_NORCE_CISM3-MAR364-ERA-t1-local_expAE03.nc,2.88404775695958e-06,6.241737805043371e-06,5.251256542098154e-06,1.4869613674681725e-05,5.368525966214212e-06,1.7023395598603233e-06,5.151142828025811e-06,9.367360624382817e-06,6.291075593956515e-06,9.79414917412772e-06,4.740933873305366e-06,2.086845759921733e-06,-6.22277274745578e-06,2.8571168602649713e-06,6.809395908851218e-06,3.237831504992955e-08,-2.1180669506649153e-05,-3.9342926148293326e-07,5.596762114556311e-06,6.564804139435242e-06,5.38694243975332e-06,-6.248731282829026e-06,1.4869618034906563e-05,5.060605910735338e-06,5.155876173787251e-06,9.367361060266273e-06,5.151143128954657e-06
expAE03,NORCE_CISM3-MAR364-ERA-t1-nonlocal,/Volumes/FMac/computing/data/antarctica/ismip6/hackathon/ComputedScalarsHelene/expAE03/shelfmelt/computed_shelfmelt_AIS_NORCE_CISM3-MAR364-ERA-t1-nonlocal_expAE03.nc,3.145462544901074e-06,6.338314911206581e-06,5.835249379558652e-06,1.544551254841193e-05,5.0655841775858376e-06,1.7494157475194616e-06,4.404344454466624e-06,7.981221380149615e-06,5.4239440380537075e-06,9.773894323337118e-06,4.285172182145691e-06,1.8810215976749008e-06,-5.61048545226366e-06,2.6929561209147875e-06,7.294373361577731e-06,5.971633644652801e-08,-2.053762451781268e-05,8.498905354764799e-07,5.468068479199069e-06,6.568691890034814e-06,5.02144173922993e-06,-5.594967945644913e-06,1.54455157219206e-05,5.1352933263690365e-06,4.78762054653916e-06,7.981223562807666e-06,4.404343640507188e-06
expAE03,NORCE_CISM3-MAR364-ERA-t1,/Volumes/FMac/computing/data/antarctica/ismip6/hackathon/ComputedScalarsHelene/expAE03/shelfmelt/computed_shelfmelt_AIS_NORCE_CISM3-MAR364-ERA-t1_expAE03.nc,6.811343202085134e-06,9.59997796706905e-06,8.716621215253003e-06,2.2517905557181346e-05,8.695058885017975e-06,4.530061799646401e-06,1.2642353547612158e-05,1.5951053668253e-05,9.266599903971524e-06,1.4376290216279627e-05,8.634214737174938e-06,1.5124109808744427e-06,-2.213819613511945e-06,7.330319032467806e-06,1.2111177077123563e-05,-7.000708183016741e-07,-2.2302571785608875e-05,4.999535616755712e-07,1.0709848156768958e-05,1.198619140475678e-05,9.987687559792013e-06,-5.685514797054177e-06,2.25179071344947e-05,8.4807847904512e-06,8.704113394924142e-06,1.595105057436254e-05,1.264234887560734e-05
expAE03,NORCE_CISM4-MAR364-ERA-t1-local,/Volumes/FMac/computing/data/antarctica/ismip6/hackathon/ComputedScalarsHelene/expAE03/shelfmelt/computed_shelfmelt_AIS_NORCE_CISM4-MAR364-ERA-t1-local_expAE03.nc,2.512969582066482e-06,7.269202298938085e-06,5.602738603477334e-06,1.670137243465903e-05,6.629800280670831e-06,2.0952790735233273e-06,3.7203817961326225e-06,1.3899021799432536e-05,6.05656130090499e-06,1.2314126657369439e-05,5.375897896962627e-06,2.5592826224947565e-07,-4.265850824086188e-06,4.005616411865044e-06,9.106396994436274e-06,-1.5220426068005937e-06,-2.3321813468654995e-05,-1.739074381164321e-06,6.725257380359923e-06,7.66247768872081e-06,6.678115326119769e-06,-7.75555645581187e-06,1.670137104503157e-05,5.886052268284229e-06,6.208306730359526e-06,1.3899024152651443e-05,3.720382755482354e-06
expAE03,NORCE_CISM4-MAR364-ERA-t1-nonlocal,/Volumes/FMac/computing/data/antarctica/ismip6/hackathon/ComputedScalarsHelene/expAE03/shelfmelt/computed_shelfmelt_AIS_NORCE_CISM4-MAR364-ERA-t1-nonlocal_expAE03.nc,2.9751671799906948e-06,7.131828977369758e-06,4.9948107250069786e-06,1.8183159035692207e-05,6.270722152926417e-06,2.187862200729214e-06,4.981086334045759e-06,1.3319091513060399e-05,6.004161283094987e-06,1.3037469199953867e-05,4.696239603130561e-06,-3.016525154432406e-07,-2.5875562059461433e-06,4.425216848871798e-06,9.779939631708772e-06,-1.409548399387908e-06,-2.544673840602505e-05,-7.660086917521579e-07,6.642334826548102e-06,7.573971865702452e-06,6.543095391136245e-06,-7.448569555898062e-06,1.8183149584794057e-05,5.783413173279918e-06,5.715699257319886e-06,1.3319091057114801e-05,4.981085745674811e-06
expAE03,NORCE_CISM4-MAR364-ERA-t1,/Volumes/FMac/computing/data/antarctica/ismip6/hackathon/ComputedScalarsHelene/expAE03/shelfmelt/computed_shelfmelt_AIS_NORCE_CISM4-MAR364-ERA-t1_expAE03.nc,3.905231665547744e-06,8.916977673827307e-06,5.0098985983442455e-06,2.5338738405909944e-05,9.611154929802596e-06,3.770380394223461e-06,6.828354142461448e-06,1.7405367012131827e-05,5.940259866359721e-06,1.5402320774048016e-05,8.290519189673237e-06,3.7091636046843105e-07,-1.928614224600242e-06,1.906112078150712e-06,1.2758635952287014e-05,-1.3945493211794666e-06,-2.86820275963347e-05,-3.345580339006247e-07,1.00627545193423e-05,1.1434009582755328e-05,9.370101978717749e-06,-7.018033083376963e-06,2.5338740708010214e-05,7.767656386210002e-06,9.184993592157118e-06,1.740536438026621e-05,6.8283527775904114e-06
expAE03,NORCE_CISM4-MAR364-JRA-t1,/Volumes/FMac/computing/data/antarctica/ismip6/hackathon/ComputedScalarsHelene/expAE03/shelfmelt/computed_shelfmelt_AIS_NORCE_CISM4-MAR364-JRA-t1_expAE03.nc,4.235962700014519e-06,9.569721048263876e-06,4.942645660736427e-06,2.5389655004307046e-05,1.0037255722821969e-05,4.5722687558551955e-06,6.974821791404646e-06,1.8018754114200386e-05,5.556313026770315e-06,1.5375328646523557e-05,8.471870972083251e-06,1.953947124494872e-07,-1.9891766907742596e-06,6.590994936462838e-06,1.2693220769823257e-05,-1.604611642860514e-06,-2.87678649723027e-05,-6.531972947078819e-07,1.036903690594982e-05,1.1721437146668023e-05,9.78255098207716e-06,-7.251221900145995e-06,2.5389650304861556e-05,8.439837608642342e-06,9.535582070267309e-06,1.801875797110382e-05,6.974821755526169e-06
expAE03,NORCE_CISM5-MAR364-ERA-t1-local,/Volumes/FMac/computing/data/antarctica/ismip6/hackathon/ComputedScalarsHelene/expAE03/shelfmelt/computed_shelfmelt_AIS_NORCE_CISM5-MAR364-ERA-t1-local_expAE03.nc,3.499385484887048e-06,7.587499022361128e-06,4.486930102038191e-06,1.3930184649142736e-05,7.0157863509585775e-06,1.629359013171744e-06,1.8720488519013416e-06,1.3239153198491046e-05,6.603735608176502e-06,1.4209523673663056e-05,8.262772872412252e-06,-4.147503148986708e-06,5.348737243806054e-06,8.262909465748833e-06,1.0305981071746361e-05,-7.7363461958527e-07,-2.0357289212703277e-05,-3.1741968210111802e-06,7.254753862151495e-06,7.644779609595593e-06,8.181686246576358e-06,-8.114858865172838e-06,1.393018495906742e-05,6.159120125186448e-06,7.491324481918142e-06,1.3239157821930273e-05,1.8720493523088705e-06
expAE03,NORCE_CISM5-MAR364-ERA-t1-nonlocal,/Volumes/FMac/computing/data/antarctica/ismip6/hackathon/ComputedScalarsHelene/expAE03/shelfmelt/computed_shelfmelt_AIS_NORCE_CISM5-MAR364-ERA-t1-nonlocal_expAE03.nc,4.09102049218816e-06,7.5544179479749925e-06,6.942701732813816e-06,1.7330016373969633e-05,6.838836454309268e-06,1.1632080380908471e-06,2.9036119404807697e-06,1.1262009764491775e-05,8.043811961553615e-06,1.489233238538627e-05,7.5232728623168704e-06,-4.140930373832322e-06,5.819992481885149e-06,9.02727822547847e-06,1.1074349395780516e-05,-1.5275521898037175e-06,-2.121127955812011e-05,-1.2411493602886667e-06,7.468128611656451e-06,8.157141824683514e-06,7.930163388738959e-06,-7.4137946816798445e-06,1.7330015266504825e-05,5.991337528689642e-06,7.118194485912775e-06,1.1262008384448897e-05,2.9036118960389178e-06
expAE03,NORCE_CISM5-MAR364-ERA-t1,/Volumes/FMac/computing/data/antarctica/ismip6/hackathon/ComputedScalarsHelene/expAE03/shelfmelt/computed_shelfmelt_AIS_NORCE_CISM5-MAR364-ERA-t1_expAE03.nc,3.915671997885915e-06,7.935800699102967e-06,5.195224233698697e-06,1.7671462126187958e-05,8.709105721573012e-06,1.8505190102454535e-06,6.559656383586922e-07,1.7181401255543542e-05,7.328241762523064e-06,1.4898955817644034e-05,9.484172037791327e-06,-4.890656577766583e-06,2.8438519961374785e-06,7.23318451550349e-06,1.0861649154229431e-05,-1.672890601823798e-06,-2.254047919308813e-05,-1.1551902057067835e-06,8.559009776187273e-06,9.126550629074964e-06,9.287412064421277e-06,-7.171130334389715e-06,1.767146756769208e-05,6.54178099515973e-06,9.0141124642414e-06,1.7181405717226834e-05,6.559658644762697e-07
expAE03,PIK_PISM,/Volumes/FMac/computing/data/antarctica/ismip6/hackathon/ComputedScalarsHelene/expAE03/shelfmelt/computed_shelfmelt_AIS_PIK_PISM_expAE03.nc,4.834677188658176e-06,2.054381986262247e-05,1.163011192504107e-05,2.8204405068529977e-05,1.9702419911091696e-05,7.588536206724459e-06,2.2755969039735717e-05,3.053517478405532e-05,3.5281479532629666e-05,1.1474835620868382e-05,1.260634917938166e-05,1.3235219561001194e-05,-6.6666598729910795e-06,1.5095838095677485e-05,1.4732531365503197e-05,9.69456461044093e-06,-1.921717235925306e-05,1.0616146846370402e-06,1.8111881713352442e-05,1.9740957632930366e-05,1.8444295626682187e-05,-5.256570448408202e-06,2.820441604084759e-05,1.8369825843883367e-05,1.6591027313127184e-05,3.053517134638139e-05,2.2755969133077413e-05
expAE03,UCM_Yelmo,/Volumes/FMac/computing/data/antarctica/ismip6/hackathon/ComputedScalarsHelene/expAE03/shelfmelt/computed_shelfmelt_AIS_UCM_Yelmo_expAE03.nc,4.099385978128777e-05,7.365404234539563e-06,1.1911594073771303e-05,1.693189876544859e-05,6.910208379216055e-06,9.470700187162773e-07,1.1179635084276346e-06,-8.550249692476695e-07,5.284915218310244e-06,2.4340146249616097e-05,6.653287702738957e-06,1.0159180585271336e-05,6.472770196064988e-06,4.328058123131684e-06,2.95937150764326e-05,6.687456519259868e-06,-0.00025573622767635634,4.9878029714317465e-05,7.490125974693416e-06,8.756480255862777e-06,6.834991585828937e-06,-2.192204979561803e-05,1.6931893868738245e-05,5.099497000027601e-06,6.82540225873388e-06,-8.550248399303389e-07,1.1179633189778935e-06
expAE03,UCSD_ISSM,/Volumes/FMac/computing/data/antarctica/ismip6/hackathon/ComputedScalarsHelene/expAE03/shelfmelt/computed_shelfmelt_AIS_UCSD_ISSM_expAE03.nc,-1.2952828183050282e-07,7.448507596705774e-06,-5.515376385656565e-07,4.32261490577857e-06,2.5292994861043533e-06,5.984321500317783e-06,1.047476185634676e-05,6.778481061787667e-06,7.680148196259458e-06,5.099531905695018e-07,6.485032819291912e-06,9.10731649604326e-06,7.073698853047864e-06,6.06412216893688e-06,1.9699381883641357e-06,-6.961781783633856e-07,-1.4249673702724706e-05,-3.276474400001553e-07,2.848703127841598e-06,2.8762481353962754e-06,4.679117798827868e-06,-1.1179994979249597e-06,4.322615634023867e-06,7.375382154102658e-06,3.2908765244857294e-06,6.7784809211679075e-06,1.0474762641868397e-05
expAE03,ULB_fETISh-KoriBU1,/Volumes/FMac/computing/data/antarctica/ismip6/hackathon/ComputedScalarsHelene/expAE03/shelfmelt/computed_shelfmelt_AIS_ULB_fETISh-KoriBU1_expAE03.nc,4.734949687748493e-06,1.653566330946872e-05,6.776820034794415e-06,2.5241665019234563e-05,1.1679479695516615e-05,2.614553761633642e-06,1.7195384728332577e-05,8.001197830255724e-06,7.282721818165984e-06,6.306454351047313e-06,6.237278243651339e-06,2.982145278269821e-06,-6.416799315929401e-06,3.106801714215943e-06,1.3194506720117261e-05,3.251176191274849e-08,-1.379619064775037e-05,1.7074299056184603e-09,1.1473767739684877e-05,1.6553730390321892e-05,8.472465636975242e-06,-3.090417188762223e-06,2.5241665625879624e-05,1.347289877530386e-05,9.33886369291021e-06,8.001197300098095e-06,1.7195383504747958e-05
expAE03,ULB_fETISh-KoriBU2,/Volumes/FMac/computing/data/antarctica/ismip6/hackathon/ComputedScalarsHelene/expAE03/shelfmelt/computed_shelfmelt_AIS_ULB_fETISh-KoriBU2_expAE03.nc,8.578724306671191e-06,1.5641872767169968e-05,7.501001906617961e-06,1.9936447638394207e-05,1.2222552296252959e-05,8.057211340759065e-07,1.5054228233450738e-05,7.230439180405845e-06,7.917338789186186e-06,9.797331411854829e-06,5.832138594732532e-06,9.935914944406278e-07,-3.985850646503179e-06,1.9486517671409888e-06,1.2399480592570232e-05,-5.216078884435011e-07,-1.4514201447731835e-05,3.7701928193534353e-06,1.2593816823649266e-05,1.5980810641199637e-05,7.046233232339575e-06,-1.240306287892524e-06,1.993645061349067e-05,1.268092353554728e-05,9.933611615803013e-06,7.230438902662822e-06,1.5054228863018558e-05
expAE03,UNN_Ua,/Volumes/FMac/computing/data/antarctica/ismip6/hackathon/ComputedScalarsHelene/expAE03/shelfmelt/computed_shelfmelt_AIS_UNN_Ua_expAE03.nc,6.732653039823028e-06,8.0646943502567e-06,4.51937635834461e-06,1.3234639628726223e-05,8.331453623719946e-06,1.0749890591611576e-06,1.2693097691057462e-05,1.2069027481127072e-05,7.018628672040049e-06,1.2124419911644824e-05,6.118582125752668e-06,4.8001388932857285e-05,6.110727725407613e-06,6.0285606168266165e-06,7.018147147374108e-06,5.471982340020711e-06,-8.72822977653633e-06,2.0980971237228713e-05,8.860288570743596e-06,9.943121048785854e-06,6.7504452748865414e-06,7.021441850750984e-06,1.3234640136409333e-05,6.227627253876868e-06,7.625211373858403e-06,1.2069028829242707e-05,1.2693097918779127e-05
expAE03,UTAS_ElmerIce,/Volumes/FMac/computing/data/antarctica/ismip6/hackathon/ComputedScalarsHelene/expAE03/shelfmelt/computed_shelfmelt_AIS_UTAS_ElmerIce_expAE03.nc,-8.311377807114021e-07,3.4776418519606224e-06,1.0154901996460566e-06,2.17978542229697e-06,3.641090336930992e-06,7.202933737560159e-07,2.1041184925117596e-06,3.7088728182096886e-06,2.217355249142123e-06,1.8952459278419532e-06,2.699176268876614e-06,3.238662053316367e-06,-1.8958165093226888e-06,-1.2628837059712563e-06,2.06668783392427e-06,6.433610251825335e-07,-1.850561589184861e-05,-2.5100311064069393e-06,2.422142152138803e-06,3.21403371221683e-06,2.0817054789290627e-06,-6.549201852221338e-06,2.1797860540889273e-06,2.7174130292227952e-06,3.327751498514395e-06,3.708873464666445e-06,2.104118691192863e-06
expAE03,VUB_AISMPALEO,/Volumes/FMac/computing/data/antarctica/ismip6/hackathon/ComputedScalarsHelene/expAE03/shelfmelt/computed_shelfmelt_AIS_VUB_AISMPALEO_expAE03.nc,-0.00011571839904780225,2.609083578734083e-06,-1.9899466412607386e-05,-7.706838802196767e-05,2.9477468927513483e-06,1.9069879438691017e-06,-0.0002879611663052061,-0.00797837962776736,3.744549440121834e-06,-2.385048894130899e-05,3.0222365161631868e-06,-0.0002873475231111547,-0.00030221088813592247,-0.0002018102725578321,-5.301439151017232e-06,-2.906041122332754e-06,1.759992149342601e-05,-0.0007074102395759758,1.7227384803814597e-06,2.353573572834419e-06,7.195712654087133e-07,-2.8063889117468423e-09,-7.706837293698285e-05,2.374573722922128e-06,2.9700198927489555e-06,-0.007978377552012752,-0.00028796117758087946
expAE03,VUW_PISM1,/Volumes/FMac/computing/data/antarctica/ismip6/hackathon/ComputedScalarsHelene/expAE03/shelfmelt/computed_shelfmelt_AIS_VUW_PISM1_expAE03.nc,1.3668834349357994e-05,8.997623235180547e-06,8.236133611781248e-06,1.6512960729469846e-05,1.1011968554970407e-05,-5.844632816467283e-07,3.849475699116192e-06,8.614799080527102e-06,7.5757141406170535e-06,1.253144644752072e-05,6.054551991826197e-06,7.048070205973309e-07,8.001956831316881e-06,9.96841751624815e-06,1.943374082976192e-05,4.54134212128294e-06,-2.438142723944107e-05,1.3105361759803234e-05,9.963981390131142e-06,1.1232450135451032e-05,7.936340175340328e-06,9.115799288739897e-06,1.6512962228105826e-05,7.176718151036596e-06,9.672394814465404e-06,8.614798925447892e-06,3.849475534590838e-06
expAE03,VUW_PISM1_s1,/Volumes/FMac/computing/data/antarctica/ismip6/hackathon/ComputedScalarsHelene/expAE03/shelfmelt/computed_shelfmelt_AIS_VUW_PISM1_s1_expAE03.nc,1.3092427252111412e-05,1.0316987887108528e-05,8.893346955300769e-06,1.7395528849931e-05,1.1584411337086879e-05,-2.584679274755375e-07,5.359976627277979e-06,8.812816567848174e-06,9.678414881419958e-06,1.2901385897341255e-05,6.4547373253006035e-06,1.737977182856898e-06,9.316921688103096e-06,1.4304397284345252e-05,1.9822262277811283e-05,5.522554465255683e-06,-1.986485212284511e-05,1.3397815605665178e-05,1.0762508844280535e-05,1.1958766378765048e-05,8.875274975732924e-06,9.904061885071265e-06,1.739552806912524e-05,8.542774697399139e-06,1.0204378638982606e-05,8.812818048093498e-06,5.359976281191971e-06
expAE03,VUW_PISM1_s2,/Volumes/FMac/computing/data/antarctica/ismip6/hackathon/ComputedScalarsHelene/expAE03/shelfmelt/computed_shelfmelt_AIS_VUW_PISM1_s2_expAE03.nc,1.3756046956167312e-05,8.16339973203909e-06,8.243424533131941e-06,1.3833790183158698e-05,1.0447131172650507e-05,1.1534430277570048e-07,2.3794158076513174e-06,7.617345416000712e-06,7.473374512128162e-06,1.0833862202578674e-05,5.858670628821714e-06,1.4346891020694682e-06,9.127678200576618e-06,1.0595046642920357e-05,1.8103469143645836e-05,2.595077502047669e-06,-2.4723405716514763e-05,1.3230000733261232e-05,9.290974462054457e-06,1.039727458009022e-05,7.447587597550604e-06,8.745274108369525e-06,1.3833795674083034e-05,6.595966307800982e-06,9.193965544338347e-06,7.617345767649713e-06,2.379415868763411e-06
expAE03,VUW_PISM1_s3,/Volumes/FMac/computing/data/antarctica/ismip6/hackathon/ComputedScalarsHelene/expAE03/shelfmelt/computed_shelfmelt_AIS_VUW_PISM1_s3_expAE03.nc,1.152317199521726e-05,5.662959826213517e-06,7.5096675937650486e-06,1.127810872274169e-05,8.885492557295263e-06,1.0816122015030442e-06,2.296076016001888e-06,7.77239836819843e-06,7.127320100102134e-06,9.740638217030939e-06,5.753325924239512e-06,6.107194784038261e-06,7.864303408901232e-06,9.873298499717221e-06,1.7272115434056597e-05,3.497469149623315e-06,-2.470130331263188e-05,1.1508010914514144e-05,8.162995442559144e-06,8.630297881298667e-06,7.475052074584373e-06,7.167066027115914e-06,1.1278108989401325e-05,4.7467212865946766e-06,8.057328958274441e-06,7.772398670158692e-06,2.2960760484241605e-06
expAE03,VUW_PISM1_s4,/Volumes/FMac/computing/data/antarctica/ismip6/hackathon/ComputedScalarsHelene/expAE03/shelfmelt/computed_shelfmelt_AIS_VUW_PISM1_s4_expAE03.nc,1.4577177420331988e-05,1.1278540911778045e-05,8.812325344095577e-06,1.8813867051042106e-05,1.1563589307583295e-05,7.518939480045174e-07,5.227686640388311e-06,1.0592956115273098e-05,8.47416752695737e-06,1.373383376841462e-05,7.848249879800692e-06,4.666995188911639e-06,1.0171912374214314e-05,1.0342191942302046e-05,2.188442919852337e-05,5.761868025466814e-06,-2.5066556899201064e-05,1.3984651487081539e-05,1.1346272001957414e-05,1.2348131330260228e-05,9.741361763398545e-06,1.0014955042508144e-05,1.881386857148427e-05,9.507950428388906e-06,1.0636874904563776e-05,1.0592957497551523e-05,5.2276869045047705e-06
expAE03,VUW_PISM2,/Volumes/FMac/computing/data/antarctica/ismip6/hackathon/ComputedScalarsHelene/expAE03/shelfmelt/computed_shelfmelt_AIS_VUW_PISM2_expAE03.nc,1.499372053963121e-05,1.212426002685728e-05,1.108600992630406e-05,2.1226256806990715e-05,1.1715578279007142e-05,-9.004956034156277e-07,1.4867675051910355e-05,1.2610208798182979e-05,9.033258301939154e-06,1.0177096562792345e-05,7.891519327021978e-06,6.908049805482004e-06,1.782590555437863e-05,2.0141210405101832e-05,2.3525703036705145e-05,7.90156241348966e-06,-3.1478238699205705e-05,1.5503449649166852e-05,1.3801492621618737e-05,1.51199514140627e-05,1.1253714743138133e-05,1.1006680549504972e-05,2.1226256099703886e-05,9.9388878864615e-06,1.0655923446362093e-05,1.261021181382415e-05,1.4867674713527882e-05
expAE03,VUW_PISM2_s1,/Volumes/FMac/computing/data/antarctica/ismip6/hackathon/ComputedScalarsHelene/expAE03/shelfmelt/computed_shelfmelt_AIS_VUW_PISM2_s1_expAE03.nc,1.4579575318788229e-05,1.468411622519542e-05,1.17294920698027e-05,2.2497647217200405e-05,1.2230009490032878e-05,-9.173591762328039e-07,1.599686921003177e-05,1.3946792447476533e-05,9.982619857364478e-06,1.0809776121344062e-05,9.612667582236177e-06,9.105708966180747e-06,1.8230004779542366e-05,2.15043363751621e-05,2.465757698184106e-05,8.924877800699698e-06,-2.940200529695252e-05,1.5888812445866037e-05,1.49899424624351e-05,1.6170568436330496e-05,1.2811677554168362e-05,1.1886167945015048e-05,2.2497647151720817e-05,1.2351752387899419e-05,1.1568095582315678e-05,1.3946791308967755e-05,1.599687040968439e-05
expAE03,VUW_PISM2_s2,/Volumes/FMac/computing/data/antarctica/ismip6/hackathon/ComputedScalarsHelene/expAE03/shelfmelt/computed_shelfmelt_AIS_VUW_PISM2_s2_expAE03.nc,1.599764266282636e-05,1.0232974361684269e-05,1.0506854630725163e-05,2.1669738435115764e-05,1.1401756338404678e-05,-7.302547944946417e-07,1.157325645320047e-05,1.1488970070368137e-05,8.491921877436038e-06,8.218425585067973e-06,7.915675211437417e-06,7.474230336845198e-06,1.6232601285246338e-05,1.7176649768602855e-05,2.1952364388913228e-05,6.7022912970340595e-06,-3.0211247452497315e-05,1.5883717891827287e-05,1.318813864665734e-05,1.4695069271499889e-05,1.0212018921570883e-05,1.1216900433569167e-05,2.166974140818061e-05,8.228165808459243e-06,1.0453721502079852e-05,1.1488969207066282e-05,1.1573254433679762e-05
expAE03,VUW_PISM2_s3,/Volumes/FMac/computing/data/antarctica/ismip6/hackathon/ComputedScalarsHelene/expAE03/shelfmelt/computed_shelfmelt_AIS_VUW_PISM2_s3_expAE03.nc,1.3776485820479111e-05,7.943014225590309e-06,9.265299704228493e-06,2.0704351027250887e-05,9.710129760169667e-06,1.154903916968288e-06,1.1268879505990309e-05,9.788088049188465e-06,8.207936283370947e-06,9.455198907342508e-06,7.384837595482395e-06,1.1993085316439953e-05,1.539833923410572e-05,1.9251218606526997e-05,2.183797650435947e-05,8.130688424625821e-06,-3.0501661813928504e-05,1.4920674760710554e-05,1.0790435057158154e-05,1.10880235857987e-05,1.0279638706981631e-05,1.050268442080651e-05,2.0704348994845796e-05,6.778150971584565e-06,9.133135276815127e-06,9.788088744445852e-06,1.1268879101494829e-05
expAE03,VUW_PISM2_s4,/Volumes/FMac/computing/data/antarctica/ismip6/hackathon/ComputedScalarsHelene/expAE03/shelfmelt/computed_shelfmelt_AIS_VUW_PISM2_s4_expAE03.nc,1.5540524199319104e-05,1.5715662519118963e-05,1.2225385493150223e-05,2.180695829479065e-05,1.2245357457874905e-05,9.499318087069553e-07,1.7304866740784663e-05,1.4779371096750794e-05,9.925893533792649e-06,9.04471009378044e-06,9.518183994238349e-06,9.849963562423012e-06,1.7685959109669073e-05,2.0366336827543644e-05,2.4227853384786848e-05,1.0550368185026028e-05,-3.1012724374045034e-05,1.5897339418041498e-05,1.5213018264855563e-05,1.6462088573501973e-05,1.2722874397173751e-05,1.1755096403560118e-05,2.180695711289658e-05,1.3568963327924317e-05,1.1521395068584401e-05,1.4779373197534657e-05,1.730486815585734e-05
expAE03,IMAU_UFEMISM1,/Volumes/FMac/computing/data/antarctica/ismip6/hackathon/ComputedScalarsHelene/expAE03/shelfmelt/jb_computed_shelfmelt_AIS_IMAU_UFEMISM1_expAE03.nc,-1.6838521064345963e-06,1.0763568009807787e-05,3.99699789160519e-05,2.289873204364612e-05,6.979162758807769e-06,1.0400334517561165e-07,2.116562092084334e-05,2.080165740824457e-05,6.814729569487427e-06,5.602429845669335e-06,7.071891684186347e-06,,-0.0033204081824468653,-5.517631551953284e-05,2.116878541598267e-05,-8.203136467316843e-06,-3.2421279384867644e-05,-6.429849340218292e-05,7.379854324277913e-06,8.84407100781922e-06,6.415360370964972e-06,-4.703967420768797e-05,2.2898732772100017e-05,8.300333107035926e-06,7.018086133943104e-06,2.0801656312834286e-05,2.11656210261892e-05
expAE03,IMAU_UFEMISM2,/Volumes/FMac/computing/data/antarctica/ismip6/hackathon/ComputedScalarsHelene/expAE03/shelfmelt/jb_computed_shelfmelt_AIS_IMAU_UFEMISM2_expAE03.nc,-1.2199610085970351e-05,1.5620460261447085e-05,2.8156175760616864e-06,1.2084972004596332e-05,8.218922369501906e-06,6.987620248523303e-07,2.8954167446671723e-06,8.032480626153606e-06,4.617935167385434e-06,1.112936844764052e-05,7.0110004530626535e-06,,-0.0018204108532144901,-2.816860800021498e-05,1.6608963999773928e-05,-7.291109041908936e-06,-3.948300219798036e-05,-0.0018091516453128105,8.402991298835505e-06,1.1031061438219253e-05,5.451092269024848e-06,-5.222102567423635e-05,1.208497245346352e-05,1.1845224128131291e-05,7.773234453092081e-06,8.032478233683149e-06,2.8954182969390323e-06
expAE03,IMAU_UFEMISM3,/Volumes/FMac/computing/data/antarctica/ismip6/hackathon/ComputedScalarsHelene/expAE03/shelfmelt/jb_computed_shelfmelt_AIS_IMAU_UFEMISM3_expAE03.nc,-6.256485188563744e-06,1.9119061731091096e-05,1.8161681145947963e-06,3.468981559192607e-05,1.0234742386813276e-05,1.8898333917292227e-06,1.3831954007428503e-05,6.497790468961765e-06,8.849777267599966e-06,6.882751143803879e-06,9.201090813639117e-06,0.00017628951303729976,-0.00037981464090990866,-3.6748557790822168e-06,1.4453243794731424e-05,-5.457834106695069e-06,-2.1812278398443856e-05,-0.011338713182098125,1.1133798968130352e-05,1.3828145979583114e-05,7.754516304665515e-06,-3.015816427265807e-05,3.468981721704081e-05,1.5170622753913196e-05,9.885279777644082e-06,6.497789783232947e-06,1.3831958720162876e-05
expAE03,IMAU_UFEMISM4,/Volumes/FMac/computing/data/antarctica/ismip6/hackathon/ComputedScalarsHelene/expAE03/shelfmelt/jb_computed_shelfmelt_AIS_IMAU_UFEMISM4_expAE03.nc,-9.200077075979491e-06,1.8592607308520314e-05,8.713452846194944e-07,2.4252242635609447e-05,1.0187631690300292e-05,1.1718367051999027e-06,2.4891251561822156e-06,9.871736582993564e-06,7.462930213083818e-06,6.974381605857822e-06,7.283160111944073e-06,0.00012989751636024416,-0.00030100636454884986,-6.904809775649004e-06,1.300062622853319e-05,-3.832498276451493e-06,-1.928902712301479e-05,,1.0476255221880213e-05,1.3513988878704997e-05,6.376360985448476e-06,-2.828855188101434e-05,2.4252245415751168e-05,1.4613875705623637e-05,9.204419909014222e-06,9.871734244995519e-06,2.4891237231221877e-06
expAE04,DC_ISSM,/Volumes/FMac/computing/data/antarctica/ismip6/hackathon/ComputedScalarsHelene/expAE04/shelfmelt/computed_shelfmelt_AIS_DC_ISSM_expAE04.nc,-6.077561120770643e-06,3.842217091954145e-06,8.423750072144243e-08,5.4107024667947574e-06,5.277024849155108e-06,2.20873883002286e-09,7.651300595380959e-06,4.28190427592045e-06,3.025779119139668e-06,2.2570463028422817e-06,5.059006259304671e-06,-1.4240837198181017e-05,-1.7623324053060323e-05,2.0403538776524223e-06,3.011218645722158e-06,-2.6641929055572848e-05,-0.00014140106801275353,-1.3052762797779653e-05,2.2117006611599496e-06,4.110715445598279e-06,2.950257169271197e-06,-3.9656961475853775e-05,5.410703218918598e-06,2.832543723526178e-06,5.2206533019586665e-06,4.281902751569005e-06,7.651299676121888e-06
expAE04,DOE_MALI_4km,/Volumes/FMac/computing/data/antarctica/ismip6/hackathon/ComputedScalarsHelene/expAE04/shelfmelt/computed_shelfmelt_AIS_DOE_MALI_4km_expAE04.nc,1.359946158579225e-05,1.1815716552773359e-05,6.402495298971305e-06,1.9718981975177963e-05,1.0317233482360036e-05,1.3850898050918925e-06,2.0238988830994132e-05,1.462090543258807e-05,5.828814442094872e-06,1.18171721124803e-05,9.497786196717631e-06,7.440359299149853e-06,1.1889074164112532e-05,8.40197885232689e-06,1.4185364999176068e-05,8.084587337438205e-06,-1.7726961381504603e-05,7.200192773913967e-06,1.1582203592496538e-05,1.2800514457877953e-05,1.0079419508840207e-05,6.020634585637483e-07,1.9718983613750166e-05,9.637142340272985e-06,1.0091496080108045e-05,1.4620906112603404e-05,2.0238987847386924e-05
expAE04,DOE_MALI_8km_Ant95,/Volumes/FMac/computing/data/antarctica/ismip6/hackathon/ComputedScalarsHelene/expAE04/shelfmelt/computed_shelfmelt_AIS_DOE_MALI_8km_Ant95_expAE04.nc,1.667530077388378e-05,1.784216239888928e-05,7.3524081902604825e-06,1.4681661304237701e-05,1.2102958735638637e-05,1.1516477326857831e-06,2.383831941631033e-05,1.6888602999740995e-05,8.653970777326966e-06,1.3024316824415118e-05,1.1025694369156519e-05,5.476028174442143e-06,-3.6665793076422136e-05,7.2338504595813664e-06,1.7014573547502725e-05,8.220846819036211e-06,-1.897627398837075e-05,1.804397013433156e-06,1.4113419362337001e-05,1.5262755819015695e-05,1.1588694353550575e-05,-3.3989965997814434e-06,1.4681662293678142e-05,1.4991591994065462e-05,1.1793784780464752e-05,1.6888601741542884e-05,2.3838316629321677e-05
expAE04,DOE_MALI_8km_AntMean,/Volumes/FMac/computing/data/antarctica/ismip6/hackathon/ComputedScalarsHelene/expAE04/shelfmelt/computed_shelfmelt_AIS_DOE_MALI_8km_AntMean_expAE04.nc,1.1279604409677572e-05,1.559011452236939e-05,6.864887325229316e-06,1.5243032519511692e-05,1.158128667565871e-05,9.70730305265125e-07,2.2990346539134673e-05,1.6048127894176328e-05,7.427259843129542e-06,1.2956248408224316e-05,9.751862377864245e-06,3.390113326846239e-06,-2.97357172928529e-05,6.210089034902326e-06,1.6803183051316114e-05,7.763204302542257e-06,-1.9471906742663193e-05,2.5258430294217607e-06,1.3221385854045781e-05,1.456830683873948e-05,1.059809525860424e-05,-3.0771155487872513e-06,1.5243030693256796e-05,1.2930991237579957e-05,1.1026488284637721e-05,1.604812591508192e-05,2.299034575132228e-05
expAE04,IGE_ElmerIce,/Volumes/FMac/computing/data/antarctica/ismip6/hackathon/ComputedScalarsHelene/expAE04/shelfmelt/computed_shelfmelt_AIS_IGE_ElmerIce_expAE04.nc,-1.09001001744449e-05,1.7039991794396728e-06,-1.3911616126702682e-06,3.9082153145989645e-06,3.6201890874349285e-06,2.201892763282216e-07,8.804213329616487e-06,2.50453303242086e-06,1.6120056995486245e-06,1.5611059142261009e-06,2.3002348003287712e-06,-3.517980556686389e-06,-2.7348918509839432e-05,-1.261297661637327e-06,2.2518451130371617e-06,-4.3876187216626065e-06,-3.516079064069567e-05,-1.1503057024968013e-05,1.165912572804174e-06,2.2617812121181875e-06,1.6125167817078934e-06,-1.891424100642261e-05,3.9082159785762436e-06,1.337145044020628e-06,3.152966581320221e-06,2.50453322039858e-06,8.804213976998278e-06
expAE04,ILTS_SICOPOLIS,/Volumes/FMac/computing/data/antarctica/ismip6/hackathon/ComputedScalarsHelene/expAE04/shelfmelt/computed_shelfmelt_AIS_ILTS_SICOPOLIS_expAE04.nc,1.9115714289805003e-05,1.7213503742224928e-05,9.809558939269155e-06,2.4691250726620185e-05,1.2988821164132165e-05,2.3209514793935406e-06,2.067315535942108e-05,1.7253881905418643e-05,1.653599793089038e-05,1.5532534910021492e-05,1.4123620299269096e-05,9.44818812070742e-06,4.757278883470277e-06,2.1971234562254487e-05,2.071100197937899e-05,5.272885622715454e-06,-1.0921890360703394e-05,2.060603361462048e-05,1.6188328410638295e-05,1.6771870510536403e-05,1.5085353285976103e-05,1.3342691258897867e-05,2.4691253820500667e-05,1.5427699486049333e-05,1.337747423129436e-05,1.7253883637723504e-05,2.067315620686038e-05
expAE04,IMAU_UFEMISM1,/Volumes/FMac/computing/data/antarctica/ismip6/hackathon/ComputedScalarsHelene/expAE04/shelfmelt/computed_shelfmelt_AIS_IMAU_UFEMISM1_expAE04.nc,-7.807582108344413e-05,1.1385760902092299e-05,3.279482257922821e-05,4.6081655010059885e-05,9.6046818863595e-06,5.481300603759081e-07,,1.6329076460245537e-05,6.783042388516271e-06,1.5461932943531216e-05,8.994350482766779e-06,,-0.007703292078010202,-1.2431095177789237e-05,1.6431157942263417e-05,-5.9624588738109754e-05,-0.00012410027923440104,-0.00044336881704009636,7.396106128745801e-06,1.0600634011910316e-05,6.378596293050798e-06,-0.00017641225031578,4.608165581165304e-05,8.438138269625045e-06,9.389236442537732e-06,1.632907333668292e-05,
expAE04,IMAU_UFEMISM2,/Volumes/FMac/computing/data/antarctica/ismip6/hackathon/ComputedScalarsHelene/expAE04/shelfmelt/computed_shelfmelt_AIS_IMAU_UFEMISM2_expAE04.nc,-7.828364455219285e-05,1.344662050565684e-05,-3.3672281875349746e-06,3.195872945595519e-05,1.1064245303792955e-05,9.076733647554505e-07,-0.004859075383967842,1.911643849200542e-06,5.406520908577159e-06,2.1730918233432504e-05,8.93668397377135e-06,,-0.004321382416126293,-2.9855390826098003e-06,1.5342887913294274e-05,-6.166010300069992e-05,-0.00012776962481862717,-0.007284487270512755,8.132849352350524e-06,1.1760652095872743e-05,5.796844815002693e-06,-0.00016107860195935326,3.195872370405592e-05,9.865341724478843e-06,1.0276845900878553e-05,1.9116455476493365e-06,-0.00485907517787953
expAE04,IMAU_UFEMISM3,/Volumes/FMac/computing/data/antarctica/ismip6/hackathon/ComputedScalarsHelene/expAE04/shelfmelt/computed_shelfmelt_AIS_IMAU_UFEMISM3_expAE04.nc,-2.0312813636465038e-05,1.6349002679850725e-05,7.223713304582401e-07,3.771356216650763e-05,1.4119787988086096e-05,1.5873619165347007e-06,-2.7530687173603053e-05,5.089207299640776e-06,6.682630909612881e-06,1.4073600727448905e-05,1.2175015960990746e-05,6.159059253783364e-05,-0.0005920742992814274,5.731158962661342e-06,1.732882535798779e-05,-3.5252828578070034e-05,-5.6113795199108705e-05,-0.027658389807957266,1.18884328592785e-05,1.4969693253295038e-05,8.877799071270091e-06,-8.154130288231723e-05,3.771356078427446e-05,1.2552467913878953e-05,1.3506294191186278e-05,5.089205972572057e-06,-2.753068846205425e-05
expAE04,IMAU_UFEMISM4,/Volumes/FMac/computing/data/antarctica/ismip6/hackathon/ComputedScalarsHelene/expAE04/shelfmelt/computed_shelfmelt_AIS_IMAU_UFEMISM4_expAE04.nc,-2.4071432795889266e-05,1.586173500830772e-05,2.4765429934592276e-08,2.8766479461727755e-05,1.3799432857174396e-05,1.7230196886420854e-06,-0.00012513968429850414,8.68669597085186e-06,7.5535511766533325e-06,1.1279927108178919e-05,9.39951476551481e-06,9.941632516058075e-05,-0.0006891736221255878,1.980395692121077e-06,1.6598474724777866e-05,-3.7882933277186294e-05,-6.616542123075399e-05,,1.1089895075541827e-05,1.4484703874398695e-05,7.415705121435933e-06,-9.588301187093263e-05,2.8766477235157085e-05,1.2275497907629264e-05,1.2354509880205312e-05,8.686694497802701e-06,-0.00012513969986177319
expAE04,LSCE_GRISLI2,/Volumes/FMac/computing/data/antarctica/ismip6/hackathon/ComputedScalarsHelene/expAE04/shelfmelt/computed_shelfmelt_AIS_LSCE_GRISLI2_expAE04.nc,-8.094147912189164e-06,9.256489659370953e-06,-1.2282187784603305e-06,1.2957136048607862e-05,8.182700975760871e-06,-7.126871669150172e-07,1.1949637959344779e-05,-1.4611410429664948e-06,6.548293386796338e-06,6.05812418466802e-06,7.330959767207309e-07,-1.567089011281763e-05,-3.6654310552200375e-05,-9.86545863044601e-06,4.6794646652221216e-06,-3.3654098574647055e-05,-0.00011350564590259381,-1.9738492152816723e-05,4.373368364514779e-06,8.02177438957832e-06,1.1499300750088574e-06,-4.0680308208333736e-05,1.2957135106722974e-05,7.573686153104154e-06,5.635393778151729e-06,-1.4611408864469678e-06,1.1949639722155373e-05
expAE04,LSCE_GRISLI,/Volumes/FMac/computing/data/antarctica/ismip6/hackathon/ComputedScalarsHelene/expAE04/shelfmelt/computed_shelfmelt_AIS_LSCE_GRISLI_expAE04.nc,8.187444818192919e-05,1.4884854575709051e-05,4.8365006240264675e-05,3.2873879491604275e-05,1.1959878642745855e-05,3.622686157533325e-06,7.510393979550811e-05,5.916879496654552e-05,2.462597827397353e-05,4.60062036186461e-05,1.2134845195539185e-05,5.93900564398838e-05,0.0001872759760011795,9.10972539815901e-05,6.935240023493216e-05,2.9905532589707348e-05,-5.318635660193002e-05,0.00010861166597989868,2.5670166797282237e-05,1.9755078920189716e-05,3.473056020613324e-05,6.537013914399191e-05,3.287387528511625e-05,1.3452533521922783e-05,1.2065677190751754e-05,5.9168788740405596e-05,7.510395751698e-05
expAE04,NCAR_CISM1,/Volumes/FMac/computing/data/antarctica/ismip6/hackathon/ComputedScalarsHelene/expAE04/shelfmelt/computed_shelfmelt_AIS_NCAR_CISM1_expAE04.nc,-4.843116580423527e-06,4.5305063390811435e-06,1.309922523077496e-06,9.102500706412521e-06,6.871127088774575e-06,8.813875233902144e-07,-6.311254973680771e-08,-5.379147498860788e-06,2.73565877932128e-06,3.2626420502122696e-06,5.279462284061772e-06,-3.266528878840345e-06,-1.034412282741215e-05,-7.95199201857579e-07,3.920268337658868e-06,-5.3306352234184044e-06,-5.260543305177311e-05,-6.793092028837811e-06,3.7260294873870906e-06,5.602888318621239e-06,2.8065051274549916e-06,-1.7100116883113406e-05,9.102499239718525e-06,3.4920400014696187e-06,6.332673156624462e-06,-5.379147027933824e-06,-6.311260173956453e-08
expAE04,NCAR_CISM2,/Volumes/FMac/computing/data/antarctica/ismip6/hackathon/ComputedScalarsHelene/expAE04/shelfmelt/computed_shelfmelt_AIS_NCAR_CISM2_expAE04.nc,2.1332587769722266e-05,1.1337335022136918e-05,1.0596826551321849e-05,2.7612239829235474e-05,9.165178190356457e-06,2.6545052613567496e-06,1.4334094984845896e-05,1.6464819067706702e-05,8.166554923055584e-06,2.001930270046145e-05,1.2419902671509894e-05,1.1191180029677938e-05,2.680332550965899e-05,1.2237485272406185e-05,1.6503013596379923e-05,7.3571170856824505e-06,1.9875131698626648e-06,2.3605140390130444e-05,1.2393011381166491e-05,1.1945428920610018e-05,1.268989329818072e-05,1.5425490699836933e-05,2.7612242359935346e-05,9.455459520929055e-06,1.0310264799765046e-05,1.6464820723050868e-05,1.4334096349576262e-05
expAE04,NORCE_CISM2-MAR364-ERA-t1,/Volumes/FMac/computing/data/antarctica/ismip6/hackathon/ComputedScalarsHelene/expAE04/shelfmelt/computed_shelfmelt_AIS_NORCE_CISM2-MAR364-ERA-t1_expAE04.nc,1.8764259716412078e-05,1.197321051881809e-05,1.0261972799448835e-05,2.929769401200941e-05,8.989187325600017e-06,8.896104350900312e-06,1.4179562598283497e-05,1.641152615832108e-05,1.2229351743788069e-05,1.4252554153295625e-05,1.3359113755358627e-05,8.671732471097571e-06,7.112970763764074e-06,1.353931841269171e-05,1.45970810320541e-05,2.7202319990927073e-06,-4.55378056788387e-05,5.543993689152061e-06,1.2845465220358933e-05,1.3205183517396622e-05,1.3306831304239955e-05,-7.1753243822428895e-06,2.9297698426875187e-05,1.1362042209527581e-05,1.0496998667514986e-05,1.6411530302885127e-05,1.4179563572429793e-05
expAE04,NORCE_CISM3-MAR364-ERA-t1-local,/Volumes/FMac/computing/data/antarctica/ismip6/hackathon/ComputedScalarsHelene/expAE04/shelfmelt/computed_shelfmelt_AIS_NORCE_CISM3-MAR364-ERA-t1-local_expAE04.nc,1.6907215425174164e-06,6.114939104759026e-06,4.649228223464254e-06,1.5007961158373546e-05,7.05115246142915e-06,2.241463696239283e-06,6.310209473515638e-06,9.696929171959089e-06,5.71997989566397e-06,1.0954138233922102e-05,6.815138538887219e-06,3.954176981217884e-06,1.3699906637972775e-06,6.8144425845198985e-06,8.77522814073462e-06,1.7401618393227073e-06,-5.5662294036931335e-05,-8.258499075979074e-07,6.185903339004486e-06,6.946693316234295e-06,6.65755207293715e-06,-1.3974130758574787e-05,1.5007958790934813e-05,5.028083740032129e-06,6.993761237516917e-06,9.696929899187564e-06,6.310209224598257e-06
expAE04,NORCE_CISM3-MAR364-ERA-t1-nonlocal,/Volumes/FMac/computing/data/antarctica/ismip6/hackathon/ComputedScalarsHelene/expAE04/shelfmelt/computed_shelfmelt_AIS_NORCE_CISM3-MAR364-ERA-t1-nonlocal_expAE04.nc,2.8339112595888844e-06,6.937510666947637e-06,6.0562194219775274e-06,1.7328269309895447e-05,7.3804871285151856e-06,2.3110299730403693e-06,7.404640055899106e-06,1.1389725688876855e-05,6.276310033362469e-06,1.2057722711478336e-05,7.1233015539824245e-06,4.6514730422667736e-06,3.770319708066037e-06,7.950878163542186e-06,1.0245840248475565e-05,1.9159559885035407e-06,-4.8974231062803015e-05,8.873038469323935e-07,6.9839000108550094e-06,7.728457282442297e-06,7.386676804554112e-06,-1.2616917164330005e-05,1.7328272548876362e-05,5.68758073722386e-06,7.314747157050631e-06,1.138972475848208e-05,7.404641083265708e-06
expAE04,NORCE_CISM3-MAR364-ERA-t1,/Volumes/FMac/computing/data/antarctica/ismip6/hackathon/ComputedScalarsHelene/expAE04/shelfmelt/computed_shelfmelt_AIS_NORCE_CISM3-MAR364-ERA-t1_expAE04.nc,2.379733143966816e-05,1.2019921783931889e-05,1.2308156573621164e-05,3.297638989635132e-05,9.963723609162493e-06,7.126062216368012e-06,1.832994027281095e-05,1.9456668554849266e-05,1.4124106406265007e-05,1.9125514992645107e-05,1.3087361175685046e-05,6.03569211594997e-06,1.2353039191962394e-05,1.4332055655149339e-05,1.8723022802334612e-05,1.4281685358961111e-06,-5.5128095812425984e-05,6.8941702016382925e-06,1.3927259379663954e-05,1.4106677147562749e-05,1.4608406746336048e-05,-9.34266913382463e-06,3.2976386995173345e-05,1.103409032485856e-05,1.108842277496547e-05,1.9456675510580013e-05,1.8329940609681405e-05
expAE04,NORCE_CISM4-MAR364-ERA-t1-local,/Volumes/FMac/computing/data/antarctica/ismip6/hackathon/ComputedScalarsHelene/expAE04/shelfmelt/computed_shelfmelt_AIS_NORCE_CISM4-MAR364-ERA-t1-local_expAE04.nc,4.993133141981437e-06,7.46503172437788e-06,5.804386165427078e-06,1.8619812354327655e-05,8.37458402553748e-06,2.592493935423325e-06,9.47197541394142e-06,1.8571114817302942e-05,7.818126547400023e-06,1.6676093579791296e-05,7.445430187510154e-06,4.442702323251275e-06,2.6821977467435927e-05,1.2283541332401931e-05,1.4841389633341845e-05,1.3866048603656879e-06,-6.401924857670963e-05,6.532482159463866e-07,8.346157908467026e-06,8.571177703817942e-06,9.527291865889906e-06,-1.6044663640199158e-05,1.861981633449932e-05,6.049888536507954e-06,8.091518457594513e-06,1.8571113947299122e-05,9.471975205379859e-06
expAE04,NORCE_CISM4-MAR364-ERA-t1-nonlocal,/Volumes/FMac/computing/data/antarctica/ismip6/hackathon/ComputedScalarsHelene/expAE04/shelfmelt/computed_shelfmelt_AIS_NORCE_CISM4-MAR364-ERA-t1-nonlocal_expAE04.nc,5.5916569863846925e-06,8.270325142886036e-06,6.085965857012064e-06,2.1046501420576306e-05,8.750315784621179e-06,2.7561851408785556e-06,1.1372403123160462e-05,1.947836164379894e-05,8.460718317387133e-06,1.837018473547372e-05,7.514862921697955e-06,2.5727930300371205e-06,2.7889792770687865e-05,1.4222900909244857e-05,1.6207488926428538e-05,1.576799932891789e-06,-6.2260691496425e-05,1.4010208778142446e-06,9.089671879438323e-06,9.265691570729455e-06,1.0270073416340673e-05,-1.4865038542550916e-05,2.1046491223188423e-05,6.713103181751682e-06,8.362654290147173e-06,1.947836232844557e-05,1.1372405120858566e-05
expAE04,NORCE_CISM4-MAR364-ERA-t1,/Volumes/FMac/computing/data/antarctica/ismip6/hackathon/ComputedScalarsHelene/expAE04/shelfmelt/computed_shelfmelt_AIS_NORCE_CISM4-MAR364-ERA-t1_expAE04.nc,2.3290261658953628e-05,1.1838409736911313e-05,7.98127362496622e-06,3.9584634600309306e-05,1.0464731993777317e-05,4.298765361727464e-06,1.612527162841995e-05,2.3367432964305347e-05,8.551115895701295e-06,2.2551137639222964e-05,1.2535423822340583e-05,6.381023460755565e-06,2.4756886866853015e-05,1.5626124051303994e-05,2.1393916575481563e-05,3.1247130569953123e-06,-8.421500528052879e-05,5.681636831263915e-06,1.3574972832886138e-05,1.362743798496208e-05,1.4555705786113097e-05,-1.3335145490635156e-05,3.958464222551276e-05,1.0337783005494785e-05,1.129590629555197e-05,2.3367434715464945e-05,1.612527340838957e-05
expAE04,NORCE_CISM4-MAR364-JRA-t1,/Volumes/FMac/computing/data/antarctica/ismip6/hackathon/ComputedScalarsHelene/expAE04/shelfmelt/computed_shelfmelt_AIS_NORCE_CISM4-MAR364-JRA-t1_expAE04.nc,2.488617168057968e-05,1.2352451771189787e-05,7.905843506840798e-06,3.985752816110931e-05,1.077053614086734e-05,5.191387992896249e-06,1.6242626728541475e-05,2.3767068271071818e-05,8.15110324595957e-06,2.2971063583947007e-05,1.2831051632809295e-05,7.169828048309179e-06,2.5419269402749568e-05,1.7377571696501313e-05,2.1291478660024814e-05,2.256293915460786e-06,-8.031864637995859e-05,5.0529479599369145e-06,1.3950411674675779e-05,1.3975361221978303e-05,1.5041184143897232e-05,-1.3639821634827277e-05,3.985752224204545e-05,1.0899807429553426e-05,1.1591494416491526e-05,2.3767063754877176e-05,1.6242626905142766e-05
expAE04,NORCE_CISM5-MAR364-ERA-t1-local,/Volumes/FMac/computing/data/antarctica/ismip6/hackathon/ComputedScalarsHelene/expAE04/shelfmelt/computed_shelfmelt_AIS_NORCE_CISM5-MAR364-ERA-t1-local_expAE04.nc,1.4818275764764608e-05,8.348797696670395e-06,9.361575772037336e-06,1.9536977648364195e-05,9.298759963522316e-06,1.2937500637546238e-06,1.6967466398421378e-05,2.007862448914815e-05,8.23268553639572e-06,2.7876727062388084e-05,1.2052557410489615e-05,-4.456498667039667e-06,2.7693068849027425e-05,2.8639040748304343e-05,2.2719113664474148e-05,-2.716699077238605e-06,-7.171747399956358e-05,1.3650983301611685e-05,1.1347332595052014e-05,9.909598486144301e-06,1.4456120524071107e-05,-1.1507154885323793e-05,1.9536973372603626e-05,6.525146816324421e-06,1.0348710051380211e-05,2.0078630476394335e-05,1.69674722795405e-05
expAE04,NORCE_CISM5-MAR364-ERA-t1-nonlocal,/Volumes/FMac/computing/data/antarctica/ismip6/hackathon/ComputedScalarsHelene/expAE04/shelfmelt/computed_shelfmelt_AIS_NORCE_CISM5-MAR364-ERA-t1-nonlocal_expAE04.nc,1.5689980976253538e-05,9.411216315565375e-06,1.1969422067389466e-05,2.2352877915555583e-05,9.939839702079948e-06,1.027875926952127e-06,1.749833644280383e-05,1.8814185693562577e-05,1.1356066935844951e-05,2.7803454379221106e-05,1.2276506710905418e-05,-3.7607375729093087e-06,3.0092196876232316e-05,2.8364225391698013e-05,2.3373650061356207e-05,-2.286981408042125e-06,-6.422962949910653e-05,1.5303761691163856e-05,1.212039536397746e-05,1.1079203841269736e-05,1.4643987458428419e-05,-9.779777531090664e-06,2.2352870376207094e-05,7.32028376480841e-06,1.0844760758634123e-05,1.8814182999420454e-05,1.7498338022544367e-05
expAE04,NORCE_CISM5-MAR364-ERA-t1,/Volumes/FMac/computing/data/antarctica/ismip6/hackathon/ComputedScalarsHelene/expAE04/shelfmelt/computed_shelfmelt_AIS_NORCE_CISM5-MAR364-ERA-t1_expAE04.nc,2.0544753581848346e-05,1.0756999772196947e-05,1.024490137925318e-05,2.7973416819284672e-05,1.0764342062244299e-05,1.8814437115874736e-06,1.663580737963571e-05,2.673182646152124e-05,1.2982954183752644e-05,2.6151985013057618e-05,1.3949647632086646e-05,-3.5017547575636744e-06,2.8109777680056055e-05,2.866381015057422e-05,2.3768209893745766e-05,-3.873754964976372e-06,-7.633916740173257e-05,1.5540921971621736e-05,1.374511905904166e-05,1.2458804553818831e-05,1.661906518016187e-05,-8.88331289320082e-06,2.797341024258958e-05,8.83082903370073e-06,1.1966935980772128e-05,2.6731825427883042e-05,1.663580448835532e-05
expAE04,PIK_PISM,/Volumes/FMac/computing/data/antarctica/ismip6/hackathon/ComputedScalarsHelene/expAE04/shelfmelt/computed_shelfmelt_AIS_PIK_PISM_expAE04.nc,-3.487817667521445e-06,1.6274653325560193e-05,9.581660492723848e-06,2.4213018071134853e-05,2.1746346186024466e-05,4.9884543069801965e-06,2.20544401593786e-05,2.386813773494588e-05,2.247877570916002e-05,1.1096003561613502e-05,1.287944363532181e-05,-6.65693797521672e-06,-2.476610340825432e-05,1.5443168579022447e-05,1.2421738327241883e-05,-6.7346496690483795e-06,-3.8807921898057056e-05,-6.196293878822741e-06,1.512351028699167e-05,1.8246829764083386e-05,1.4739807509509215e-05,-1.9219657825209114e-05,2.42130247998837e-05,1.3910480306576196e-05,1.779636009552974e-05,2.386813808478727e-05,2.2054435891867193e-05
expAE04,UCM_Yelmo,/Volumes/FMac/computing/data/antarctica/ismip6/hackathon/ComputedScalarsHelene/expAE04/shelfmelt/computed_shelfmelt_AIS_UCM_Yelmo_expAE04.nc,1.2749338218287081e-05,6.528920237287049e-06,8.331863038182913e-06,1.4007968200954797e-05,1.0255439315509083e-05,2.147776163799319e-08,3.291257340531075e-06,1.365482976758699e-06,7.333769774403165e-06,2.7124410152652943e-05,1.106132404649424e-05,-1.1395896952491302e-05,3.2609598647982585e-06,7.574530160559317e-06,4.088828962962557e-05,-8.384556861016937e-05,-0.00059339837086598,-1.0959803342931102e-05,6.7690811983338215e-06,9.509314813817864e-06,9.441048159422644e-06,-0.00017056711651107238,1.400797294065314e-05,4.2136379266459655e-06,1.0580579584655624e-05,1.3654828984089455e-06,3.2912575547136906e-06
expAE04,UCSD_ISSM,/Volumes/FMac/computing/data/antarctica/ismip6/hackathon/ComputedScalarsHelene/expAE04/shelfmelt/computed_shelfmelt_AIS_UCSD_ISSM_expAE04.nc,6.842457667649237e-07,1.4861860483250062e-05,5.371979617121546e-08,1.1286201986847356e-05,3.557712630980035e-06,1.97529010574443e-05,1.3978473947814963e-05,9.498113506964556e-06,2.4574473935883447e-05,2.465081217161119e-05,1.102879252758377e-05,2.9259515031894217e-05,2.008513238799794e-05,1.2753827265477712e-05,8.254145144826307e-06,1.1821662614375106e-05,-3.361074086885784e-05,1.1341967921402986e-06,7.014664490473769e-06,6.030787829009683e-06,1.3299690503979754e-05,-1.782626605721888e-07,1.1286203852832538e-05,1.5118811847444971e-05,4.957401289171981e-06,9.498117078384744e-06,1.3978473536964188e-05
expAE04,ULB_fETISh-KoriBU1,/Volumes/FMac/computing/data/antarctica/ismip6/hackathon/ComputedScalarsHelene/expAE04/shelfmelt/computed_shelfmelt_AIS_ULB_fETISh-KoriBU1_expAE04.nc,3.4327415216148823e-06,1.3196262443126654e-05,4.584383760289612e-06,5.3604631532210725e-06,1.1447696069368208e-05,2.75647750445177e-06,1.1820161583414785e-05,6.989198575505306e-06,5.389995758918251e-06,6.251151711259175e-06,6.945537430760687e-06,2.0261108212016897e-06,-2.9721608543695857e-06,5.0348091191521e-06,1.2770976300385167e-05,-1.587204725740846e-06,-2.9435333670039307e-05,-2.758528945527877e-07,6.818729250134058e-06,9.052222476479756e-06,7.02117601371757e-06,-8.41445055465564e-06,5.360464564496277e-06,1.028813663199041e-05,9.533755956953028e-06,6.989199703789365e-06,1.1820161883273839e-05
expAE04,ULB_fETISh-KoriBU2,/Volumes/FMac/computing/data/antarctica/ismip6/hackathon/ComputedScalarsHelene/expAE04/shelfmelt/computed_shelfmelt_AIS_ULB_fETISh-KoriBU2_expAE04.nc,6.571165079187868e-06,1.1311114998124403e-05,6.907867394487162e-06,2.4314804424144522e-05,1.181185627150004e-05,1.0376164780252889e-06,1.3680051195705647e-05,8.836817498138196e-06,8.200353035332807e-06,1.1197536130052869e-05,9.120927780592774e-06,1.3510418004269705e-06,-1.2975323903726837e-06,5.094755855799229e-06,1.3528050770147975e-05,-1.909515144974092e-06,-2.2607808738053755e-05,3.6310785539902233e-06,1.1665148537600674e-05,1.5089246847115555e-05,8.523496989201374e-06,-4.231278238605351e-06,2.4314801383668638e-05,8.96878403043096e-06,1.083879879404671e-05,8.836816833452123e-06,1.3680049301688736e-05
expAE04,UNN_Ua,/Volumes/FMac/computing/data/antarctica/ismip6/hackathon/ComputedScalarsHelene/expAE04/shelfmelt/computed_shelfmelt_AIS_UNN_Ua_expAE04.nc,1.1338879646025968e-05,7.405293330232513e-06,5.0005118512089475e-06,9.34835198806895e-06,8.992778442244167e-06,9.769772309618333e-07,1.0097302083337116e-05,1.2845507632379306e-05,6.093060441950425e-06,1.1885528721056995e-05,7.523151504240938e-06,7.67629148984301e-05,3.8399881867034424e-05,9.309716433813147e-06,1.0869402943019592e-05,7.558008673329723e-06,-1.1558684860516432e-05,4.607836120478335e-05,8.334481975615101e-06,8.432861408591259e-06,7.88910553522352e-06,1.676591137431737e-05,9.348352804871034e-06,5.61482017945284e-06,8.544459344287763e-06,1.2845511261693581e-05,1.0097301332359989e-05
expAE04,UTAS_ElmerIce,/Volumes/FMac/computing/data/antarctica/ismip6/hackathon/ComputedScalarsHelene/expAE04/shelfmelt/computed_shelfmelt_AIS_UTAS_ElmerIce_expAE04.nc,-4.787825616545919e-06,2.8451756657636947e-06,1.664748047970797e-07,2.1360643311964427e-06,4.7116200861415326e-06,1.1139510490636912e-06,1.1519038987407694e-06,3.0108649818323443e-06,1.7332588888625963e-06,2.073880693514714e-06,3.5743306291277998e-06,4.669739464252885e-06,-6.947313191647712e-07,1.6760990755217872e-07,3.0524750993782836e-06,4.106246555862184e-07,-2.951268415661301e-05,-4.292282404444772e-06,2.6699510358671303e-06,3.4516413276197433e-06,2.5237961282333227e-06,-9.879272035869774e-06,2.1360639064865394e-06,2.3551598413395825e-06,4.335372058830914e-06,3.0108643821966747e-06,1.151903979959523e-06
expAE04,VUB_AISMPALEO,/Volumes/FMac/computing/data/antarctica/ismip6/hackathon/ComputedScalarsHelene/expAE04/shelfmelt/computed_shelfmelt_AIS_VUB_AISMPALEO_expAE04.nc,0.00028587807746065057,2.0683084379887807e-06,2.410488736249756e-05,0.0005395939877833784,2.748387717551751e-06,3.740801717309431e-07,-0.00023069920077698324,0.0024163019911587432,3.4512930182135702e-06,5.2470197120757004e-05,2.962823188652797e-06,-0.0014459409248704434,0.0005086419012341757,0.00042366300238319966,4.6640821491988896e-06,2.887956362604668e-05,0.0001902510074636263,0.007807308944573799,6.635658892623735e-06,3.4144042945043298e-06,5.056502718499549e-06,0.00024634814040000127,0.0005395938748983131,1.4751232913695632e-06,2.8212490152488763e-06,0.002416302232629852,-0.00023069916818659134
expAE04,VUW_PISM1,/Volumes/FMac/computing/data/antarctica/ismip6/hackathon/ComputedScalarsHelene/expAE04/shelfmelt/computed_shelfmelt_AIS_VUW_PISM1_expAE04.nc,1.5879958912937144e-05,8.285318411157475e-06,8.785133448727408e-06,3.280424632052311e-05,1.2764722800388686e-05,-3.6478358682470103e-07,3.2141282548906916e-06,9.192859245049438e-06,7.967204035407136e-06,1.4498078200257289e-05,1.0115825358622338e-05,3.56817025314566e-06,1.5300156651908312e-05,1.677782145848655e-05,1.9509954726914584e-05,-1.0165446885540254e-06,-3.425001592864602e-05,1.273813857560544e-05,1.1940508346451509e-05,1.31099995602259e-05,1.0410734811118211e-05,7.087914185474341e-06,3.280424734551327e-05,6.488053724506524e-06,1.2218719367747915e-05,9.192857807980324e-06,3.214128910440384e-06
expAE04,VUW_PISM1_s1,/Volumes/FMac/computing/data/antarctica/ismip6/hackathon/ComputedScalarsHelene/expAE04/shelfmelt/computed_shelfmelt_AIS_VUW_PISM1_s1_expAE04.nc,1.6239183064788526e-05,9.835810287121613e-06,1.0268555434590806e-05,3.2569126159510985e-05,1.3168824358054544e-05,-5.636188887177433e-07,6.882743931677122e-06,9.083097649875644e-06,1.024609592359673e-05,1.6432159907027433e-05,1.1142919318194728e-05,1.6120524059433055e-06,1.4261749264092e-05,2.2560750776138142e-05,2.0311558804653384e-05,-9.343202372574264e-07,-3.109538929968435e-05,1.3768343862159645e-05,1.2837351145197562e-05,1.3849796706244638e-05,1.1558156409172232e-05,8.712755354970853e-06,3.2569123674832e-05,7.76268931630607e-06,1.2752925342207738e-05,9.0830979126044e-06,6.882745312601846e-06
expAE04,VUW_PISM1_s2,/Volumes/FMac/computing/data/antarctica/ismip6/hackathon/ComputedScalarsHelene/expAE04/shelfmelt/computed_shelfmelt_AIS_VUW_PISM1_s2_expAE04.nc,1.5020162753542646e-05,7.072066819416046e-06,7.800053025100491e-06,3.0996937929919976e-05,1.2495040130541387e-05,4.7107397855718905e-07,3.4839837616626668e-06,8.520233996573941e-06,7.437533807662927e-06,1.1544348656727551e-05,9.695771036084503e-06,3.983537093250397e-06,1.546147440585752e-05,1.5100526902255135e-05,1.9361485204966564e-05,-2.294762018081081e-06,-3.944354243849932e-05,1.1884440112415697e-05,1.1243246874205424e-05,1.2377944638162997e-05,9.788921339096236e-06,5.700776491634185e-06,3.0996934779196045e-05,5.680266397381572e-06,1.191788691634824e-05,8.520230659740965e-06,3.4839821411908627e-06
expAE04,VUW_PISM1_s3,/Volumes/FMac/computing/data/antarctica/ismip6/hackathon/ComputedScalarsHelene/expAE04/shelfmelt/computed_shelfmelt_AIS_VUW_PISM1_s3_expAE04.nc,1.2206351998107745e-05,5.179664867764996e-06,7.610527556748224e-06,2.3614164439981774e-05,1.0865555291389712e-05,1.525891432860658e-06,1.4243689862418406e-06,6.602562433688684e-06,7.46990047717167e-06,1.438535525671383e-05,9.816699020801751e-06,8.670094199837489e-06,1.5032088732934214e-05,1.378277296032914e-05,1.7187626734072514e-05,-2.581335111395965e-06,-3.657409244094151e-05,9.787044829255072e-06,9.877401594099906e-06,1.0285797490194735e-05,9.691213819641447e-06,3.708748389383041e-06,2.3614162227844346e-05,4.453260230956728e-06,1.0811848765379784e-05,6.602563708487348e-06,1.424368711397372e-06
expAE04,VUW_PISM1_s4,/Volumes/FMac/computing/data/antarctica/ismip6/hackathon/ComputedScalarsHelene/expAE04/shelfmelt/computed_shelfmelt_AIS_VUW_PISM1_s4_expAE04.nc,1.7532824213036262e-05,1.006284686432352e-05,9.256794626267158e-06,3.7853239429351716e-05,1.3146853287500852e-05,8.847631035756871e-07,6.58299856407005e-06,1.1607848962646365e-05,8.768478102982839e-06,1.5652042832211023e-05,1.305483870143727e-05,5.584343042298386e-06,1.6345206407787252e-05,1.992812618452357e-05,2.0036262985774816e-05,-2.7025524448937974e-07,-3.4900639082174416e-05,1.3894306293257606e-05,1.3590872773770468e-05,1.4385938470927059e-05,1.2651670729054035e-05,8.252350920945707e-06,3.785324861238532e-05,8.254395488411659e-06,1.3302488990731832e-05,1.1607853266628503e-05,6.582997913655278e-06
expAE04,VUW_PISM2,/Volumes/FMac/computing/data/antarctica/ismip6/hackathon/ComputedScalarsHelene/expAE04/shelfmelt/computed_shelfmelt_AIS_VUW_PISM2_expAE04.nc,1.9849953528729078e-05,9.62685335994202e-06,1.2446669448161013e-05,3.4350906367077076e-05,1.286716387785204e-05,-2.8686172465626797e-07,2.088076769158263e-05,1.5219569417656104e-05,1.0073366337267516e-05,1.1460765929897767e-05,1.439379629319728e-05,9.896459586760799e-06,2.0642864151823642e-05,2.422783901530171e-05,2.543699759720873e-05,4.855511581176678e-06,-3.622517057798227e-05,1.747163582422817e-05,1.564553636439757e-05,1.619148418069879e-05,1.493974470737562e-05,1.1798536058771722e-05,3.435090895953747e-05,7.745243097969609e-06,1.3379113397509185e-05,1.5219569307800456e-05,2.0880770375063685e-05
expAE04,VUW_PISM2_s1,/Volumes/FMac/computing/data/antarctica/ismip6/hackathon/ComputedScalarsHelene/expAE04/shelfmelt/computed_shelfmelt_AIS_VUW_PISM2_s1_expAE04.nc,1.9934875929672385e-05,1.1969426683455895e-05,1.41918453492048e-05,4.001886834728236e-05,1.3120823379018405e-05,-4.5047331678341383e-07,2.465494427789706e-05,1.6816655791659325e-05,1.1339420190057554e-05,1.4625882348578572e-05,1.4974411255382038e-05,1.054976980201595e-05,2.082536694829844e-05,2.89314765753465e-05,2.676612512440445e-05,5.09899634010599e-06,-3.318784240031962e-05,1.8480446926652814e-05,1.7088284458608615e-05,1.7394451392331824e-05,1.6836966986785366e-05,1.3278523456607498e-05,4.001886545036215e-05,9.806430249601236e-06,1.3679626702653003e-05,1.681666277649192e-05,2.4654942005133404e-05
expAE04,VUW_PISM2_s2,/Volumes/FMac/computing/data/antarctica/ismip6/hackathon/ComputedScalarsHelene/expAE04/shelfmelt/computed_shelfmelt_AIS_VUW_PISM2_s2_expAE04.nc,1.9709680470223233e-05,8.367794813791834e-06,1.1593237393839611e-05,3.723456537107429e-05,1.2564851976318874e-05,3.4122174309338724e-07,1.6122573633323902e-05,1.3683042223233772e-05,8.783048508040756e-06,9.922402711355612e-06,1.2914478091912898e-05,1.1050830096643372e-05,1.9766124479047987e-05,2.1259617500253934e-05,2.497197689633214e-05,3.181945700157322e-06,-3.7420671438544525e-05,1.7140467630051227e-05,1.4866399548419233e-05,1.580963599044036e-05,1.3497550277661138e-05,1.124965552274373e-05,3.723456765546943e-05,6.77898283796514e-06,1.2757554226088429e-05,1.3683041002299635e-05,1.6122575379295928e-05
expAE04,VUW_PISM2_s3,/Volumes/FMac/computing/data/antarctica/ismip6/hackathon/ComputedScalarsHelene/expAE04/shelfmelt/computed_shelfmelt_AIS_VUW_PISM2_s3_expAE04.nc,1.7744003355407814e-05,7.10212772249472e-06,1.1104071731388628e-05,3.245454552129747e-05,1.1437968281314186e-05,2.3562936980946517e-06,1.4615598787167746e-05,9.121372553067799e-06,9.220565290207374e-06,1.1205060535737081e-05,1.3473037252525708e-05,1.7264916753851735e-05,1.8415732075763456e-05,2.2529020490009138e-05,2.346991895860375e-05,3.36610968593804e-06,-3.623617567365007e-05,1.607997498373722e-05,1.2665176310831435e-05,1.2326868971843167e-05,1.3309605161841478e-05,1.0234221933145918e-05,3.24545533062667e-05,6.28285275242778e-06,1.2109361387882585e-05,9.121376905483396e-06,1.4615599172830644e-05
expAE04,VUW_PISM2_s4,/Volumes/FMac/computing/data/antarctica/ismip6/hackathon/ComputedScalarsHelene/expAE04/shelfmelt/computed_shelfmelt_AIS_VUW_PISM2_s4_expAE04.nc,2.0749303790567616e-05,1.2663523999986192e-05,1.3349614061464212e-05,2.822438968690049e-05,1.3458149825071265e-05,1.1365034796545876e-06,2.3870685094085595e-05,1.589892109969462e-05,1.0497799699884236e-05,1.0824639141694099e-05,1.568029080175704e-05,1.3920867965532054e-05,2.101436663694456e-05,2.305665132711746e-05,2.7168051333400734e-05,6.207130882442108e-06,-3.556215085819596e-05,1.7908790297677952e-05,1.70059816269579e-05,1.7639984089253014e-05,1.607988090930968e-05,1.2653948619768423e-05,2.822438724947122e-05,1.0568610861148983e-05,1.4143460365575925e-05,1.5898921691427518e-05,2.387068782043648e-05
expAE04,IMAU_UFEMISM1,/Volumes/FMac/computing/data/antarctica/ismip6/hackathon/ComputedScalarsHelene/expAE04/shelfmelt/jb_computed_shelfmelt_AIS_IMAU_UFEMISM1_expAE04.nc,-7.807582108344413e-05,1.1385760902092299e-05,3.279482257922821e-05,4.6081655010059885e-05,9.6046818863595e-06,5.481300603759081e-07,,1.6329076460245537e-05,6.783042388516271e-06,1.5461932943531216e-05,8.994350482766779e-06,,-0.007703292078010202,-1.2431095177789237e-05,1.6431157942263417e-05,-5.9624588738109754e-05,-0.00012410027923440104,-0.00044336881704009636,7.396106128745801e-06,1.0600634011910316e-05,6.378596293050798e-06,-0.00017641225031578,4.608165581165304e-05,8.438138269625045e-06,9.389236442537732e-06,1.632907333668292e-05,
expAE04,IMAU_UFEMISM2,/Volumes/FMac/computing/data/antarctica/ismip6/hackathon/ComputedScalarsHelene/expAE04/shelfmelt/jb_computed_shelfmelt_AIS_IMAU_UFEMISM2_expAE04.nc,-7.828364455219285e-05,1.344662050565684e-05,-3.3672281875349746e-06,3.195872945595519e-05,1.1064245303792955e-05,9.076733647554505e-07,-0.004859075383967842,1.911643849200542e-06,5.406520908577159e-06,2.1730918233432504e-05,8.93668397377135e-06,,-0.004321382416126293,-2.9855390826098003e-06,1.5342887913294274e-05,-6.166010300069992e-05,-0.00012776962481862717,-0.007284487270512755,8.132849352350524e-06,1.1760652095872743e-05,5.796844815002693e-06,-0.00016107860195935326,3.195872370405592e-05,9.865341724478843e-06,1.0276845900878553e-05,1.9116455476493365e-06,-0.00485907517787953
expAE04,IMAU_UFEMISM3,/Volumes/FMac/computing/data/antarctica/ismip6/hackathon/ComputedScalarsHelene/expAE04/shelfmelt/jb_computed_shelfmelt_AIS_IMAU_UFEMISM3_expAE04.nc,-2.0312813636465038e-05,1.6349002679850725e-05,7.223713304582401e-07,3.771356216650763e-05,1.4119787988086096e-05,1.5873619165347007e-06,-2.7530687173603053e-05,5.089207299640776e-06,6.682630909612881e-06,1.4073600727448905e-05,1.2175015960990746e-05,6.159059253783364e-05,-0.0005920742992814274,5.731158962661342e-06,1.732882535798779e-05,-3.5252828578070034e-05,-5.6113795199108705e-05,-0.027658389807957266,1.18884328592785e-05,1.4969693253295038e-05,8.877799071270091e-06,-8.154130288231723e-05,3.771356078427446e-05,1.2552467913878953e-05,1.3506294191186278e-05,5.089205972572057e-06,-2.753068846205425e-05
expAE04,IMAU_UFEMISM4,/Volumes/FMac/computing/data/antarctica/ismip6/hackathon/ComputedScalarsHelene/expAE04/shelfmelt/jb_computed_shelfmelt_AIS_IMAU_UFEMISM4_expAE04.nc,-2.4071432795889266e-05,1.586173500830772e-05,2.4765429934592276e-08,2.8766479461727755e-05,1.3799432857174396e-05,1.7230196886420854e-06,-0.00012513968429850414,8.68669597085186e-06,7.5535511766533325e-06,1.1279927108178919e-05,9.39951476551481e-06,9.941632516058075e-05,-0.0006891736221255878,1.980395692121077e-06,1.6598474724777866e-05,-3.7882933277186294e-05,-6.616542123075399e-05,,1.1089895075541827e-05,1.4484703874398695e-05,7.415705121435933e-06,-9.588301187093263e-05,2.8766477235157085e-05,1.2275497907629264e-05,1.2354509880205312e-05,8.686694497802701e-06,-0.00012513969986177319
expAE05,DC_ISSM,/Volumes/FMac/computing/data/antarctica/ismip6/hackathon/ComputedScalarsHelene/expAE05/shelfmelt/computed_shelfmelt_AIS_DC_ISSM_expAE05.nc,-5.313279133335279e-06,5.415030985472187e-06,2.2671555121937944e-06,5.453080789473169e-06,4.350170177384023e-06,6.259218341035377e-07,1.0224295963097492e-05,5.154710489145753e-06,4.194087461430632e-06,2.602478479037358e-06,3.7475948586468906e-06,-4.9025835804974815e-06,-8.804210189589823e-06,3.564726751561332e-06,2.9850362457375708e-06,-5.813198753348317e-06,-4.208453616649631e-05,-4.356890064401643e-06,3.681312612442309e-06,4.410360047262979e-06,3.581532945546555e-06,-1.1999907789304026e-05,5.453079186816277e-06,4.3881463925807776e-06,4.146795396389781e-06,5.154710862126701e-06,1.0224296227387052e-05
expAE05,DOE_MALI_4km,/Volumes/FMac/computing/data/antarctica/ismip6/hackathon/ComputedScalarsHelene/expAE05/shelfmelt/computed_shelfmelt_AIS_DOE_MALI_4km_expAE05.nc,1.443470612458283e-05,1.4516461578701353e-05,8.728448972005283e-06,1.7622612838366993e-05,8.953788593447125e-06,1.8975838450521402e-06,2.1036932095400006e-05,1.4720429299054804e-05,6.720877991481075e-06,1.066906655545896e-05,6.839403005593115e-06,1.1302064535087973e-05,6.465612356985011e-06,1.033936098523272e-05,1.2477045797497746e-05,7.34057736126674e-06,-1.6268022852340667e-05,3.1223674867031673e-06,1.2158345285088146e-05,1.361476522257281e-05,1.0064487361507063e-05,-4.409714015584045e-07,1.7622613496649432e-05,1.2553038810136152e-05,8.286759276173933e-06,1.4720426039135116e-05,2.1036935486958636e-05
expAE05,DOE_MALI_8km_Ant95,/Volumes/FMac/computing/data/antarctica/ismip6/hackathon/ComputedScalarsHelene/expAE05/shelfmelt/computed_shelfmelt_AIS_DOE_MALI_8km_Ant95_expAE05.nc,1.0667638326749946e-05,1.8617235667346787e-05,9.787791422072638e-06,1.3218067451237776e-05,1.1633553576017439e-05,1.2178765738846838e-06,2.373529928000319e-05,1.582207226539989e-05,9.490583728068053e-06,1.2421481352360154e-05,8.093281530392921e-06,1.1401248411439938e-05,-1.4823081323807464e-05,9.029336551844803e-06,1.4773496792001355e-05,5.603042287055288e-06,-1.7190636534359466e-05,3.287647073954682e-06,1.3821443785191223e-05,1.476856450729127e-05,1.1489897873872802e-05,-7.018104733306415e-07,1.3218069682699819e-05,1.6484600003303362e-05,1.0522285725586268e-05,1.5822070856084758e-05,2.3735299856286566e-05
expAE05,DOE_MALI_8km_AntMean,/Volumes/FMac/computing/data/antarctica/ismip6/hackathon/ComputedScalarsHelene/expAE05/shelfmelt/computed_shelfmelt_AIS_DOE_MALI_8km_AntMean_expAE05.nc,7.998828001955628e-06,1.7153202680448928e-05,9.144016605057548e-06,1.3903945732808102e-05,1.094186563073064e-05,1.0841102657058849e-06,2.3066145137739743e-05,1.4948654503689588e-05,8.162352293332247e-06,1.231887508838405e-05,7.435343074101506e-06,8.120476853860421e-06,-1.5366884032383255e-05,8.04775098540865e-06,1.4131856782180131e-05,5.033693934642102e-06,-1.7295692530203423e-05,3.4322100934038573e-06,1.3303917918070854e-05,1.4477101836314789e-05,1.0739648321055668e-05,-6.343847463735182e-07,1.3903945519551117e-05,1.5007831725209684e-05,9.801400394463534e-06,1.4948654786452843e-05,2.306614108345948e-05
expAE05,IGE_ElmerIce,/Volumes/FMac/computing/data/antarctica/ismip6/hackathon/ComputedScalarsHelene/expAE05/shelfmelt/computed_shelfmelt_AIS_IGE_ElmerIce_expAE05.nc,-1.1681570062153084e-05,2.5635573514736654e-06,6.142749403267439e-07,5.100730984520446e-06,3.1169398850579666e-06,4.6443380187757553e-07,9.872506341585859e-06,3.7370703922571735e-06,2.7615582731741217e-06,2.551636110920319e-06,1.7315471830908255e-06,-1.6571999265894438e-06,-1.9475707931144118e-05,5.69956963829107e-07,2.2195328549516827e-06,-2.4458051239475745e-06,-2.3687738056275362e-05,-3.685188633012905e-06,2.1168274160031625e-06,2.6430904289039266e-06,2.421267424040386e-06,-8.686868679097436e-06,5.100731368857929e-06,2.014296921911283e-06,2.6083877420278264e-06,3.7370697804837154e-06,9.87250756286207e-06
expAE05,ILTS_SICOPOLIS,/Volumes/FMac/computing/data/antarctica/ismip6/hackathon/ComputedScalarsHelene/expAE05/shelfmelt/computed_shelfmelt_AIS_ILTS_SICOPOLIS_expAE05.nc,1.4354843280832269e-05,1.784515382642135e-05,1.1507625834884072e-05,2.3657870015004508e-05,1.2698702898833769e-05,2.6484512748016207e-06,2.0870987115359662e-05,1.6141158233950533e-05,1.588165666758491e-05,1.4411936280023932e-05,1.1369584189686923e-05,1.5532695669714136e-05,-9.028094588409266e-07,2.1569308806125388e-05,1.857812479579603e-05,6.263132429106497e-06,-9.365052483695754e-06,6.651310384087489e-06,1.5892795236423807e-05,1.6777889402907153e-05,1.4821033996888007e-05,3.7508331748707977e-06,2.365787364912492e-05,1.6518910016154876e-05,1.2279368967235395e-05,1.6141154579843297e-05,2.0870982900831206e-05
expAE05,IMAU_UFEMISM1,/Volumes/FMac/computing/data/antarctica/ismip6/hackathon/ComputedScalarsHelene/expAE05/shelfmelt/computed_shelfmelt_AIS_IMAU_UFEMISM1_expAE05.nc,-4.32426021700683e-05,1.0805177844566142e-05,3.641464148435681e-05,3.157057482391444e-05,6.8257030386383434e-06,-1.1562242120933712e-07,,2.559650362933466e-05,7.285574193702631e-06,8.93804308024562e-06,6.585766699983381e-06,,,-8.550372274382578e-06,1.7627251063204524e-05,-4.762327502313269e-05,-8.35188470141913e-05,-0.0001427546941016136,7.050453241830174e-06,9.117906279513874e-06,5.595165668669668e-06,-0.00017141103413988626,3.157057068829289e-05,8.123918956960515e-06,6.739767355999823e-06,2.5596502889182086e-05,
expAE05,IMAU_UFEMISM2,/Volumes/FMac/computing/data/antarctica/ismip6/hackathon/ComputedScalarsHelene/expAE05/shelfmelt/computed_shelfmelt_AIS_IMAU_UFEMISM2_expAE05.nc,-4.7565303681668634e-05,1.4663668214904787e-05,6.1561050560447775e-06,1.7902052829985865e-05,7.893833032553156e-06,4.45637587235281e-07,2.330321839624274e-05,1.1722353317056194e-05,5.107145129081723e-06,1.2940414328524516e-05,6.584114156323967e-06,,,-5.578226408401751e-06,1.8662348685009995e-05,-4.477879650410009e-05,2.8302741697109997e-05,-0.002423117821196507,8.031747600720078e-06,1.0926400113726222e-05,4.888825049065869e-06,-2.2716805870843815e-05,1.79020500731772e-05,1.1077685186456514e-05,7.3911120470123705e-06,1.1722354183531627e-05,2.3303221106300797e-05
expAE05,IMAU_UFEMISM3,/Volumes/FMac/computing/data/antarctica/ismip6/hackathon/ComputedScalarsHelene/expAE05/shelfmelt/computed_shelfmelt_AIS_IMAU_UFEMISM3_expAE05.nc,-2.3231407582189206e-05,1.8414313488602204e-05,2.9394508088222448e-06,1.9883677199368917e-05,1.0019405186480693e-05,1.2023498161350018e-06,6.724945390033223e-06,5.998980122879016e-06,8.498728744316205e-06,7.3961466133378135e-06,8.756877276007385e-06,8.630012240299902e-05,-0.0008820118084214872,5.009314919171757e-06,1.6976268067813198e-05,-2.7223785721310612e-05,-5.5425395409550736e-05,-0.004513785994813208,1.0955280808075963e-05,1.3634105523209032e-05,7.347482176349663e-06,-7.662672381697948e-05,1.9883675320049162e-05,1.4643010175999471e-05,9.588589796031647e-06,5.998980161178647e-06,6.724943337604222e-06
expAE05,IMAU_UFEMISM4,/Volumes/FMac/computing/data/antarctica/ismip6/hackathon/ComputedScalarsHelene/expAE05/shelfmelt/computed_shelfmelt_AIS_IMAU_UFEMISM4_expAE05.nc,-2.465752675062382e-05,1.7687974180881765e-05,2.2917963424792515e-06,1.5200881719269774e-05,1.0122460416415079e-05,6.394232459217516e-07,2.3592476905085756e-05,2.858590282585685e-06,7.075173585978534e-06,7.188759364678409e-06,6.873951070372451e-06,0.00023320874994468924,-0.001628391196648429,3.835620627495856e-06,1.5816729811122026e-05,-3.812612421902487e-05,-5.126240420255734e-05,,1.0277274805994861e-05,1.3366582286777562e-05,5.778802440642757e-06,-8.24001949074452e-05,1.5200881530657947e-05,1.4058463147680784e-05,8.982630918736443e-06,2.858589945827564e-06,2.359248467266451e-05
expAE05,LSCE_GRISLI2,/Volumes/FMac/computing/data/antarctica/ismip6/hackathon/ComputedScalarsHelene/expAE05/shelfmelt/computed_shelfmelt_AIS_LSCE_GRISLI2_expAE05.nc,-1.0401923140675478e-05,1.103049460265902e-05,-1.513301361757896e-07,7.905257841044498e-06,6.341835906094119e-06,-8.062334997995668e-07,1.3666164316021395e-05,6.841063947014034e-07,5.551901219487754e-06,6.851702387426302e-06,5.086951253277544e-07,-1.2612958532160886e-05,-1.5758918121942338e-05,3.209039763559328e-06,5.4623259339280704e-06,-4.4431210169266216e-05,-0.00013911154401814477,-4.66208799496301e-06,5.370429569290724e-06,8.088985493444187e-06,2.3014470173490977e-06,-2.1281828238239146e-05,7.90525744534387e-06,9.539594038961021e-06,4.284448657199389e-06,6.84106627184708e-07,1.3666168049425174e-05
expAE05,LSCE_GRISLI,/Volumes/FMac/computing/data/antarctica/ismip6/hackathon/ComputedScalarsHelene/expAE05/shelfmelt/computed_shelfmelt_AIS_LSCE_GRISLI_expAE05.nc,7.543400098528408e-05,1.683148065233567e-05,5.6961343134911393e-05,2.9939971107153383e-05,9.437568321819345e-06,4.035081628486509e-06,4.841842224526628e-05,4.1599523407717415e-05,1.5019268512572992e-05,2.973270287463457e-05,6.461041489386626e-06,4.4459539406667664e-05,0.00010610182033117009,6.218174625886204e-05,4.768950865819572e-05,4.361603581770581e-05,-7.136194806293637e-05,3.9707355802975635e-05,2.0005999680129437e-05,1.881253748490401e-05,2.178315006761634e-05,2.5698480858545894e-05,2.993996179803535e-05,1.55324974787339e-05,8.597702378255867e-06,4.159952010938294e-05,4.841841977406336e-05
expAE05,NCAR_CISM1,/Volumes/FMac/computing/data/antarctica/ismip6/hackathon/ComputedScalarsHelene/expAE05/shelfmelt/computed_shelfmelt_AIS_NCAR_CISM1_expAE05.nc,-6.793716576997727e-06,6.859684918501803e-06,3.3565760211276685e-06,8.390813621321069e-06,5.599335151119356e-06,9.71500038690119e-07,4.619021066670976e-06,3.4374087222673426e-06,3.55564857518686e-06,4.000424587117293e-06,3.779197039502354e-06,-2.9565430447383805e-06,-8.74589310540968e-06,2.0873817457996583e-06,3.3632340147764406e-06,-2.8871115853857916e-06,-4.237496209730398e-05,-2.576938280403663e-06,4.236648295800462e-06,5.913978352188011e-06,3.0417444251762465e-06,-1.0707472517653027e-05,8.390810070643945e-06,5.475907359586964e-06,4.961815868898744e-06,3.4374085321931247e-06,4.619020071697183e-06
expAE05,NCAR_CISM2,/Volumes/FMac/computing/data/antarctica/ismip6/hackathon/ComputedScalarsHelene/expAE05/shelfmelt/computed_shelfmelt_AIS_NCAR_CISM2_expAE05.nc,1.8279759911537673e-05,1.4499967396451375e-05,1.3908093023592238e-05,2.642785640325454e-05,8.185829796093004e-06,3.1645828395844293e-06,2.275817417814064e-05,1.8770432623801077e-05,1.2782550463688012e-05,1.7199025553474835e-05,9.798555459636649e-06,1.3907425904597205e-05,1.531269720865623e-05,1.6154464380435393e-05,1.5679853784720698e-05,4.659461350186531e-06,2.092165548740479e-06,9.937864474023817e-06,1.3562155173971371e-05,1.3623331148706277e-05,1.383340381370657e-05,7.029792064829799e-06,2.642785662158699e-05,1.286730510454034e-05,8.762802260695356e-06,1.8770427941876168e-05,2.275817916532744e-05
expAE05,NORCE_CISM2-MAR364-ERA-t1,/Volumes/FMac/computing/data/antarctica/ismip6/hackathon/ComputedScalarsHelene/expAE05/shelfmelt/computed_shelfmelt_AIS_NORCE_CISM2-MAR364-ERA-t1_expAE05.nc,8.533618413462889e-06,1.4604664727797074e-05,1.0188278475491034e-05,2.8131975823884366e-05,8.133307246844288e-06,1.0183526001176704e-05,1.6545285673286508e-05,1.680626091369865e-05,1.3865415286154886e-05,1.1165159638404752e-05,9.965149537181019e-06,7.161945146899709e-06,2.8130621660244576e-06,1.007496929127815e-05,1.3178000408094917e-05,2.638722287918383e-06,-3.567942645403891e-05,1.7410184282196378e-06,1.2222916775390296e-05,1.3055599084643977e-05,1.1987503173862555e-05,-6.167120010818663e-06,2.8131975567476722e-05,1.3905462481301012e-05,8.803549835590066e-06,1.680626292154904e-05,1.654528288949477e-05
expAE05,NORCE_CISM3-MAR364-ERA-t1-local,/Volumes/FMac/computing/data/antarctica/ismip6/hackathon/ComputedScalarsHelene/expAE05/shelfmelt/computed_shelfmelt_AIS_NORCE_CISM3-MAR364-ERA-t1-local_expAE05.nc,-1.445394185706191e-06,9.881044796897592e-06,6.59436041577157e-06,1.615106396988854e-05,6.292968053820968e-06,2.0808557543056557e-06,1.024520388516299e-05,1.278592723914733e-05,7.924780649617998e-06,9.114974754512628e-06,5.434622409728157e-06,1.3805474953545675e-06,-6.542996421905773e-06,8.652899409729058e-06,8.582468413575516e-06,2.94944470882499e-07,-4.150941110972892e-05,-1.0513976262751716e-06,7.180178990006498e-06,8.373780655553196e-06,6.725201352661388e-06,-1.0281974288372092e-05,1.6151066229592548e-05,8.193428365968286e-06,6.006190681878208e-06,1.2785925606608487e-05,1.0245207338291275e-05
expAE05,NORCE_CISM3-MAR364-ERA-t1-nonlocal,/Volumes/FMac/computing/data/antarctica/ismip6/hackathon/ComputedScalarsHelene/expAE05/shelfmelt/computed_shelfmelt_AIS_NORCE_CISM3-MAR364-ERA-t1-nonlocal_expAE05.nc,-1.0341342494318286e-06,1.0224001106967881e-05,7.49423371868239e-06,1.5067794813087956e-05,5.868117280957538e-06,2.420606869175827e-06,1.0233112025169318e-05,1.2371471645922212e-05,7.081784880382213e-06,9.636090765702207e-06,4.8934531069038136e-06,1.919821089066818e-06,-4.915735564252464e-06,8.62011465766857e-06,9.04144494503534e-06,4.1724830561069265e-07,-3.7170153629711734e-05,-1.5477636448720842e-09,7.144214964211458e-06,8.387627014495252e-06,6.586047889630184e-06,-9.003682056602617e-06,1.5067791168132349e-05,8.599006047055358e-06,5.527588554822822e-06,1.2371470409312295e-05,1.0233115212214496e-05
expAE05,NORCE_CISM3-MAR364-ERA-t1,/Volumes/FMac/computing/data/antarctica/ismip6/hackathon/ComputedScalarsHelene/expAE05/shelfmelt/computed_shelfmelt_AIS_NORCE_CISM3-MAR364-ERA-t1_expAE05.nc,6.936643640609077e-06,1.4963996790284042e-05,1.0729696113995665e-05,2.774918842257371e-05,9.127529762296326e-06,9.05109427557796e-06,1.7278577257370485e-05,1.8828348725035583e-05,1.3150796420198505e-05,1.4196787145790817e-05,9.503743144121227e-06,1.6504160562221872e-06,2.0562658966947823e-07,1.1398095134675787e-05,1.4675931402214407e-05,-1.1250308037177339e-07,-4.187072517125362e-05,2.655925565771656e-07,1.2785502751564906e-05,1.3800697140722891e-05,1.2325640896275227e-05,-9.024525781793543e-06,2.7749182256187225e-05,1.412576673512473e-05,9.321955146947645e-06,1.8828349441554604e-05,1.7278578152901537e-05
expAE05,NORCE_CISM4-MAR364-ERA-t1-local,/Volumes/FMac/computing/data/antarctica/ismip6/hackathon/ComputedScalarsHelene/expAE05/shelfmelt/computed_shelfmelt_AIS_NORCE_CISM4-MAR364-ERA-t1-local_expAE05.nc,-2.3197891605529184e-06,1.1277010662153783e-05,6.984554892182325e-06,1.6901495988187187e-05,7.73400157249698e-06,2.147164345033793e-06,7.994733791741108e-06,1.6693270830682643e-05,7.040368958763213e-06,1.068056650587189e-05,6.014806511136665e-06,-3.622634710486641e-06,1.5170960313929305e-06,1.002519176065386e-05,1.0712508297593093e-05,-2.718040275749465e-06,-4.544612745667727e-05,-1.603971459589062e-06,8.309174879381468e-06,9.728004234669546e-06,7.63297066149013e-06,-1.1908043444625344e-05,1.6901498050082065e-05,9.278152324527859e-06,7.162565517109994e-06,1.669327300190874e-05,7.994735375435095e-06
expAE05,NORCE_CISM4-MAR364-ERA-t1-nonlocal,/Volumes/FMac/computing/data/antarctica/ismip6/hackathon/ComputedScalarsHelene/expAE05/shelfmelt/computed_shelfmelt_AIS_NORCE_CISM4-MAR364-ERA-t1-nonlocal_expAE05.nc,-1.3766733327002302e-06,1.1598691065830462e-05,6.427702399284396e-06,1.8024746690087208e-05,7.195655472026017e-06,2.414280284107818e-06,1.0150255063028117e-05,1.7045656240241273e-05,6.946871127076213e-06,1.2084511492183379e-05,5.300907510426793e-06,-4.894212864422927e-06,4.097461670551966e-06,9.863287613347278e-06,1.1591681534809804e-05,-2.4634397155884352e-06,-4.6017942222850845e-05,-2.0554393836155598e-07,8.368682968612693e-06,9.74649570576153e-06,7.73105441407288e-06,-1.0532361006829072e-05,1.8024749495208066e-05,9.639634142858137e-06,6.540279896100025e-06,1.704565822296269e-05,1.0150260596243116e-05
expAE05,NORCE_CISM4-MAR364-ERA-t1,/Volumes/FMac/computing/data/antarctica/ismip6/hackathon/ComputedScalarsHelene/expAE05/shelfmelt/computed_shelfmelt_AIS_NORCE_CISM4-MAR364-ERA-t1_expAE05.nc,3.2188750708538878e-06,1.503286932521593e-05,6.502007913878517e-06,2.6662685583660284e-05,1.0385080455501708e-05,4.717360737107156e-06,1.0361794286342908e-05,2.0053753324584844e-05,6.5542771156662865e-06,1.4145351370114556e-05,9.081789694277194e-06,-2.245123897621765e-06,4.534894063465383e-06,9.19428344788425e-06,1.57275482588176e-05,-1.4888463514005902e-06,-5.71819695713588e-05,1.9337598452839484e-07,1.2132028476810442e-05,1.3770242695157313e-05,1.0679623430438754e-05,-1.0589703966116162e-05,2.6662693365560266e-05,1.3647779235316523e-05,9.998742304139104e-06,2.005375642230189e-05,1.0361793941333954e-05
expAE05,NORCE_CISM4-MAR364-JRA-t1,/Volumes/FMac/computing/data/antarctica/ismip6/hackathon/ComputedScalarsHelene/expAE05/shelfmelt/computed_shelfmelt_AIS_NORCE_CISM4-MAR364-JRA-t1_expAE05.nc,3.3883081599047687e-06,1.550184082437094e-05,6.406872808302974e-06,2.6421679699717384e-05,1.0755951581789463e-05,5.3288115893479596e-06,1.3820647818766465e-05,2.080535602789464e-05,6.2225472240914265e-06,1.4067071966165458e-05,9.275595097046382e-06,-2.089883928108927e-06,4.751214587854954e-06,1.2218690197563352e-05,1.5787578090177212e-05,-1.5631673120452302e-06,-5.3186719195308595e-05,3.419025487095689e-07,1.2467432877522367e-05,1.4049296754685328e-05,1.1191042490461756e-05,-1.0131420269009064e-05,2.6421676531763736e-05,1.406344628701222e-05,1.0315152452640906e-05,2.0805352680281207e-05,1.3820648179450263e-05
expAE05,NORCE_CISM5-MAR364-ERA-t1-local,/Volumes/FMac/computing/data/antarctica/ismip6/hackathon/ComputedScalarsHelene/expAE05/shelfmelt/computed_shelfmelt_AIS_NORCE_CISM5-MAR364-ERA-t1-local_expAE05.nc,4.358447527344679e-06,1.1735477386682882e-05,6.724648782620164e-06,1.6298965885322342e-05,8.182859156763857e-06,1.7297637631784231e-06,3.1080267679112414e-06,1.4441279976862699e-05,9.80527729862643e-06,1.1705021898323638e-05,9.06836227321337e-06,-1.04743650082382e-05,1.3139925669792642e-05,1.011801459201692e-05,1.3374331822914753e-05,-2.2884599513251013e-06,-3.981015883255296e-05,2.060277159027657e-07,9.151953205362721e-06,1.0285586853054925e-05,9.117457720025001e-06,-1.0811789775043545e-05,1.6298968422019977e-05,9.829325160134807e-06,8.546850016084472e-06,1.4441281120513164e-05,3.108026503855036e-06
expAE05,NORCE_CISM5-MAR364-ERA-t1-nonlocal,/Volumes/FMac/computing/data/antarctica/ismip6/hackathon/ComputedScalarsHelene/expAE05/shelfmelt/computed_shelfmelt_AIS_NORCE_CISM5-MAR364-ERA-t1-nonlocal_expAE05.nc,6.1671319442351216e-06,1.2012326534189895e-05,1.0010519182675959e-05,1.9426347442003617e-05,7.864916022257175e-06,1.2233473537524267e-06,3.4022505338221874e-06,1.3427588681961546e-05,1.1138985337509744e-05,1.2599757048460959e-05,8.498755265023512e-06,-1.0451662525189268e-05,1.2961499302817516e-05,1.1394350018193818e-05,1.4233683011184937e-05,-2.2854636274311396e-06,-3.713374473360263e-05,1.3769559909472542e-06,9.500884891987326e-06,1.0845065020153794e-05,9.105192952433763e-06,-9.868285036701281e-06,1.9426351698680788e-05,9.995935094079312e-06,8.14036602542094e-06,1.3427587668459389e-05,3.4022494371365666e-06
expAE05,NORCE_CISM5-MAR364-ERA-t1,/Volumes/FMac/computing/data/antarctica/ismip6/hackathon/ComputedScalarsHelene/expAE05/shelfmelt/computed_shelfmelt_AIS_NORCE_CISM5-MAR364-ERA-t1_expAE05.nc,8.48526421181957e-06,1.3270954092325915e-05,6.9411282645888365e-06,1.9335500521778934e-05,9.481650884996968e-06,2.3439772348934806e-06,2.112331236175626e-06,1.9286725807665798e-05,6.413423859542678e-06,1.2141846979790583e-05,1.0362286283221352e-05,-1.0463638654157131e-05,1.036530662840763e-05,9.328437630367928e-06,1.5380710103640987e-05,-4.078126629971285e-06,-4.0526986223946555e-05,5.720132974902508e-07,1.0518983718011892e-05,1.193957626067685e-05,1.0002844501220471e-05,-1.0414173821136711e-05,1.9335505411480354e-05,1.151280179319983e-05,9.849130881461602e-06,1.9286724923155183e-05,2.1123314278562443e-06
expAE05,PIK_PISM,/Volumes/FMac/computing/data/antarctica/ismip6/hackathon/ComputedScalarsHelene/expAE05/shelfmelt/computed_shelfmelt_AIS_PIK_PISM_expAE05.nc,-6.382530572557269e-06,2.124648866709272e-05,1.3459510097883962e-05,3.0065165166044023e-05,1.851824981164181e-05,7.421850011730272e-06,2.6145739568052034e-05,2.5809928439563182e-05,3.475811353619331e-05,1.4011500017774791e-05,1.2930741421952443e-05,3.740086564899669e-06,-1.368992433842322e-06,1.8732927618179517e-05,9.011477310684653e-06,4.90084512412262e-06,-1.625546940725515e-05,1.5854197697535655e-06,1.7999155207657007e-05,1.9531992293060234e-05,1.851188219439521e-05,-4.7569767381655005e-06,3.006517368240243e-05,1.8675867804538543e-05,1.6182132281843972e-05,2.5809930378977042e-05,2.6145732821841093e-05
expAE05,UCM_Yelmo,/Volumes/FMac/computing/data/antarctica/ismip6/hackathon/ComputedScalarsHelene/expAE05/shelfmelt/computed_shelfmelt_AIS_UCM_Yelmo_expAE05.nc,3.19220668592358e-05,1.2372007754885341e-05,1.5415251368049253e-05,1.6007401189275612e-05,7.708053408649597e-06,1.7346022058090951e-06,6.453648186283904e-06,4.059213281135633e-06,1.0133416758707053e-05,2.6942068559706656e-05,7.392018338876019e-06,5.475663521742618e-06,7.007400774041229e-06,1.424299378878481e-05,3.337588368118934e-05,-2.602206835949912e-06,-0.00011825981745363012,6.243135435503798e-06,9.778274757810903e-06,1.0756470969758984e-05,9.667138145106232e-06,-1.872901828666055e-05,1.6007406841344598e-05,9.07358144364752e-06,7.611959516970831e-06,4.059212519911395e-06,6.453648690866616e-06
expAE05,UCSD_ISSM,/Volumes/FMac/computing/data/antarctica/ismip6/hackathon/ComputedScalarsHelene/expAE05/shelfmelt/computed_shelfmelt_AIS_UCSD_ISSM_expAE05.nc,-2.4908371403124665e-07,3.5746183343417548e-06,-5.54896481827398e-07,7.247282760874485e-06,2.080307086037568e-06,1.3926885661258137e-06,5.514109790842225e-06,5.571173771211124e-06,2.369367605985724e-06,-1.0381552133645777e-06,5.219018864141272e-06,4.4364477409220855e-06,2.3679178315367815e-06,1.7966852297316819e-06,-1.6592686414915915e-07,-3.734712120742616e-06,-3.8874408678044586e-05,-5.220784642673337e-07,2.4137908006115618e-06,3.0968006428574143e-06,2.292155881942237e-06,-2.035606848788389e-06,7.247281043987628e-06,3.4836613039988383e-06,2.616109881690124e-06,5.571173607830515e-06,5.514108695052713e-06
expAE05,ULB_fETISh-KoriBU1,/Volumes/FMac/computing/data/antarctica/ismip6/hackathon/ComputedScalarsHelene/expAE05/shelfmelt/computed_shelfmelt_AIS_ULB_fETISh-KoriBU1_expAE05.nc,-2.3551464392276175e-07,1.3321371577942243e-05,5.9761319537324315e-06,2.2365846434531227e-05,1.1391731184135745e-05,8.235518132781072e-07,1.8469924620539952e-05,8.55287303730754e-06,7.3187917531078546e-06,6.660468427448815e-06,5.76604910580555e-06,-4.3503012240915396e-06,-2.4504952682599893e-05,5.28635294219134e-06,1.3045426149847769e-05,-1.2003740453915046e-05,-4.166752883422479e-05,-2.901421445528765e-06,9.860256786196453e-06,1.3490162958366835e-05,8.79324292669854e-06,-1.1711629053029467e-05,2.236584587802623e-05,1.0707515427796343e-05,8.999530496793007e-06,8.552870317747502e-06,1.8469924347659974e-05
expAE05,ULB_fETISh-KoriBU2,/Volumes/FMac/computing/data/antarctica/ismip6/hackathon/ComputedScalarsHelene/expAE05/shelfmelt/computed_shelfmelt_AIS_ULB_fETISh-KoriBU2_expAE05.nc,4.257442244536016e-06,1.4911278982444698e-05,7.2077133884447705e-06,2.296138833889073e-05,1.109730127021884e-05,3.994223995062705e-07,1.889506162966277e-05,8.47791543036026e-06,8.764927002861284e-06,1.0135309012618732e-05,6.703656847738585e-06,-1.1891791655489159e-05,-1.89421705238701e-05,4.4947372211965385e-06,1.282463899532608e-05,-1.7136845780364114e-05,-4.694858184378322e-05,-7.275179165785386e-06,1.2721241036815616e-05,1.5932920126855526e-05,8.400942932184835e-06,-1.9930295143844617e-05,2.296138843149718e-05,1.2865485271125514e-05,9.540158778665205e-06,8.477916893138126e-06,1.8895058679386363e-05
expAE05,UNN_Ua,/Volumes/FMac/computing/data/antarctica/ismip6/hackathon/ComputedScalarsHelene/expAE05/shelfmelt/computed_shelfmelt_AIS_UNN_Ua_expAE05.nc,9.505565771787679e-06,1.0037052521490533e-05,5.611426096911454e-06,1.1538700982209475e-05,8.503148428099957e-06,8.27631048896633e-07,1.6595662722758977e-05,1.1643881919310813e-05,7.537618684748308e-06,1.0654553100191825e-05,6.2888350382240115e-06,3.510354296312134e-05,1.840868783558841e-05,8.122854535947907e-06,8.622001513717123e-06,6.6709578004580165e-06,-4.6416932773871305e-06,4.03914228781441e-05,8.714673186257816e-06,9.65225526234743e-06,6.854636438783877e-06,1.4883464069235545e-05,1.153870060458951e-05,7.811548250747681e-06,7.774794201559612e-06,1.1643884308713694e-05,1.6595663800029347e-05
expAE05,UTAS_ElmerIce,/Volumes/FMac/computing/data/antarctica/ismip6/hackathon/ComputedScalarsHelene/expAE05/shelfmelt/computed_shelfmelt_AIS_UTAS_ElmerIce_expAE05.nc,-6.171518495157438e-06,4.6747579681044075e-06,1.6068407935601972e-06,2.3819319834319174e-06,4.1749285907055075e-06,8.314494022161089e-07,2.773077495842536e-06,4.0820833642928325e-06,2.859068248550223e-06,2.219313130133628e-06,2.895427227105283e-06,2.286821106050251e-06,-2.4406492004201823e-06,1.7364154852640657e-06,2.1028185825163084e-06,-1.9398237920125348e-06,-2.344686669187979e-05,-2.6276781890155835e-06,3.024534207946181e-06,3.895127945627018e-06,2.4675198933666074e-06,-7.552620049381567e-06,2.381931396566803e-06,3.7201502535294285e-06,3.7438075884251153e-06,4.082083592477916e-06,2.773076056354636e-06
expAE05,VUB_AISMPALEO,/Volumes/FMac/computing/data/antarctica/ismip6/hackathon/ComputedScalarsHelene/expAE05/shelfmelt/computed_shelfmelt_AIS_VUB_AISMPALEO_expAE05.nc,-1.0531199942961157e-05,1.5343233785311402e-06,-1.0341081913163032e-05,9.926873851387645e-05,2.302530229260059e-06,1.4608889633853464e-06,-0.00017076739799217646,-0.0044682540766856444,3.839163940573298e-06,-1.3896586649355934e-05,2.339364104731771e-06,-0.0012003595337877254,-0.0003626838108584129,-0.000126827142399257,-1.1002110547981999e-05,-8.535631403843874e-06,-5.5415593606647354e-05,-0.00020929273029836288,8.570776449817043e-07,1.8989766427719157e-06,3.2010183523582175e-07,-5.13605293526714e-05,9.926874452266056e-05,1.5101434431497864e-06,2.312100101759763e-06,-0.00446825335460754,-0.00017076739124031792
expAE05,VUW_PISM1,/Volumes/FMac/computing/data/antarctica/ismip6/hackathon/ComputedScalarsHelene/expAE05/shelfmelt/computed_shelfmelt_AIS_VUW_PISM1_expAE05.nc,1.3342335372350593e-05,1.0276200680179107e-05,9.821026301883832e-06,1.940219084630382e-05,1.3146423961452593e-05,-2.675727538600083e-07,4.973550101110505e-06,8.484502426718321e-06,8.19639421162684e-06,1.1372851759018559e-05,5.955006800471647e-06,2.143231191209669e-06,9.169878754919542e-06,1.6407606584069358e-05,1.787528994535434e-05,-1.1860965047437196e-07,1.0896962608263086e-05,9.141279859716387e-06,1.0789461259441688e-05,1.2946645312379754e-05,7.965068613026018e-06,4.658005254890484e-06,1.940219271472639e-05,7.806659496667981e-06,1.0921267462557484e-05,8.484502845086481e-06,4.973549002734708e-06
expAE05,VUW_PISM1_s1,/Volumes/FMac/computing/data/antarctica/ismip6/hackathon/ComputedScalarsHelene/expAE05/shelfmelt/computed_shelfmelt_AIS_VUW_PISM1_s1_expAE05.nc,1.2461498336377336e-05,1.2434963914106036e-05,1.1457983931196429e-05,2.1531165417737695e-05,1.3363764323753647e-05,-1.6072277599735219e-07,9.742230654613853e-06,9.508004580960986e-06,1.0015939771169732e-05,1.3377044800774087e-05,6.258738912186896e-06,8.22709658424188e-07,1.2634559617399797e-05,2.1307770728367552e-05,1.959965940517723e-05,6.944757727902277e-07,1.1401701680722704e-05,1.0786943031380676e-05,1.2007765563897539e-05,1.3785299786535591e-05,9.649812001527676e-06,7.587951853923119e-06,2.1531165706997407e-05,9.76489972643277e-06,1.1301917528012334e-05,9.508001651728058e-06,9.742230176948894e-06
expAE05,VUW_PISM1_s2,/Volumes/FMac/computing/data/antarctica/ismip6/hackathon/ComputedScalarsHelene/expAE05/shelfmelt/computed_shelfmelt_AIS_VUW_PISM1_s2_expAE05.nc,1.3118522328059384e-05,9.027048721255495e-06,9.572608777148403e-06,1.4442844992475967e-05,1.2736820003950502e-05,1.517557793965474e-07,4.6137503256293725e-06,9.487930083669415e-06,7.608767770409756e-06,9.942578379976924e-06,5.371843514475904e-06,2.9573635262587354e-06,1.1185277856358534e-05,1.618181892583478e-05,1.6485064166298996e-05,-1.6557367274874516e-06,3.414223121788072e-06,8.55056283981312e-06,1.0052327126288124e-05,1.191569574720523e-05,7.775775884251696e-06,3.5571780245921357e-06,1.4442847074583511e-05,6.90774010718761e-06,1.0360889506760116e-05,9.487932779018973e-06,4.613750309116498e-06
expAE05,VUW_PISM1_s3,/Volumes/FMac/computing/data/antarctica/ismip6/hackathon/ComputedScalarsHelene/expAE05/shelfmelt/computed_shelfmelt_AIS_VUW_PISM1_s3_expAE05.nc,1.1942324586316882e-05,6.358061648689217e-06,8.821727800379483e-06,1.4107476792794203e-05,1.0488146773031996e-05,1.0287793370410406e-06,4.39263779399505e-06,7.5629138233849815e-06,7.824546672678215e-06,1.1545561022271512e-05,4.978896914204423e-06,7.15508031975834e-06,1.1127969720256392e-05,1.658452347776767e-05,1.6449387584796768e-05,-1.0348883805089872e-06,1.5993101694637795e-05,5.955742369132369e-06,8.882236199217643e-06,9.993813204844445e-06,7.651720602568735e-06,1.0866497967667735e-06,1.4107475498014886e-05,5.050126520928833e-06,8.802234551352598e-06,7.562914099360016e-06,4.39263820640447e-06
expAE05,VUW_PISM1_s4,/Volumes/FMac/computing/data/antarctica/ismip6/hackathon/ComputedScalarsHelene/expAE05/shelfmelt/computed_shelfmelt_AIS_VUW_PISM1_s4_expAE05.nc,1.3563904780914872e-05,1.2073196112930885e-05,1.0286276273643453e-05,2.2106833025286664e-05,1.3151661300258057e-05,6.972252571430719e-07,6.7688674131268965e-06,9.902692517163382e-06,8.766599014376588e-06,1.2454802630992017e-05,7.241514871203566e-06,5.40451007261871e-06,1.0392259897741865e-05,1.756497980123155e-05,2.0310869318039436e-05,1.2924022522942015e-06,2.2916413028904225e-06,1.137727748738862e-05,1.1828204550986945e-05,1.3637709805751415e-05,9.361847100354169e-06,7.099564492918561e-06,2.21068393709651e-05,9.608982739315787e-06,1.1343219543865893e-05,9.902695099454447e-06,6.768868594091991e-06
expAE05,VUW_PISM2,/Volumes/FMac/computing/data/antarctica/ismip6/hackathon/ComputedScalarsHelene/expAE05/shelfmelt/computed_shelfmelt_AIS_VUW_PISM2_expAE05.nc,1.3620710117879118e-05,1.2441143851205983e-05,1.334904667221106e-05,2.9717397561837055e-05,1.1432085109987558e-05,-3.125695883562636e-07,2.2062232398476334e-05,1.3549122385387903e-05,9.882256502712855e-06,8.767434181981368e-06,7.3417396920708695e-06,1.2183204267855364e-05,1.881756941979087e-05,2.3823674472955184e-05,2.3427694260701745e-05,4.926375168150808e-06,-1.4959724327594352e-05,1.3316411909008429e-05,1.361408909961973e-05,1.46270059370125e-05,1.2130354421281315e-05,8.224059617984689e-06,2.9717398681555204e-05,9.928116894073467e-06,1.03474940085441e-05,1.3549119501314945e-05,2.2062233617038746e-05
expAE05,VUW_PISM2_s1,/Volumes/FMac/computing/data/antarctica/ismip6/hackathon/ComputedScalarsHelene/expAE05/shelfmelt/computed_shelfmelt_AIS_VUW_PISM2_s1_expAE05.nc,1.3136141888444317e-05,1.4596900463448811e-05,1.3822442621288865e-05,3.3529937977173285e-05,1.220315340177874e-05,-5.700851161673779e-07,2.432054717942336e-05,1.5203244087101229e-05,1.0694661099689374e-05,1.0487094637053758e-05,7.76367008005215e-06,1.3395895290251966e-05,1.892434863407718e-05,2.7394845867549397e-05,2.3905377117552646e-05,5.501421106621279e-06,1.4239212695813167e-05,1.458451932987972e-05,1.4815836008856929e-05,1.549166748895456e-05,1.3935090617428938e-05,1.01803384203644e-05,3.352993585371088e-05,1.1826303438334945e-05,1.1017715243555209e-05,1.5203249631104916e-05,2.4320546669907626e-05
expAE05,VUW_PISM2_s2,/Volumes/FMac/computing/data/antarctica/ismip6/hackathon/ComputedScalarsHelene/expAE05/shelfmelt/computed_shelfmelt_AIS_VUW_PISM2_s2_expAE05.nc,1.4512778801756747e-05,1.1274514166678122e-05,1.1514488517506299e-05,2.555520025311331e-05,1.0988891570752341e-05,8.643502869034466e-07,1.8610248113723018e-05,1.404136839975507e-05,8.716868229467672e-06,7.91645724526368e-06,6.213685960838835e-06,1.037597932723042e-05,1.6903991181128778e-05,2.4563214139811953e-05,2.147754130542188e-05,3.6172671366991925e-06,-2.9279762779714184e-05,1.2003774168122154e-05,1.313604180692661e-05,1.450073282485818e-05,1.0996779207235484e-05,6.799765760520642e-06,2.55552035992938e-05,9.00465183837035e-06,9.667132135419953e-06,1.4041373325278768e-05,1.8610248055464766e-05
expAE05,VUW_PISM2_s3,/Volumes/FMac/computing/data/antarctica/ismip6/hackathon/ComputedScalarsHelene/expAE05/shelfmelt/computed_shelfmelt_AIS_VUW_PISM2_s3_expAE05.nc,1.2726114813187662e-05,8.54598011194881e-06,1.1099733687193385e-05,2.281015698508006e-05,9.822113862140584e-06,1.3682066184609034e-06,1.871221779536862e-05,1.0801039421861341e-05,9.014141215445725e-06,9.123552539424325e-06,6.002810199127556e-06,1.6014662806390372e-05,1.6772705534507246e-05,2.2662421693932077e-05,1.981467150008566e-05,3.6274348695471773e-06,-2.452317227943867e-05,1.0367451095112836e-05,1.067750960286759e-05,1.0915099522414623e-05,1.0523886792848764e-05,5.342968286220039e-06,2.2810153355758095e-05,7.009342434426839e-06,8.812272126438389e-06,1.0801039775207012e-05,1.871221898082487e-05
expAE05,VUW_PISM2_s4,/Volumes/FMac/computing/data/antarctica/ismip6/hackathon/ComputedScalarsHelene/expAE05/shelfmelt/computed_shelfmelt_AIS_VUW_PISM2_s4_expAE05.nc,1.4324335508869148e-05,1.5186647409136683e-05,1.3166521168110266e-05,2.506424282507197e-05,1.2177472610714289e-05,1.9495260338212103e-06,2.301997593705161e-05,1.458414900706758e-05,1.0427690622027706e-05,9.343247542463485e-06,8.268736782157213e-06,1.4815950824988401e-05,1.8004248548598233e-05,2.710038636136985e-05,2.3851905701073915e-05,7.147217057262349e-06,1.0196055656076595e-05,1.4555107470400587e-05,1.5270269705807795e-05,1.6312070236931535e-05,1.3478775957535148e-05,1.0302155569259817e-05,2.5064237178875213e-05,1.2776230267612132e-05,1.1142514767769593e-05,1.4584144975115639e-05,2.3019978381333148e-05
expAE05,IMAU_UFEMISM1,/Volumes/FMac/computing/data/antarctica/ismip6/hackathon/ComputedScalarsHelene/expAE05/shelfmelt/jb_computed_shelfmelt_AIS_IMAU_UFEMISM1_expAE05.nc,-4.32426021700683e-05,1.0805177844566142e-05,3.641464148435681e-05,3.157057482391444e-05,6.8257030386383434e-06,-1.1562242120933712e-07,,2.559650362933466e-05,7.285574193702631e-06,8.93804308024562e-06,6.585766699983381e-06,,,-8.550372274382578e-06,1.7627251063204524e-05,-4.762327502313269e-05,-8.35188470141913e-05,-0.0001427546941016136,7.050453241830174e-06,9.117906279513874e-06,5.595165668669668e-06,-0.00017141103413988626,3.157057068829289e-05,8.123918956960515e-06,6.739767355999823e-06,2.5596502889182086e-05,
expAE05,IMAU_UFEMISM2,/Volumes/FMac/computing/data/antarctica/ismip6/hackathon/ComputedScalarsHelene/expAE05/shelfmelt/jb_computed_shelfmelt_AIS_IMAU_UFEMISM2_expAE05.nc,-4.7565303681668634e-05,1.4663668214904787e-05,6.1561050560447775e-06,1.7902052829985865e-05,7.893833032553156e-06,4.45637587235281e-07,2.330321839624274e-05,1.1722353317056194e-05,5.107145129081723e-06,1.2940414328524516e-05,6.584114156323967e-06,,,-5.578226408401751e-06,1.8662348685009995e-05,-4.477879650410009e-05,2.8302741697109997e-05,-0.002423117821196507,8.031747600720078e-06,1.0926400113726222e-05,4.888825049065869e-06,-2.2716805870843815e-05,1.79020500731772e-05,1.1077685186456514e-05,7.3911120470123705e-06,1.1722354183531627e-05,2.3303221106300797e-05
expAE05,IMAU_UFEMISM3,/Volumes/FMac/computing/data/antarctica/ismip6/hackathon/ComputedScalarsHelene/expAE05/shelfmelt/jb_computed_shelfmelt_AIS_IMAU_UFEMISM3_expAE05.nc,-2.3231407582189206e-05,1.8414313488602204e-05,2.9394508088222448e-06,1.9883677199368917e-05,1.0019405186480693e-05,1.2023498161350018e-06,6.724945390033223e-06,5.998980122879016e-06,8.498728744316205e-06,7.3961466133378135e-06,8.756877276007385e-06,8.630012240299902e-05,-0.0008820118084214872,5.009314919171757e-06,1.6976268067813198e-05,-2.7223785721310612e-05,-5.5425395409550736e-05,-0.004513785994813208,1.0955280808075963e-05,1.3634105523209032e-05,7.347482176349663e-06,-7.662672381697948e-05,1.9883675320049162e-05,1.4643010175999471e-05,9.588589796031647e-06,5.998980161178647e-06,6.724943337604222e-06
expAE05,IMAU_UFEMISM4,/Volumes/FMac/computing/data/antarctica/ismip6/hackathon/ComputedScalarsHelene/expAE05/shelfmelt/jb_computed_shelfmelt_AIS_IMAU_UFEMISM4_expAE05.nc,-2.465752675062382e-05,1.7687974180881765e-05,2.2917963424792515e-06,1.5200881719269774e-05,1.0122460416415079e-05,6.394232459217516e-07,2.3592476905085756e-05,2.858590282585685e-06,7.075173585978534e-06,7.188759364678409e-06,6.873951070372451e-06,0.00023320874994468924,-0.001628391196648429,3.835620627495856e-06,1.5816729811122026e-05,-3.812612421902487e-05,-5.126240420255734e-05,,1.0277274805994861e-05,1.3366582286777562e-05,5.778802440642757e-06,-8.24001949074452e-05,1.5200881530657947e-05,1.4058463147680784e-05,8.982630918736443e-06,2.858589945827564e-06,2.359248467266451e-05
