Experiment,Model,Path,sector_1,sector_2,sector_3,sector_4,sector_5,sector_6,sector_7,sector_8,sector_9,sector_10,sector_11,sector_12,sector_13,sector_14,sector_15,sector_16,sector_17,sector_18,region_1,region_2,region_3,FilchnerRonne,Ross,Amundsen,AIS
expAE02,IMAU_UFEMISM4,/Volumes/CrucialX8/computing/data/antarctica/ismip6_hackathon/ComputedScalarsHelene/expAE02/shelfmelt/jb_computed_shelfmelt_AIS_IMAU_UFEMISM4_expAE02.nc,1245.495166263619,149.32840327632275,0.0,22.18593666548666,530.8132222998295,79.71133832038802,60.43300435354071,445.2729388492654,39.749462182956904,65.68693837461768,294.4010683460179,0.0,0.0,24.93342027118321,106.44674753059653,25.56604478466161,12.753704496970741,0.0,0.0,0.0,0.0,825.2142906458475,229.03974159671077,22.18593666548666,3102.777396015456
expAE02,IMAU_UFEMISM3,/Volumes/CrucialX8/computing/data/antarctica/ismip6_hackathon/ComputedScalarsHelene/expAE02/shelfmelt/jb_computed_shelfmelt_AIS_IMAU_UFEMISM3_expAE02.nc,568.7359007952188,97.84544964605854,0.0,779.019479887461,610.0588844376523,92.1258088238454,149.09613160444673,122.3978392117494,179.72539313386898,76.45716055786569,372.0475731237071,0.0,7.210877659029625,25.183040692175542,174.60300476499987,7.839801035204898,8.948574295711332,0.0,0.0,0.0,0.0,982.1064575613594,189.97125846990392,779.019479887461,3271.2949196689956
expAE02,IMAU_UFEMISM2,/Volumes/CrucialX8/computing/data/antarctica/ismip6_hackathon/ComputedScalarsHelene/expAE02/shelfmelt/jb_computed_shelfmelt_AIS_IMAU_UFEMISM2_expAE02.nc,-0.0,-0.0,0.0,-0.0,-0.0,-0.0,-0.0,-0.0,-0.0,-0.0,-0.0,0.0,-0.0,-0.0,-0.0,-0.0,-0.0,0.0,0.0,0.0,0.0,0.0,0.0,0.0,-0.0
expAE02,IMAU_UFEMISM1,/Volumes/CrucialX8/computing/data/antarctica/ismip6_hackathon/ComputedScalarsHelene/expAE02/shelfmelt/jb_computed_shelfmelt_AIS_IMAU_UFEMISM1_expAE02.nc,-0.0,-0.0,0.0,-0.0,-0.0,-0.0,-0.0,-0.0,-0.0,-0.0,-0.0,0.0,-0.0,-0.0,-0.0,-0.0,-0.0,0.0,0.0,0.0,0.0,0.0,0.0,0.0,-0.0
expAE02,VUW_PISM2_s4,/Volumes/CrucialX8/computing/data/antarctica/ismip6_hackathon/ComputedScalarsHelene/expAE02/shelfmelt/computed_shelfmelt_AIS_VUW_PISM2_s4_expAE02.nc,57533.84729102579,123634.72055411384,71436.26371043222,183288.46251058727,386698.7563980938,9271.739453801158,33479.53994152951,130946.55426214673,42519.68157753935,63052.135870327445,166912.63560666735,-2972.870427756494,19757.89086148956,66960.57903508724,62351.16733028362,2971.6385082908796,4956.735947396858,62548.12520612609,62548.12520612609,62548.12520612609,62548.12520612609,553611.3920047614,132906.46000791498,183288.46251058727,1485347.6036371822
expAE02,VUW_PISM2_s3,/Volumes/CrucialX8/computing/data/antarctica/ismip6_hackathon/ComputedScalarsHelene/expAE02/shelfmelt/computed_shelfmelt_AIS_VUW_PISM2_s3_expAE02.nc,46881.37569810406,115183.34334557549,68390.80883997444,95586.50696629054,379715.1519140826,9049.117349413122,30639.292125239775,119492.73089953644,43049.6470651137,65390.225114516004,151699.2356831308,-2450.067138768276,21627.033125805312,55316.90041144261,55097.23693268706,3186.0137205653305,4955.181622931729,61264.84375969842,61264.84375969842,61264.84375969842,61264.84375969842,531414.3875972135,124232.46069498855,95586.50696629054,1324074.577435339
expAE02,VUW_PISM2_s2,/Volumes/CrucialX8/computing/data/antarctica/ismip6_hackathon/ComputedScalarsHelene/expAE02/shelfmelt/computed_shelfmelt_AIS_VUW_PISM2_s2_expAE02.nc,55098.75313849642,112018.84135793292,66984.03650564661,96242.58500011846,380791.14472119464,10029.404028275556,30447.311836789126,109059.86199890317,40799.17875098972,64698.88939817049,154755.38781650094,-2685.3340243016796,18509.73096413265,53780.40998305039,56539.347873739614,3009.046677044152,5513.129443280601,62937.285054938504,62937.285054938504,62937.285054938504,62937.285054938504,535546.5325376953,122048.24538620851,96242.58500011846,1318529.0105249037
expAE02,VUW_PISM2_s1,/Volumes/CrucialX8/computing/data/antarctica/ismip6_hackathon/ComputedScalarsHelene/expAE02/shelfmelt/computed_shelfmelt_AIS_VUW_PISM2_s1_expAE02.nc,56663.64726580747,131088.75615332328,73024.56827927876,141328.71020574734,393149.25215485843,9602.717851884898,39515.47224987955,142340.81435498822,45087.33378494464,68059.85567599587,171106.11929823962,-3773.848386860907,22040.270013232865,65154.57842611381,63417.38076907561,2810.8857477675424,4699.504316628363,62607.55199647817,62607.55199647817,62607.55199647817,62607.55199647817,564255.3714530978,140691.47400520823,141328.71020574734,1487923.570157383
expAE02,VUW_PISM2,/Volumes/CrucialX8/computing/data/antarctica/ismip6_hackathon/ComputedScalarsHelene/expAE02/shelfmelt/computed_shelfmelt_AIS_VUW_PISM2_expAE02.nc,56203.65583005909,120583.50678041394,68814.20970029832,144166.5194201953,385416.08568371844,9614.84475360878,31999.640667893265,129232.41404860554,43229.27215495095,65072.92888701996,162576.33558220376,-3139.6254509499254,19762.068956957828,58809.89910398246,59299.638567334114,2945.61733280135,5193.063235936363,62990.48549268286,62990.48549268286,62990.48549268286,62990.48549268286,547992.4212659223,130198.35153402279,144166.5194201953,1422770.5607477112
expAE02,VUW_PISM1_s4,/Volumes/CrucialX8/computing/data/antarctica/ismip6_hackathon/ComputedScalarsHelene/expAE02/shelfmelt/computed_shelfmelt_AIS_VUW_PISM1_s4_expAE02.nc,48765.56655688509,105328.97698926702,73608.80618259741,89068.05711588848,394513.7151408417,7051.450256747616,32619.196360931972,123992.58789975173,43476.91211702203,64760.8083553164,157253.34240788882,-2078.664775657847,18693.553723073295,50661.78574234535,48535.16459726026,2076.1782741363627,5741.511783248491,58978.30869504623,58978.30869504623,58978.30869504623,58978.30869504623,551767.0575487305,112380.42724601466,89068.05711588848,1323047.25742259
expAE02,VUW_PISM1_s3,/Volumes/CrucialX8/computing/data/antarctica/ismip6_hackathon/ComputedScalarsHelene/expAE02/shelfmelt/computed_shelfmelt_AIS_VUW_PISM1_s3_expAE02.nc,45256.16480710288,97066.8505219571,67567.20374176762,87969.82338516584,364994.45868923655,7616.484302225225,29754.569430502932,113449.33807885938,43758.476095322134,61766.71210205591,138860.31807085645,-3736.6905042789112,18705.32976420036,47050.91780004393,47694.529074312515,2179.959271969841,5735.543899158867,56251.60817964155,56251.60817964155,56251.60817964155,56251.60817964155,503854.7767600926,104683.33482418236,87969.82338516584,1231941.5967101
expAE02,VUW_PISM1_s2,/Volumes/CrucialX8/computing/data/antarctica/ismip6_hackathon/ComputedScalarsHelene/expAE02/shelfmelt/computed_shelfmelt_AIS_VUW_PISM1_s2_expAE02.nc,44390.72259215359,97130.51667233118,68912.37113353037,79967.67933904631,376067.5928387582,7272.232543409851,28568.280205285235,106786.95239753838,40141.91274910101,59689.9214977247,145022.01945153685,-4044.526902434377,18269.492523833218,43553.202986444376,46029.19339247346,2549.4054979596467,6307.6696265185465,54674.08072252047,54674.08072252047,54674.08072252047,54674.08072252047,521089.6122902951,104402.74921574097,79967.67933904631,1221288.7192677301
expAE02,VUW_PISM1_s1,/Volumes/CrucialX8/computing/data/antarctica/ismip6_hackathon/ComputedScalarsHelene/expAE02/shelfmelt/computed_shelfmelt_AIS_VUW_PISM1_s1_expAE02.nc,53406.6522869744,109507.62466758197,75280.7268004259,94394.04834271943,405520.05382709746,8012.059566075628,36932.8151095516,144645.9159575787,47116.78823172423,66199.25337020423,151506.084708768,-3489.1871091056505,18330.26617250887,50251.344018860356,48910.678629888214,2137.7612296237107,4613.115447518709,58975.07011165074,58975.07011165074,58975.07011165074,58975.07011165074,557026.1385358657,117519.68423365768,94394.04834271943,1372251.0713696466
expAE02,VUW_PISM1,/Volumes/CrucialX8/computing/data/antarctica/ismip6_hackathon/ComputedScalarsHelene/expAE02/shelfmelt/computed_shelfmelt_AIS_VUW_PISM1_expAE02.nc,48265.56778034685,103555.37635899175,70267.49667254619,94884.1080256708,388547.06155720603,7571.307296536166,31002.011091383083,121981.41038452834,43490.591498561625,63111.60949927724,151589.18989015385,-3986.585665338215,17922.058192988025,48161.60334702926,47619.45847213842,2372.6350486522633,5658.35497916051,56259.33125356046,56259.33125356046,56259.33125356046,56259.33125356046,540136.2514473596,111126.6836555279,94884.1080256708,1298272.5856833928
expAE02,VUB_AISMPALEO,/Volumes/CrucialX8/computing/data/antarctica/ismip6_hackathon/ComputedScalarsHelene/expAE02/shelfmelt/computed_shelfmelt_AIS_VUB_AISMPALEO_expAE02.nc,1173.7930815654768,25111.167438109773,3285.2476757537215,678.0940541693213,85083.22217985919,14154.121052933166,296.7678977437898,105.39570118294013,35366.89870527708,4796.840387379138,58969.559759499556,54.528516082588276,169.16005180358897,896.5786755260748,3005.67600035017,1584.6270825862268,2704.420592908094,55.04256869742096,55.04256869742096,55.04256869742096,55.04256869742096,144052.78193935863,39265.28849104295,678.0940541693213,237491.14142142716
expAE02,UTAS_ElmerIce,/Volumes/CrucialX8/computing/data/antarctica/ismip6_hackathon/ComputedScalarsHelene/expAE02/shelfmelt/computed_shelfmelt_AIS_UTAS_ElmerIce_expAE02.nc,18931.233871547287,70177.44151825526,42610.57118876029,63233.87034105316,187062.7194810046,16601.944681937723,16234.729147227841,61779.8762246626,36664.30423488832,48698.63333776405,96596.51321045776,6674.156739810701,8990.426747558706,26792.26055857454,25283.858083245188,4876.781647948289,9879.890645334104,32992.123285941,32992.123285941,32992.123285941,32992.123285941,283659.23269146244,86779.38620019304,63233.87034105316,774081.3349459717
expAE02,UNN_Ua,/Volumes/CrucialX8/computing/data/antarctica/ismip6_hackathon/ComputedScalarsHelene/expAE02/shelfmelt/computed_shelfmelt_AIS_UNN_Ua_expAE02.nc,13082.812458406783,25609.65541259096,33037.51937095641,114460.17539956953,74587.86047063315,7332.175763893776,5949.106869631696,31859.889341711667,25582.531595113203,26743.350175931777,54298.95522589614,486.9107356021589,2162.4047960792554,16663.21449457335,11911.236166251427,83.53458805341089,14.982977855249576,1425.5564376458876,1425.5564376458876,1425.5564376458876,1425.5564376458876,128886.81569652932,32941.83117648472,114460.17539956953,445291.87228039594
expAE02,ULB_fETISh-KoriBU2,/Volumes/CrucialX8/computing/data/antarctica/ismip6_hackathon/ComputedScalarsHelene/expAE02/shelfmelt/computed_shelfmelt_AIS_ULB_fETISh-KoriBU2_expAE02.nc,35301.73807246287,73752.06304094933,53764.803528987824,306914.63465762296,167719.0924678275,23500.05937791645,30029.731155939993,81736.05812658074,49466.05826046448,93203.78337852706,114334.88841335477,3645.788022709613,8458.608547232318,40935.838902281364,46487.81050640143,4003.5399407985624,18814.960150644907,46102.42794155228,46102.42794155228,46102.42794155228,46102.42794155228,282053.98088118224,97252.1224188657,306914.63465762296,1198171.8844922548
expAE02,ULB_fETISh-KoriBU1,/Volumes/CrucialX8/computing/data/antarctica/ismip6_hackathon/ComputedScalarsHelene/expAE02/shelfmelt/computed_shelfmelt_AIS_ULB_fETISh-KoriBU1_expAE02.nc,43330.368054706814,40011.60130126053,50459.27361311109,132054.415368984,115536.29800019563,14499.943637031593,46645.57343028802,75997.84653190378,53554.50957932151,87414.4693389488,96384.64733005801,6907.2618575758925,7318.096454902799,44025.15743484087,54879.43581023131,7415.47855169418,22782.283192748357,53363.40567185542,53363.40567185542,53363.40567185542,53363.40567185542,211920.94533025363,54511.54493829209,132054.415368984,952580.0651596587
expAE02,UCSD_ISSM,/Volumes/CrucialX8/computing/data/antarctica/ismip6_hackathon/ComputedScalarsHelene/expAE02/shelfmelt/computed_shelfmelt_AIS_UCSD_ISSM_expAE02.nc,156632.24981337477,16025.931613859098,138056.11610000703,193095.37327644383,56786.22026769622,3011.764918386975,19116.363531259824,86565.8352039949,13848.504765309877,24734.519981034515,28083.414655863053,843.458704576825,4307.414951865281,29028.21938620088,44082.98147391848,4827.172738838229,11348.273407997898,201281.39627326914,201281.39627326914,201281.39627326914,201281.39627326914,84869.63492355925,19037.69653224608,193095.37327644383,1031675.2110638969
expAE02,UCM_Yelmo,/Volumes/CrucialX8/computing/data/antarctica/ismip6_hackathon/ComputedScalarsHelene/expAE02/shelfmelt/computed_shelfmelt_AIS_UCM_Yelmo_expAE02.nc,11622.172468603985,39196.84511025156,31330.30540779888,31926.567575115114,97089.26634989106,8752.187647288662,15103.10924459641,35312.26913809657,18888.281683127218,28648.95861054432,66221.23849327618,3966.843835428119,13726.107719442458,30227.521217878955,13286.678011899685,2638.496263303073,7168.019318367808,11207.734735904167,11207.734735904167,11207.734735904167,11207.734735904167,163310.50484316712,47949.03275754028,31926.567575115114,466312.602830814
expAE02,PIK_PISM,/Volumes/CrucialX8/computing/data/antarctica/ismip6_hackathon/ComputedScalarsHelene/expAE02/shelfmelt/computed_shelfmelt_AIS_PIK_PISM_expAE02.nc,19384.736614184894,69981.31565987904,51373.33099720328,53819.33906127386,135381.28647808955,19602.19101228417,14178.22043192304,40435.8070566323,36084.38077073035,45021.59619205394,85255.00325412532,2336.796497886655,3120.716528748425,29402.85180621918,23239.99163885564,3164.1840500914504,12563.876772296835,24736.24425182944,24736.24425182944,24736.24425182944,24736.24425182944,220636.2897322149,89583.50667216329,53819.33906127386,669081.8690743074
expAE02,NORCE_CISM5-MAR364-ERA-t1,/Volumes/CrucialX8/computing/data/antarctica/ismip6_hackathon/ComputedScalarsHelene/expAE02/shelfmelt/computed_shelfmelt_AIS_NORCE_CISM5-MAR364-ERA-t1_expAE02.nc,3037.904080777074,3945.5443371712367,2533.3268062184707,5485.901862925729,14391.915053546927,8149.7826217452,358.88213432712087,5279.7832363794405,11673.763125621193,2220.024159902654,12749.592245162907,3273.569571940818,3566.6666372556615,3132.756753347385,695.433985361632,2453.356887452113,8080.855757976918,5619.822379373826,5619.822379373826,5619.822379373826,5619.822379373826,27141.507298709847,12095.326958916434,5485.901862925729,96648.88163648626
expAE02,NORCE_CISM5-MAR364-ERA-t1-nonlocal,/Volumes/CrucialX8/computing/data/antarctica/ismip6_hackathon/ComputedScalarsHelene/expAE02/shelfmelt/computed_shelfmelt_AIS_NORCE_CISM5-MAR364-ERA-t1-nonlocal_expAE02.nc,3182.7468415650856,3847.2750624909386,2175.9031968276995,4649.383884249041,9933.502983335235,5091.8302485603945,357.3593302611768,3752.9715353015467,9023.726131471749,2000.9527536037763,8449.19456681439,3241.9251955091345,3897.6735560817788,3459.9494450035177,1206.7296109145432,2260.7405893092414,7548.89508114576,5605.222541699824,5605.222541699824,5605.222541699824,5605.222541699824,18382.697550149624,8939.105311051335,4649.383884249041,79685.98255414484
expAE02,NORCE_CISM5-MAR364-ERA-t1-local,/Volumes/CrucialX8/computing/data/antarctica/ismip6_hackathon/ComputedScalarsHelene/expAE02/shelfmelt/computed_shelfmelt_AIS_NORCE_CISM5-MAR364-ERA-t1-local_expAE02.nc,3196.8440280254204,3955.5681504858726,2250.9862164324854,5621.492066658507,11951.808491278136,4079.2236718356758,358.6194008035303,3114.069252877698,10752.060662257929,2667.7103207165533,9727.678114270933,3199.896717864411,4369.677298573789,3543.8557930031748,1162.4609714051924,1950.8975810261772,7874.980350657749,6221.921168703064,6221.921168703064,6221.921168703064,6221.921168703064,21679.486605549082,8034.791822321547,5621.492066658507,85999.75025687624
expAE02,NORCE_CISM4-MAR364-JRA-t1,/Volumes/CrucialX8/computing/data/antarctica/ismip6_hackathon/ComputedScalarsHelene/expAE02/shelfmelt/computed_shelfmelt_AIS_NORCE_CISM4-MAR364-JRA-t1_expAE02.nc,4477.597809406852,10080.107928487627,6718.626397763059,13607.863069722775,53012.61666407251,8284.422399585486,4867.993639590448,15681.777345174036,16766.094287143165,10450.464672184637,30949.80745081353,3449.0177125783944,3619.822120695456,7674.597962736907,5080.960730655523,1418.466242459102,5078.1432471130565,12007.224116003172,12007.224116003172,12007.224116003172,12007.224116003172,83962.42411488606,18364.530328073117,13607.863069722775,213225.6037961858
expAE02,NORCE_CISM4-MAR364-ERA-t1,/Volumes/CrucialX8/computing/data/antarctica/ismip6_hackathon/ComputedScalarsHelene/expAE02/shelfmelt/computed_shelfmelt_AIS_NORCE_CISM4-MAR364-ERA-t1_expAE02.nc,4506.86511997801,10330.25400969109,6749.760307072398,13621.689236095865,51201.50130602509,8071.611838995403,4744.783845618434,15366.942782956585,16894.482000810545,10853.235311598257,29786.440033121162,3476.2333566807847,3681.0853641490253,6214.571558560541,5072.538279507386,1351.971884695967,4699.77966781399,11541.976549179846,11541.976549179846,11541.976549179846,11541.976549179846,80987.94133914633,18401.865848686484,13621.689236095865,208165.7224525504
expAE02,NORCE_CISM4-MAR364-ERA-t1-nonlocal,/Volumes/CrucialX8/computing/data/antarctica/ismip6_hackathon/ComputedScalarsHelene/expAE02/shelfmelt/computed_shelfmelt_AIS_NORCE_CISM4-MAR364-ERA-t1-nonlocal_expAE02.nc,4959.8730343352145,7736.722564884681,5862.664966711108,8172.578300238893,21841.706224816982,4717.624278794739,3986.8980964905422,12722.227957196232,12068.509582199305,8813.753462441291,14340.834816283483,3779.5829827951557,3723.653537920094,7030.181842095898,4512.090451706672,1684.6706255224647,4339.557098056827,13120.149787913835,13120.149787913835,13120.149787913835,13120.149787913835,36182.54104110047,12454.346843679423,8172.578300238893,143413.2796104034
expAE02,NORCE_CISM4-MAR364-ERA-t1-local,/Volumes/CrucialX8/computing/data/antarctica/ismip6_hackathon/ComputedScalarsHelene/expAE02/shelfmelt/computed_shelfmelt_AIS_NORCE_CISM4-MAR364-ERA-t1-local_expAE02.nc,4955.504640230743,9324.540633233997,5835.2856298964825,8613.931833471732,30198.23662404999,4205.0859639047985,3714.627461698754,12433.648189995829,12407.71102643778,9299.127471606094,18455.759711094932,3112.074215603042,3571.5070544934906,6611.112076842155,4397.602781759591,1547.848950372204,4787.752300583848,13318.845137014827,13318.845137014827,13318.845137014827,13318.845137014827,48653.99633514488,13529.6265971388,8613.931833471732,156790.20170229027
expAE02,NORCE_CISM3-MAR364-ERA-t1,/Volumes/CrucialX8/computing/data/antarctica/ismip6_hackathon/ComputedScalarsHelene/expAE02/shelfmelt/computed_shelfmelt_AIS_NORCE_CISM3-MAR364-ERA-t1_expAE02.nc,20441.633872947736,52730.80750968966,38056.211600783485,73869.628661084,192020.83982504564,23716.405653743735,22643.517012172095,58446.15742843258,46320.712582582266,54390.27980039117,114239.20825576098,6998.600698541175,6656.141940556985,28717.245770494475,28704.23526626522,5688.806442665086,9590.775831038143,34054.90395582793,34054.90395582793,34054.90395582793,34054.90395582793,306260.04808080685,76447.2131634334,73869.628661084,817286.1121080222
expAE02,NORCE_CISM3-MAR364-ERA-t1-nonlocal,/Volumes/CrucialX8/computing/data/antarctica/ismip6_hackathon/ComputedScalarsHelene/expAE02/shelfmelt/computed_shelfmelt_AIS_NORCE_CISM3-MAR364-ERA-t1-nonlocal_expAE02.nc,16819.850688332644,33002.84482190122,27830.77361736358,28429.40946140115,80380.62422256323,11111.044993348107,7415.141845731113,22962.17648168281,27212.574085025553,30445.359882373912,54926.76903618981,4198.114789273742,5982.082330963091,18847.035115459978,16472.692815784103,5332.977308456379,9169.00720405309,31793.726412630484,31793.726412630484,31793.726412630484,31793.726412630484,135307.393258753,44113.88981524935,28429.40946140115,432332.2051125341
expAE02,NORCE_CISM3-MAR364-ERA-t1-local,/Volumes/CrucialX8/computing/data/antarctica/ismip6_hackathon/ComputedScalarsHelene/expAE02/shelfmelt/computed_shelfmelt_AIS_NORCE_CISM3-MAR364-ERA-t1-local_expAE02.nc,17267.73757220523,39744.06226579899,25314.917407021647,26969.868651327775,110243.05490764776,10369.60635337084,6652.84972114636,22130.279244915775,28389.386394850564,28710.782793960505,66491.6355017359,3641.337992895111,5641.086006095095,18199.765778295525,16407.96783012621,4871.54696901109,9394.005457343475,32959.22503256562,32959.22503256562,32959.22503256562,32959.22503256562,176734.69040938365,50113.6686191698,26969.868651327775,473399.1158803134
expAE02,NORCE_CISM2-MAR364-ERA-t1,/Volumes/CrucialX8/computing/data/antarctica/ismip6_hackathon/ComputedScalarsHelene/expAE02/shelfmelt/computed_shelfmelt_AIS_NORCE_CISM2-MAR364-ERA-t1_expAE02.nc,24879.14212794832,87700.84199483838,59161.93204694907,85068.32009618044,295666.56483995554,38855.64133346798,24931.598861994276,93876.1156024024,63634.63247157628,69033.93715485661,156904.24977252094,8238.715090059026,7558.814289424044,36620.33025631883,39852.8445425047,8735.665970617983,12390.70922804764,46408.56187488207,46408.56187488207,46408.56187488207,46408.56187488207,452570.81461247645,126556.48332830638,85068.32009618044,1159518.6175545447
expAE02,NCAR_CISM2,/Volumes/CrucialX8/computing/data/antarctica/ismip6_hackathon/ComputedScalarsHelene/expAE02/shelfmelt/computed_shelfmelt_AIS_NCAR_CISM2_expAE02.nc,37582.19942428174,104173.77613455667,56041.097801117576,91200.6011121076,272403.04220429674,24942.436262741296,21244.643726794005,70191.37622969906,57160.00465184747,83920.8355563765,144764.5167877024,6956.863620141788,9893.419898806065,42438.9030251845,42537.96577466155,9272.518852709964,10309.093262982073,52460.01466985597,52460.01466985597,52460.01466985597,52460.01466985597,417167.5589919994,129116.21239729793,91200.6011121076,1137493.3089958632
expAE02,NCAR_CISM1,/Volumes/CrucialX8/computing/data/antarctica/ismip6_hackathon/ComputedScalarsHelene/expAE02/shelfmelt/computed_shelfmelt_AIS_NCAR_CISM1_expAE02.nc,23772.718817490335,49344.30129125291,47270.026671655985,40223.165702323626,122586.17683856186,17291.66682773473,10452.704332819234,4316.843852252125,45617.52958312908,57214.14456203279,87011.96505718374,4635.415949184516,6154.347510998337,26955.0869759863,28494.334726636585,6157.646716844616,8372.855015015986,44033.332142525454,44033.332142525454,44033.332142525454,44033.332142525454,209598.14189574568,66635.96811898766,40223.165702323626,629904.2625736282
expAE02,LSCE_GRISLI,/Volumes/CrucialX8/computing/data/antarctica/ismip6_hackathon/ComputedScalarsHelene/expAE02/shelfmelt/computed_shelfmelt_AIS_LSCE_GRISLI_expAE02.nc,12723.70008986246,121482.1493366183,19891.19979825713,77889.72017964513,145747.74716269696,9817.187226308348,9423.178759817274,34617.77625876665,27371.154536349917,37702.72755983954,52681.77204343091,2444.434351819664,6729.936408529468,17808.114380212686,19889.284699504307,1968.9182677081362,3763.136586375094,16695.294278779325,16695.294278779325,16695.294278779325,16695.294278779325,198429.51920612794,131299.33656292668,77889.72017964513,618647.4319245216
expAE02,LSCE_GRISLI2,/Volumes/CrucialX8/computing/data/antarctica/ismip6_hackathon/ComputedScalarsHelene/expAE02/shelfmelt/computed_shelfmelt_AIS_LSCE_GRISLI2_expAE02.nc,21821.543082635802,151840.74535803875,38375.47832002969,37432.14294496739,175036.50981214686,13567.15330137521,13082.28924673444,45472.26492313301,39684.54232369243,44857.104560127926,83964.43832954807,3422.154310533329,8961.411874993091,17930.990366599122,21458.576317355215,2886.8075736984374,5263.8072184049315,25672.422178605517,25672.422178605517,25672.422178605517,25672.422178605517,259000.94814169488,165407.89865941406,37432.14294496739,750730.3820426192
expAE02,ILTS_SICOPOLIS,/Volumes/CrucialX8/computing/data/antarctica/ismip6_hackathon/ComputedScalarsHelene/expAE02/shelfmelt/computed_shelfmelt_AIS_ILTS_SICOPOLIS_expAE02.nc,35999.13660588081,116181.57318638942,48923.031754075564,177854.2972884894,248898.32136131357,19042.546533721656,31063.236760211814,93603.35894224526,50847.0585298829,101248.99092716964,147442.48978289118,5018.370009495156,9867.375133718539,64989.57784247672,56640.14351033176,2756.4487689809284,8695.63323221247,39644.41996516692,39644.41996516692,39644.41996516692,39644.41996516692,396340.81114420475,135224.11972011108,177854.2972884894,1258716.0101346544
expAE02,IGE_ElmerIce,/Volumes/CrucialX8/computing/data/antarctica/ismip6_hackathon/ComputedScalarsHelene/expAE02/shelfmelt/computed_shelfmelt_AIS_IGE_ElmerIce_expAE02.nc,19464.61761562384,50318.864423017294,43384.21756442508,54039.44161073732,114148.6964930262,19218.312571842154,24890.325993954797,65985.81535351844,46646.89221289732,61855.906510596484,78348.85092471818,7892.694264931159,3748.9176626632634,32499.708433035477,33767.96841733451,5032.785853273379,8501.577024733402,34704.14397357702,34704.14397357702,34704.14397357702,34704.14397357702,192497.54741774435,69537.17699485944,54039.44161073732,704449.7369039053
expAE02,DOE_MALI_8km_AntMean,/Volumes/CrucialX8/computing/data/antarctica/ismip6_hackathon/ComputedScalarsHelene/expAE02/shelfmelt/computed_shelfmelt_AIS_DOE_MALI_8km_AntMean_expAE02.nc,16679.409757697635,74369.34790487624,37717.7611066364,218690.10068588486,147325.9161159899,6810.472966361575,27014.758242913635,63857.94062459926,35412.57472964843,53741.29137084075,91982.15665690978,3364.007049070728,3597.063091816235,21270.821183360393,29581.419768990752,2178.13241428645,5031.719703470767,25935.59819786561,25935.59819786561,25935.59819786561,25935.59819786561,239308.07277289958,81179.82087123778,218690.10068588486,864560.4915712196
expAE02,DOE_MALI_8km_Ant95,/Volumes/CrucialX8/computing/data/antarctica/ismip6_hackathon/ComputedScalarsHelene/expAE02/shelfmelt/computed_shelfmelt_AIS_DOE_MALI_8km_Ant95_expAE02.nc,15982.850939057305,58780.6226403674,37826.90411177364,183032.09917656117,128561.26794985456,6121.487278863857,17784.373640291702,60238.42384556132,32317.240665119778,53821.82819855152,83970.97793332233,3340.692053242505,3755.578951196783,20295.200598222935,27857.425158416456,2048.686031095968,5027.040035889847,26358.511157344306,26358.511157344306,26358.511157344306,26358.511157344306,212532.24588317692,64902.10991923128,183032.09917656117,767121.2103647338
expAE02,DOE_MALI_4km,/Volumes/CrucialX8/computing/data/antarctica/ismip6_hackathon/ComputedScalarsHelene/expAE02/shelfmelt/computed_shelfmelt_AIS_DOE_MALI_4km_expAE02.nc,18012.13544541228,74712.34608616788,42796.19112859206,143273.4277255738,175624.98665290873,15426.912111437037,28329.829844872304,69270.06966664446,37872.750398315686,66176.25216223215,103657.64747810994,4426.706792156113,4924.541947416915,28119.35971237089,34375.09211149855,3913.983704238713,6919.672950659874,30767.981205649747,30767.981205649747,30767.981205649747,30767.981205649747,279282.63413101865,90139.25819760487,143273.4277255738,888599.8871242569
expAE02,DC_ISSM,/Volumes/CrucialX8/computing/data/antarctica/ismip6_hackathon/ComputedScalarsHelene/expAE02/shelfmelt/computed_shelfmelt_AIS_DC_ISSM_expAE02.nc,30260.96652915272,57589.161670174384,45163.50387713159,76853.83460834641,128748.69237425303,15528.911408369377,19966.920885671203,68222.67587102458,35663.65556187198,82303.34058681769,96564.41389823372,3563.156778343537,10662.552028447188,47155.74301026465,34992.494460506794,4549.309864924499,7868.20705816639,41318.26279684408,41318.26279684408,41318.26279684408,41318.26279684408,225313.10627248668,73118.07307854378,76853.83460834641,806975.8032685437
expAE03,IMAU_UFEMISM4,/Volumes/CrucialX8/computing/data/antarctica/ismip6_hackathon/ComputedScalarsHelene/expAE03/shelfmelt/jb_computed_shelfmelt_AIS_IMAU_UFEMISM4_expAE03.nc,4376.448437539389,240.76320061475295,-0.0,19.070506860876485,414.9935356496312,91.75948278505179,160.9822813240268,299.0482998434415,52.390830605774894,141.3010366886062,290.51103471686895,-0.0,-0.0,25.68721715195002,96.5261539137362,21.6237008074306,4.90247594464606,-0.0,-0.0,-0.0,-0.0,705.5045703664999,332.5226833998048,19.070506860876485,6236.008194446184
expAE03,IMAU_UFEMISM3,/Volumes/CrucialX8/computing/data/antarctica/ismip6_hackathon/ComputedScalarsHelene/expAE03/shelfmelt/jb_computed_shelfmelt_AIS_IMAU_UFEMISM3_expAE03.nc,660.1413818266569,143.6765089933345,-0.0,411.67913263262193,623.9883310353105,109.39079581154984,478.2210889471322,157.33831276306952,176.54479769981623,54.58008899700548,359.59679071879606,-0.0,4.460740331008243,24.720874837392845,171.20756619765083,18.082431434048775,-0.0,-0.0,-0.0,-0.0,-0.0,983.5851217541064,253.06730480488423,411.67913263262193,3393.6288422253942
expAE03,IMAU_UFEMISM2,/Volumes/CrucialX8/computing/data/antarctica/ismip6_hackathon/ComputedScalarsHelene/expAE03/shelfmelt/jb_computed_shelfmelt_AIS_IMAU_UFEMISM2_expAE03.nc,-0.0,-0.0,-0.0,-0.0,-0.0,-0.0,-0.0,-0.0,-0.0,-0.0,-0.0,-0.0,-0.0,-0.0,-0.0,-0.0,-0.0,-0.0,-0.0,-0.0,-0.0,0.0,0.0,0.0,-0.0
expAE03,IMAU_UFEMISM1,/Volumes/CrucialX8/computing/data/antarctica/ismip6_hackathon/ComputedScalarsHelene/expAE03/shelfmelt/jb_computed_shelfmelt_AIS_IMAU_UFEMISM1_expAE03.nc,-0.0,-0.0,-0.0,-0.0,-0.0,-0.0,-0.0,-0.0,-0.0,-0.0,-0.0,-0.0,-0.0,-0.0,-0.0,-0.0,-0.0,-0.0,-0.0,-0.0,-0.0,0.0,0.0,0.0,-0.0
expAE03,VUW_PISM2_s4,/Volumes/CrucialX8/computing/data/antarctica/ismip6_hackathon/ComputedScalarsHelene/expAE03/shelfmelt/computed_shelfmelt_AIS_VUW_PISM2_s4_expAE03.nc,70830.53751489481,173435.0733351867,76994.84930466744,383811.9631746743,353795.95235261583,12574.278778158285,79653.15337888467,131653.67106781708,41940.82344702902,61999.0631220078,166956.6893094055,6434.40586790987,19974.20066653544,57870.92470934932,60346.67565875792,2627.801040835689,3771.0079723859103,57187.44661686896,57187.44661686896,57187.44661686896,57187.44661686896,520752.6416620215,186009.35211334497,383811.9631746743,1761858.5173179854
expAE03,VUW_PISM2_s3,/Volumes/CrucialX8/computing/data/antarctica/ismip6_hackathon/ComputedScalarsHelene/expAE03/shelfmelt/computed_shelfmelt_AIS_VUW_PISM2_s3_expAE03.nc,68829.19050765484,145949.96748004563,75449.76703000267,213249.85405924218,361137.6915950178,12247.114308875874,58082.3766992375,122089.99096940509,42338.406936335225,61142.256604583075,149622.65751862983,7723.767440234378,20080.504337518145,51855.23426314101,55543.35412321639,2341.9195020405177,3612.043970823177,56467.206997749665,56467.206997749665,56467.206997749665,56467.206997749665,510760.34911364765,158197.08178892153,213249.85405924218,1507763.3043437523
expAE03,VUW_PISM2_s2,/Volumes/CrucialX8/computing/data/antarctica/ismip6_hackathon/ComputedScalarsHelene/expAE03/shelfmelt/computed_shelfmelt_AIS_VUW_PISM2_s2_expAE03.nc,66848.413760841,150466.96460328918,73727.66159372294,355635.59282223345,347757.49078646104,12629.907546423341,59707.49842656208,111981.44321369195,40256.39624244956,59007.96049280907,155584.2296284356,5738.8628815646425,19033.28915503796,49191.68759215057,57561.955428478344,2713.169206614473,4042.0011157014997,56879.14454366549,56879.14454366549,56879.14454366549,56879.14454366549,503341.72041489655,163096.8721497126,355635.59282223345,1628763.6690401335
expAE03,VUW_PISM2_s1,/Volumes/CrucialX8/computing/data/antarctica/ismip6_hackathon/ComputedScalarsHelene/expAE03/shelfmelt/computed_shelfmelt_AIS_VUW_PISM2_s1_expAE03.nc,70258.7589490067,180619.34202307626,76843.40999237777,380825.2469044326,358314.7845737075,12415.060718583956,92159.3917958773,158616.6538754787,45127.473487788535,63543.820404858154,164665.96716023263,6321.187055916309,20998.20482939934,64716.20321370622,62327.30278974532,2508.5303972443717,3588.825143743311,56119.5475419495,56119.5475419495,56119.5475419495,56119.5475419495,522980.75173394015,193034.40274166013,380825.2469044326,1819969.7108571245
expAE03,VUW_PISM2,/Volumes/CrucialX8/computing/data/antarctica/ismip6_hackathon/ComputedScalarsHelene/expAE03/shelfmelt/computed_shelfmelt_AIS_VUW_PISM2_expAE03.nc,70059.99138394659,162192.35659465054,75438.14885432982,377094.67594037176,352661.438211754,12884.409625550885,71281.99858469485,125520.42210761415,41763.09799576261,60620.98885569708,162034.60512686885,6141.577726629371,19886.67657089346,58219.39847541118,58423.266717661056,2749.3662384331487,3775.665684831918,56621.75498479823,56621.75498479823,56621.75498479823,56621.75498479823,514696.04333862296,175076.76622020165,377094.67594037176,1717369.8396798999
expAE03,VUW_PISM1_s4,/Volumes/CrucialX8/computing/data/antarctica/ismip6_hackathon/ComputedScalarsHelene/expAE03/shelfmelt/computed_shelfmelt_AIS_VUW_PISM1_s4_expAE03.nc,69728.7281877987,144634.5814935697,80059.90982771505,169905.6906228488,376998.7236855895,12133.335559398107,43072.1447162381,126890.21604652879,41767.19738230561,61456.452323510915,141727.5321991272,8834.745373115651,15789.115090907238,46110.58700888348,53380.430256355394,1573.2580614416095,4131.742459372389,62818.08858222593,62818.08858222593,62818.08858222593,62818.08858222593,518726.2558847165,156767.91705296776,169905.6906228488,1461012.4788769311
expAE03,VUW_PISM1_s3,/Volumes/CrucialX8/computing/data/antarctica/ismip6_hackathon/ComputedScalarsHelene/expAE03/shelfmelt/computed_shelfmelt_AIS_VUW_PISM1_s3_expAE03.nc,65052.8666810879,114771.11939677403,72954.8951481269,132866.04767911555,342828.175778549,12635.587996542969,39502.05999981937,115032.66195199189,41754.91346186264,59177.17491336727,132340.47670188893,9014.259120145192,15605.901873976805,45421.5897395206,49267.837007577604,1557.9915523674547,4663.193624792836,60689.57341466139,60689.57341466139,60689.57341466139,60689.57341466139,475168.652480438,127406.707393317,132866.04767911555,1315136.3260421685
expAE03,VUW_PISM1_s2,/Volumes/CrucialX8/computing/data/antarctica/ismip6_hackathon/ComputedScalarsHelene/expAE03/shelfmelt/computed_shelfmelt_AIS_VUW_PISM1_s2_expAE03.nc,64244.38370271386,128754.20887754057,72073.9274560023,128741.21529978469,363377.03502188646,12526.967848024391,38064.229154398694,105760.37379682678,39575.39524793646,58239.72520695377,134756.4179791555,7619.760669674767,15142.525637688914,45499.76897558126,47362.12972332388,1561.0103706236087,4724.134748402335,62265.61519487878,62265.61519487878,62265.61519487878,62265.61519487878,498133.45300104213,141281.176725565,128741.21529978469,1330288.8249113967
expAE03,VUW_PISM1_s1,/Volumes/CrucialX8/computing/data/antarctica/ismip6_hackathon/ComputedScalarsHelene/expAE03/shelfmelt/computed_shelfmelt_AIS_VUW_PISM1_s1_expAE03.nc,72713.11484859533,149404.96993524834,82694.1248595062,189288.57823187497,375485.8249432936,12540.028953988949,47970.942241210774,147019.12629260664,44920.10322677381,63049.81914388071,148233.24027159365,9767.441902833481,16677.65925490052,51772.297980411466,51991.15787476923,1611.8791572317755,4362.780450579243,60956.512120724066,60956.512120724066,60956.512120724066,60956.512120724066,523719.0652148872,161944.99888923726,189288.57823187497,1530459.601690022
expAE03,VUW_PISM1,/Volumes/CrucialX8/computing/data/antarctica/ismip6_hackathon/ComputedScalarsHelene/expAE03/shelfmelt/computed_shelfmelt_AIS_VUW_PISM1_expAE03.nc,68892.06047620637,137784.77596448374,76026.0966264273,159252.08425617797,369788.47908241703,12330.636013625526,45158.92524510625,124661.76089925095,42174.63934729339,61512.081972562504,139398.96082155383,8534.839630636532,15804.274207580711,45863.170694263914,50367.006017879416,1521.139861817183,4483.724902613052,61298.424881764826,61298.424881764826,61298.424881764826,61298.424881764826,509187.43990397104,150115.4119781092,159252.08425617797,1424853.0809016617
expAE03,VUB_AISMPALEO,/Volumes/CrucialX8/computing/data/antarctica/ismip6_hackathon/ComputedScalarsHelene/expAE03/shelfmelt/computed_shelfmelt_AIS_VUB_AISMPALEO_expAE03.nc,763.3264035026809,23736.810364150184,1942.5221929023216,523.3662824214299,79071.1515012042,13749.980443566175,60.595039865953424,-5.1938238407500705,42346.76614670022,2479.7998989739335,53271.09542152149,83.26070804977812,298.36313861105003,595.0832280052933,2901.7048972857947,1332.4855501810948,2375.6956056993126,251.7958462966794,251.7958462966794,251.7958462966794,251.7958462966794,132342.24692272575,37486.79080771639,523.3662824214299,225778.60884509684
expAE03,UTAS_ElmerIce,/Volumes/CrucialX8/computing/data/antarctica/ismip6_hackathon/ComputedScalarsHelene/expAE03/shelfmelt/computed_shelfmelt_AIS_UTAS_ElmerIce_expAE03.nc,17869.410754905715,120312.21190476479,41916.99472473547,78833.54752055107,181375.41170602196,24434.48055854227,21208.864712861465,66042.62986296647,40647.27277105825,48680.66557948049,91127.53658719387,10352.270624386783,10791.944011687763,25029.67574825245,25902.471096964044,3836.401365042657,5708.733207509481,28564.705173196115,28564.705173196115,28564.705173196115,28564.705173196115,272502.9482932158,144746.6924633071,78833.54752055107,842635.2279101212
expAE03,UNN_Ua,/Volumes/CrucialX8/computing/data/antarctica/ismip6_hackathon/ComputedScalarsHelene/expAE03/shelfmelt/computed_shelfmelt_AIS_UNN_Ua_expAE03.nc,17491.23210072236,50988.2565058117,36275.06211121796,220246.31879167835,74949.60645895584,8926.405395113592,7728.920526547117,34021.64751516082,27686.41961665389,28284.34576074467,50856.21671670192,554.1704325907992,2539.353896896393,15122.561177724696,12530.829669208208,75.62776784260052,1.7670949178745128,1951.07548506364,1951.07548506364,1951.07548506364,1951.07548506364,125805.8231756577,59914.66190092531,220246.31879167835,590229.8170235523
expAE03,ULB_fETISh-KoriBU2,/Volumes/CrucialX8/computing/data/antarctica/ismip6_hackathon/ComputedScalarsHelene/expAE03/shelfmelt/computed_shelfmelt_AIS_ULB_fETISh-KoriBU2_expAE03.nc,65950.0157727855,223691.79522767244,61775.54052938414,464640.8253534362,242698.9548255577,31958.097876772434,64350.03523789649,98111.05829915848,57869.955458342985,99384.89699256464,133180.40206476324,7609.708109066365,6091.8595313414435,39673.089939914,66895.62875713626,3588.6212365092038,16766.897377071127,61285.15366043594,61285.15366043594,61285.15366043594,61285.15366043594,375879.3568903211,255649.89310444487,464640.8253534362,1745522.536249809
expAE03,ULB_fETISh-KoriBU1,/Volumes/CrucialX8/computing/data/antarctica/ismip6_hackathon/ComputedScalarsHelene/expAE03/shelfmelt/computed_shelfmelt_AIS_ULB_fETISh-KoriBU1_expAE03.nc,59330.3088982809,82613.34706379553,57570.09149989532,243453.91737017359,128064.38877706231,27351.412877686023,98222.52579985041,94547.43682945991,60846.48201500387,92071.66912675343,100354.91506221355,10418.12866232901,5326.367097469365,40307.96219426818,70534.03402775699,6220.510996079895,19522.950052668075,61909.3429765211,61909.3429765211,61909.3429765211,61909.3429765211,228419.3038392759,109964.7599414815,243453.91737017359,1258665.7913272681
expAE03,UCSD_ISSM,/Volumes/CrucialX8/computing/data/antarctica/ismip6_hackathon/ComputedScalarsHelene/expAE03/shelfmelt/computed_shelfmelt_AIS_UCSD_ISSM_expAE03.nc,247200.22889661745,80114.57688344103,278860.960115127,499527.7111630385,110247.41121488002,7398.0094979932755,51364.66386733529,114068.0647226855,34973.30837695355,112006.60672795899,39654.92548006448,4181.133803734821,17392.648737688818,53462.12576549639,123844.5358735018,9235.660956727885,15899.853452125813,307115.65447038016,307115.65447038016,307115.65447038016,307115.65447038016,149902.33669494453,87512.58638143427,499527.7111630385,2106548.080005751
expAE03,UCM_Yelmo,/Volumes/CrucialX8/computing/data/antarctica/ismip6_hackathon/ComputedScalarsHelene/expAE03/shelfmelt/computed_shelfmelt_AIS_UCM_Yelmo_expAE03.nc,9839.891122103472,73778.94844786204,28838.952958469556,45859.90514767415,99909.40294571342,11171.61997892978,15530.673877640156,34852.137664538066,22197.20369831725,31560.227315164826,69015.64101202384,4598.552519696773,13658.496253970889,29971.78013757763,16542.708054518444,2305.644377622197,2914.927416622663,8662.27779076065,8662.27779076065,8662.27779076065,8662.27779076065,168925.04395773713,84950.56842679175,45859.90514767415,521208.9907192056
expAE03,PIK_PISM,/Volumes/CrucialX8/computing/data/antarctica/ismip6_hackathon/ComputedScalarsHelene/expAE03/shelfmelt/computed_shelfmelt_AIS_PIK_PISM_expAE03.nc,18112.29621343049,117735.29322603879,56630.91160057284,69507.82962290598,148158.1817839301,21620.630254402364,38233.618088725394,47184.52290761995,46695.03956930021,40891.30332419706,86175.50383163146,3442.7308049925223,2829.1093335146757,31330.471491154756,21392.43611723617,3607.8683819206562,10724.494164777137,23326.616412535986,23326.616412535986,23326.616412535986,23326.616412535986,234333.68561556126,139355.9234804412,69507.82962290598,787598.8571288865
expAE03,NORCE_CISM5-MAR364-ERA-t1,/Volumes/CrucialX8/computing/data/antarctica/ismip6_hackathon/ComputedScalarsHelene/expAE03/shelfmelt/computed_shelfmelt_AIS_NORCE_CISM5-MAR364-ERA-t1_expAE03.nc,3988.9936578099223,5786.296577210211,2373.5264365207527,5256.879878409814,15470.18901071479,8076.253576829172,444.84348437255034,6236.307807912218,10004.894761470709,5571.825816718363,15649.791812039042,3065.0840219487272,2971.645242963824,3368.491312056629,2446.9434539397002,1935.7990653759223,7503.774625054469,4808.838679497607,4808.838679497607,4808.838679497607,4808.838679497607,31119.980822753856,13862.550154039369,5256.879878409814,104960.3792208444
expAE03,NORCE_CISM5-MAR364-ERA-t1-nonlocal,/Volumes/CrucialX8/computing/data/antarctica/ismip6_hackathon/ComputedScalarsHelene/expAE03/shelfmelt/computed_shelfmelt_AIS_NORCE_CISM5-MAR364-ERA-t1-nonlocal_expAE03.nc,3766.5810725928077,5584.516357282748,2311.3889739924575,4338.608847232095,11788.433157236484,6567.877319712743,481.05297472397274,5105.040968659443,9954.588393667309,4761.057832924806,10516.092647403624,3108.9563655323886,3004.4038685380947,3681.740087988591,2478.6399280877217,1879.3827084189145,6846.7562471538495,4870.176138037623,4870.176138037623,4870.176138037623,4870.176138037623,22304.5258046401,12152.393676995489,4338.608847232095,91045.29388918572
expAE03,NORCE_CISM5-MAR364-ERA-t1-local,/Volumes/CrucialX8/computing/data/antarctica/ismip6_hackathon/ComputedScalarsHelene/expAE03/shelfmelt/computed_shelfmelt_AIS_NORCE_CISM5-MAR364-ERA-t1-local_expAE03.nc,3795.124612524303,5346.166543707235,2098.9558293892132,5328.0660549171325,12026.741234891539,5967.658733896579,447.5706282602093,3953.866497496468,11558.65670347475,4713.610042518214,10706.876623107242,3083.2440871590534,3342.4226198043552,3812.806572920857,2508.645616482822,1708.0254713157242,8178.280101123586,5676.651525180969,5676.651525180969,5676.651525180969,5676.651525180969,22733.617857998797,11313.825277603824,5328.0660549171325,94253.3694981703
expAE03,NORCE_CISM4-MAR364-JRA-t1,/Volumes/CrucialX8/computing/data/antarctica/ismip6_hackathon/ComputedScalarsHelene/expAE03/shelfmelt/computed_shelfmelt_AIS_NORCE_CISM4-MAR364-JRA-t1_expAE03.nc,5187.908887779263,19737.565446449044,6761.723746257874,29220.341964423096,54886.59139603174,13205.353352684206,5468.805790962843,18613.270365993234,14987.551402494377,14565.705930273312,33818.06948837683,3526.9958521902154,3059.553146516518,6270.007307410466,8556.018770554378,1031.0589430823404,3469.8931377844824,9805.799030506048,9805.799030506048,9805.799030506048,9805.799030506048,88704.66088440854,32942.91879913326,29220.341964423096,252172.2139597703
expAE03,NORCE_CISM4-MAR364-ERA-t1,/Volumes/CrucialX8/computing/data/antarctica/ismip6_hackathon/ComputedScalarsHelene/expAE03/shelfmelt/computed_shelfmelt_AIS_NORCE_CISM4-MAR364-ERA-t1_expAE03.nc,5300.378241694246,19823.172656406303,6837.520028840899,29894.84377052079,52507.03588161846,12622.849155085294,5413.349234572943,18944.809176841576,15016.962772135099,14945.796543057577,32725.223265491088,3724.607671764704,3112.0741382053166,4902.507191278826,8430.507313442413,981.6725405564988,3313.711685691931,9381.524104569482,9381.524104569482,9381.524104569482,9381.524104569482,85232.25914710958,32446.021811491595,29894.84377052079,247878.5453717735
expAE03,NORCE_CISM4-MAR364-ERA-t1-nonlocal,/Volumes/CrucialX8/computing/data/antarctica/ismip6_hackathon/ComputedScalarsHelene/expAE03/shelfmelt/computed_shelfmelt_AIS_NORCE_CISM4-MAR364-ERA-t1-nonlocal_expAE03.nc,5576.134507147691,15167.640270618398,6678.663552317143,14136.44585298137,26514.6645885413,6842.343576461084,4872.444729084021,15187.075699755424,13144.627862612384,15296.453097173895,17353.40217943899,3732.9325472108753,3078.7735435514405,5887.778665705407,7073.678841293691,1085.659646145364,2463.323001177395,10814.09773009491,10814.09773009491,10814.09773009491,10814.09773009491,43868.066767980265,22009.98384707948,14136.44585298137,174906.1398913108
expAE03,NORCE_CISM4-MAR364-ERA-t1-local,/Volumes/CrucialX8/computing/data/antarctica/ismip6_hackathon/ComputedScalarsHelene/expAE03/shelfmelt/computed_shelfmelt_AIS_NORCE_CISM4-MAR364-ERA-t1-local_expAE03.nc,5102.970459219065,14477.300206685662,7258.769452553625,14001.881533858907,28891.887345418432,7138.312193409875,4720.665624111393,15642.105816458714,14427.601940486891,15079.343477229078,18179.206620189005,3591.704238981761,2893.7445021598037,5689.369497761618,6903.192558784367,1037.8093324448807,3597.840201241876,11141.693910529006,11141.693910529006,11141.693910529006,11141.693910529006,47071.09396560744,21615.61240009553,14001.881533858907,179775.39891152395
expAE03,NORCE_CISM3-MAR364-ERA-t1,/Volumes/CrucialX8/computing/data/antarctica/ismip6_hackathon/ComputedScalarsHelene/expAE03/shelfmelt/computed_shelfmelt_AIS_NORCE_CISM3-MAR364-ERA-t1_expAE03.nc,21161.54277240918,121645.82084729751,42365.78325582923,238910.91390208132,196204.37893376325,37677.60101249806,29678.21795915823,75997.3299483775,48872.07245815377,65119.42657049314,117358.32064285353,8368.78323396433,7159.436876244273,25327.172799838303,32012.595783710436,4243.436101101637,6951.407869146536,28988.981078911693,28988.981078911693,28988.981078911693,28988.981078911693,313562.6995766166,159323.42185979558,238910.91390208132,1108043.222045832
expAE03,NORCE_CISM3-MAR364-ERA-t1-nonlocal,/Volumes/CrucialX8/computing/data/antarctica/ismip6_hackathon/ComputedScalarsHelene/expAE03/shelfmelt/computed_shelfmelt_AIS_NORCE_CISM3-MAR364-ERA-t1-nonlocal_expAE03.nc,18347.15659611416,70192.616694695,34229.60599607565,55115.00638797728,96131.95982610423,16569.195680360943,13369.214689650496,34215.51631721753,28886.51232032328,47398.14523956858,60713.3716789644,6240.7822485206325,6456.537797893469,17755.309342690864,23374.429738383355,3998.826242532383,6239.763154619841,26553.45831293766,26553.45831293766,26553.45831293766,26553.45831293766,156845.33150506872,86761.81237505593,55115.00638797728,565787.4082646299
expAE03,NORCE_CISM3-MAR364-ERA-t1-local,/Volumes/CrucialX8/computing/data/antarctica/ismip6_hackathon/ComputedScalarsHelene/expAE03/shelfmelt/computed_shelfmelt_AIS_NORCE_CISM3-MAR364-ERA-t1-local_expAE03.nc,18556.746255247977,65350.91433443422,32912.48186107528,51427.38435148128,104399.77550145662,16829.387465211195,13899.173629353365,36317.535623832446,32963.00613279744,47285.183369009326,63976.14716119149,6365.064578395247,6178.051489296609,17785.2461275214,22547.63211502566,3630.92580092697,7128.671629043269,26874.088204685628,26874.088204685628,26874.088204685628,26874.088204685628,168375.92266264829,82180.3017996454,51427.38435148128,574427.4156299857
expAE03,NORCE_CISM2-MAR364-ERA-t1,/Volumes/CrucialX8/computing/data/antarctica/ismip6_hackathon/ComputedScalarsHelene/expAE03/shelfmelt/computed_shelfmelt_AIS_NORCE_CISM2-MAR364-ERA-t1_expAE03.nc,26428.145099242316,242205.10017858777,61070.31135846578,323074.939294195,299686.3086611879,63787.721699281894,33562.41006718918,104767.04620521786,70550.12320525624,68626.93654146479,162904.75984923492,12334.116224612795,10798.320044922686,30006.946651250557,41527.82433529237,7658.027405899677,8779.656250412061,38117.944402513676,38117.944402513676,38117.944402513676,38117.944402513676,462591.06851042307,305992.82187786966,323074.939294195,1605886.6374742275
expAE03,NCAR_CISM2,/Volumes/CrucialX8/computing/data/antarctica/ismip6_hackathon/ComputedScalarsHelene/expAE03/shelfmelt/computed_shelfmelt_AIS_NCAR_CISM2_expAE03.nc,51680.41332652768,205987.00416475732,71576.31302295632,329672.55656539474,268509.19385727367,36076.22262860739,51795.74269079847,105435.16652756737,64407.08668482592,120847.18768396169,147179.2727303838,12746.92095186504,12736.930334068507,46984.6436464671,56461.403308998815,8434.29401643054,9409.313488378919,55018.19189453005,55018.19189453005,55018.19189453005,55018.19189453005,415688.46658765746,242063.2267933647,329672.55656539474,1654957.8575237927
expAE03,NCAR_CISM1,/Volumes/CrucialX8/computing/data/antarctica/ismip6_hackathon/ComputedScalarsHelene/expAE03/shelfmelt/computed_shelfmelt_AIS_NCAR_CISM1_expAE03.nc,24102.903307962064,121039.81065052346,51334.596698054374,71044.40705466615,150155.4232846867,27023.256188477473,18940.35405853726,17964.72343121774,47702.65075550671,60417.2844162926,94207.48100463858,8963.646993124477,9022.72192940508,23243.035402719725,31384.557926470447,5947.204791325942,4157.191614599462,36394.74673751586,36394.74673751586,36394.74673751586,36394.74673751586,244362.90428932518,148063.06683900097,71044.40705466615,803045.9962457243
expAE03,LSCE_GRISLI,/Volumes/CrucialX8/computing/data/antarctica/ismip6_hackathon/ComputedScalarsHelene/expAE03/shelfmelt/computed_shelfmelt_AIS_LSCE_GRISLI_expAE03.nc,12078.38001092067,149440.68936595813,17258.871906340173,237886.6744218529,147750.73210320063,9582.978228910903,11906.03441663749,32266.042779345345,26815.701337552928,37093.21589768529,62237.8747361167,3346.4390453485485,5341.729525081429,17849.769476853526,21420.979244686183,1467.5555956660821,2619.4374453036257,12959.680343438675,12959.680343438675,12959.680343438675,12959.680343438675,209988.6068393174,159023.66759486918,237886.6744218529,809322.7858808987
expAE03,LSCE_GRISLI2,/Volumes/CrucialX8/computing/data/antarctica/ismip6_hackathon/ComputedScalarsHelene/expAE03/shelfmelt/computed_shelfmelt_AIS_LSCE_GRISLI2_expAE03.nc,15196.499795591613,213054.14698700182,28204.253543315997,49993.846909942455,180469.85552463154,14379.201412496966,19667.510029401776,46535.14974162927,39476.35019398488,43942.32420498875,77400.47875277497,4996.307415870742,8241.89344623325,13637.503329580246,22290.63413354134,1640.337963830938,3476.8317951454005,15752.400543050695,15752.400543050695,15752.400543050695,15752.400543050695,257870.3342774064,227433.34839949867,49993.846909942455,798355.525723012
expAE03,ILTS_SICOPOLIS,/Volumes/CrucialX8/computing/data/antarctica/ismip6_hackathon/ComputedScalarsHelene/expAE03/shelfmelt/computed_shelfmelt_AIS_ILTS_SICOPOLIS_expAE03.nc,37654.76871816118,279644.0146302155,41110.99282503737,522573.9055775846,271680.6034420118,22062.117538179107,73253.69480222011,103879.55241500075,57625.22761783426,99636.62478401327,176533.51144135755,8753.15239083382,8624.303553357768,69947.92532538621,64778.140398712705,2500.1345957545186,5274.946867844197,33897.30492747807,33897.30492747807,33897.30492747807,33897.30492747807,448214.11488336924,301706.1321683947,522573.9055775846,1879430.9218509821
expAE03,IGE_ElmerIce,/Volumes/CrucialX8/computing/data/antarctica/ismip6_hackathon/ComputedScalarsHelene/expAE03/shelfmelt/computed_shelfmelt_AIS_IGE_ElmerIce_expAE03.nc,17911.54880689026,84609.00108904568,43331.4460162461,76416.19040510508,120767.05363242167,26294.338721120974,37939.3894369416,69670.8138609486,47413.14409528006,61629.20125439667,77991.1474615868,10470.59396948974,4407.480194042109,30407.813635928178,33113.847621830886,4725.827975673105,7233.913016050943,30272.873812327052,30272.873812327052,30272.873812327052,30272.873812327052,198758.2010940085,110903.33981016667,76416.19040510508,784605.6250053253
expAE03,DOE_MALI_8km_AntMean,/Volumes/CrucialX8/computing/data/antarctica/ismip6_hackathon/ComputedScalarsHelene/expAE03/shelfmelt/computed_shelfmelt_AIS_DOE_MALI_8km_AntMean_expAE03.nc,13605.6757443038,145759.14301874,29241.574637405593,309744.3189119708,178237.56702359486,9196.788696153575,62180.55234212895,67822.01940606533,34501.72863018284,54299.118011728555,97812.49639160895,3300.336774209172,3296.5403999345144,20912.62504045992,29161.24158205141,923.2143891673956,2753.811447893966,17079.61791585172,17079.61791585172,17079.61791585172,17079.61791585172,276050.063415204,154955.93171489358,309744.3189119708,1079828.370363451
expAE03,DOE_MALI_8km_Ant95,/Volumes/CrucialX8/computing/data/antarctica/ismip6_hackathon/ComputedScalarsHelene/expAE03/shelfmelt/computed_shelfmelt_AIS_DOE_MALI_8km_Ant95_expAE03.nc,12186.897546923969,115000.51793121384,30233.331391499054,303046.16260318033,161546.90054412602,8572.786328437092,52734.07105127064,65217.54674799076,31764.21205992353,54083.137006231766,88007.71578768462,3299.573338660518,3320.760350237391,19560.479166711953,28489.41572287952,933.1192424426778,2714.2054125463387,18155.315928048367,18155.315928048367,18155.315928048367,18155.315928048367,249554.6163318106,123573.30425965096,303046.16260318033,998866.1481600093
expAE03,DOE_MALI_4km,/Volumes/CrucialX8/computing/data/antarctica/ismip6_hackathon/ComputedScalarsHelene/expAE03/shelfmelt/computed_shelfmelt_AIS_DOE_MALI_4km_expAE03.nc,15484.328519610533,176719.57206407684,35215.05050234342,378856.2344329127,206964.70856383018,22495.258259605307,61280.88027243184,74914.72169024278,41054.92348894495,64503.22197975702,111748.00185951419,5819.02763038073,5082.374221697392,25474.20344343325,34862.675897010784,2688.5121375382014,4107.000655668286,21815.87987976508,21815.87987976508,21815.87987976508,21815.87987976508,318712.7104233444,199214.83032368208,378856.2344329127,1289086.5754987637
expAE03,DC_ISSM,/Volumes/CrucialX8/computing/data/antarctica/ismip6_hackathon/ComputedScalarsHelene/expAE03/shelfmelt/computed_shelfmelt_AIS_DC_ISSM_expAE03.nc,36026.96426443043,138311.53296717524,67971.90085069842,128007.14286198768,150948.37700390458,22249.772023844536,32761.995544470938,80105.99896516501,39915.232000889955,82870.79638720436,106994.27664586123,5586.791924034899,10965.827006988697,49436.092163145986,45619.5933065193,4471.067585049675,4392.925077818763,44517.974646871444,44517.974646871444,44517.974646871444,44517.974646871444,257942.65364976574,160561.3049910198,128007.14286198768,1051154.2612260608
expAE04,IMAU_UFEMISM4,/Volumes/CrucialX8/computing/data/antarctica/ismip6_hackathon/ComputedScalarsHelene/expAE04/shelfmelt/jb_computed_shelfmelt_AIS_IMAU_UFEMISM4_expAE04.nc,1978.2509474309632,303.7442867602736,-0.0,26.943783512029963,302.77935420152795,78.89355868082085,38.9348982448301,499.64046136754416,38.88147602865442,79.66251014074646,242.11744687668096,-0.0,-0.0,23.88283487560653,118.90031129180004,25.11961850548783,7.271764917174601,-0.0,-0.0,-0.0,-0.0,544.8968010782088,382.6378454410945,26.943783512029963,3765.023252834141
expAE04,IMAU_UFEMISM3,/Volumes/CrucialX8/computing/data/antarctica/ismip6_hackathon/ComputedScalarsHelene/expAE04/shelfmelt/jb_computed_shelfmelt_AIS_IMAU_UFEMISM3_expAE04.nc,343.4708928337809,160.68984013110236,-0.0,565.6905307988262,379.1583382071166,88.26507132169553,1.4445511019207598,115.4965246534821,187.92640252598596,79.69715897132424,328.6317583059023,-0.0,3.9567098268163745,24.856275219643805,195.57404263525908,8.998683876018992,6.401746560272126,-0.0,-0.0,-0.0,-0.0,707.7900965130185,248.95491145279794,565.6905307988262,2490.2585269691467
expAE04,IMAU_UFEMISM2,/Volumes/CrucialX8/computing/data/antarctica/ismip6_hackathon/ComputedScalarsHelene/expAE04/shelfmelt/jb_computed_shelfmelt_AIS_IMAU_UFEMISM2_expAE04.nc,-0.0,-0.0,-0.0,-0.0,-0.0,-0.0,-0.0,-0.0,-0.0,-0.0,-0.0,-0.0,-0.0,-0.0,-0.0,-0.0,-0.0,-0.0,-0.0,-0.0,-0.0,0.0,0.0,0.0,-0.0
expAE04,IMAU_UFEMISM1,/Volumes/CrucialX8/computing/data/antarctica/ismip6_hackathon/ComputedScalarsHelene/expAE04/shelfmelt/jb_computed_shelfmelt_AIS_IMAU_UFEMISM1_expAE04.nc,-0.0,-0.0,-0.0,-0.0,-0.0,-0.0,-0.0,-0.0,-0.0,-0.0,-0.0,-0.0,-0.0,-0.0,-0.0,-0.0,-0.0,-0.0,-0.0,-0.0,-0.0,0.0,0.0,0.0,-0.0
expAE04,VUW_PISM2_s4,/Volumes/CrucialX8/computing/data/antarctica/ismip6_hackathon/ComputedScalarsHelene/expAE04/shelfmelt/computed_shelfmelt_AIS_VUW_PISM2_s4_expAE04.nc,57859.75626185918,159517.6159205749,67434.47093598617,249123.58924782506,404208.75450121955,13234.911563478336,64397.74321932341,146421.3185257366,39427.602965181766,59469.83281802775,188029.3852186094,3826.727194276809,24335.8251271935,60661.69000223772,61077.98963087208,2769.0728287589345,3470.769079920427,56121.01007944354,56121.01007944354,56121.01007944354,56121.01007944354,592238.1397198286,172752.52748405334,249123.58924782506,1661388.065120525
expAE04,VUW_PISM2_s3,/Volumes/CrucialX8/computing/data/antarctica/ismip6_hackathon/ComputedScalarsHelene/expAE04/shelfmelt/computed_shelfmelt_AIS_VUW_PISM2_s3_expAE04.nc,55767.428905015804,139241.65403917775,63554.01501546182,109442.34742137117,396383.83432010276,12501.238581915497,45294.25323736776,126977.4260772488,38854.25892366566,57701.27147598143,166071.86222322684,4090.2280454717993,24420.292475619884,55767.47316311032,54460.833588566245,2847.2979363886625,3414.3807296414175,54899.30664511433,54899.30664511433,54899.30664511433,54899.30664511433,562455.6965433299,151742.8926210931,109442.34742137117,1411689.4028044473
expAE04,VUW_PISM2_s2,/Volumes/CrucialX8/computing/data/antarctica/ismip6_hackathon/ComputedScalarsHelene/expAE04/shelfmelt/computed_shelfmelt_AIS_VUW_PISM2_s2_expAE04.nc,57543.06032646229,138564.8764220881,65856.84634994816,182001.23561638908,394886.82345068094,12463.814858522937,44877.03769757539,123500.85441294208,37205.21179214904,56834.822024224,174385.1305788345,3087.257781672739,22080.584580186598,52055.637419971245,55798.69460258729,2867.9631497081623,3636.2251804368466,56638.79050392364,56638.79050392364,56638.79050392364,56638.79050392364,569271.9540295156,151028.69128061103,182001.23561638908,1484284.866748303
expAE04,VUW_PISM2_s1,/Volumes/CrucialX8/computing/data/antarctica/ismip6_hackathon/ComputedScalarsHelene/expAE04/shelfmelt/computed_shelfmelt_AIS_VUW_PISM2_s1_expAE04.nc,57346.109186675385,170980.80693895923,67520.30253911467,215687.20462294816,406203.5316507785,12520.500403153954,74020.52754250678,159156.2300951578,42400.53829132018,62041.175894505315,192341.85550361447,2308.9493200847587,24920.057963488485,68539.01679794515,61655.63704894329,2756.5400757358207,3300.6736959923687,54357.85476533825,54357.85476533825,54357.85476533825,54357.85476533825,598545.3871543929,183501.30734211308,215687.20462294816,1678057.5123362637
expAE04,VUW_PISM2,/Volumes/CrucialX8/computing/data/antarctica/ismip6_hackathon/ComputedScalarsHelene/expAE04/shelfmelt/computed_shelfmelt_AIS_VUW_PISM2_expAE04.nc,58418.31498896037,152540.66656659087,66957.4582750475,214418.00191261715,399909.96411629004,12724.686580892901,56128.04424270504,136349.56868331498,39106.42252422533,58881.98104180266,181255.3516014024,3515.6002879424755,23842.687663566285,57232.298153272015,58885.88413752031,2700.5515152504186,3411.346673450509,55697.02315067722,55697.02315067722,55697.02315067722,55697.02315067722,581165.3157176928,165265.35314748372,214418.00191261715,1581975.8521155291
expAE04,VUW_PISM1_s4,/Volumes/CrucialX8/computing/data/antarctica/ismip6_hackathon/ComputedScalarsHelene/expAE04/shelfmelt/computed_shelfmelt_AIS_VUW_PISM1_s4_expAE04.nc,60683.17577934718,138261.67429644597,67628.20545310304,127696.4169063609,420281.72740149585,12237.742881836926,36465.967509286646,138722.30146348226,39573.54105676797,57366.49251132229,172029.44885196505,3676.7986575031396,22743.83337468479,54801.8623838902,51452.26025336777,2502.8816726978707,3581.8828168440955,60458.44156482977,60458.44156482977,60458.44156482977,60458.44156482977,592311.1762534614,150499.4171782828,127696.4169063609,1470164.6548352323
expAE04,VUW_PISM1_s3,/Volumes/CrucialX8/computing/data/antarctica/ismip6_hackathon/ComputedScalarsHelene/expAE04/shelfmelt/computed_shelfmelt_AIS_VUW_PISM1_s3_expAE04.nc,58630.2168585411,121009.22545408597,67209.11133961545,87632.44395962555,411161.40531012916,12122.27766266567,34685.81009415172,125250.29946886732,40258.209032490675,55463.749240642006,153375.69921073667,2843.362564844083,22488.837484807835,44510.10561500048,47761.41249019823,2673.5756008749627,3711.4830177110466,56947.250413911024,56947.250413911024,56947.250413911024,56947.250413911024,564537.1045208655,133131.5031167517,87632.44395962555,1347734.4748188995
expAE04,VUW_PISM1_s2,/Volumes/CrucialX8/computing/data/antarctica/ismip6_hackathon/ComputedScalarsHelene/expAE04/shelfmelt/computed_shelfmelt_AIS_VUW_PISM1_s2_expAE04.nc,56701.915659383114,126717.29621262997,65354.906023042386,97693.60658768883,411505.4674009208,12499.890424386758,30478.481826694948,116891.59227774432,37194.70460444166,55228.62550046048,163931.392326264,3922.4230686449673,20771.406891429615,43489.668112221225,46444.1005783164,2566.0560422330486,3732.0117463569745,59920.438953515244,59920.438953515244,59920.438953515244,59920.438953515244,575436.8597271848,139217.18663701668,97693.60658768883,1355043.9842363745
expAE04,VUW_PISM1_s1,/Volumes/CrucialX8/computing/data/antarctica/ismip6_hackathon/ComputedScalarsHelene/expAE04/shelfmelt/computed_shelfmelt_AIS_VUW_PISM1_s1_expAE04.nc,61472.18562742843,144320.64361618127,74656.7402051699,122587.83037437251,422675.4908083128,12584.598465395995,45666.91740385211,162843.71969637612,43244.01974290454,59594.72777100033,178679.05011067327,4539.653081875218,23377.04249067089,52433.41722332424,53437.05688058404,2622.8545358451956,3304.016112470375,59606.372229418834,59606.372229418834,59606.372229418834,59606.372229418834,601354.5409189865,156905.24208157725,122587.83037437251,1527646.336375855
expAE04,VUW_PISM1,/Volumes/CrucialX8/computing/data/antarctica/ismip6_hackathon/ComputedScalarsHelene/expAE04/shelfmelt/computed_shelfmelt_AIS_VUW_PISM1_expAE04.nc,60530.27910384813,134220.90948102192,66982.38630994085,106684.61648499529,411649.2591805266,11770.081882265804,34478.4030646336,133723.04079810544,39958.07900505999,56649.50147536959,168854.56417007977,3951.134585308426,22358.254570563688,47218.7367180513,51425.799516142855,2730.305363334283,3689.0643331435435,60808.37086343503,60808.37086343503,60808.37086343503,60808.37086343503,580503.823350606,145990.99136328767,106684.61648499529,1417682.7869058258
expAE04,VUB_AISMPALEO,/Volumes/CrucialX8/computing/data/antarctica/ismip6_hackathon/ComputedScalarsHelene/expAE04/shelfmelt/computed_shelfmelt_AIS_VUB_AISMPALEO_expAE04.nc,2749.854630439161,34224.30493078399,4220.067456769194,806.7292478627636,91127.56291299872,11167.182846156955,344.6484476736674,202.1921245429097,42983.83275977477,9382.859818442534,60608.657179173606,76.47415672477219,964.0804753152972,964.9760068287318,1718.229572292197,1208.1788276135471,2567.628578016443,291.9036132823439,291.9036132823439,291.9036132823439,291.9036132823439,151736.2200921723,45391.48777694092,806.7292478627636,265609.3635846917
expAE04,UTAS_ElmerIce,/Volumes/CrucialX8/computing/data/antarctica/ismip6_hackathon/ComputedScalarsHelene/expAE04/shelfmelt/computed_shelfmelt_AIS_UTAS_ElmerIce_expAE04.nc,18741.935868246957,136748.1005554371,40382.407912776405,63219.49026893977,226040.87280479367,23227.0598121821,21172.324665002816,65327.355940802714,33606.02140229179,61466.535529952875,112130.55463622468,9613.696525640064,13403.374764140735,26870.036832797927,30176.90951060325,3214.379401774304,4481.193252008044,27765.783208221103,27765.783208221103,27765.783208221103,27765.783208221103,338171.4274410185,159975.16036761907,63219.49026893977,917588.0328918365
expAE04,UNN_Ua,/Volumes/CrucialX8/computing/data/antarctica/ismip6_hackathon/ComputedScalarsHelene/expAE04/shelfmelt/computed_shelfmelt_AIS_UNN_Ua_expAE04.nc,11931.855558191304,55586.754852190934,30535.76359702562,102774.52715668773,89767.45820555194,8970.553241654925,7244.114332908879,34422.472895118895,24573.70801762928,32616.938732101436,65728.95974672404,1190.253238586301,2906.9514714727325,16695.397642242537,14530.638250013064,151.12741858534875,5.153908217939501,1096.3341433193689,1096.3341433193689,1096.3341433193689,1096.3341433193689,155496.41795227598,64557.3080938459,102774.52715668773,500728.9624082221
expAE04,ULB_fETISh-KoriBU2,/Volumes/CrucialX8/computing/data/antarctica/ismip6_hackathon/ComputedScalarsHelene/expAE04/shelfmelt/computed_shelfmelt_AIS_ULB_fETISh-KoriBU2_expAE04.nc,68912.74073017071,207869.50015034678,63635.688179256416,367331.57084713026,313586.59308406804,32962.15807436032,51697.71354124005,104014.11930927722,54731.53593915505,107614.74162163466,189117.62507446148,8335.666836357226,10132.998116963758,55825.232881465105,69641.03082602115,8806.349721069899,30585.665896239134,89297.64312861512,89297.64312861512,89297.64312861512,89297.64312861512,502704.21815852955,240831.65822470692,367331.57084713026,1834098.5739578323
expAE04,ULB_fETISh-KoriBU1,/Volumes/CrucialX8/computing/data/antarctica/ismip6_hackathon/ComputedScalarsHelene/expAE04/shelfmelt/computed_shelfmelt_AIS_ULB_fETISh-KoriBU1_expAE04.nc,48160.607912258056,88410.75605914016,54360.4831471503,129165.66409280594,130543.0230160459,28548.718835344192,52075.22091666885,86237.33691909147,52259.19525735507,87698.61981355502,107218.12465179876,11026.993610140285,6516.874107386029,42359.60997333061,61649.16388375619,9660.26593315878,20153.969259239868,56432.59900755531,56432.59900755531,56432.59900755531,56432.59900755531,237761.1476678445,116959.47489448442,129165.66409280594,1072477.2263957805
expAE04,UCSD_ISSM,/Volumes/CrucialX8/computing/data/antarctica/ismip6_hackathon/ComputedScalarsHelene/expAE04/shelfmelt/computed_shelfmelt_AIS_UCSD_ISSM_expAE04.nc,178166.30369294432,92732.17136368793,196426.72765919083,209260.8486345065,111198.2705047572,7861.487532802464,48889.85324051561,115661.87140920905,16460.725136906975,40601.869675214584,44394.894360954146,4981.374280109732,30296.10667182589,53346.90079145034,67306.75728920173,11253.720869935954,13432.295349933855,253044.3266806787,253044.3266806787,253044.3266806787,253044.3266806787,155593.16486571138,100593.65889649041,209260.8486345065,1495316.5051438257
expAE04,UCM_Yelmo,/Volumes/CrucialX8/computing/data/antarctica/ismip6_hackathon/ComputedScalarsHelene/expAE04/shelfmelt/computed_shelfmelt_AIS_UCM_Yelmo_expAE04.nc,11045.795989465041,100264.58810106713,28430.63831538507,36025.70865180496,125035.01647790967,11490.647086006677,15184.57520637889,38624.711825965496,24093.262024114447,30073.933870934135,75370.7535136067,6204.526235195327,10655.09593885413,33716.00313640098,18876.657991983335,1901.898826176963,4729.607586339086,10836.545767770334,10836.545767770334,10836.545767770334,10836.545767770334,200405.7699915163,111755.23518707385,36025.70865180496,582559.9665453584
expAE04,PIK_PISM,/Volumes/CrucialX8/computing/data/antarctica/ismip6_hackathon/ComputedScalarsHelene/expAE04/shelfmelt/computed_shelfmelt_AIS_PIK_PISM_expAE04.nc,20241.37283872798,100330.28412049139,52141.718178136194,48824.17042055443,146999.10733548852,21006.42348457481,20966.148216243553,47188.97491097871,50852.68426249457,58415.554306318656,101481.73647534089,3419.993179631126,5791.737938747396,33432.63992747479,27035.21836355093,4161.040086445199,9979.259052556932,23545.11851111836,23545.11851111836,23545.11851111836,23545.11851111836,248480.84381082962,121336.70760506635,48824.17042055443,775813.1816088749
expAE04,NORCE_CISM5-MAR364-ERA-t1,/Volumes/CrucialX8/computing/data/antarctica/ismip6_hackathon/ComputedScalarsHelene/expAE04/shelfmelt/computed_shelfmelt_AIS_NORCE_CISM5-MAR364-ERA-t1_expAE04.nc,3394.9337963771413,7081.946970880943,2213.5964570332276,6100.867596194209,25214.396009270647,6354.8816320248325,713.4241799696575,10260.05912801839,10260.184307165691,10203.28533248069,30522.575127181375,2379.927763610883,3499.3055222681173,3689.978955380871,4551.21592621034,1107.8206951700706,3184.135582979417,4380.23206395762,4380.23206395762,4380.23206395762,4380.23206395762,55736.97113645198,13436.828602905776,6100.867596194209,135112.76704617415
expAE04,NORCE_CISM5-MAR364-ERA-t1-nonlocal,/Volumes/CrucialX8/computing/data/antarctica/ismip6_hackathon/ComputedScalarsHelene/expAE04/shelfmelt/computed_shelfmelt_AIS_NORCE_CISM5-MAR364-ERA-t1-nonlocal_expAE04.nc,3063.1288062392423,6014.3029562179845,2257.9964596163104,5626.44411788192,17207.34859349745,4677.7848344144495,761.6649219499441,8708.918105639788,8744.592601800181,9195.682438888745,16864.93568719944,2358.0232007297795,3439.9900601031995,3812.478924926135,4432.810744006793,1210.544084504968,2786.5986728274906,4525.359741597588,4525.359741597588,4525.359741597588,4525.359741597588,34072.28428069691,10692.087790632424,5626.44411788192,105688.60495204134
expAE04,NORCE_CISM5-MAR364-ERA-t1-local,/Volumes/CrucialX8/computing/data/antarctica/ismip6_hackathon/ComputedScalarsHelene/expAE04/shelfmelt/computed_shelfmelt_AIS_NORCE_CISM5-MAR364-ERA-t1-local_expAE04.nc,3076.000014418304,5446.499188519408,2026.0944525747743,6451.834295810399,16547.596884629285,4242.832966979869,773.7799035683001,6893.928073700924,9041.095319806347,8550.585765728767,15334.350349372251,2333.712578304892,3568.35399273676,3669.527001966567,3925.1517291541645,975.0471622253508,2984.8101160663,4683.873825281502,4683.873825281502,4683.873825281502,4683.873825281502,31881.947234001538,9689.332155499265,6451.834295810399,100525.07362084417
expAE04,NORCE_CISM4-MAR364-JRA-t1,/Volumes/CrucialX8/computing/data/antarctica/ismip6_hackathon/ComputedScalarsHelene/expAE04/shelfmelt/computed_shelfmelt_AIS_NORCE_CISM4-MAR364-JRA-t1_expAE04.nc,5914.983082747545,32665.340545795043,6914.813674742591,23666.898679054477,71319.14564649668,8788.160586936709,7850.970020596378,23809.380247937952,14346.858191206104,20257.796666890183,49884.09938938172,2848.3876267250434,2963.867800520953,8678.544744611952,10358.217964108839,851.8753854741992,1942.09402556988,8451.657655862773,8451.657655862773,8451.657655862773,8451.657655862773,121203.24503587835,41453.50113273173,23666.898679054477,301513.0919346588
expAE04,NORCE_CISM4-MAR364-ERA-t1,/Volumes/CrucialX8/computing/data/antarctica/ismip6_hackathon/ComputedScalarsHelene/expAE04/shelfmelt/computed_shelfmelt_AIS_NORCE_CISM4-MAR364-ERA-t1_expAE04.nc,5966.9652248624025,34232.252570316894,6973.613209539886,23549.51594690553,67318.40644304099,8608.550826866702,7901.5305346549585,23830.75266262632,14278.73402595687,20543.33676221071,47945.99310473256,2912.1271138839465,2977.9716600624824,7673.435428775757,10556.354470721246,822.0712901307988,1828.8483149250847,8275.987588491222,8275.987588491222,8275.987588491222,8275.987588491222,115264.39954777366,42840.8033971836,23549.51594690553,296196.4471787044
expAE04,NORCE_CISM4-MAR364-ERA-t1-nonlocal,/Volumes/CrucialX8/computing/data/antarctica/ismip6_hackathon/ComputedScalarsHelene/expAE04/shelfmelt/computed_shelfmelt_AIS_NORCE_CISM4-MAR364-ERA-t1-nonlocal_expAE04.nc,4712.837586056821,15993.755507654107,5800.942682142066,11074.066928348058,42842.11701804455,4108.978542382901,6148.213298111312,17716.796087327937,10600.813914258273,16995.182067920785,28192.0192044372,3381.766463262877,3025.3311522388904,7010.72389894093,8537.43440200416,849.1706729590695,1640.6935426137547,8709.786595782405,8709.786595782405,8709.786595782405,8709.786595782405,71034.13622248176,20102.734050037,11074.066928348058,197340.62956448598
expAE04,NORCE_CISM4-MAR364-ERA-t1-local,/Volumes/CrucialX8/computing/data/antarctica/ismip6_hackathon/ComputedScalarsHelene/expAE04/shelfmelt/computed_shelfmelt_AIS_NORCE_CISM4-MAR364-ERA-t1-local_expAE04.nc,4569.795748465712,12954.244946074923,5469.5325107318595,9791.974839858061,38529.42339592278,4130.368344042699,5338.798959392085,15677.222114579836,9937.532978570107,14648.562124732529,25621.729971929497,2908.976054968592,2861.8399242141654,5974.921591332697,6984.933173613451,794.5206730269933,1841.8673016584971,8784.856399093345,8784.856399093345,8784.856399093345,8784.856399093345,64151.153367852254,17084.613290117617,9791.974839858061,176821.10105220784
expAE04,NORCE_CISM3-MAR364-ERA-t1,/Volumes/CrucialX8/computing/data/antarctica/ismip6_hackathon/ComputedScalarsHelene/expAE04/shelfmelt/computed_shelfmelt_AIS_NORCE_CISM3-MAR364-ERA-t1_expAE04.nc,20627.54116690817,170108.22816160845,36563.91218932371,145822.5575447803,262689.420570447,44346.086109899916,31764.318925782925,88252.68795243312,61097.16953904462,58454.39248744554,160550.72302879207,8397.819539066026,6508.289806823387,29066.054362900883,30384.876144682246,3261.81824582945,4349.35001519686,23011.100170598573,23011.100170598573,23011.100170598573,23011.100170598573,423240.1435992392,214454.31427150828,145822.5575447803,1185256.345961563
expAE04,NORCE_CISM3-MAR364-ERA-t1-nonlocal,/Volumes/CrucialX8/computing/data/antarctica/ismip6_hackathon/ComputedScalarsHelene/expAE04/shelfmelt/computed_shelfmelt_AIS_NORCE_CISM3-MAR364-ERA-t1-nonlocal_expAE04.nc,15129.799147109194,74269.50200396316,27599.647054133926,37384.70649968157,141667.9923829939,12261.639498309909,14096.9921009054,39374.192561146556,25198.85045560291,47713.81981543083,87297.97941111457,6656.722496088182,7358.064679452895,19437.928736197908,23524.277701361087,3121.4022360322115,3902.7880965568024,21961.56431213396,21961.56431213396,21961.56431213396,21961.56431213396,228965.97179410863,86531.1415022731,37384.70649968157,607957.8691882154
expAE04,NORCE_CISM3-MAR364-ERA-t1-local,/Volumes/CrucialX8/computing/data/antarctica/ismip6_hackathon/ComputedScalarsHelene/expAE04/shelfmelt/computed_shelfmelt_AIS_NORCE_CISM3-MAR364-ERA-t1-local_expAE04.nc,14354.869200323212,60879.42319884937,22768.75776572524,28598.13234533827,132536.12520967302,12150.131853105797,11511.711993551633,31551.923710821684,22196.23791026341,38984.32652652054,82367.80828253271,6121.109877796466,6822.60090192528,16951.36472017726,18682.20958203805,2882.1620555662553,3811.29972093874,21503.311334893187,21503.311334893187,21503.311334893187,21503.311334893187,214903.93349220578,73029.55505195516,28598.13234533827,534673.5061900404
expAE04,NORCE_CISM2-MAR364-ERA-t1,/Volumes/CrucialX8/computing/data/antarctica/ismip6_hackathon/ComputedScalarsHelene/expAE04/shelfmelt/computed_shelfmelt_AIS_NORCE_CISM2-MAR364-ERA-t1_expAE04.nc,24102.99657366449,307347.4994207877,50312.60932214191,218981.2583246221,380662.87652266043,65446.13861693065,41963.872431297794,111948.61529186316,87557.24447558135,70236.35689540186,247684.58219830925,14379.895099376345,10655.437923358933,47227.299262509245,38882.56486079515,5727.133212394909,6337.516508184795,31378.797337221593,31378.797337221593,31378.797337221593,31378.797337221593,628347.4587209699,372793.63803771854,218981.2583246221,1760832.6942771021
expAE04,NCAR_CISM2,/Volumes/CrucialX8/computing/data/antarctica/ismip6_hackathon/ComputedScalarsHelene/expAE04/shelfmelt/computed_shelfmelt_AIS_NCAR_CISM2_expAE04.nc,39504.768751142095,186055.62375218805,48531.119287104004,96100.10572758198,305272.52307146654,34680.202919300275,26646.126938380174,85808.66472673093,49446.888140053525,78480.20490842331,177027.36601331912,12167.897737948275,13009.788805023425,37894.21764347136,39210.19371648294,7059.0532413942365,7706.8606821936155,39144.80370590629,39144.80370590629,39144.80370590629,39144.80370590629,482299.88908478536,220735.82667148835,96100.10572758198,1283746.4097681108
expAE04,NCAR_CISM1,/Volumes/CrucialX8/computing/data/antarctica/ismip6_hackathon/ComputedScalarsHelene/expAE04/shelfmelt/computed_shelfmelt_AIS_NCAR_CISM1_expAE04.nc,21026.986004477145,134866.85126364086,44120.09835905515,49720.646549314806,229133.75410149095,26170.281125871228,18228.800387228028,17960.098125054195,44277.063688734575,63805.53099474728,129476.80993118214,10219.940101058604,11891.674942152618,26481.269418942888,33909.15301213325,5162.367036450271,3849.341951395418,32156.062806783637,32156.062806783637,32156.062806783637,32156.062806783637,358610.56403267273,161037.13238951217,49720.646549314806,902456.7297997129
expAE04,LSCE_GRISLI,/Volumes/CrucialX8/computing/data/antarctica/ismip6_hackathon/ComputedScalarsHelene/expAE04/shelfmelt/computed_shelfmelt_AIS_LSCE_GRISLI_expAE04.nc,16331.785358513,159221.6877041827,20478.03861599779,152629.0417124191,171331.24483525,10883.708803846324,23902.974932390956,46410.32450748524,26666.88270526976,37795.8305099315,92119.0712787629,5029.092821937783,5410.595881262968,29934.526384448993,24210.70572563143,1367.305195898717,2407.2973543515654,13332.070214810039,13332.070214810039,13332.070214810039,13332.070214810039,263450.3161140128,170105.39650802917,152629.0417124191,839462.1845423911
expAE04,LSCE_GRISLI2,/Volumes/CrucialX8/computing/data/antarctica/ismip6_hackathon/ComputedScalarsHelene/expAE04/shelfmelt/computed_shelfmelt_AIS_LSCE_GRISLI2_expAE04.nc,15185.64023655408,203949.3747726362,29950.10497917266,39325.14414473818,223303.1468011405,13229.803848617332,18899.604292217344,39058.21953438605,37199.14127493052,47239.66428709686,86168.06399731545,4128.2854810243825,6764.052942624074,14282.661523536399,21907.504688702375,1838.5985684017526,3314.982904731387,16099.144029797239,16099.144029797239,16099.144029797239,16099.144029797239,309471.21079845604,217179.17862125352,39325.14414473818,821843.1383076223
expAE04,ILTS_SICOPOLIS,/Volumes/CrucialX8/computing/data/antarctica/ismip6_hackathon/ComputedScalarsHelene/expAE04/shelfmelt/computed_shelfmelt_AIS_ILTS_SICOPOLIS_expAE04.nc,33683.719137644366,272329.5772149778,40575.100863810825,290872.1079781892,347443.5890759189,21294.712514282077,63002.90732203548,107102.27020307921,55238.18595751192,90892.194559,243278.9929320769,9163.532981321961,8075.495673923982,70616.28588804824,63564.24717122997,2298.4666460442836,4297.231612989688,32569.103166962832,32569.103166962832,32569.103166962832,32569.103166962832,590722.5820079963,293624.2897292602,290872.1079781892,1756297.7208990464
expAE04,IGE_ElmerIce,/Volumes/CrucialX8/computing/data/antarctica/ismip6_hackathon/ComputedScalarsHelene/expAE04/shelfmelt/computed_shelfmelt_AIS_IGE_ElmerIce_expAE04.nc,17296.675588467686,85374.28423829257,40141.66170418572,53684.80878768019,126464.78044848146,22843.88240643364,31849.820217329157,67303.34456891965,42102.37630002849,62682.839391576854,79352.38433574689,8687.326750072669,7465.098220361379,30961.727854277797,32595.64019840268,4113.994623686958,6382.2609783190155,28436.75413512707,28436.75413512707,28436.75413512707,28436.75413512707,205817.1647842282,108218.16664472618,53684.80878768019,747739.6607473895
expAE04,DOE_MALI_8km_AntMean,/Volumes/CrucialX8/computing/data/antarctica/ismip6_hackathon/ComputedScalarsHelene/expAE04/shelfmelt/computed_shelfmelt_AIS_DOE_MALI_8km_AntMean_expAE04.nc,12005.151440821548,215495.27122871336,25713.429459696705,275903.22305656894,228112.62210803706,10882.100690851308,52399.5400821841,51604.221676471316,38784.396061207415,44515.15291014832,142783.90338716056,3308.089743676548,2370.0955133050525,17098.184333103127,24124.386871998562,1740.792047169485,2828.0468931054716,14474.838557337387,14474.838557337387,14474.838557337387,14474.838557337387,370896.52549519815,226377.37191956467,275903.22305656894,1164143.4460615567
expAE04,DOE_MALI_8km_Ant95,/Volumes/CrucialX8/computing/data/antarctica/ismip6_hackathon/ComputedScalarsHelene/expAE04/shelfmelt/computed_shelfmelt_AIS_DOE_MALI_8km_Ant95_expAE04.nc,11422.83090959882,175572.82352359148,26492.07863080841,252919.7406697111,220936.61533672025,9627.056699290251,45486.19303200183,52998.08106908274,34964.15264889426,45633.56215457141,122161.32410281987,3355.722567206133,3269.906757950662,16451.874721874443,28940.999971918223,1739.4253040874635,2713.4670680284553,14973.096780809108,14973.096780809108,14973.096780809108,14973.096780809108,343097.93943954003,185199.88022288182,252919.7406697111,1069658.9519489645
expAE04,DOE_MALI_4km,/Volumes/CrucialX8/computing/data/antarctica/ismip6_hackathon/ComputedScalarsHelene/expAE04/shelfmelt/computed_shelfmelt_AIS_DOE_MALI_4km_expAE04.nc,13230.766527144562,178500.26970607822,34240.62381917899,182915.7950437183,272477.84763328155,22870.959426166468,43969.358148944695,65602.18624750484,37578.165071546675,55720.036957161115,146131.24905463384,5803.945562045211,5862.3978669194685,24988.889448111582,34076.06596994391,2869.8737511778695,3874.309135798816,19540.067584807555,19540.067584807555,19540.067584807555,19540.067584807555,418609.0966879151,201371.22913224477,182915.7950437183,1150252.8069541643
expAE04,DC_ISSM,/Volumes/CrucialX8/computing/data/antarctica/ismip6_hackathon/ComputedScalarsHelene/expAE04/shelfmelt/computed_shelfmelt_AIS_DC_ISSM_expAE04.nc,34655.90470442076,191944.21991526117,59901.62350846941,102050.51508287285,235440.89270237708,24612.530537362323,41173.05278093892,95348.76426951146,45578.249834310365,113474.27403836459,156264.61184435122,8461.786133267495,14876.034488362084,68107.81461328571,56751.472136689794,3833.8257135077665,4261.333576033191,45838.33752603782,45838.33752603782,45838.33752603782,45838.33752603782,391705.50454672857,216556.7504526236,102050.51508287285,1302575.2434054236
expAE05,IMAU_UFEMISM4,/Volumes/CrucialX8/computing/data/antarctica/ismip6_hackathon/ComputedScalarsHelene/expAE05/shelfmelt/jb_computed_shelfmelt_AIS_IMAU_UFEMISM4_expAE05.nc,1814.612942539775,123.44987018680044,-0.0,19.38700476777713,437.2826831489704,66.33922594881412,100.88343114178022,-0.0,20.932054853755982,128.8753490670185,295.95557458066486,-0.0,1.2343288959488818,37.692161489043094,103.47195662420124,5.050611487886761,10.538242440835397,-0.0,-0.0,-0.0,-0.0,733.238257729635,189.78909613561464,19.38700476777713,3165.705437173272
expAE05,IMAU_UFEMISM3,/Volumes/CrucialX8/computing/data/antarctica/ismip6_hackathon/ComputedScalarsHelene/expAE05/shelfmelt/jb_computed_shelfmelt_AIS_IMAU_UFEMISM3_expAE05.nc,308.83149417673,196.9333903116358,-0.0,1202.4680278559415,453.3667507678339,80.80179198270514,267.74801805002613,239.0277985008746,160.03625900701957,72.2324010724499,323.7330642813411,-0.0,2.3016715310308973,26.796543299069707,195.35174475585973,7.99109718688276,3.360988961302818,-0.0,-0.0,-0.0,-0.0,777.0998150491747,277.735182294341,1202.4680278559415,3540.981041740705
expAE05,IMAU_UFEMISM2,/Volumes/CrucialX8/computing/data/antarctica/ismip6_hackathon/ComputedScalarsHelene/expAE05/shelfmelt/jb_computed_shelfmelt_AIS_IMAU_UFEMISM2_expAE05.nc,-0.0,-0.0,-0.0,-0.0,-0.0,-0.0,-0.0,-0.0,-0.0,-0.0,-0.0,-0.0,-0.0,-0.0,-0.0,-0.0,-0.0,-0.0,-0.0,-0.0,-0.0,0.0,0.0,0.0,-0.0
expAE05,IMAU_UFEMISM1,/Volumes/CrucialX8/computing/data/antarctica/ismip6_hackathon/ComputedScalarsHelene/expAE05/shelfmelt/jb_computed_shelfmelt_AIS_IMAU_UFEMISM1_expAE05.nc,-0.0,-0.0,-0.0,-0.0,-0.0,-0.0,-0.0,-0.0,-0.0,-0.0,-0.0,-0.0,-0.0,-0.0,-0.0,-0.0,-0.0,-0.0,-0.0,-0.0,-0.0,0.0,0.0,0.0,-0.0
expAE05,VUW_PISM2_s4,/Volumes/CrucialX8/computing/data/antarctica/ismip6_hackathon/ComputedScalarsHelene/expAE05/shelfmelt/computed_shelfmelt_AIS_VUW_PISM2_s4_expAE05.nc,74745.06848343281,184179.07988041596,74413.48282838168,282610.5469963664,349102.75163911935,11705.545197175921,101500.64332825091,142493.43945107894,40263.960348019136,58930.80735289075,139297.54183295238,4589.096919567019,16016.360632600328,62783.12697103927,55449.85048036031,1215.8288554796754,-2874.499155020721,47513.59602695805,47513.59602695805,47513.59602695805,47513.59602695805,488400.2934720719,195884.6250775918,282610.5469963664,1643936.228069068
expAE05,VUW_PISM2_s3,/Volumes/CrucialX8/computing/data/antarctica/ismip6_hackathon/ComputedScalarsHelene/expAE05/shelfmelt/computed_shelfmelt_AIS_VUW_PISM2_s3_expAE05.nc,73426.08152021757,152466.18574877304,74454.19694634464,111815.09511424534,345287.310249441,11754.386313454803,72111.74231367795,131333.30170466518,40725.07002931809,58331.54114107092,128886.82000023013,4455.095472202394,17292.313369319785,57152.95003362852,50350.35167165392,1321.9863471865438,-2363.7191485823255,43003.281105884984,43003.281105884984,43003.281105884984,43003.281105884984,474174.13024967076,164220.57206222787,111815.09511424534,1371803.9899327331
expAE05,VUW_PISM2_s2,/Volumes/CrucialX8/computing/data/antarctica/ismip6_hackathon/ComputedScalarsHelene/expAE05/shelfmelt/computed_shelfmelt_AIS_VUW_PISM2_s2_expAE05.nc,71634.68432850363,154789.33359339208,73611.52716636594,248704.0751481489,341245.84120724443,12045.274474590708,79742.91459559917,123592.01074018484,38479.94791520735,56860.98352505919,134146.62714299123,3791.4871227869503,15121.475601336473,56281.508270665814,52324.867634070055,1454.3277897092464,-1795.5716677928071,42631.36213408923,42631.36213408923,42631.36213408923,42631.36213408923,475392.4683502357,166834.6080679827,248704.0751481489,1504662.6767221524
expAE05,VUW_PISM2_s1,/Volumes/CrucialX8/computing/data/antarctica/ismip6_hackathon/ComputedScalarsHelene/expAE05/shelfmelt/computed_shelfmelt_AIS_VUW_PISM2_s1_expAE05.nc,76408.42323884518,196145.9352295808,76239.06356096247,208666.89004035122,350360.67704863666,11207.064323033092,119100.37334265099,164326.7202827937,43380.19000021021,63292.41622122738,141771.31716005236,4528.326840538857,17183.674273918103,72222.44421974069,57127.388565727306,1214.3472108328408,-2509.325362120455,48933.794878419154,48933.794878419154,48933.794878419154,48933.794878419154,492131.99420868885,207352.99955261388,208666.89004035122,1649599.7210754005
expAE05,VUW_PISM2,/Volumes/CrucialX8/computing/data/antarctica/ismip6_hackathon/ComputedScalarsHelene/expAE05/shelfmelt/computed_shelfmelt_AIS_VUW_PISM2_expAE05.nc,74212.08495758682,175313.85215319906,75354.25136963434,224547.86742890015,347889.53719207307,11043.168033453041,89481.80497880056,133962.72276471066,39800.221818702164,59289.07406698706,137082.4538707161,3807.614583626816,16974.94887100056,59036.58488789459,56038.110947258196,1305.71181892331,-2334.360066270078,46079.918012942966,46079.918012942966,46079.918012942966,46079.918012942966,484971.9910627891,186357.02018665208,224547.86742890015,1548885.5676901385
expAE05,VUW_PISM1_s4,/Volumes/CrucialX8/computing/data/antarctica/ismip6_hackathon/ComputedScalarsHelene/expAE05/shelfmelt/computed_shelfmelt_AIS_VUW_PISM1_s4_expAE05.nc,76274.67629811412,151358.88654920133,81947.3320034587,105690.53077229405,353184.7845952639,11251.986663852596,44722.34006771729,127884.15470590978,38612.61602151945,54753.39531930941,132643.08507597694,5478.365134859963,12741.862216852576,50077.336514124974,45823.99628391501,129.63795619977708,-3015.1977814544757,43441.28751301583,43441.28751301583,43441.28751301583,43441.28751301583,485827.8696712403,162610.87321305388,105690.53077229405,1333001.075910131
expAE05,VUW_PISM1_s3,/Volumes/CrucialX8/computing/data/antarctica/ismip6_hackathon/ComputedScalarsHelene/expAE05/shelfmelt/computed_shelfmelt_AIS_VUW_PISM1_s3_expAE05.nc,65919.20184743653,125854.69790565106,76542.79081489048,104652.81190220955,335511.6467986399,11630.175682992924,43677.81027211509,125481.0336153367,39478.01464826374,54638.085279109815,115577.51165612273,5274.746380541204,14633.670624522232,47351.595108322086,40172.53106679433,-208.71973817291908,-4175.533793588297,41378.01468374086,41378.01468374086,41378.01468374086,41378.01468374086,451089.1584547629,137484.87358864394,104652.81190220955,1243390.084754929
expAE05,VUW_PISM1_s2,/Volumes/CrucialX8/computing/data/antarctica/ismip6_hackathon/ComputedScalarsHelene/expAE05/shelfmelt/computed_shelfmelt_AIS_VUW_PISM1_s2_expAE05.nc,68034.71083916939,134706.2932012451,74018.92946512738,98177.3724997849,335103.6017993371,11489.282421510366,40312.13116735717,115477.53598417398,36929.92277138482,52204.661327302914,119395.32944546168,5044.474744512181,12576.217162039966,48350.3281679819,40672.215827908854,222.51640558597737,-3080.667892117746,41842.75919918131,41842.75919918131,41842.75919918131,41842.75919918131,454498.9312447986,146195.57562275548,98177.3724997849,1231477.6145369464
expAE05,VUW_PISM1_s1,/Volumes/CrucialX8/computing/data/antarctica/ismip6_hackathon/ComputedScalarsHelene/expAE05/shelfmelt/computed_shelfmelt_AIS_VUW_PISM1_s1_expAE05.nc,79528.37703433432,155821.11758540635,82384.39652204407,117692.82431342556,357836.05578101345,11527.166944691895,58962.469310993125,164708.45155192525,41627.34750598139,59275.04238585267,121265.29092645638,6361.000583562531,14181.411491933639,54413.82584880767,47829.586740802144,2.722629439415054,-4564.96458766734,46175.50218649871,46175.50218649871,46175.50218649871,46175.50218649871,479101.34670747,167348.2845300983,117692.82431342556,1415027.6247555013
expAE05,VUW_PISM1,/Volumes/CrucialX8/computing/data/antarctica/ismip6_hackathon/ComputedScalarsHelene/expAE05/shelfmelt/computed_shelfmelt_AIS_VUW_PISM1_expAE05.nc,72681.10804443424,143186.36188273932,77195.37256469442,104049.00634647284,339883.2276985731,11170.790152473004,42348.58410047115,127428.6375632626,39366.72602658963,53019.67232160755,121318.33808925716,5271.983901681726,12577.466092181956,46527.86987006418,43141.526979169896,258.856193582962,-3320.2207107129366,42745.206778554435,42745.206778554435,42745.206778554435,42745.206778554435,461201.56578783045,154357.15203521226,104049.00634647284,1278850.5138950972
expAE05,VUB_AISMPALEO,/Volumes/CrucialX8/computing/data/antarctica/ismip6_hackathon/ComputedScalarsHelene/expAE05/shelfmelt/computed_shelfmelt_AIS_VUB_AISMPALEO_expAE05.nc,1410.758050328376,24519.134577802495,2118.0309633025136,548.2283925253305,93922.75738130198,12029.483658150135,277.8611954170013,66.86401648222503,45624.16919712194,2840.3848129930334,56577.03680648649,56.42107376842883,161.7885606032409,759.9632197116916,1619.0377789609938,1223.7127990640233,867.8203406099326,366.73732563524095,366.73732563524095,366.73732563524095,366.73732563524095,150499.7941877885,36548.61823595263,548.2283925253305,244990.19015026515
expAE05,UTAS_ElmerIce,/Volumes/CrucialX8/computing/data/antarctica/ismip6_hackathon/ComputedScalarsHelene/expAE05/shelfmelt/computed_shelfmelt_AIS_UTAS_ElmerIce_expAE05.nc,17093.25601120354,182742.31328618107,42166.09460603699,67864.90895796395,215846.1934275478,24774.406676094648,22530.286550164965,64598.26379532967,44557.79667581037,48051.130799849336,99655.93875145353,9851.777560708111,9776.45758013706,25972.478416035345,23315.448711435536,3342.4896748351975,4878.873049299068,26186.303685928888,26186.303685928888,26186.303685928888,26186.303685928888,315502.1321790009,207516.71996227582,67864.90895796395,933204.4182160153
expAE05,UNN_Ua,/Volumes/CrucialX8/computing/data/antarctica/ismip6_hackathon/ComputedScalarsHelene/expAE05/shelfmelt/computed_shelfmelt_AIS_UNN_Ua_expAE05.nc,9500.378466965278,88223.11360242181,36279.169249604456,138123.52845295047,87422.71320326504,9649.031094257192,9928.765708693783,33841.81148486944,30658.22231102137,27737.41084873145,60970.75905641675,1058.3528221540328,1993.0715150631247,17441.227584024142,11017.164117305745,48.447804109420034,3.9417255776041604,735.4674271498767,735.4674271498767,735.4674271498767,735.4674271498767,148393.4722596818,97872.144696679,138123.52845295047,564632.576474581
expAE05,ULB_fETISh-KoriBU2,/Volumes/CrucialX8/computing/data/antarctica/ismip6_hackathon/ComputedScalarsHelene/expAE05/shelfmelt/computed_shelfmelt_AIS_ULB_fETISh-KoriBU2_expAE05.nc,58104.69204031968,369739.2608323638,67323.88080004528,423460.9335953814,268753.54484909296,32204.279352684563,115450.59530109123,99975.21698332386,67505.90275454252,100622.37897614758,152694.02685107285,7201.2444475143675,7347.169055042735,45982.24648657432,70671.5245267144,3243.3865531515607,12605.390332366364,35028.29110505628,35028.29110505628,35028.29110505628,35028.29110505628,421447.5717001657,401943.5401850482,423460.9335953814,1937913.964842487
expAE05,ULB_fETISh-KoriBU1,/Volumes/CrucialX8/computing/data/antarctica/ismip6_hackathon/ComputedScalarsHelene/expAE05/shelfmelt/computed_shelfmelt_AIS_ULB_fETISh-KoriBU1_expAE05.nc,51876.69560021116,112687.56738101355,59356.232899484305,186727.81190755527,117536.47629410548,28327.039745992293,125317.0842720917,97847.9694078901,66949.90749791275,94038.05947366708,91608.7411559197,10244.464266304209,6200.052634531591,45631.74244201409,69876.9191840773,5453.356990250388,11915.974790921397,52784.065477023796,52784.065477023796,52784.065477023796,52784.065477023796,209145.21745002523,141014.60712700585,186727.81190755527,1234380.1614209658
expAE05,UCSD_ISSM,/Volumes/CrucialX8/computing/data/antarctica/ismip6_hackathon/ComputedScalarsHelene/expAE05/shelfmelt/computed_shelfmelt_AIS_UCSD_ISSM_expAE05.nc,216384.57343675653,337494.0655677837,311726.919198075,303138.0244516117,151880.16508877382,17513.02407946344,74295.49481808947,161970.6766511167,117665.7914187054,159262.88342994286,51273.23304142637,4614.346232935212,13762.653207995681,76867.42229575063,126946.79674956076,6199.554172138988,9929.740300581974,270982.19805318257,270982.19805318257,270982.19805318257,270982.19805318257,203153.39813020022,355007.0896472473,303138.0244516117,2411907.562193891
expAE05,UCM_Yelmo,/Volumes/CrucialX8/computing/data/antarctica/ismip6_hackathon/ComputedScalarsHelene/expAE05/shelfmelt/computed_shelfmelt_AIS_UCM_Yelmo_expAE05.nc,10437.06387566244,104591.91249798093,28964.855835893042,35594.03622251158,108780.06561505175,10520.49657354057,15079.58748116306,34429.90650120917,32431.978176817076,29806.921707547594,71976.76988427914,6573.950646304657,11686.047685359861,32056.43945966249,17705.11793649039,2087.597736026218,5446.115115240843,15258.513389703972,15258.513389703972,15258.513389703972,15258.513389703972,180756.83549933092,115112.40907152153,35594.03622251158,573427.376340445
expAE05,PIK_PISM,/Volumes/CrucialX8/computing/data/antarctica/ismip6_hackathon/ComputedScalarsHelene/expAE05/shelfmelt/computed_shelfmelt_AIS_PIK_PISM_expAE05.nc,18971.746248113053,115784.61824111253,56799.84388482076,61979.92259915702,144785.35911277996,21945.163313997688,30400.171589679598,55442.57920259904,45739.76754998659,39628.05794667384,79561.90765312602,3243.3245024246244,2816.4868573782264,27068.5522110635,18148.7381517403,3526.5366361175397,10802.073149682348,23406.86104385147,23406.86104385147,23406.86104385147,23406.86104385147,224347.266765906,137729.7815551101,61979.92259915702,760051.709894304
expAE05,NORCE_CISM5-MAR364-ERA-t1,/Volumes/CrucialX8/computing/data/antarctica/ismip6_hackathon/ComputedScalarsHelene/expAE05/shelfmelt/computed_shelfmelt_AIS_NORCE_CISM5-MAR364-ERA-t1_expAE05.nc,2551.3432229724413,10227.166178166555,2687.1961009598663,5299.3148347491515,17463.823292164885,8577.634531642374,281.5637996540964,6342.159488814864,9283.018410560682,3201.1529439632063,19394.94001923969,2399.906589558057,3419.376427137322,3098.4084926868236,2528.7616470695093,1611.1112882683835,5385.57330295346,4445.471639400359,4445.471639400359,4445.471639400359,4445.471639400359,36858.76331140459,18804.80070980894,5299.3148347491515,108197.92220996172
expAE05,NORCE_CISM5-MAR364-ERA-t1-nonlocal,/Volumes/CrucialX8/computing/data/antarctica/ismip6_hackathon/ComputedScalarsHelene/expAE05/shelfmelt/computed_shelfmelt_AIS_NORCE_CISM5-MAR364-ERA-t1-nonlocal_expAE05.nc,2622.2931122577884,7798.504292301892,2523.049210532776,5555.079975315769,13088.245750060536,6770.249219447888,336.82878688454934,5610.569761418574,10421.212039195925,3335.4933024451443,12090.433350457475,2360.8896097950615,3357.7911240017593,3343.001629198688,2503.761121648318,1848.144907635371,4946.723428891413,4506.8294365678175,4506.8294365678175,4506.8294365678175,4506.8294365678175,25178.67910051804,14568.753511749775,5555.079975315769,93019.10005805675
expAE05,NORCE_CISM5-MAR364-ERA-t1-local,/Volumes/CrucialX8/computing/data/antarctica/ismip6_hackathon/ComputedScalarsHelene/expAE05/shelfmelt/computed_shelfmelt_AIS_NORCE_CISM5-MAR364-ERA-t1-local_expAE05.nc,2729.153392348772,7560.486149450558,2276.4144163321303,6201.672970584349,13558.25312456752,6515.04745143533,274.2139719833789,4015.6754826613214,11004.699081789235,3014.5064804510434,12510.490668784312,2372.8117405924063,3642.6126112607353,3474.84522458969,2456.7420608214293,1455.332378071973,5547.44203095724,5441.7885514937725,5441.7885514937725,5441.7885514937725,5441.7885514937725,26068.74379335184,14075.533600885885,6201.672970584349,94052.18778817514
expAE05,NORCE_CISM4-MAR364-JRA-t1,/Volumes/CrucialX8/computing/data/antarctica/ismip6_hackathon/ComputedScalarsHelene/expAE05/shelfmelt/computed_shelfmelt_AIS_NORCE_CISM4-MAR364-JRA-t1_expAE05.nc,4229.120049841067,58497.96662648921,7025.918259389751,20228.17676884989,61367.62170826111,13748.583323178036,7485.43940168604,24517.496502157355,15563.597341788232,13826.62391552936,37361.83146377884,2727.8156814551708,3193.5346530005586,8628.378513681442,8304.277000317381,1234.4310171310474,2832.2875258026065,10381.865004860356,10381.865004860356,10381.865004860356,10381.865004860356,98729.45317204,72246.54994966723,20228.17676884989,301154.96475719765
expAE05,NORCE_CISM4-MAR364-ERA-t1,/Volumes/CrucialX8/computing/data/antarctica/ismip6_hackathon/ComputedScalarsHelene/expAE05/shelfmelt/computed_shelfmelt_AIS_NORCE_CISM4-MAR364-ERA-t1_expAE05.nc,4259.5546377214505,58411.02617867763,7158.992670248803,20185.20199814024,58881.946565307604,15700.151723603774,6275.513593038835,24238.917580562702,15690.913722337436,14405.955466043726,36189.13162290361,2827.384045763318,3235.462535533424,6781.1638671468145,8210.644213780068,1165.8823591037153,2582.564226143967,10083.371552963494,10083.371552963494,10083.371552963494,10083.371552963494,95071.07818821124,74111.17790228143,20185.20199814024,296283.7785590206
expAE05,NORCE_CISM4-MAR364-ERA-t1-nonlocal,/Volumes/CrucialX8/computing/data/antarctica/ismip6_hackathon/ComputedScalarsHelene/expAE05/shelfmelt/computed_shelfmelt_AIS_NORCE_CISM4-MAR364-ERA-t1-nonlocal_expAE05.nc,4391.547625756747,29597.243990856314,6853.13833437972,10969.623192072133,32864.20953572632,9601.871179435131,6124.761841816605,17771.425461654573,15071.26525213061,14593.591178617562,21563.6671740416,2988.43428765205,3242.321798873743,7528.613508712852,6709.428849186275,1105.375360455037,2229.2253758414736,10570.80932937002,10570.80932937002,10570.80932937002,10570.80932937002,54427.87670976793,39199.115170291465,10969.623192072133,203776.55327657884
expAE05,NORCE_CISM4-MAR364-ERA-t1-local,/Volumes/CrucialX8/computing/data/antarctica/ismip6_hackathon/ComputedScalarsHelene/expAE05/shelfmelt/computed_shelfmelt_AIS_NORCE_CISM4-MAR364-ERA-t1-local_expAE05.nc,4193.544418640204,27083.748800309128,7365.418718106764,10635.967499002816,37048.46623667035,9107.253913042769,5680.869917360332,17513.892282206554,16876.568144198194,14151.123362359875,23407.440306164677,2767.969258987731,3105.8968023073185,7545.039765801833,6490.721716942391,1066.923831651508,2745.594051545903,10521.591441623665,10521.591441623665,10521.591441623665,10521.591441623665,60455.90654283502,36191.002713351896,10635.967499002816,207308.0304669219
expAE05,NORCE_CISM3-MAR364-ERA-t1,/Volumes/CrucialX8/computing/data/antarctica/ismip6_hackathon/ComputedScalarsHelene/expAE05/shelfmelt/computed_shelfmelt_AIS_NORCE_CISM3-MAR364-ERA-t1_expAE05.nc,16438.662059690356,323886.2807879401,42031.2083025893,130186.02112268948,230846.639167973,51331.82584317364,33182.16088981002,92334.72527190576,68784.70839882731,62991.269236604014,127670.87428964196,8372.7262110358,6941.302301614988,27826.396993440005,30656.8080195181,3972.8858117201735,4909.65884113089,27020.79288107912,27020.79288107912,27020.79288107912,27020.79288107912,358517.51345761504,375218.1066311136,130186.02112268948,1289384.9464303837
expAE05,NORCE_CISM3-MAR364-ERA-t1-nonlocal,/Volumes/CrucialX8/computing/data/antarctica/ismip6_hackathon/ComputedScalarsHelene/expAE05/shelfmelt/computed_shelfmelt_AIS_NORCE_CISM3-MAR364-ERA-t1-nonlocal_expAE05.nc,14481.275730856898,136419.05735607664,35531.373583017965,38446.894429052,118950.41368068186,25029.30476537573,19765.85448625453,47743.427762547035,38154.26936186069,48799.67999500911,72547.3583243556,7545.398802016468,5953.9900231493575,22806.50123155229,24992.89208644896,3573.6770462143313,4760.061310987636,24076.553929942158,24076.553929942158,24076.553929942158,24076.553929942158,191497.77200503752,161448.36212145223,38446.894429052,689577.983905399
expAE05,NORCE_CISM3-MAR364-ERA-t1-local,/Volumes/CrucialX8/computing/data/antarctica/ismip6_hackathon/ComputedScalarsHelene/expAE05/shelfmelt/computed_shelfmelt_AIS_NORCE_CISM3-MAR364-ERA-t1-local_expAE05.nc,14465.990735160962,124979.24534189158,33760.45416269869,36308.265891737545,132750.0540093401,22636.969481023898,19606.89370599025,46881.356475933055,41377.22088842514,47556.61269549394,78148.89875399262,7152.345104618579,5298.562178901572,22609.181495768727,23962.70558985196,3301.470860070394,5041.445044255965,23232.390653188253,23232.390653188253,23232.390653188253,23232.390653188253,210898.95276333275,147616.2148229155,36308.265891737545,689070.0630683431
expAE05,NORCE_CISM2-MAR364-ERA-t1,/Volumes/CrucialX8/computing/data/antarctica/ismip6_hackathon/ComputedScalarsHelene/expAE05/shelfmelt/computed_shelfmelt_AIS_NORCE_CISM2-MAR364-ERA-t1_expAE05.nc,22633.119138507143,472472.0891356395,58495.86080626814,179448.04573122575,337878.1563559892,71104.96935631245,49549.54819873631,112861.93449738517,98035.30420465487,67755.27120644173,180928.17184766772,13379.998311102605,10194.716499349348,34290.703553559564,38839.37241480574,6631.058384860845,6349.500315995182,37256.86415530796,37256.86415530796,37256.86415530796,37256.86415530796,518806.3282036573,543577.0584919519,179448.04573122575,1798104.68411381
expAE05,NCAR_CISM2,/Volumes/CrucialX8/computing/data/antarctica/ismip6_hackathon/ComputedScalarsHelene/expAE05/shelfmelt/computed_shelfmelt_AIS_NCAR_CISM2_expAE05.nc,55262.870179330515,355755.32927840523,67421.65003247517,171933.0839995192,317986.6594900643,37601.05083932737,101138.27584863333,118731.41843922643,81656.5071646997,121423.95208372267,171698.4406507458,14345.702548567486,9594.12057793138,57629.37107334436,64276.79972891596,8044.13096397279,8962.246135501333,41872.91658721319,41872.91658721319,41872.91658721319,41872.91658721319,489685.1001408099,393356.38011773216,171933.0839995192,1805334.5256215956
expAE05,NCAR_CISM1,/Volumes/CrucialX8/computing/data/antarctica/ismip6_hackathon/ComputedScalarsHelene/expAE05/shelfmelt/computed_shelfmelt_AIS_NCAR_CISM1_expAE05.nc,19644.211044663014,214818.98724982823,51597.115758186745,54232.477870068615,187669.33301667223,31271.732850793804,24739.22953232393,34269.096938514405,55219.60653866431,62632.22929096749,108947.94686967037,9726.816911490467,7529.039766241678,28759.400673557597,30622.945077685894,5700.283999002711,3823.9519839397644,35041.17488108533,35041.17488108533,35041.17488108533,35041.17488108533,296617.2798863427,246090.72010062213,54232.477870068615,966245.5802533564
expAE05,LSCE_GRISLI,/Volumes/CrucialX8/computing/data/antarctica/ismip6_hackathon/ComputedScalarsHelene/expAE05/shelfmelt/computed_shelfmelt_AIS_LSCE_GRISLI_expAE05.nc,14663.197726810411,202121.26507235641,17349.633012647533,183858.84943371933,155797.87031411726,9499.355436810523,29422.647931364245,37455.13981834676,27724.735179150466,37013.77151717979,60592.36749750005,4042.2883741124106,5502.238135564451,23233.648877659216,20393.16608695469,1023.0949667112978,1702.6764486530717,14463.552519253992,14463.552519253992,14463.552519253992,14463.552519253992,216390.23781161726,211620.62050916685,183858.84943371933,845859.4983489122
expAE05,LSCE_GRISLI2,/Volumes/CrucialX8/computing/data/antarctica/ismip6_hackathon/ComputedScalarsHelene/expAE05/shelfmelt/computed_shelfmelt_AIS_LSCE_GRISLI2_expAE05.nc,13033.79604299865,244797.99980893452,26715.082860022427,33519.653288182046,187937.58263111638,12557.926800307223,21986.417378025457,38032.93049762001,39474.72522453743,43734.5048927816,74075.12406171644,4318.190691511163,6567.925356904678,18888.27183126245,20403.256674724795,943.804169318016,2545.863290118566,21947.22740059821,21947.22740059821,21947.22740059821,21947.22740059821,262012.70669283296,257355.92660924175,33519.653288182046,811480.2829006794
expAE05,ILTS_SICOPOLIS,/Volumes/CrucialX8/computing/data/antarctica/ismip6_hackathon/ComputedScalarsHelene/expAE05/shelfmelt/computed_shelfmelt_AIS_ILTS_SICOPOLIS_expAE05.nc,41963.7000017556,397810.4335695614,40490.35882207793,290569.5927580234,320988.4046305655,21382.619647302687,144761.25661948137,104125.58040593476,64455.87723838732,101917.72589818554,204325.0603953541,10474.855327878711,8509.9944317282,85230.65752874696,65393.52040600717,2142.6712610741624,4163.52678659399,35688.915029797805,35688.915029797805,35688.915029797805,35688.915029797805,525313.4650259196,419193.05321686395,290569.5927580234,1944394.750758456
expAE05,IGE_ElmerIce,/Volumes/CrucialX8/computing/data/antarctica/ismip6_hackathon/ComputedScalarsHelene/expAE05/shelfmelt/computed_shelfmelt_AIS_IGE_ElmerIce_expAE05.nc,16727.868725759945,100783.34844209964,43596.492656454284,68450.58685229719,117307.75331488064,26863.11019375751,42154.351802954036,71809.19278085134,49822.85796920539,62907.99992711105,74528.59279509597,9265.953918878908,4153.185612392021,32021.513190331618,30556.63980186273,4683.652863675596,7105.637465613725,31488.92066868425,31488.92066868425,31488.92066868425,31488.92066868425,191836.34610997664,127646.45863585714,68450.58685229719,794227.6589819057
expAE05,DOE_MALI_8km_AntMean,/Volumes/CrucialX8/computing/data/antarctica/ismip6_hackathon/ComputedScalarsHelene/expAE05/shelfmelt/computed_shelfmelt_AIS_DOE_MALI_8km_AntMean_expAE05.nc,10240.249537293696,262482.1691006327,26731.386402310574,295898.3144706676,216629.05519230128,10944.565895878306,82704.08550756425,58009.19753676042,44949.802322134055,51228.95032107994,110506.86514364691,3225.080316917041,2999.8973324820845,18470.182525261014,27022.75557570408,1355.5902657075885,2140.0859735506815,23540.066882912182,23540.066882912182,23540.066882912182,23540.066882912182,327135.92033594847,273426.7349965111,295898.3144706676,1249078.3003028051
expAE05,DOE_MALI_8km_Ant95,/Volumes/CrucialX8/computing/data/antarctica/ismip6_hackathon/ComputedScalarsHelene/expAE05/shelfmelt/computed_shelfmelt_AIS_DOE_MALI_8km_Ant95_expAE05.nc,10090.529171247383,221904.03232533648,28227.16743264432,273643.6234419155,188988.09599094494,9833.762748026667,73624.61953862206,55362.593049338815,40480.04893552115,53818.10679724754,99270.42725939609,3130.0524174104835,3205.634175889141,19370.007175025232,27358.053437880786,1373.596861000676,2160.2713754404044,23294.82698901434,23294.82698901434,23294.82698901434,23294.82698901434,288258.52325034107,231737.79507336303,273643.6234419155,1135135.4491219022
expAE05,DOE_MALI_4km,/Volumes/CrucialX8/computing/data/antarctica/ismip6_hackathon/ComputedScalarsHelene/expAE05/shelfmelt/computed_shelfmelt_AIS_DOE_MALI_4km_expAE05.nc,13561.975361340306,270685.43010778556,33778.53655656454,245648.29252875937,232083.45491482492,26080.611070715007,85067.94747979142,71174.98552598008,47078.91233151652,62639.23503390917,122890.79139069011,5814.601081183327,4065.725422166264,26855.201061262796,32302.28087886933,2718.70892596611,3302.1712108094484,27584.98752708862,27584.98752708862,27584.98752708862,27584.98752708862,354974.2463055149,296766.04117850075,245648.29252875937,1313333.8484092224
expAE05,DC_ISSM,/Volumes/CrucialX8/computing/data/antarctica/ismip6_hackathon/ComputedScalarsHelene/expAE05/shelfmelt/computed_shelfmelt_AIS_DC_ISSM_expAE05.nc,32497.671464025985,230886.6841843048,72232.13016970713,98631.32654539964,179823.11147014986,26093.73087963089,59637.85476436984,88269.70810245622,49442.24187996197,91078.48959541018,122374.5741381758,8147.040587326093,10594.802815172094,59616.03723878845,45277.46971193685,3705.4248526740485,4047.2086635465207,32135.6513443395,32135.6513443395,32135.6513443395,32135.6513443395,302197.6856083257,256980.41506393577,98631.32654539964,1214491.1584073752
