Experiment,Model,Path,sector_1,sector_2,sector_3,sector_4,sector_5,sector_6,sector_7,sector_8,sector_9,sector_10,sector_11,sector_12,sector_13,sector_14,sector_15,sector_16,sector_17,sector_18,AIS,region_1,region_2,region_3,Amundsen,Ross,FilchnerRonne,Aurora,Wilkes
expAE02,DC_ISSM,/Volumes/CrucialX8/computing/data/antarctica/ismip6_hackathon/ComputedScalarsHelene/expAE02/shelfmelt/computed_shelfmelt_AIS_DC_ISSM_expAE02.nc,2.9504572359144903,2.730449963421624,4.750346515629652,7.784209546138288,4.327772497133178,2.7839446791183877,4.9705724165035345,7.087415171842629,3.7094496019115177,3.4040971203255532,4.226930557370028,2.2651761882649835,3.6275913979795074,4.65887829465631,1.8713707628007379,1.632876840645448,2.3615755115770853,3.110038054924942,3.2239792097178994,3.1259640415582304,3.74518494013874,2.9964915896555273,7.7842095084347855,2.735087237015283,4.291308425336418,7.087415209183671,4.970572394786918
expAE02,DOE_MALI_4km,/Volumes/CrucialX8/computing/data/antarctica/ismip6_hackathon/ComputedScalarsHelene/expAE02/shelfmelt/computed_shelfmelt_AIS_DOE_MALI_4km_expAE02.nc,1.5199067933472392,3.2483752902621204,5.564729704600109,16.797244242297634,5.497675315545906,3.110081952886136,8.259562140925985,9.71026952952472,4.612884848764938,4.328301193048422,5.295358187467102,3.866142388272621,6.266031668031254,4.696099458038149,2.2846652654596866,1.9355172559382192,3.143560441943265,2.6166970006610026,9.329920238284021,9.619988759906363,4.655330892227141,3.4322329119660804,16.7972442785505,3.2071012707506545,5.424881675990562,9.710269521600326,8.259562137778877
expAE02,DOE_MALI_8km_Ant95,/Volumes/CrucialX8/computing/data/antarctica/ismip6_hackathon/ComputedScalarsHelene/expAE02/shelfmelt/computed_shelfmelt_AIS_DOE_MALI_8km_Ant95_expAE02.nc,2.2979422576246504,3.4873292708591097,4.758215730003098,18.169223332520545,6.153012083211377,3.362673429774838,11.023561295036977,11.492238447789877,5.24389984276415,4.099251081156762,5.899989197742329,3.5709929417116086,10.455172974058382,4.767137970975756,2.26768151040279,1.7606997342500166,3.858716778458366,2.995786281333241,5.70706532353873,11.619747665040817,5.107135271430369,2.8613089929370474,18.16922341284849,3.4426128251715205,5.9531787901126325,11.492238435834333,11.02356127855621
expAE02,DOE_MALI_8km_AntMean,/Volumes/CrucialX8/computing/data/antarctica/ismip6_hackathon/ComputedScalarsHelene/expAE02/shelfmelt/computed_shelfmelt_AIS_DOE_MALI_8km_AntMean_expAE02.nc,1.9186653483391323,3.386673460904776,4.904193393079756,14.641349754788868,6.025843944402568,3.135329522460765,8.48765262680272,11.590760725833322,4.754643799816609,4.827391137360756,5.893910108901286,4.0318074912751785,8.382425217736985,4.106462794786417,2.4561095104796737,1.7797963281909541,3.305665903714659,3.1869328197825495,5.276277432012081,8.47203309585834,5.113131155593566,2.988790895680581,14.641349767110803,3.3062097395418033,6.044273759799637,11.590760724253556,8.487652620076581
expAE02,IGE_ElmerIce,/Volumes/CrucialX8/computing/data/antarctica/ismip6_hackathon/ComputedScalarsHelene/expAE02/shelfmelt/computed_shelfmelt_AIS_IGE_ElmerIce_expAE02.nc,2.9778104956383387,1.1652315871020307,3.550865554009962,2.6227275117849356,1.8009301728727989,0.690866087670461,7.11348497782207,7.664891087460767,3.917262434749038,2.421405097237995,1.60169044839676,10.007712041433855,3.7095886947900567,5.078809272785304,2.664495289278805,9.502677729009102,6.858927739134677,4.320739476428292,1.56975173055616,1.4885214546017305,2.3567208703860376,8.865186938060663,2.6227275080864967,0.788558060771518,1.6755779468913476,7.664891103686513,7.113484911213667
expAE02,ILTS_SICOPOLIS,/Volumes/CrucialX8/computing/data/antarctica/ismip6_hackathon/ComputedScalarsHelene/expAE02/shelfmelt/computed_shelfmelt_AIS_ILTS_SICOPOLIS_expAE02.nc,9.738936450210899,6.879799234829477,5.6220200657862796,17.931640293112025,5.738322579793114,3.3116902119069045,7.477944684005104,9.50744773438815,4.620614540473396,5.097555870455948,5.581275751818834,3.6687622377562574,4.148793393630867,8.089866494392814,2.8353214907898927,1.6859998576803672,2.9406533315798904,6.522275885746276,9.140020739141292,8.756733372224165,4.982005401282351,3.529262108169784,17.93164024499326,3.637592904104063,5.684575461047003,9.507447682283258,7.47794468437694
expAE02,LSCE_GRISLI2,/Volumes/CrucialX8/computing/data/antarctica/ismip6_hackathon/ComputedScalarsHelene/expAE02/shelfmelt/computed_shelfmelt_AIS_LSCE_GRISLI2_expAE02.nc,5.77070917835099,4.574411021351978,6.145205754420958,13.588458690889759,4.658771248170628,3.3369369445241945,6.907442410322904,7.308179407663997,4.376813822201128,5.463518563182472,4.48672294571025,4.806007721049722,6.813726319719216,5.679396333086864,3.0683492521814824,2.3347290147739073,3.745961724970904,4.302726678553852,4.992312308609986,4.845296510191949,4.8524848654196,3.0672277778230597,13.588458581946549,3.1745884391439843,4.60308400453857,7.308179385115049,6.907442418370196
expAE02,LSCE_GRISLI,/Volumes/CrucialX8/computing/data/antarctica/ismip6_hackathon/ComputedScalarsHelene/expAE02/shelfmelt/computed_shelfmelt_AIS_LSCE_GRISLI_expAE02.nc,5.92604129436497,7.241674184836985,5.611907533739446,16.837931928661128,5.230753799758185,3.0221934603421445,7.877167769626007,8.684606260166694,4.748166718739998,5.613371001708865,4.526044091568038,4.278133376444099,8.824511198653498,9.884886084905437,7.005293891082154,2.257437295936198,3.7390213517862807,8.438205409859215,5.028247043032227,4.898764611560494,4.87814613721544,2.7903808907889958,16.837931869597337,2.8664984524486408,4.632447429550427,8.684606256449987,7.877167703984624
expAE02,NCAR_CISM1,/Volumes/CrucialX8/computing/data/antarctica/ismip6_hackathon/ComputedScalarsHelene/expAE02/shelfmelt/computed_shelfmelt_AIS_NCAR_CISM1_expAE02.nc,0.6525708231039062,3.1277277786515483,5.086253457117186,5.646885392373413,5.046206178569815,3.0876615566886447,4.722336464655969,1.0345040115923263,5.188564828869995,3.161903850877599,4.890317197876483,2.32468018624069,1.9278370035776928,3.157814523273353,2.121777348125349,1.6051710893697528,2.7075136517891676,1.2437098568231482,3.0765359136385064,3.2426015616041592,4.143270230748129,1.781078014334596,5.646885418792235,3.108540882834418,4.987875716943268,1.0345040121102793,4.72233646482765
expAE02,NCAR_CISM2,/Volumes/CrucialX8/computing/data/antarctica/ismip6_hackathon/ComputedScalarsHelene/expAE02/shelfmelt/computed_shelfmelt_AIS_NCAR_CISM2_expAE02.nc,0.6328391302958205,3.586415363896885,2.4527453861987234,6.85516628099492,7.405684035289534,3.2335303713556156,6.429121130967671,6.68587438269195,6.047907466221846,3.1315023893909815,6.463045862805907,3.706861472760681,3.252721639246447,4.749277776179366,1.9439736151217437,1.192587096604001,2.080275252596023,0.9507920774199843,3.0719134968144957,4.189739639319982,6.477186450703876,1.0311873662242488,6.855166281655354,3.985033093005013,6.326793540040555,6.685874386675651,6.429121196129993
expAE02,NORCE_CISM2-MAR364-ERA-t1,/Volumes/CrucialX8/computing/data/antarctica/ismip6_hackathon/ComputedScalarsHelene/expAE02/shelfmelt/computed_shelfmelt_AIS_NORCE_CISM2-MAR364-ERA-t1_expAE02.nc,0.9303768288093129,2.6565290769983156,8.119305274040585,7.796135803450809,6.369923736902486,2.20356045077763,9.197714692797621,8.866872925014986,7.831585303132052,3.4821863362886756,7.0963658746578036,3.6134958906791383,1.0180976235539043,4.377955411213369,2.4557290732744756,0.6756737602446238,2.771234983646336,1.623886374965326,6.27463766824852,3.3120728452478168,6.322537196592085,2.6556169152991047,7.79613587511764,2.1363947584965204,6.300171510558106,8.866872917699714,9.197714662913773
expAE02,NORCE_CISM3-MAR364-ERA-t1-local,/Volumes/CrucialX8/computing/data/antarctica/ismip6_hackathon/ComputedScalarsHelene/expAE02/shelfmelt/computed_shelfmelt_AIS_NORCE_CISM3-MAR364-ERA-t1-local_expAE02.nc,1.2395497415058123,3.3354084846464427,3.268744836843428,3.283589462931421,4.59414757296891,2.2892249882212226,2.982369205615432,3.7196515720249708,3.4075185385924462,2.0384375126382785,4.879939943667103,1.7032448261822573,0.6853970813886892,2.334742549957921,1.30379159031713,1.7376576709413596,1.6357945967623038,1.3979273738871874,2.7295888855180404,3.372124235421182,3.7670285830723587,2.1349517494416714,3.283589462833392,3.0748215165752737,4.717792510177951,3.7196515713729776,2.9823692093153484
expAE02,NORCE_CISM3-MAR364-ERA-t1-nonlocal,/Volumes/CrucialX8/computing/data/antarctica/ismip6_hackathon/ComputedScalarsHelene/expAE02/shelfmelt/computed_shelfmelt_AIS_NORCE_CISM3-MAR364-ERA-t1-nonlocal_expAE02.nc,1.0347179297904372,3.4044155212707405,3.7010490359067227,4.356589714569919,4.647529432014941,3.131888641066514,3.446302864774576,4.463954653998524,3.881446097241605,2.3225928267377425,4.652175363761626,2.1362633541704725,0.6206480182278554,2.9652806121889608,1.6119936790140885,1.1280747735392411,2.0282935899274057,2.376351131668233,2.991133324825104,3.2693690903836843,3.8432404922674275,2.0239636056256045,4.356589718922827,2.9984039655591515,4.565922629331138,4.4639546666981005,3.4463028494930983
expAE02,NORCE_CISM3-MAR364-ERA-t1,/Volumes/CrucialX8/computing/data/antarctica/ismip6_hackathon/ComputedScalarsHelene/expAE02/shelfmelt/computed_shelfmelt_AIS_NORCE_CISM3-MAR364-ERA-t1_expAE02.nc,0.8556626930904393,2.5838697681263656,5.682683949975329,7.079256038226815,4.846139564129733,1.9444656669433824,6.058129317561833,7.645481969251861,5.9209158393510615,2.3996503265551996,6.1189475408848315,2.2784444547850167,0.4306515592789493,3.1283971883279866,1.8137433236697522,0.7713962160909087,2.4030099431161704,1.0896020335711192,4.784000549029265,2.9943035430381104,5.204048174077159,2.5962378639791486,7.079255993307957,2.0157068677220065,5.300481557542183,7.645481980985596,6.0581293189280565
expAE02,NORCE_CISM4-MAR364-ERA-t1-local,/Volumes/CrucialX8/computing/data/antarctica/ismip6_hackathon/ComputedScalarsHelene/expAE02/shelfmelt/computed_shelfmelt_AIS_NORCE_CISM4-MAR364-ERA-t1-local_expAE02.nc,0.3962323989831091,3.171989537200443,2.440806180265275,2.5182019736399814,4.332547551141176,2.620400272848347,1.3615195923089447,3.5576569648815934,3.9051720160895025,1.8025761906664692,4.5315715734821165,1.058076702398949,0.33680757343834605,2.5852769579442407,1.1737243883961619,1.9243346835609663,1.4428841161317478,1.2117329642940162,3.6664090289337126,3.1036396966123543,3.6350934589611668,1.321889297093478,2.5182019835227827,2.80351696311408,4.4204163782990005,3.557656990358236,1.3615195537537705
expAE02,NORCE_CISM4-MAR364-ERA-t1-nonlocal,/Volumes/CrucialX8/computing/data/antarctica/ismip6_hackathon/ComputedScalarsHelene/expAE02/shelfmelt/computed_shelfmelt_AIS_NORCE_CISM4-MAR364-ERA-t1-nonlocal_expAE02.nc,0.8395644079162113,3.0984735259865688,2.905176901899236,3.628280993810019,4.2662407495646315,3.137174515888685,2.1125090979374916,4.097949935711626,4.337109889681707,2.1105215183420003,4.328175446417156,1.3166772569175793,0.37566632329727107,2.2000662510557514,1.5534105742371624,1.8290021665291005,1.7650376561244894,0.923317042777255,2.4672785408283677,2.746328223037233,3.639776241530156,1.4189310082165574,3.6282809470800066,2.7604498255934313,4.181235427933011,4.097949946869301,2.1125090578687113
expAE02,NORCE_CISM4-MAR364-ERA-t1,/Volumes/CrucialX8/computing/data/antarctica/ismip6_hackathon/ComputedScalarsHelene/expAE02/shelfmelt/computed_shelfmelt_AIS_NORCE_CISM4-MAR364-ERA-t1_expAE02.nc,0.31392699607709634,2.225933672870459,3.8979381804981172,4.548826039423148,3.8772301608719704,1.5973520269587476,3.0177377700994166,6.131695479602712,4.57947957817572,1.6239054082108388,4.875179863607001,1.4700626063953046,0.28826791628138654,2.20981993757952,1.186361753771927,0.24491645731908102,0.4512275902876488,0.7201717672166913,3.5814176720625386,2.36937891263394,4.049641205833344,0.3857936694745524,4.548825986427026,1.7345544373918136,4.261291002679087,6.1316954750361745,3.017737810541176
expAE02,NORCE_CISM4-MAR364-JRA-t1,/Volumes/CrucialX8/computing/data/antarctica/ismip6_hackathon/ComputedScalarsHelene/expAE02/shelfmelt/computed_shelfmelt_AIS_NORCE_CISM4-MAR364-JRA-t1_expAE02.nc,0.2723015562859731,2.289867973018545,3.785020101742076,4.877465958085411,3.947056762205225,1.65750062753227,2.2484327875394063,6.1303242493955405,4.644868081451682,1.5147375551498097,5.049428691742032,1.4669810327513129,0.2996577726279851,2.343571931771039,1.2029246095499553,0.21580425244913912,0.5515334638155935,0.7126962198841297,3.660726014231977,2.361459993133137,4.109708659249437,0.39552951373280737,4.87746600046358,1.653542790702357,4.372890919346917,6.130324201233282,2.2484327617811535
expAE02,NORCE_CISM5-MAR364-ERA-t1-local,/Volumes/CrucialX8/computing/data/antarctica/ismip6_hackathon/ComputedScalarsHelene/expAE02/shelfmelt/computed_shelfmelt_AIS_NORCE_CISM5-MAR364-ERA-t1-local_expAE02.nc,0.13707717528716407,3.071309695804233,1.3552685674041902,1.7401632800992108,4.191558036540014,1.9756216533064472,0.9056513537591764,4.174179393227377,3.3528834974067716,1.400908724746956,4.196734121449686,0.2550132839348155,0.3076893806647006,1.5049532105164596,1.0989493760511684,0.868017939552412,0.5356740477064353,0.4553660304648361,2.1336735220960747,2.9155091509772486,3.118446088032606,0.5698961647457853,1.7401632913829153,2.8398460038810893,4.198710635372424,4.174179422436238,0.9056513395000914
expAE02,NORCE_CISM5-MAR364-ERA-t1-nonlocal,/Volumes/CrucialX8/computing/data/antarctica/ismip6_hackathon/ComputedScalarsHelene/expAE02/shelfmelt/computed_shelfmelt_AIS_NORCE_CISM5-MAR364-ERA-t1-nonlocal_expAE02.nc,0.2388279841244559,3.1819041332085067,1.7387751223041612,2.438956590277689,4.003245059979527,3.2052793215473203,0.6267893136985287,2.296367921388106,4.203346376517136,1.6239663762227141,3.9610596457190534,0.41660491599271615,0.2263263927383036,1.6067621542823374,1.3530238498984255,1.4880930076030956,0.9554468482772503,0.4093269737121241,2.0588339258443726,2.6288038443361836,3.1136228512389956,0.9034285143025701,2.4389565726552966,2.763947419031839,4.334672029416488,2.2963679067462244,0.6267893043850088
expAE02,NORCE_CISM5-MAR364-ERA-t1,/Volumes/CrucialX8/computing/data/antarctica/ismip6_hackathon/ComputedScalarsHelene/expAE02/shelfmelt/computed_shelfmelt_AIS_NORCE_CISM5-MAR364-ERA-t1_expAE02.nc,0.11750090554073668,2.0169560264540505,2.1000158306126075,3.0836443930316064,2.991971504659947,1.4523774366845765,-0.2133321274919419,2.8934884668554584,2.96114032881829,1.181157306959768,3.4380174435477953,0.32132374593508195,0.29509911029639846,1.3426245668582621,0.8232480242496218,0.257540300218495,0.7901985475057997,0.14407958935151172,1.4552408927692395,1.774562731220711,2.5320718266685325,0.1456870859616488,3.0836444106973775,1.4404664461970897,3.160758778277446,2.8934884710892383,-0.21333212020142664
expAE02,PIK_PISM,/Volumes/CrucialX8/computing/data/antarctica/ismip6_hackathon/ComputedScalarsHelene/expAE02/shelfmelt/computed_shelfmelt_AIS_PIK_PISM_expAE02.nc,3.443791563253504,1.2503086468145632,7.945347444866564,4.285472126625818,3.199509354397719,1.4611927794580233,19.32475669143462,17.486518044953527,14.310558100625858,7.884434058181927,2.638260583279124,14.403471883983288,5.807709220855017,9.451728656947195,15.7104308592057,11.922153010965244,11.56828780452919,3.3423813052608526,2.5413014063525874,3.547004460739644,3.3447148286998543,15.349583086428272,4.28547209075352,1.3318822803068675,2.7559164553390105,17.48651819358763,19.324756737859325
expAE02,UCM_Yelmo,/Volumes/CrucialX8/computing/data/antarctica/ismip6_hackathon/ComputedScalarsHelene/expAE02/shelfmelt/computed_shelfmelt_AIS_UCM_Yelmo_expAE02.nc,4.857891325938899,2.8050000899209135,4.557743896242832,5.284980465466505,4.771667573681656,2.87829870934306,4.216243937484469,4.3225874988752535,4.3182645800094175,3.1768995515138583,4.394507313783726,2.970954222519484,3.3151406913708144,4.592036425608405,3.7479091151999597,1.174242740305602,4.4250348318538695,4.184668398298058,3.983651786590634,4.199220087946003,3.8180029987273287,2.109270359463671,5.284980485521274,2.8206561078302967,4.611652726012348,4.322587481320965,4.216243963759729
expAE02,UCSD_ISSM,/Volumes/CrucialX8/computing/data/antarctica/ismip6_hackathon/ComputedScalarsHelene/expAE02/shelfmelt/computed_shelfmelt_AIS_UCSD_ISSM_expAE02.nc,6.972347139226448,0.29398486582821254,6.603381904879773,1.9969636866414473,0.9634221467419626,0.07489953548440388,6.441316278244069,3.250350177525827,0.4726068050966845,0.7222784310415348,0.2808198124624551,2.2461105869845883,2.9916489396687744,2.597192284135816,1.7152705814824096,1.1318981936872161,1.1958623310217678,4.266719267980865,1.2283107861262736,1.3341562683026962,0.8863754527403459,3.1142943358432005,1.9969637088492531,0.2227244494109165,0.49794366173675897,3.2503501999645286,6.441316257250755
expAE02,ULB_fETISh-KoriBU1,/Volumes/CrucialX8/computing/data/antarctica/ismip6_hackathon/ComputedScalarsHelene/expAE02/shelfmelt/computed_shelfmelt_AIS_ULB_fETISh-KoriBU1_expAE02.nc,-0.2552432761918883,0.5035627541700848,1.8324856319037757,0.8247879689822527,1.5582029397855703,0.2957295927560211,4.180426358330121,4.354120976652726,3.399674960992859,2.446964700435427,1.6214979315778215,1.0020152006551275,1.0080816211382635,6.985116647083266,1.8133671667918185,13.103661806650951,1.9291187523917483,0.33194892164240025,1.671060696169381,0.3478011363783085,2.2134662884666665,4.395137527913898,0.8247879649589623,0.41283416382524457,1.5862084916584585,4.354120938086999,4.18042633922516
expAE02,ULB_fETISh-KoriBU2,/Volumes/CrucialX8/computing/data/antarctica/ismip6_hackathon/ComputedScalarsHelene/expAE02/shelfmelt/computed_shelfmelt_AIS_ULB_fETISh-KoriBU2_expAE02.nc,1.9519644116309063,6.087525828245888,1.8105685158811056,11.920842858640793,4.977359693778309,3.3386355426135417,4.491408253405504,7.3230990573453525,5.948125564724273,4.0880431923356975,4.29970360401591,0.6944784912809678,0.14532702148806081,5.051774081746755,3.5182291080806607,2.035487914620044,2.0242329546440083,0.9744627691228245,4.309488986269505,7.72300486145577,3.0864638226826457,0.6937447045319957,11.920842847814367,3.4420332834481795,4.344672963404514,7.323099152338028,4.491408246185641
expAE02,UNN_Ua,/Volumes/CrucialX8/computing/data/antarctica/ismip6_hackathon/ComputedScalarsHelene/expAE02/shelfmelt/computed_shelfmelt_AIS_UNN_Ua_expAE02.nc,1.6191546436496742,3.033846959148686,4.903845164938845,9.174395537791183,4.566211439098835,2.137876090985352,5.141116022614918,5.247956739821548,3.8666553904738077,2.562772317863151,4.754582298718111,0.7589205275697692,1.868059711121714,2.977088666032626,1.9777305751728684,1.1044930850171701,2.132580548506036,1.2263233555304542,3.0563391671479767,3.8275052650503514,3.9108929408279582,1.6463342938536834,9.174395563733034,2.7352476765080818,4.550907927856753,5.24795678175577,5.141116061908682
expAE02,UTAS_ElmerIce,/Volumes/CrucialX8/computing/data/antarctica/ismip6_hackathon/ComputedScalarsHelene/expAE02/shelfmelt/computed_shelfmelt_AIS_UTAS_ElmerIce_expAE02.nc,3.3263837754886065,2.887027570123303,4.61503593985093,8.882024621955035,4.589675862489456,2.115570044281419,5.227426338789901,8.048902333040195,3.7193498498990056,2.4992190573508983,4.494948769832549,3.4297813154305543,4.615984849232486,3.5799799333197146,1.5131270706763778,1.4598538839378041,2.912365746855557,2.7330178614359526,4.053443319627522,4.154403813456025,4.067271235651441,2.777038201378637,8.882024649775877,2.7047726053925567,4.335473835641117,8.048902297110466,5.227426336026624
expAE02,VUB_AISMPALEO,/Volumes/CrucialX8/computing/data/antarctica/ismip6_hackathon/ComputedScalarsHelene/expAE02/shelfmelt/computed_shelfmelt_AIS_VUB_AISMPALEO_expAE02.nc,5.500998905321574,3.564874335920516,2.0651044736349204,5.7032853614828065,5.689569722949601,3.353100365442482,2.8050100802442817,3.3712439473438303,5.209443395858101,1.2822088917616548,5.459770395947981,0.2621472569771445,1.6510330030508449,2.491467547718035,0.2660349178104948,2.845685634931924,5.219865083124725,1.1023842412425535,4.493095113478676,4.876174199956538,4.1415325999174515,4.146120453015111,5.703285446927096,3.509198987363241,5.612322127456834,3.3712439881822465,2.805010081350229
expAE02,VUW_PISM1,/Volumes/CrucialX8/computing/data/antarctica/ismip6_hackathon/ComputedScalarsHelene/expAE02/shelfmelt/computed_shelfmelt_AIS_VUW_PISM1_expAE02.nc,8.038941924445554,7.2623151435711595,8.031965203755323,9.940695147991711,13.162825090585649,7.573507547377772,23.01007162364601,14.883684410215253,9.953561446472861,0.8025011264193788,16.482592808937525,9.005780628762666,3.673083113764733,3.210456642809232,7.614661421277816,19.30169857216601,21.05611722230427,11.07578011492795,14.863347204708976,15.866730820511613,13.462524982487272,18.15733294125587,9.940695076031412,6.769254215014555,13.191076999737444,14.883684344958239,23.010071704895143
expAE02,VUW_PISM1_s1,/Volumes/CrucialX8/computing/data/antarctica/ismip6_hackathon/ComputedScalarsHelene/expAE02/shelfmelt/computed_shelfmelt_AIS_VUW_PISM1_s1_expAE02.nc,-7.805673549089676,1.2831084818259393,4.729221611203843,1.5474506088848485,-9.43671733324066,0.8006299253075074,15.359415576099895,39.21604406680392,5.811474240704938,6.540508016329517,-11.818363294044572,189.53960591256572,1.5688683325725483,0.41531838975715113,,,,6.036134712018101,-2.965708574979191,-1.8387847512947595,-2.592291832056574,-0.4407183461196565,1.5474502952525004,0.36286754479181915,-10.779453145823966,39.2160459532788,15.359415310829752
expAE02,VUW_PISM1_s2,/Volumes/CrucialX8/computing/data/antarctica/ismip6_hackathon/ComputedScalarsHelene/expAE02/shelfmelt/computed_shelfmelt_AIS_VUW_PISM1_s2_expAE02.nc,7.784710619653406,7.233629274062764,9.298121036849682,9.87125767977463,13.198696482921443,7.476969207158646,21.685640672305095,16.768903178085747,9.914179816864094,0.8781410360482952,16.47119325393922,11.712287516941856,4.435387788892279,3.063291832485211,7.755336080214819,19.63205932817868,21.003331232317255,10.686140670139416,14.944661847830702,15.95943007877925,13.556375327132354,17.300210591519924,9.871257647660393,6.804548969237632,13.214711082444277,16.768903189168704,21.68564076560321
expAE02,VUW_PISM1_s3,/Volumes/CrucialX8/computing/data/antarctica/ismip6_hackathon/ComputedScalarsHelene/expAE02/shelfmelt/computed_shelfmelt_AIS_VUW_PISM1_s3_expAE02.nc,7.3673379229601235,7.424477420147076,8.477977976977042,9.601572009902188,13.12289246015365,7.709501143321222,21.640706883180947,20.502822318166423,9.991560795114257,11.895658052049987,16.630830010251493,9.980930961859938,3.777350830234375,2.6804475375935515,7.5001620716783615,19.683247517559252,21.189235939503693,10.470956088914198,15.083494408687539,15.69492236568332,13.667692598568744,17.719908420782694,9.60157196478756,6.910133806153699,13.2091068299928,20.502823697705026,21.640706794838252
expAE02,VUW_PISM1_s4,/Volumes/CrucialX8/computing/data/antarctica/ismip6_hackathon/ComputedScalarsHelene/expAE02/shelfmelt/computed_shelfmelt_AIS_VUW_PISM1_s4_expAE02.nc,8.158102365413464,7.276259646928627,8.295657913073489,10.00609369204376,13.215730400002046,7.594675919158008,22.336182379297775,17.43933990978614,9.957837443922214,0.8474704750681965,16.48831313641256,9.527750963671107,4.190622389231524,2.1851919680990437,7.737648637251271,19.649341210174395,20.81835982597532,11.811639754524375,14.986780189935246,16.032338808350694,13.562059833097594,18.096997362124707,10.00609361031666,6.812312534999767,13.238287126287352,17.439339967656494,22.336182193912613
expAE02,VUW_PISM2,/Volumes/CrucialX8/computing/data/antarctica/ismip6_hackathon/ComputedScalarsHelene/expAE02/shelfmelt/computed_shelfmelt_AIS_VUW_PISM2_expAE02.nc,9.271266679656831,7.290107577222055,7.755878362797045,11.483184299997518,17.52880642411901,7.546979299241854,16.756937451299255,12.932380129717458,9.971514280757187,1.2695704915371298,16.328735097787117,4.7641054136907846,6.456586461593121,2.6478910276671574,8.129365079841344,18.816312464118724,20.92106906059049,11.046514023941924,15.041145008347383,15.847491951932106,13.630682942797163,17.341610526416925,11.483184248459139,6.902819617568871,17.008800746291115,12.93238018294565,16.756937443414667
expAE02,VUW_PISM2_s1,/Volumes/CrucialX8/computing/data/antarctica/ismip6_hackathon/ComputedScalarsHelene/expAE02/shelfmelt/computed_shelfmelt_AIS_VUW_PISM2_s1_expAE02.nc,9.530319794382013,6.032853160950273,8.029963163027208,11.030170830724234,17.537582954079596,7.580819432623037,17.938528834346975,12.252124957153567,10.367177886925969,1.23112356568098,16.366425837066572,4.837504241960941,6.501790979073288,3.0583578363407256,7.901519315510869,18.271534789538315,21.930349678817397,10.760090852210755,15.002779842942934,15.853428257797733,13.494595884928348,17.17206199092654,11.03017083925057,6.921554864794821,17.034667079936636,12.252124947471597,17.938528868636368
expAE02,VUW_PISM2_s2,/Volumes/CrucialX8/computing/data/antarctica/ismip6_hackathon/ComputedScalarsHelene/expAE02/shelfmelt/computed_shelfmelt_AIS_VUW_PISM2_s2_expAE02.nc,8.867369793806345,7.271372360232001,7.901153567268183,10.44010098081315,17.43572504354471,7.4531380823288105,17.46327241866699,15.893570036972875,9.698501473841096,0.3336999485979913,16.30351885760899,7.379838963115698,6.02773886762578,2.3371227930442102,7.891786979273895,19.27334375946952,26.241384686699487,10.911709680345385,14.94996605378833,15.764162259393341,13.534120095189888,18.088949763340477,10.440100984199304,6.86441359493476,16.945357988277355,15.893569898841378,17.463272424338324
expAE02,VUW_PISM2_s3,/Volumes/CrucialX8/computing/data/antarctica/ismip6_hackathon/ComputedScalarsHelene/expAE02/shelfmelt/computed_shelfmelt_AIS_VUW_PISM2_s3_expAE02.nc,8.83269218199745,7.546423461820154,7.869161961508254,10.519885781256045,17.394421403327488,7.688678009273663,16.964649369492232,14.942612858811,9.933617657654633,1.2079950405000706,16.429718662815723,8.86648760173571,5.93211409177978,2.533005925114791,7.932375155076046,19.458381776149825,22.44255154151316,9.356076144245078,14.943137272008705,15.776291792375822,13.578396284552674,17.17449088902221,10.51988574827282,7.12378889594571,16.97986012318725,14.942612839920761,16.964649447423973
expAE02,VUW_PISM2_s4,/Volumes/CrucialX8/computing/data/antarctica/ismip6_hackathon/ComputedScalarsHelene/expAE02/shelfmelt/computed_shelfmelt_AIS_VUW_PISM2_s4_expAE02.nc,9.05249003855797,7.32456616770163,7.391444825055016,12.341971686618118,17.560285129800175,7.602517843742962,14.913524701043203,10.15243236659584,9.999884303698373,1.4802473954330868,16.329408766836483,8.561192784668524,6.198916740727545,4.01543047392176,8.241235287507365,19.02995088169005,22.74388230716257,11.000719059553951,15.060463506732367,9.327147448719716,13.639058406342272,17.590601401238732,12.341971705759422,6.940255264184932,17.026975278594477,10.152432413552848,14.91352465193617
expAE02,IMAU_UFEMISM1,/Volumes/CrucialX8/computing/data/antarctica/ismip6_hackathon/ComputedScalarsHelene/expAE02/shelfmelt/jb_computed_shelfmelt_AIS_IMAU_UFEMISM1_expAE02.nc,7.351125244055833,9.228508355609241,7.307478809158011,4.517522296882952,14.180172070892336,7.397881774692818,,9.850750255415806,9.850235210791732,8.902372452095202,12.646237089169052,,6.112594542090331,8.757680127574035,8.332173614731245,11.333248297302866,9.842161189845717,,13.25584039108402,12.710288329055613,13.377637340956928,11.565470729867672,4.517522342074156,8.942187145770301,12.868921080267551,9.850750076778986,
expAE02,IMAU_UFEMISM2,/Volumes/CrucialX8/computing/data/antarctica/ismip6_hackathon/ComputedScalarsHelene/expAE02/shelfmelt/jb_computed_shelfmelt_AIS_IMAU_UFEMISM2_expAE02.nc,4.66394729354706,8.902481568926987,5.085473218443397,3.5238617804114316,12.902482767553703,6.465310898550871,8.495699680987784,8.12670075957768,9.13902781946383,2.7775766128698947,13.378469650174454,,0.28412289410129216,6.392051858282687,4.013491050501708,8.627541287405926,7.481176810599705,,12.462004681522183,12.071013378755735,12.482945836020455,7.755264426476336,3.5238615215129956,8.577315922189987,13.172007805982282,8.126700962253713,8.495701728878258
expAE02,IMAU_UFEMISM3,/Volumes/CrucialX8/computing/data/antarctica/ismip6_hackathon/ComputedScalarsHelene/expAE02/shelfmelt/jb_computed_shelfmelt_AIS_IMAU_UFEMISM3_expAE02.nc,8.835272267459837,10.046819469187358,8.944615433042818,7.819653683392098,15.310010571606345,8.647896410443176,8.542969596134103,13.76586350090792,10.876503593842155,9.780056183158381,15.345001577065718,2.531029698610625,3.729881337382547,10.051679444689062,9.529749067256207,10.564688099968965,11.130879090427696,,13.984072073255067,13.670388023765483,14.07204282779435,10.930107016042449,7.819653554016089,9.764391255935607,15.339469508477292,13.765863259721145,8.54296952592432
expAE02,IMAU_UFEMISM4,/Volumes/CrucialX8/computing/data/antarctica/ismip6_hackathon/ComputedScalarsHelene/expAE02/shelfmelt/jb_computed_shelfmelt_AIS_IMAU_UFEMISM4_expAE02.nc,6.043807777261498,8.913649635492812,6.735814266549405,6.077624021099919,13.441898695601688,5.604953727236186,4.8385186233880475,12.002606657995077,9.104038516092459,1.847677352433499,13.87655177836586,4.297256704910118,3.777943935599357,7.6520105754933185,3.8631106829093467,8.00216485357662,7.927886354036246,,12.832460253941226,12.593832897739786,12.728368536784334,8.009912193153353,6.077624062746255,8.348392119116452,13.693494180191166,12.00260658871983,4.838518592123324
expAE03,DC_ISSM,/Volumes/CrucialX8/computing/data/antarctica/ismip6_hackathon/ComputedScalarsHelene/expAE03/shelfmelt/computed_shelfmelt_AIS_DC_ISSM_expAE03.nc,3.816659364580238,3.292790186520078,5.08043964301228,8.667093579332931,3.9582417977981152,3.4251101269418838,5.517155366356843,6.579448088576549,3.636625908239454,2.8649471341957864,4.131689937420063,1.630031375846017,2.9253329762102087,4.497366155575013,3.3549146440066133,1.9390815380816433,2.1633559479710893,3.902316273644295,3.863465044093208,3.859205566212106,3.7821863939494946,2.1961500035912946,8.667093620681927,3.3571419928739274,4.085776031341894,6.579448066080328,5.517155379018744
expAE03,DOE_MALI_4km,/Volumes/CrucialX8/computing/data/antarctica/ismip6_hackathon/ComputedScalarsHelene/expAE03/shelfmelt/computed_shelfmelt_AIS_DOE_MALI_4km_expAE03.nc,4.592808373596135,9.834368300720794,6.663227628316534,19.957436732846773,4.875029202687073,3.892836629360863,9.736333719853079,8.903614840367501,4.375824310104407,3.6776248999556347,4.98809933831174,3.722001947777401,3.773015443939762,4.7288086328618535,4.068044190766488,2.308004903503691,2.400974518218513,4.379246431767396,7.717317437116317,11.063725283586127,4.81899501295672,3.7249838487688076,19.957436681354345,4.061763199166035,5.0162248675343255,8.903614837952754,9.73633371532411
expAE03,DOE_MALI_8km_Ant95,/Volumes/CrucialX8/computing/data/antarctica/ismip6_hackathon/ComputedScalarsHelene/expAE03/shelfmelt/computed_shelfmelt_AIS_DOE_MALI_8km_Ant95_expAE03.nc,5.451707081292006,7.1840122382948834,7.665041018852445,21.950936107655185,5.004604996148258,3.908416474588531,10.301516930273856,9.795045138659066,4.12520689371011,4.465483130432539,5.515352828382459,3.3797893281280325,6.179109515821522,7.780402867001181,4.430303899798939,2.443421717753422,3.684708266696594,5.0449577067019815,9.136638657482376,10.032218692553862,5.051143033571782,4.226080750380864,21.95093608481618,4.160874036888461,5.701410561599717,9.795045181301253,10.301516930398282
expAE03,DOE_MALI_8km_AntMean,/Volumes/CrucialX8/computing/data/antarctica/ismip6_hackathon/ComputedScalarsHelene/expAE03/shelfmelt/computed_shelfmelt_AIS_DOE_MALI_8km_AntMean_expAE03.nc,4.579240573817523,4.836115305688628,6.334704227612701,17.987185725140233,5.626295227610035,4.5565232194503755,10.153736723612854,9.643335109577592,4.815921744599865,3.9483974373376927,5.524297078608909,3.2065282239157997,5.1560098685160325,6.461523734225943,3.5681678507471855,2.1911420550440743,3.276800475840337,4.321364197022074,8.273618329850311,8.812050245563983,5.554975501166212,3.6183253344545605,17.987185700945073,4.642153562795185,5.449799548182407,9.643335133117853,10.153736735254855
expAE03,IGE_ElmerIce,/Volumes/CrucialX8/computing/data/antarctica/ismip6_hackathon/ComputedScalarsHelene/expAE03/shelfmelt/computed_shelfmelt_AIS_IGE_ElmerIce_expAE03.nc,4.115530165634513,1.8533133728038207,3.9891368638072335,3.751514211086351,2.2072731988223806,1.6752933709798628,8.812092984170425,8.659800916581398,4.776537545431157,3.380723579848119,2.116560157980909,-3.0226723048572977,7.672007747864534,5.025615809485346,9.413172466771865,-1.203870485002482,-0.4792429103033664,6.245407938044952,1.4810865372532491,1.3487966173877952,2.2212195142880353,2.023918358174489,3.7515141919901356,1.969249084262514,2.1210034214706264,8.65980079665715,8.812093007799511
expAE03,ILTS_SICOPOLIS,/Volumes/CrucialX8/computing/data/antarctica/ismip6_hackathon/ComputedScalarsHelene/expAE03/shelfmelt/computed_shelfmelt_AIS_ILTS_SICOPOLIS_expAE03.nc,19.45135143884544,10.712164474151487,6.319013710163212,23.52122041736413,5.543267684892048,3.8920102276021127,11.95048840462432,9.113834486816014,5.015027563199957,4.7263650639930175,5.099515981109883,7.350994324147391,4.5160222129676315,8.378969721167646,4.267694686708026,1.82778882214848,2.1607546857203483,5.124935793397614,15.87372686105567,17.398210164751116,5.3027850899688636,2.7613786425739506,23.52122044730389,4.196018829926586,5.077222102969984,9.113834516977617,11.950488390584013
expAE03,LSCE_GRISLI2,/Volumes/CrucialX8/computing/data/antarctica/ismip6_hackathon/ComputedScalarsHelene/expAE03/shelfmelt/computed_shelfmelt_AIS_LSCE_GRISLI2_expAE03.nc,7.066092180800289,6.380815980511741,6.975308207425084,21.710440061440526,5.405185746671192,4.120002524276388,8.235159752773415,7.92786634539728,4.773864545451904,5.174694197361612,4.881600350690266,4.420948537291802,8.305993897961132,5.626546081314751,11.373509591458266,1.7072137854332516,2.7589817414808646,6.00413911580889,5.416496558709495,5.556592644331427,5.115179297759248,6.2900346385898755,21.7104400735508,4.110917303511695,4.76565742629173,7.92786641654348,8.235159736803425
expAE03,LSCE_GRISLI,/Volumes/CrucialX8/computing/data/antarctica/ismip6_hackathon/ComputedScalarsHelene/expAE03/shelfmelt/computed_shelfmelt_AIS_LSCE_GRISLI_expAE03.nc,5.855208061701748,4.565301357691954,6.549973580961089,19.80507098294915,4.799125883122629,4.392429371101269,4.104477182620755,8.10915808443135,4.8931960071719836,5.687545959972863,5.024241924624379,4.861201726481571,9.314369444667266,11.821618541843176,6.995152296034924,1.625628420906695,2.3508575536329546,5.875208774343301,5.581147647087703,10.943996680753148,5.262588450158984,5.335579928329866,19.805070965671145,4.181893754696747,4.857789586669182,8.109158095459037,4.104477144838003
expAE03,NCAR_CISM1,/Volumes/CrucialX8/computing/data/antarctica/ismip6_hackathon/ComputedScalarsHelene/expAE03/shelfmelt/computed_shelfmelt_AIS_NCAR_CISM1_expAE03.nc,3.653998481323804,3.7538087780892875,4.883284523284376,6.877498041087258,4.441821799934916,3.9296782992175694,4.967511020417487,2.4486422906567946,5.0087876207204,3.2579663713980396,4.6764296082419445,3.5018282179576925,2.7046685056199595,2.3987672314025903,3.133774672205491,1.6991486241459544,1.936657459552096,3.155078794849934,3.736148366232007,3.775362474316249,3.8538419373490944,0.9889793869522905,6.877498053641759,3.8453949206186957,4.637036875253843,2.4486422819441644,4.96751101629644
expAE03,NCAR_CISM2,/Volumes/CrucialX8/computing/data/antarctica/ismip6_hackathon/ComputedScalarsHelene/expAE03/shelfmelt/computed_shelfmelt_AIS_NCAR_CISM2_expAE03.nc,6.014710420480105,10.137340551894418,6.342313717168017,16.706389303329864,5.74613030676478,3.716988650480828,7.780894594824067,8.587777594650715,3.9901150847905806,3.925867482066488,5.792173954976806,2.760977073927879,3.165236093217259,3.909699316320798,3.142370665634923,1.8098210398499464,1.9088143289657966,4.654070733543766,8.284003242183285,11.708399413685335,4.581377651510089,1.469945394674636,16.70638935194124,4.394175602748078,5.855036136864102,8.587777666959475,7.780894552763217
expAE03,NORCE_CISM2-MAR364-ERA-t1,/Volumes/CrucialX8/computing/data/antarctica/ismip6_hackathon/ComputedScalarsHelene/expAE03/shelfmelt/computed_shelfmelt_AIS_NORCE_CISM2-MAR364-ERA-t1_expAE03.nc,3.6371124494703797,4.534606452152803,9.696027884348112,10.354517822163118,5.789588756366518,2.0492137103830346,7.26885252309114,10.359563360020397,2.9339031761466488,3.480065113743808,6.450785237884072,3.687422508495539,1.4884423711691501,3.3601512773899667,3.544353198415402,1.5991395489869635,1.7891552944728781,3.710155298060195,3.1360817826981933,3.8327331040169748,4.195034109037486,3.2105652297099985,10.354517784891778,2.833053968494272,6.019340801772038,10.35956334859278,7.268852520464446
expAE03,NORCE_CISM3-MAR364-ERA-t1-local,/Volumes/CrucialX8/computing/data/antarctica/ismip6_hackathon/ComputedScalarsHelene/expAE03/shelfmelt/computed_shelfmelt_AIS_NORCE_CISM3-MAR364-ERA-t1-local_expAE03.nc,2.691684046188211,3.840358921275408,3.500534434379681,5.59661435313802,4.054341124116191,3.0262682559946223,3.148093856635269,4.447236591461171,3.4187472718863514,2.350393296834258,4.284986431520002,1.705257461067455,0.5338403580662598,2.519432941420106,2.376348441759071,1.260047121642156,1.583031617274167,2.5867766376950883,3.2812020244669946,3.650958019544205,3.1679901368692667,2.250445858342823,5.59661435956854,3.4106905283481597,4.085873071867157,4.4472365823718585,3.148093864403333
expAE03,NORCE_CISM3-MAR364-ERA-t1-nonlocal,/Volumes/CrucialX8/computing/data/antarctica/ismip6_hackathon/ComputedScalarsHelene/expAE03/shelfmelt/computed_shelfmelt_AIS_NORCE_CISM3-MAR364-ERA-t1-nonlocal_expAE03.nc,2.4774282191549744,3.6696681931274013,4.1341199739238705,6.981116830558372,4.3911949828083,4.065282497908946,4.224075733209212,5.1782826743842625,4.317567561908867,2.9322262851363217,4.502202660122336,2.621402414449727,0.6020425789911205,2.640763969377937,2.4485649607871625,1.0906131883909342,2.134611793366328,3.3587099738213717,3.4576978523743382,3.6206580730268887,3.5800353374312848,2.869371088996152,6.9811168596456294,3.687356766716809,4.633824000662283,5.178282683103097,4.224075747991596
expAE03,NORCE_CISM3-MAR364-ERA-t1,/Volumes/CrucialX8/computing/data/antarctica/ismip6_hackathon/ComputedScalarsHelene/expAE03/shelfmelt/computed_shelfmelt_AIS_NORCE_CISM3-MAR364-ERA-t1_expAE03.nc,2.9192849294943,4.608483263224936,6.909362670551017,10.136077755739867,4.222531962051819,1.803078307156105,5.4802968542336234,8.135952615303816,2.630952435220275,3.150509613874577,5.384322298994372,1.7132072559977802,0.6310397302686812,2.7931228544901043,2.906058154440264,0.7740391286137523,1.4341252247081744,2.5850950999740903,3.135930075861692,3.957126215478765,3.159228683087845,2.3042787140817897,10.136077709237977,2.491747648449468,4.737854740129672,8.135952579984211,5.480296826533454
expAE03,NORCE_CISM4-MAR364-ERA-t1-local,/Volumes/CrucialX8/computing/data/antarctica/ismip6_hackathon/ComputedScalarsHelene/expAE03/shelfmelt/computed_shelfmelt_AIS_NORCE_CISM4-MAR364-ERA-t1-local_expAE03.nc,1.20789669002196,3.669481456346231,2.1826919863784506,3.938082977066155,3.8374043600685623,3.1423961153099906,1.607272978560811,4.611878400698059,3.4204732632700825,2.155529024595856,3.9848821725497947,1.7600784359933024,0.28673697002693876,1.7584061532958657,1.810324363762913,0.9136415652025169,1.6516748728767878,0.955127534554653,2.9493386253676754,3.2161914387041857,2.904947325025237,1.0288177940084542,3.9380829703261067,3.3473696915208166,3.810552932236911,4.611878410125273,1.6072729873924296
expAE03,NORCE_CISM4-MAR364-ERA-t1-nonlocal,/Volumes/CrucialX8/computing/data/antarctica/ismip6_hackathon/ComputedScalarsHelene/expAE03/shelfmelt/computed_shelfmelt_AIS_NORCE_CISM4-MAR364-ERA-t1-nonlocal_expAE03.nc,2.032258934788154,3.495934856635008,2.3436597707700892,3.949837843783776,4.106323490359672,3.9798837768854765,2.0485483453910573,4.975368914853026,4.439284897792395,2.597949472374866,4.221085496107344,1.8877130579290566,0.4033161062185686,2.1458449441031147,2.174792150430775,1.0881599840626006,2.082364627546352,2.1580975461247225,3.150541500427507,3.2068544263927152,3.3821344839832586,0.5065291526797792,3.9498378538608674,3.476596398278481,4.295847801133507,4.975368919757553,2.0485483293632387
expAE03,NORCE_CISM4-MAR364-ERA-t1,/Volumes/CrucialX8/computing/data/antarctica/ismip6_hackathon/ComputedScalarsHelene/expAE03/shelfmelt/computed_shelfmelt_AIS_NORCE_CISM4-MAR364-ERA-t1_expAE03.nc,-0.08951700918131929,2.5337900609965445,4.260994462920349,8.722187862999895,3.5059747255075293,1.4445363938175226,2.8352280502780585,6.376850481197016,2.768210449932352,2.1206214891529265,3.8695250723945276,1.7597666471898799,0.29035426072656617,1.9111135858631096,1.780186538006446,0.7516854599818928,0.9531010648929064,0.7628123442444583,1.8946928082179788,2.629694947644969,2.4864130565906932,0.3116855497579888,8.722187850780497,2.099183640272785,3.3996043583896562,6.3768505092841465,2.8352280627868467
expAE03,NORCE_CISM4-MAR364-JRA-t1,/Volumes/CrucialX8/computing/data/antarctica/ismip6_hackathon/ComputedScalarsHelene/expAE03/shelfmelt/computed_shelfmelt_AIS_NORCE_CISM4-MAR364-JRA-t1_expAE03.nc,-0.09632726160391399,2.64758375780961,4.183733784856017,8.092174599168398,3.5832012411026004,1.465011872362364,2.8522950747788482,6.417487784061802,2.68821132956897,2.176765841675214,4.039557637267506,1.011304162020804,0.3919525309104402,2.0463980015096603,1.8167314053659835,0.7626957304001853,1.0083836050454282,0.7482425089840862,2.6611985392988227,2.4280554257226226,2.627209153391784,0.3257676781113186,8.092174614499335,1.9553739557027785,3.5524172364729676,6.417487788017617,2.852295099217402
expAE03,NORCE_CISM5-MAR364-ERA-t1-local,/Volumes/CrucialX8/computing/data/antarctica/ismip6_hackathon/ComputedScalarsHelene/expAE03/shelfmelt/computed_shelfmelt_AIS_NORCE_CISM5-MAR364-ERA-t1-local_expAE03.nc,0.06127181107455737,3.6197680246511026,2.385139888101763,1.4419977065830258,3.760145626048066,2.872110372914381,0.4793157076005632,5.2745310836479575,2.9646274119005835,1.6762595732540786,3.6497621848544197,1.3510903385776685,0.2796871070823086,0.8345215121788021,1.736387835764547,0.6779048158369717,0.8116607648822478,0.14589943790501597,2.573585209951194,2.766547844745365,2.615714319174795,0.5916524035358957,1.44199770179653,3.202113805845374,3.596350351322025,5.274531060955127,0.4793156984105001
expAE03,NORCE_CISM5-MAR364-ERA-t1-nonlocal,/Volumes/CrucialX8/computing/data/antarctica/ismip6_hackathon/ComputedScalarsHelene/expAE03/shelfmelt/computed_shelfmelt_AIS_NORCE_CISM5-MAR364-ERA-t1-nonlocal_expAE03.nc,0.1274384271838986,3.463891439285523,1.2570543151815388,2.5361996377563893,3.9980257608742757,4.1237534162804526,0.3934206512121705,3.8144513378574727,4.926069892691221,2.2909451984615288,3.9429219907689186,1.3254821801523657,0.2566050524349784,1.052499337409242,1.8939851239013241,0.7931476517817697,1.3661211288433077,0.23667281757741396,2.765984308158191,2.8888584819585015,2.894285498518381,0.7042154328482916,2.536199642372746,3.494075337722219,4.092791437509345,3.814451428773249,0.39342063888930534
expAE03,NORCE_CISM5-MAR364-ERA-t1,/Volumes/CrucialX8/computing/data/antarctica/ismip6_hackathon/ComputedScalarsHelene/expAE03/shelfmelt/computed_shelfmelt_AIS_NORCE_CISM5-MAR364-ERA-t1_expAE03.nc,0.07096928448190772,2.3902379757439634,2.152088925545907,1.5939570143090789,2.748304253180771,1.3855070443323474,0.15794860325220592,4.13306381192339,2.4349172870628335,1.8432196991225787,3.257796187678057,1.2826576274333894,0.3398529004861088,0.9623837975554305,0.8466859773944656,0.6299882750013783,0.7536329917424529,0.08304568148583268,2.0074228152289724,2.213811087179818,1.850554506748573,0.3485498649980174,1.5939570161423706,1.6301967002831852,2.9347926967067206,4.133063810748549,0.1579486019055129
expAE03,PIK_PISM,/Volumes/CrucialX8/computing/data/antarctica/ismip6_hackathon/ComputedScalarsHelene/expAE03/shelfmelt/computed_shelfmelt_AIS_PIK_PISM_expAE03.nc,1.8366792377856218,1.6139218267784834,9.69997752386349,2.7747198489188523,5.700377332794092,-0.5136718181206081,17.943390286181653,12.338056738859326,12.113775542045044,17.260526194850392,3.550353815541095,0.773453509607369,2.5813549649549894,10.346531800767734,-0.11409308888429416,-1.0622182959813369,-3.471735032434268,2.3093109836087398,5.63157965570372,5.326838313222875,4.464820634830333,3.3385781948729356,2.7747198230314667,1.0161564093585698,4.409957970071363,12.338056749921767,17.943390351777616
expAE03,UCM_Yelmo,/Volumes/CrucialX8/computing/data/antarctica/ismip6_hackathon/ComputedScalarsHelene/expAE03/shelfmelt/computed_shelfmelt_AIS_UCM_Yelmo_expAE03.nc,4.8584453063560185,3.7390125756706056,4.893142563407319,6.428526972755681,4.490404797743716,3.7760168479185396,3.9681395517877665,4.648250594312416,4.154336586519865,2.890466438121392,4.315859442787721,2.0711433509883435,3.4084315610205276,4.589733629348137,3.222511629281567,0.8936959525031591,0.4773105987745994,4.8232904830692265,3.909334616251856,3.845973876244849,3.948290496063417,3.823382406470109,6.428526872507658,3.79874138301203,4.285460994274797,4.648250540311591,3.968139547653279
expAE03,UCSD_ISSM,/Volumes/CrucialX8/computing/data/antarctica/ismip6_hackathon/ComputedScalarsHelene/expAE03/shelfmelt/computed_shelfmelt_AIS_UCSD_ISSM_expAE03.nc,5.637743990651412,0.6981426292110419,9.333699027185467,1.8855633947384793,1.7345413648579386,0.050149625737787105,7.285802554618895,5.869820443462465,1.2373143976264462,2.4046799579613882,0.5519944923700913,1.4149186596384842,6.135168018518867,4.283154393762518,3.3550595731818564,1.6245808369891157,1.2024236239018675,4.336576852369398,2.211979758827873,2.6359927893640718,1.4855769409163777,3.1031739938948175,1.8855633725448075,0.4384820535580531,1.3334636794441626,5.869820460344678,7.285802570196036
expAE03,ULB_fETISh-KoriBU1,/Volumes/CrucialX8/computing/data/antarctica/ismip6_hackathon/ComputedScalarsHelene/expAE03/shelfmelt/computed_shelfmelt_AIS_ULB_fETISh-KoriBU1_expAE03.nc,0.052981005987007494,0.12551417791788586,2.64007946766798,1.615344798871929,2.7713659087363363,0.08051365775619863,5.293244768820552,5.5272949429857885,8.6304112182365,7.4596735005488775,2.7236164570157304,2.803740205193619,0.9027918604220143,3.9950392076386305,8.28225282611433,3.1861435339046777,0.19344811746404086,0.29566986532901124,1.6510632274990642,0.3615260075434401,2.3147948292393874,1.4001373796526662,1.6153447958838232,0.1464781517648401,2.7614651754980852,5.527294914949314,5.293244760227627
expAE03,ULB_fETISh-KoriBU2,/Volumes/CrucialX8/computing/data/antarctica/ismip6_hackathon/ComputedScalarsHelene/expAE03/shelfmelt/computed_shelfmelt_AIS_ULB_fETISh-KoriBU2_expAE03.nc,1.1806444147301989,8.142574104824421,2.995206016067961,13.41753374434161,8.528790242931978,3.191838800481695,7.672178873151206,6.695252164573109,5.129800100056906,4.408427375234262,4.5006329138380226,1.5012344084048446,0.8524563710017182,3.2264279829520306,3.4415558430966873,1.2606118328702853,0.8737825236654324,0.73618473070702,5.415642505088052,6.651552538192624,4.395613550854167,0.8014211803397298,13.41753375466928,3.258498006136939,4.488267794669817,6.695252110037429,7.6721788747925
expAE03,UNN_Ua,/Volumes/CrucialX8/computing/data/antarctica/ismip6_hackathon/ComputedScalarsHelene/expAE03/shelfmelt/computed_shelfmelt_AIS_UNN_Ua_expAE03.nc,3.3521126933812435,3.7887606863830214,4.845419717441726,9.374797507316968,4.2382812150601525,2.7664998506058707,5.3139616036369715,6.822632882119131,3.4062872674645575,2.508447303443829,4.220467894270013,1.0908356868499,3.2617153915279,2.229087090256498,2.361389282939545,1.2004062476558977,1.4104019069264542,1.0593668000916232,3.50723488776518,5.343576696060204,3.4513134173729285,1.2792537287177184,9.374797543189741,3.4146845877263874,3.9918891192357155,6.822632881613232,5.313961595324564
expAE03,UTAS_ElmerIce,/Volumes/CrucialX8/computing/data/antarctica/ismip6_hackathon/ComputedScalarsHelene/expAE03/shelfmelt/computed_shelfmelt_AIS_UTAS_ElmerIce_expAE03.nc,3.2524648528346756,3.385085544717952,4.584126091351397,11.570074224459805,4.176114413123416,2.7067256312901424,4.954828610843134,7.961060749606464,3.310620676644874,1.8642774553174364,4.153559687124934,3.2713086700926337,4.479198705632653,3.7833582378380632,2.558047167270509,1.8624385894354736,1.8729203481551175,2.3716986934366413,3.8008137333399508,3.8232755149319995,3.728892679507286,2.0290910637046244,11.57007421226575,3.1493573563118296,3.9959762810827417,7.961060720939671,4.954828585637903
expAE03,VUB_AISMPALEO,/Volumes/CrucialX8/computing/data/antarctica/ismip6_hackathon/ComputedScalarsHelene/expAE03/shelfmelt/computed_shelfmelt_AIS_VUB_AISMPALEO_expAE03.nc,4.996326448711319,3.3758246534511684,3.2133591368541046,18.867289501259982,6.013565767987425,3.341311108035698,1.9382341699461443,2.830231521749857,6.354903419727455,3.100879806029726,5.8412253857465375,3.1102756336979986,6.568579986280281,2.7034034694883498,0.21584056415352448,2.771702346565393,7.274756891092981,7.4602792223143775,4.686913146799136,4.775113155560183,4.397549034448701,5.437003799921015,18.86728956322521,3.3758038203979934,5.95031089324254,2.8302315068222375,1.9382341702427057
expAE03,VUW_PISM1,/Volumes/CrucialX8/computing/data/antarctica/ismip6_hackathon/ComputedScalarsHelene/expAE03/shelfmelt/computed_shelfmelt_AIS_VUW_PISM1_expAE03.nc,12.94760427743037,11.861613907263232,12.074479708849909,13.705365979829367,20.54625663099686,-12.262509102236644,18.070600337049395,16.88211488572403,6.7325243442243075,3.646978384896172,16.894389074169165,2.045167569615269,8.170138999473357,2.4916982561835233,24.40482707069545,-4.854178704408637,-0.6054023380912774,10.654211077495955,23.582620839786653,16.859545556734766,26.65140883754993,-1.500445786935989,13.705365925952968,11.762042788488497,20.079735613196235,16.882114924949214,18.0706003555182
expAE03,VUW_PISM1_s1,/Volumes/CrucialX8/computing/data/antarctica/ismip6_hackathon/ComputedScalarsHelene/expAE03/shelfmelt/computed_shelfmelt_AIS_VUW_PISM1_s1_expAE03.nc,13.29921278213019,12.025581312553458,12.329086832953097,14.367074063709506,13.711024197211417,-11.59649583874468,12.647160294604722,12.879089251733644,7.384707530917162,4.12205388205036,16.788802237152765,17.183426639312554,8.318371003265876,2.9266083228311195,27.95520161011818,-5.571134605690128,-1.0352074405080005,9.165815550678728,24.480744044796527,17.028203902797834,28.748913170804347,-0.9363125182865063,14.367074119345782,11.916504164163689,20.767442543492034,12.87908925086432,12.6471601737422
expAE03,VUW_PISM1_s2,/Volumes/CrucialX8/computing/data/antarctica/ismip6_hackathon/ComputedScalarsHelene/expAE03/shelfmelt/computed_shelfmelt_AIS_VUW_PISM1_s2_expAE03.nc,11.081716478736087,12.017763295593287,13.560065078089,11.000854529810693,20.52719888398745,-12.000189203945794,20.500814436556748,17.044243468901666,6.663724982625828,3.8834530797969453,17.0636425854045,8.643242219768394,7.531473828697004,2.575944384605639,24.38159967793992,-3.887706728915613,0.2731364718336586,10.743356411772147,23.42097623476938,16.767609712949017,26.311050094172042,-1.5003429785515827,11.000854571476298,11.907846961466399,20.14051024122799,17.04424336875872,20.500814476553668
expAE03,VUW_PISM1_s3,/Volumes/CrucialX8/computing/data/antarctica/ismip6_hackathon/ComputedScalarsHelene/expAE03/shelfmelt/computed_shelfmelt_AIS_VUW_PISM1_s3_expAE03.nc,10.782622557876667,11.78796597685266,12.063164243647861,12.5370981945117,20.49970965737486,-11.846426499460117,17.75183299892002,21.28510516006388,7.687262995893868,3.646978384896172,16.758873870790246,12.896274072667493,7.7582825258639945,2.600930732666727,26.270721574516948,-5.15634781095684,-0.4144602862294619,10.967167733407647,23.2104733767712,16.3487475573362,27.154322212208264,-0.619693987597902,12.537098215132463,11.852282349747139,20.620720527673637,21.285105155128726,17.751832939622446
expAE03,VUW_PISM1_s4,/Volumes/CrucialX8/computing/data/antarctica/ismip6_hackathon/ComputedScalarsHelene/expAE03/shelfmelt/computed_shelfmelt_AIS_VUW_PISM1_s4_expAE03.nc,13.605350546375298,11.965306078176399,13.57308470756899,14.373078915800917,21.04704085054491,-12.385104668229992,18.379933150894544,13.95919920813779,7.072598230580053,3.646978384896172,16.93525980696228,8.224371616650641,7.655977799771736,2.372513187027696,27.804103696344235,-5.155778674700741,-0.694643999673881,10.770386373221974,23.673219077342566,16.916510692413823,26.72045563356491,-1.7084256919103273,14.373078920473525,11.788657312361464,20.820891354946752,13.95919919958373,18.37993319270163
expAE03,VUW_PISM2,/Volumes/CrucialX8/computing/data/antarctica/ismip6_hackathon/ComputedScalarsHelene/expAE03/shelfmelt/computed_shelfmelt_AIS_VUW_PISM2_expAE03.nc,11.338709490426375,12.131239351526263,12.99670644315598,17.578241863410312,20.154532527511197,-11.609174634324154,12.512572363783473,15.152781504494753,6.0773771300301975,4.500060729107637,16.68108649845677,13.768519382937718,9.683057089707283,4.711440488997306,25.98192337916959,-4.727680531641618,0.3487008208020444,10.184058276790914,5.411143373600245,8.781863754406826,25.223773310046614,2.2692876518916307,17.57824181584741,12.279030590962554,20.309464675254993,15.152781567039073,12.512572281599635
expAE03,VUW_PISM2_s1,/Volumes/CrucialX8/computing/data/antarctica/ismip6_hackathon/ComputedScalarsHelene/expAE03/shelfmelt/computed_shelfmelt_AIS_VUW_PISM2_s1_expAE03.nc,9.493720090071188,12.16609134789489,12.910705506167123,17.127760659216005,13.999629807799636,-11.315386277898535,12.768654012881948,7.721768158575365,7.855526559438647,4.76741822203559,16.938416420201758,8.421509403094136,10.408863568153894,5.157559333141749,26.376907154503442,-5.301860787535465,1.3135032933579558,12.17524018685919,5.67070465943606,8.893111344847064,27.794795657851857,2.9667774400411333,17.12776062637452,12.331585667859141,20.406658989281983,7.721768171630297,12.768653971422749
expAE03,VUW_PISM2_s2,/Volumes/CrucialX8/computing/data/antarctica/ismip6_hackathon/ComputedScalarsHelene/expAE03/shelfmelt/computed_shelfmelt_AIS_VUW_PISM2_s2_expAE03.nc,9.6009620030635,12.040866151336537,12.71173648105487,17.49362003341297,19.64571816439224,-11.590862663655335,12.976333782020467,15.02787306691328,5.818052841274251,4.574546406560193,16.454141013551222,13.06622709911888,9.09505306053877,3.4477324822944593,25.71249547541357,-4.407079159868269,1.3032972250716122,11.755153222446012,22.236332946189773,8.347469885335354,25.269336935330827,1.2801432156770827,17.49362012237872,12.194612214594956,19.566794664233612,15.027872984120684,12.97633381521419
expAE03,VUW_PISM2_s3,/Volumes/CrucialX8/computing/data/antarctica/ismip6_hackathon/ComputedScalarsHelene/expAE03/shelfmelt/computed_shelfmelt_AIS_VUW_PISM2_s3_expAE03.nc,9.16965814248803,12.201234828669442,12.883510803645466,16.287924663340753,20.037088572261464,-11.140967202550362,12.791210932635837,18.773518022574546,6.986548740900237,4.786229861750834,16.697812710883476,13.31199748919829,9.408736915065656,3.760508523334291,25.171280700275677,-4.6009948370543405,-0.16136616444482005,11.055026095800791,22.320969548985218,16.19993937056012,26.213306956274266,2.340054784567605,16.287924582683942,12.306316553943132,20.300991071186772,18.773518112046567,12.79121085856667
expAE03,VUW_PISM2_s4,/Volumes/CrucialX8/computing/data/antarctica/ismip6_hackathon/ComputedScalarsHelene/expAE03/shelfmelt/computed_shelfmelt_AIS_VUW_PISM2_s4_expAE03.nc,10.820484948450202,12.236173679080562,12.979242289839494,17.074060923352043,20.24125282805788,-11.229372776109251,13.079796634862587,9.616602668083138,7.043773433932573,4.72187328715492,16.80429611877282,15.769203217446542,9.291302481889023,4.932246758724579,25.862729367385505,-4.520710790753132,0.26298170034814466,10.785795113178683,5.794556131431119,9.031661204733146,25.69925666434031,2.321893479990469,17.074061043604612,12.353717702508034,20.38725677296669,9.616602651243172,13.07979666691456
expAE03,IMAU_UFEMISM1,/Volumes/CrucialX8/computing/data/antarctica/ismip6_hackathon/ComputedScalarsHelene/expAE03/shelfmelt/jb_computed_shelfmelt_AIS_IMAU_UFEMISM1_expAE03.nc,-1.2216915369777073,8.078949964979667,6.3726698753376825,6.39096676223602,9.88747835697376,5.924761405114365,6.788518987096054,8.110589219473205,4.149550269592568,3.3689495012544315,11.787851504711066,,,3.3369361882665847,4.963252897780945,4.867198617314643,3.539685603173062,-61.75182993108428,9.140863945197836,8.939820577627104,10.614397155434512,29.594202253083665,6.39096658156479,7.573340583004841,10.188746472544874,8.110589284339648,6.788519016515086
expAE03,IMAU_UFEMISM2,/Volumes/CrucialX8/computing/data/antarctica/ismip6_hackathon/ComputedScalarsHelene/expAE03/shelfmelt/jb_computed_shelfmelt_AIS_IMAU_UFEMISM2_expAE03.nc,6.459159421680002,12.516581441085608,11.036387212452327,11.031047582531508,12.112130527912388,9.47937156691707,10.358394981270047,10.152250544132727,8.847382731666421,5.55775117246644,16.728225289083667,,1.5019281771066135,5.8855725655545745,4.802623615280051,6.58598744044805,4.554717821323843,,10.614383550723774,10.700642741755956,15.638526239689691,5.249432937770824,11.031047722249067,12.20844784586271,14.07699068820211,10.152250487440467,10.358395063410315
expAE03,IMAU_UFEMISM3,/Volumes/CrucialX8/computing/data/antarctica/ismip6_hackathon/ComputedScalarsHelene/expAE03/shelfmelt/jb_computed_shelfmelt_AIS_IMAU_UFEMISM3_expAE03.nc,8.830517338201204,13.490108172368338,12.194681901273082,12.655233681483633,14.208277723702519,11.62990164663466,3.2726112327356995,9.403288179406902,10.433647928959527,7.8987007520779455,16.797156258752093,5.936829449292106,2.6968980791876582,7.370675429485494,4.848039957600769,6.4061963922632374,5.589750095808013,1.7510303749129976,14.467767636880842,14.710282627248908,14.785777856802365,5.985148829166269,12.655233678200474,13.227841868748987,14.400649504317741,9.403288184514757,3.2726112206444675
expAE03,IMAU_UFEMISM4,/Volumes/CrucialX8/computing/data/antarctica/ismip6_hackathon/ComputedScalarsHelene/expAE03/shelfmelt/jb_computed_shelfmelt_AIS_IMAU_UFEMISM4_expAE03.nc,8.81239183996356,10.299727994354509,10.094000517479047,10.036386728605079,10.728611968143502,7.308905101556923,3.0986937083695714,8.493180847175651,5.865318459696933,5.5471057850587515,12.27291607408436,5.33959043014598,4.207437412876991,5.578337998307682,3.9480826194127467,5.3321181717971555,4.941346607809914,,10.756676186384848,11.105502846067797,11.262992651738964,5.312434157399821,10.036386689509468,9.735680917121996,10.869248164993042,8.493180854105796,3.098693732990694
expAE04,DC_ISSM,/Volumes/CrucialX8/computing/data/antarctica/ismip6_hackathon/ComputedScalarsHelene/expAE04/shelfmelt/computed_shelfmelt_AIS_DC_ISSM_expAE04.nc,4.21248962824457,3.7545197795968166,5.692150086451911,8.987948013068635,4.66112085606367,3.86365483088714,7.164247968322309,7.838300737125489,4.902435930962699,4.514998446115594,5.095511264999141,2.9792811705983664,3.848783717146652,5.723971570729722,3.2440761948636974,2.39361311466029,2.689596549706964,4.801389053334334,4.794957152151413,4.666692611382127,4.680171824831475,3.733332062938079,8.987948012717151,3.791177985658009,4.857322014002796,7.838300663879344,7.1642479514611415
expAE04,DOE_MALI_4km,/Volumes/CrucialX8/computing/data/antarctica/ismip6_hackathon/ComputedScalarsHelene/expAE04/shelfmelt/computed_shelfmelt_AIS_DOE_MALI_4km_expAE04.nc,3.973009113403752,4.65793108215392,7.222492678646137,19.329115638716996,5.770347300421033,4.301067432268617,12.098277498623315,9.880264621056366,4.884558743360031,4.881842376601919,6.330655744125166,4.4892807832464605,8.350108485555,5.436367495452548,3.698908985375582,2.9433637429181343,2.1397125050929886,4.756168117310329,5.600732589756895,14.939765343517148,5.845101549212295,3.857972366365796,19.329115680417228,4.544990010993866,6.106848270859902,9.880264622720894,12.098277529567103
expAE04,DOE_MALI_8km_Ant95,/Volumes/CrucialX8/computing/data/antarctica/ismip6_hackathon/ComputedScalarsHelene/expAE04/shelfmelt/computed_shelfmelt_AIS_DOE_MALI_8km_Ant95_expAE04.nc,4.5672534599422105,22.005752427820124,8.442317150954633,24.583878854130656,5.786914222954896,4.606588554132949,19.297469921232743,13.233296918157158,5.904313682941983,7.071516043525936,6.9298528777982655,5.943907765070213,6.443579667279684,6.9454183789147645,4.558183830077054,3.0225103620131115,3.5467480027356117,5.57472380589057,19.338827684508168,19.330211958189523,5.770592017973393,4.455716865423358,24.583878999302048,5.019943786987184,6.821161620937263,13.233296888250539,19.297469855377148
expAE04,DOE_MALI_8km_AntMean,/Volumes/CrucialX8/computing/data/antarctica/ismip6_hackathon/ComputedScalarsHelene/expAE04/shelfmelt/computed_shelfmelt_AIS_DOE_MALI_8km_AntMean_expAE04.nc,4.634404721145708,12.906714169444005,6.438984375506832,19.753877065971132,6.702173588429926,4.816325423485532,14.99556099431662,11.694209473099178,4.739209340616051,4.806601204902441,6.5532806435359925,5.406968240866497,5.201773965798554,5.9785647881023944,3.6929098528152817,2.962575867076009,2.588280391375798,4.540784710513212,6.674505151552604,16.313763808113183,7.512431758977567,3.7118274211341817,19.75387701546877,4.888419201528115,7.341319984799228,11.694209492671384,14.995560912980684
expAE04,IGE_ElmerIce,/Volumes/CrucialX8/computing/data/antarctica/ismip6_hackathon/ComputedScalarsHelene/expAE04/shelfmelt/computed_shelfmelt_AIS_IGE_ElmerIce_expAE04.nc,0.8045976680257252,1.7499625651966741,2.0906897385494547,1.4012717331359767,1.7330398793730888,1.0972580157401173,6.727566310230932,6.887554985454435,2.322543008290351,1.472864906431398,1.8388690756403985,14.918279020890596,1.6077290262581863,3.996830313477233,2.310796214154603,5.925010539405789,2.5048353085638495,1.7869346046485775,1.662205262754987,1.7198518037464585,1.7735601003566634,2.4972493924065877,1.4012717349799646,1.454728689414042,1.801585899716226,6.887554928004809,6.727566306249827
expAE04,ILTS_SICOPOLIS,/Volumes/CrucialX8/computing/data/antarctica/ismip6_hackathon/ComputedScalarsHelene/expAE04/shelfmelt/computed_shelfmelt_AIS_ILTS_SICOPOLIS_expAE04.nc,15.036170156080901,10.66467575780331,5.512021177996221,18.660181467796587,6.980721039646263,4.391778779418524,11.920800384477902,9.679350797465295,6.944985427478272,5.179815761714468,7.052101996158347,8.811489825320603,5.190826559423347,9.525165633205951,3.911612292532914,2.0786104498859457,2.7479121723303614,7.5950298964092875,6.297751018232764,14.39743520286456,6.522196644627795,4.629281707019973,18.6601815869254,4.604854265649182,6.767952524171808,9.679350790571537,11.92080038672084
expAE04,LSCE_GRISLI2,/Volumes/CrucialX8/computing/data/antarctica/ismip6_hackathon/ComputedScalarsHelene/expAE04/shelfmelt/computed_shelfmelt_AIS_LSCE_GRISLI2_expAE04.nc,6.847172275079177,5.375715200030648,7.2172885972010885,16.5702265665126,5.9198406115119715,3.0134329688896013,9.519845428633658,8.426073155880182,4.213978395836109,4.326275267284775,7.193094119762572,5.909913072545765,12.837759006391135,6.705813359678903,3.845079676549393,8.618651035776596,3.4917178452291533,6.199520924043139,6.546757168893168,6.909492657934122,5.554866677943518,4.102992409822173,16.570226643441224,3.0259116439821474,5.983986655360379,8.426073263634056,9.519845390187697
expAE04,LSCE_GRISLI,/Volumes/CrucialX8/computing/data/antarctica/ismip6_hackathon/ComputedScalarsHelene/expAE04/shelfmelt/computed_shelfmelt_AIS_LSCE_GRISLI_expAE04.nc,12.030156406568711,5.05226988019641,6.3331675346227145,16.388229439732566,7.086722235329178,3.093508891801975,11.012128193661475,8.414608288369344,5.974240729519307,4.384540621655289,6.592578891231803,8.227101497842584,8.217101344922318,11.00814430057428,3.7974688534487093,6.849438438177608,3.4421307097934055,8.453401837353152,5.747110042075818,6.135250020728925,5.425395253050428,4.050311332408023,16.38822944989854,3.090615582293888,6.504900707211011,8.41460832685538,11.012128195843076
expAE04,NCAR_CISM1,/Volumes/CrucialX8/computing/data/antarctica/ismip6_hackathon/ComputedScalarsHelene/expAE04/shelfmelt/computed_shelfmelt_AIS_NCAR_CISM1_expAE04.nc,2.4752178752300593,4.304362211876957,4.899788227995741,7.4785602117116365,5.480435265672056,4.296668790199511,5.741068603927194,3.450083000891386,4.845358191225671,4.151504313374242,5.923071590718487,5.643707249573238,3.084155009032264,3.457126974997742,3.243215234986907,4.012529941405553,2.7647638410369506,1.2537489172972862,4.333051051002049,4.5342592529150965,4.2010133619136605,2.1139424871099934,7.478560217096082,4.297693445150961,5.699291942598053,3.4500830065284553,5.741068594426891
expAE04,NCAR_CISM2,/Volumes/CrucialX8/computing/data/antarctica/ismip6_hackathon/ComputedScalarsHelene/expAE04/shelfmelt/computed_shelfmelt_AIS_NCAR_CISM2_expAE04.nc,5.176374039377343,5.690835527949996,5.089537339163534,10.863737857114574,6.917835100103673,4.0085137664219985,5.981331352140828,8.351678879189143,5.387229051189017,4.887921561663935,8.359445925483689,5.488976642932031,3.1725150206602155,3.9515364693122024,3.8064483065802546,2.130434499583408,3.0048548393198873,1.9531544501901552,4.999416809573816,5.724706360926159,5.907137787075921,1.9390499971923394,10.863737830813117,5.148022901393659,7.876698461194609,8.351678862885668,5.98133135328316
expAE04,NORCE_CISM2-MAR364-ERA-t1,/Volumes/CrucialX8/computing/data/antarctica/ismip6_hackathon/ComputedScalarsHelene/expAE04/shelfmelt/computed_shelfmelt_AIS_NORCE_CISM2-MAR364-ERA-t1_expAE04.nc,3.8026528568084634,3.5094655306459526,8.146765838488186,12.475575210018306,8.36701693287489,2.6445584034271867,21.531333469881524,16.42960168090399,7.934126009077017,4.533242851299169,18.210735990078497,11.590917325182636,2.529052371856519,10.182071983544049,3.6049741116793923,7.168295666891251,2.2681242619381417,3.810269055293833,5.934375649880761,3.9164921733312874,14.620296221082516,2.8420534528728374,12.47557519027708,3.1408326270498534,9.265766013490179,16.429601695306168,21.531333587407868
expAE04,NORCE_CISM3-MAR364-ERA-t1-local,/Volumes/CrucialX8/computing/data/antarctica/ismip6_hackathon/ComputedScalarsHelene/expAE04/shelfmelt/computed_shelfmelt_AIS_NORCE_CISM3-MAR364-ERA-t1-local_expAE04.nc,2.8250695245707664,4.105654498662032,2.851049157692221,5.052266094017737,4.9748721495969574,3.3715509745700323,3.636167827752388,4.712903846516758,3.3944475550980684,2.5765410004180787,5.742009753914461,3.2062939065457554,1.6539186845954414,2.4856864300809454,2.4406357001626073,0.22139583219921305,1.9799753683074994,2.7496294979638574,3.653261257776396,4.133848636450255,3.3777323965516968,1.9117996435513778,5.05226607558795,3.588704020050536,5.445839091183146,4.712903848031913,3.636167830557424
expAE04,NORCE_CISM3-MAR364-ERA-t1-nonlocal,/Volumes/CrucialX8/computing/data/antarctica/ismip6_hackathon/ComputedScalarsHelene/expAE04/shelfmelt/computed_shelfmelt_AIS_NORCE_CISM3-MAR364-ERA-t1-nonlocal_expAE04.nc,2.5112025468642383,4.039607392512218,3.867462237986152,6.679505060029208,5.1949468058747765,4.427813159020255,4.469033766545617,6.066286421906426,4.047596828733302,3.2081118039599565,5.294154979714713,3.6880288057170874,1.7761606291634708,2.7767252438655556,2.6673670889624583,-0.013389005250503431,2.10957968067509,2.5815679498073596,3.9384047388317422,4.141751415803943,3.698571553274329,1.879387270393492,6.679505030051801,4.1318407512829705,5.286653342158095,6.066286431080373,4.469033756286398
expAE04,NORCE_CISM3-MAR364-ERA-t1,/Volumes/CrucialX8/computing/data/antarctica/ismip6_hackathon/ComputedScalarsHelene/expAE04/shelfmelt/computed_shelfmelt_AIS_NORCE_CISM3-MAR364-ERA-t1_expAE04.nc,2.83953638740326,14.46248838505051,6.066293643612078,13.389672498916156,6.6482234003647225,2.480769458357123,8.294364005466447,12.954940595185041,5.900124466697611,3.198466753575643,8.942894546288406,4.877340331938869,1.6096889211065715,3.3347267984760585,2.4503852178755907,0.8531809777020145,1.7660198600756578,1.9340623012456624,3.368491662694615,4.373955715881207,5.617167518611752,1.9110286987046532,13.389672508044296,2.2040210588291917,7.344778280800049,12.954940592258648,8.29436400680735
expAE04,NORCE_CISM4-MAR364-ERA-t1-local,/Volumes/CrucialX8/computing/data/antarctica/ismip6_hackathon/ComputedScalarsHelene/expAE04/shelfmelt/computed_shelfmelt_AIS_NORCE_CISM4-MAR364-ERA-t1-local_expAE04.nc,1.6273619738057763,3.9215616729215927,2.2302298962677702,3.7747782974869457,4.736623861174453,3.4807719135581365,1.426875277697046,4.140083012002803,3.7139916903981742,2.8011599636448916,5.316516682764015,1.7617313284790497,0.5848815534073265,2.1409722449343827,2.2646317594528806,0.43034069650766915,2.0530255773270856,0.8372239703873149,3.2625793226069577,3.7944193510508777,3.0597094472316306,1.1135502295108135,3.774778282287019,3.4943593310323515,5.0965576964850525,4.140083009612002,1.4268752843502472
expAE04,NORCE_CISM4-MAR364-ERA-t1-nonlocal,/Volumes/CrucialX8/computing/data/antarctica/ismip6_hackathon/ComputedScalarsHelene/expAE04/shelfmelt/computed_shelfmelt_AIS_NORCE_CISM4-MAR364-ERA-t1-nonlocal_expAE04.nc,1.8641914251929457,3.735607861019654,2.743910144856603,5.181505556667715,4.912576526184402,4.38264405496836,1.6360058666787698,4.858952751117247,4.637438307156258,2.8668491635716356,4.916014538297297,1.9457015766459702,0.5711133778682588,2.269870699836092,2.5108092384847924,0.30555282949399704,2.026832493616548,0.9081352827259882,3.4526536918328286,3.7318173689234286,3.2991417043549016,1.202873535294626,5.181505555128941,3.930022237776181,4.943002366457151,4.858952741829024,1.6360058799261719
expAE04,NORCE_CISM4-MAR364-ERA-t1,/Volumes/CrucialX8/computing/data/antarctica/ismip6_hackathon/ComputedScalarsHelene/expAE04/shelfmelt/computed_shelfmelt_AIS_NORCE_CISM4-MAR364-ERA-t1_expAE04.nc,1.8977654020581283,9.984835573686091,3.250164524960864,10.626702794132063,4.467582486247672,1.9041684801279086,2.5707968018416563,6.320723874385527,4.515849631811777,2.464015321504142,6.453468180209877,1.690492799470471,0.4334313455944063,1.8876826296512856,1.530312000539506,0.45882208498165505,0.41581153916261054,0.8758733511094055,2.7292483831486787,4.003449622837655,4.0557378588558395,0.7649502929901484,10.626702810774256,2.5064564721770055,5.363642331964076,6.320723912385297,2.570796794384911
expAE04,NORCE_CISM4-MAR364-JRA-t1,/Volumes/CrucialX8/computing/data/antarctica/ismip6_hackathon/ComputedScalarsHelene/expAE04/shelfmelt/computed_shelfmelt_AIS_NORCE_CISM4-MAR364-JRA-t1_expAE04.nc,1.6082758564069959,10.28255508606462,3.2095449479795435,10.447965294112,4.524344297988802,1.8952899483604482,2.579116247079561,6.602862141410222,4.5408435350070615,2.414515051996434,6.648564858469264,1.6166297525819744,0.5303272064547594,2.092658234997015,1.5677078691078583,0.4435085958116282,0.9490417193902724,0.8543784454246559,2.5809572377694305,3.957581303112317,4.100156523819924,0.7782176940107216,10.447965253223705,2.20441040712144,5.4778398839213445,6.6028621562267436,2.579116254882607
expAE04,NORCE_CISM5-MAR364-ERA-t1-local,/Volumes/CrucialX8/computing/data/antarctica/ismip6_hackathon/ComputedScalarsHelene/expAE04/shelfmelt/computed_shelfmelt_AIS_NORCE_CISM5-MAR364-ERA-t1-local_expAE04.nc,0.3620731251633828,3.7366434913197186,1.9732814173840834,2.7520240578820934,4.369144758915568,3.306138862053056,0.29086291804829967,4.2331889810874115,2.6716470465642375,2.7331075611748767,4.771154614493051,0.6947076031611561,0.3218773567240274,1.382925714507534,2.1080724614367465,0.17843630427248164,0.015267315550159793,0.7136146370051457,2.6832490371801145,3.198922834908462,2.5289468816120997,0.033132178034689624,2.7520240822891444,3.479066422577026,4.607532817615763,4.233189009275491,0.29086291736091496
expAE04,NORCE_CISM5-MAR364-ERA-t1-nonlocal,/Volumes/CrucialX8/computing/data/antarctica/ismip6_hackathon/ComputedScalarsHelene/expAE04/shelfmelt/computed_shelfmelt_AIS_NORCE_CISM5-MAR364-ERA-t1-nonlocal_expAE04.nc,0.5475442213077548,5.261978167711785,1.5620352822218284,3.078102038694026,4.70027666491171,4.469072839818344,0.22092171777296973,3.0611396653435436,4.126672970371939,2.8876620920623597,4.403117202651212,0.8048061228155152,0.42425716312838296,1.2906161492335027,2.312917088711243,0.3534515737906364,0.7013901928182875,0.5775019879879623,2.8797904153282508,3.27983486555113,2.585607016418547,0.4510084734447577,3.07810204148448,3.988359408663042,4.583388814556758,3.0611396721565223,0.22092172278579816
expAE04,NORCE_CISM5-MAR364-ERA-t1,/Volumes/CrucialX8/computing/data/antarctica/ismip6_hackathon/ComputedScalarsHelene/expAE04/shelfmelt/computed_shelfmelt_AIS_NORCE_CISM5-MAR364-ERA-t1_expAE04.nc,0.9513796391243601,6.317999220758727,1.8809639961141322,4.276665020458007,1.3379026648784127,1.7118368239064112,0.10689472610753603,3.2854027456320396,2.5261328003667534,1.545235461530799,4.7047136975003285,0.7869697359905221,0.35728742312099204,1.4554775345147652,1.2555050349961223,0.5152457716381236,-0.12904355027851527,0.5421589886129347,2.126550093118465,2.8130624923056953,2.159073726504927,0.3354333464921326,4.276665009778961,1.8925344769616683,4.047337610733455,3.285402735980404,0.10689472547776994
expAE04,PIK_PISM,/Volumes/CrucialX8/computing/data/antarctica/ismip6_hackathon/ComputedScalarsHelene/expAE04/shelfmelt/computed_shelfmelt_AIS_PIK_PISM_expAE04.nc,0.5247758621330262,2.272847036957064,4.656857622389751,2.784765090286095,4.106413569924268,1.720546315866309,11.720030239258179,9.006516299253247,11.50074436571188,5.420768518217793,2.69126840401475,3.9169994097031426,3.1622864741394086,8.637416713530412,2.304875017173679,2.702318788199032,2.3787131636493664,0.04093158296973602,2.491689255038285,2.3817704239819997,3.611248404166335,4.884941680249036,2.784765061035394,1.3308303244665038,3.0631255804985824,9.006516352393305,11.72003028102639
expAE04,UCM_Yelmo,/Volumes/CrucialX8/computing/data/antarctica/ismip6_hackathon/ComputedScalarsHelene/expAE04/shelfmelt/computed_shelfmelt_AIS_UCM_Yelmo_expAE04.nc,4.263147664965698,4.086245680093111,4.8649037525472885,5.837329133248246,5.108793513317294,4.210849878105445,4.576873219189344,4.378270994595779,4.555140060207878,3.873409080670719,5.353188149223146,3.318047931198611,4.055585216420519,4.491234440951534,3.670602031575773,1.1899449474151098,1.606914437983606,2.1748414733841996,4.426157583398099,4.994111121307051,4.5043724632828255,2.1391065139207934,5.837329138225451,4.145539981793005,5.355244139119486,4.378270972259636,4.576873284427202
expAE04,UCSD_ISSM,/Volumes/CrucialX8/computing/data/antarctica/ismip6_hackathon/ComputedScalarsHelene/expAE04/shelfmelt/computed_shelfmelt_AIS_UCSD_ISSM_expAE04.nc,1.8350648018181597,0.6773263953065596,3.3569757707652066,-1.6761205571416953,1.2100941545442607,0.051617121782599515,5.479248422032052,1.3703102171597359,0.3759770707313381,0.300049672833092,0.46768095293630646,1.4372323906404438,3.5014772680876627,1.4188773122109999,0.7703779240483749,0.45962511621155544,0.246908435059239,1.153181438319202,0.9241120724103766,1.1844651397571133,0.6533721919528411,0.8421130978846684,-1.6761205183631294,0.4135158509297416,0.9695593431915479,1.3703102381483814,5.479248406102095
expAE04,ULB_fETISh-KoriBU1,/Volumes/CrucialX8/computing/data/antarctica/ismip6_hackathon/ComputedScalarsHelene/expAE04/shelfmelt/computed_shelfmelt_AIS_ULB_fETISh-KoriBU1_expAE04.nc,-0.05574029202622076,0.4725378946491254,0.32836520514875955,0.23713538128691505,1.521073677814816,0.4450453460718017,1.571520341194847,1.3965410156710287,1.6075927211343723,1.8315314899797743,1.6974445290303208,1.253307414589466,0.43614448114790166,4.26035075973346,0.6996740859807999,3.670667602262092,0.4797664518930018,0.11058833355111229,0.7089569514523848,0.13933967771846978,1.1066449689070852,0.6200669279532632,0.2371353770236857,0.652916485653229,1.586417150988475,1.3965410132372105,1.5715203405532594
expAE04,ULB_fETISh-KoriBU2,/Volumes/CrucialX8/computing/data/antarctica/ismip6_hackathon/ComputedScalarsHelene/expAE04/shelfmelt/computed_shelfmelt_AIS_ULB_fETISh-KoriBU2_expAE04.nc,0.8869946085103672,6.607890147643718,3.3432233527734394,7.0109539574229665,5.038448272605282,4.001887617838774,2.928897665582044,2.169085310961409,5.435873657173828,3.5429974088577874,5.552290257426187,0.4914938523638567,0.03947918207522494,0.724344268073878,1.189051996870958,0.4366987353554728,0.38022263021170194,0.8502090925409956,2.028549906532622,4.0720003836684215,3.6939308283926064,0.600729746044359,7.01095394271775,4.105378824516093,5.291052474380544,2.1690853199314946,2.928897682909864
expAE04,UNN_Ua,/Volumes/CrucialX8/computing/data/antarctica/ismip6_hackathon/ComputedScalarsHelene/expAE04/shelfmelt/computed_shelfmelt_AIS_UNN_Ua_expAE04.nc,3.4969056953870346,4.366437009570951,3.653107471498799,10.746233054880868,5.354158274380177,2.947385041514513,3.8115833833984922,7.4251018016484664,4.255654880291803,3.290598454937222,5.91504924482231,1.7459006456001824,5.627465156693155,3.1144994389527993,2.9420889738609928,2.053046028004414,2.3914145134586096,0.5605304618420693,3.967806343534177,4.615953826839498,3.4516260101831473,1.6870993351794392,10.746233013705266,3.4705103026624724,5.410917092561763,7.425101764029889,3.811583393541951
expAE04,UTAS_ElmerIce,/Volumes/CrucialX8/computing/data/antarctica/ismip6_hackathon/ComputedScalarsHelene/expAE04/shelfmelt/computed_shelfmelt_AIS_UTAS_ElmerIce_expAE04.nc,3.4083552826788375,4.183421576920122,4.960365902116939,9.426230163517033,5.050582383666128,3.063039401478965,7.696383961899188,8.812350443773433,4.044118668029505,3.0855141272862943,5.849869980274262,4.164126793417524,6.026788425258527,3.6137702000850465,2.697457696292027,1.828461957860966,1.5814002999923245,3.4081444497595834,4.5200464007023555,4.6778347978995605,4.210046920147762,2.8768744416200964,9.426230219633672,3.6007901101535795,5.403037697854964,8.812350422354784,7.696383984780088
expAE04,VUB_AISMPALEO,/Volumes/CrucialX8/computing/data/antarctica/ismip6_hackathon/ComputedScalarsHelene/expAE04/shelfmelt/computed_shelfmelt_AIS_VUB_AISMPALEO_expAE04.nc,21.32675340395098,4.4972883931058485,19.145859535577525,23.17239466145424,8.429027480020508,4.752716262826921,13.344355790415124,14.494254674201715,8.67314463331614,3.7903708468675092,8.172727509875626,2.8886768968204435,15.06545822480345,1.9493715525267725,0.22081311980765003,1.862540881530753,3.8328640164803818,11.110840058174759,5.947463572692432,6.7237003964655475,5.155217977661232,3.6930867656737227,23.172394726469292,4.459945162424831,8.324097686011745,14.494254794690562,13.344355783204017
expAE04,VUW_PISM1,/Volumes/CrucialX8/computing/data/antarctica/ismip6_hackathon/ComputedScalarsHelene/expAE04/shelfmelt/computed_shelfmelt_AIS_VUW_PISM1_expAE04.nc,9.485337014971064,10.517305664632746,7.67387077283729,8.933019002126018,3.3599315628836863,11.201962439938416,11.003874102180701,8.440194482135697,8.955823957170773,2.4806106081299237,10.098745142660238,13.307236214113402,2.4531483117415336,1.5158331313504718,10.004421736579264,2.2469843276357175,8.135068677950748,6.624510419973913,19.76377693787146,7.93026277857591,15.89163225591768,9.200577320999466,8.933019004562492,8.458169666572736,7.78430915471473,8.440194557813482,11.00387407759841
expAE04,VUW_PISM1_s1,/Volumes/CrucialX8/computing/data/antarctica/ismip6_hackathon/ComputedScalarsHelene/expAE04/shelfmelt/computed_shelfmelt_AIS_VUW_PISM1_s1_expAE04.nc,9.621621790115649,10.58067711922484,8.046454243462971,9.520549917375675,3.3704045195562577,11.311298967555523,12.035782090342455,9.689899123638694,9.190870088705388,2.651639220647368,10.27503578531492,13.8150722237195,2.9050426082595378,2.3294797381724806,9.939239898796208,2.7343260483706135,8.209251542808827,6.592212022790826,20.01769315671158,8.0915146246296,15.66346332506257,8.38942619072544,9.520549881700063,8.49213187595243,7.892205621800181,9.689899123450596,12.035782068348718
expAE04,VUW_PISM1_s2,/Volumes/CrucialX8/computing/data/antarctica/ismip6_hackathon/ComputedScalarsHelene/expAE04/shelfmelt/computed_shelfmelt_AIS_VUW_PISM1_s2_expAE04.nc,9.376306321035274,10.467439546079488,7.617288961503475,8.413223079133756,3.490309709005807,11.16748301120169,9.952128515287255,9.407585040031098,8.818240102234425,2.462139632480128,10.255195944583457,13.095576465029819,2.4771697848945187,0.5871534771384079,5.126968249138718,2.6369259499065434,8.184822313866418,6.582144563221472,19.70987685831355,7.6434111047560815,15.855549282508234,8.27678589371534,8.41322305943373,8.472426323707523,7.945536096774418,9.407585009875158,9.95212853868371
expAE04,VUW_PISM1_s3,/Volumes/CrucialX8/computing/data/antarctica/ismip6_hackathon/ComputedScalarsHelene/expAE04/shelfmelt/computed_shelfmelt_AIS_VUW_PISM1_s3_expAE04.nc,9.967744702922591,10.53566016289184,7.952012968303108,8.144745529931996,4.146316355233144,11.120274874817538,12.060577857404855,10.81351713001851,8.966704172049964,2.4806106081299237,10.22970864453996,12.446586029420299,2.3824310970020224,1.6464471988169207,5.21993808916873,2.0891315402774135,8.135068677950748,5.233988497171104,19.654861345323205,7.836941479310899,15.748320046640893,9.200577320999466,8.14474549015273,8.410729841932273,8.127201371791395,10.81351713907625,12.060577864498788
expAE04,VUW_PISM1_s4,/Volumes/CrucialX8/computing/data/antarctica/ismip6_hackathon/ComputedScalarsHelene/expAE04/shelfmelt/computed_shelfmelt_AIS_VUW_PISM1_s4_expAE04.nc,8.938459933217397,10.543213558352925,7.830880889388909,9.935314739493878,3.387767442616821,11.286302297772307,10.070043302580006,8.571034233764006,8.986347547796521,2.4806106081299237,10.160559310023329,13.621404509526164,2.6344581903812334,2.741221339909114,5.0608663801858045,2.9014854616655277,8.135068677950748,6.5168182867536775,19.711708850099875,8.053138055458136,15.81365178326638,9.200577320999466,9.935314701403854,8.540403331281054,7.85041689375379,8.571034188532572,10.070043275676072
expAE04,VUW_PISM2,/Volumes/CrucialX8/computing/data/antarctica/ismip6_hackathon/ComputedScalarsHelene/expAE04/shelfmelt/computed_shelfmelt_AIS_VUW_PISM2_expAE04.nc,7.959980384293375,10.40212409592031,6.489349362049055,11.92211180637571,5.568914368878253,10.988710961943559,12.4933765746633,6.351158524431159,9.052840539033587,-0.3236096801839529,9.98206892593344,12.960503457527473,4.9653373052472505,2.840254299726007,11.408455655898766,2.8715983319987473,8.087383827507297,5.942359706118645,19.78321023648342,8.51083537138561,16.30281876187494,8.317801427839527,11.922111775362032,8.666299020197604,8.809485171156117,6.35115852774071,12.493376646141627
expAE04,VUW_PISM2_s1,/Volumes/CrucialX8/computing/data/antarctica/ismip6_hackathon/ComputedScalarsHelene/expAE04/shelfmelt/computed_shelfmelt_AIS_VUW_PISM2_s1_expAE04.nc,8.024045007372731,10.427980678131366,6.542010561044003,11.612216340981156,5.902259052078412,10.937460286465646,13.656055878897876,8.867663570696918,9.184511378561124,-1.4036322218522495,10.39457097549149,14.600877498959871,4.85122094674822,3.3243848735561796,11.690470988445986,3.460951980682395,9.867205370018263,6.11745042652112,20.458086213949038,9.05021511788759,16.16285921739032,4.15971142801719,11.612216383800645,8.613516824317996,9.223479375255785,8.867663501656876,13.656055887215917
expAE04,VUW_PISM2_s2,/Volumes/CrucialX8/computing/data/antarctica/ismip6_hackathon/ComputedScalarsHelene/expAE04/shelfmelt/computed_shelfmelt_AIS_VUW_PISM2_s2_expAE04.nc,8.216309626248597,10.394582943147855,6.378717647910458,12.032636269920763,5.546454321739774,10.847431972322752,11.946301279203638,6.394648807046823,8.829209133161529,0.1938779430815585,9.94512833112762,10.759615310968407,4.7421627277067575,2.440241681477317,10.068157183833886,2.2751913543177973,8.655998620816682,6.111972367026906,19.54720959063741,8.004429920192207,15.987311291425932,8.618938120504536,12.032636307689941,8.627926432202274,8.761593763396679,6.39464883319998,11.946301270909567
expAE04,VUW_PISM2_s3,/Volumes/CrucialX8/computing/data/antarctica/ismip6_hackathon/ComputedScalarsHelene/expAE04/shelfmelt/computed_shelfmelt_AIS_VUW_PISM2_s3_expAE04.nc,7.3678881213329515,10.476994777834882,6.885621299073813,8.834814158700704,6.17425128702971,11.036123913275851,11.127761557804929,11.931216327672413,8.907916848812281,-0.47184821365668794,10.402629935058764,12.834800256980438,4.755902238517877,2.8952880585382075,10.186652625562516,4.636747067586018,8.85450981886833,4.938772605368508,20.039420071432648,8.174385334111816,17.154584817659888,8.880389278234636,8.834814171816909,8.622080488522933,9.295221758105207,11.931216314261365,11.127761604374951
expAE04,VUW_PISM2_s4,/Volumes/CrucialX8/computing/data/antarctica/ismip6_hackathon/ComputedScalarsHelene/expAE04/shelfmelt/computed_shelfmelt_AIS_VUW_PISM2_s4_expAE04.nc,7.998454459813608,10.413507951045041,6.376404316438239,11.868197893120307,5.910552761185023,11.09207902686506,13.198422900868637,8.59407625203699,9.03177216521733,-0.3762342455457396,10.32286526252641,12.814626736084866,4.809926345212784,2.9210544597483765,10.104210437754206,4.131619992811838,8.85450981886833,6.143820178863191,20.028025673777055,5.7249703992038485,16.091376016650045,4.111854564160857,11.868197882958217,8.719424714288165,9.175341036957352,8.594076255784607,13.198422917579837
expAE04,IMAU_UFEMISM1,/Volumes/CrucialX8/computing/data/antarctica/ismip6_hackathon/ComputedScalarsHelene/expAE04/shelfmelt/jb_computed_shelfmelt_AIS_IMAU_UFEMISM1_expAE04.nc,7.883585627355791,7.828288140256604,6.094564767333957,2.661866417024363,8.978521185977854,7.441983467922676,,9.440296963514557,5.7710349973469395,4.567047346993745,11.30079058124266,,,4.540143804742314,3.965366662250284,5.955838881978454,5.876554474459459,,11.3964960507237,9.60488156335675,11.681124880574307,9.033738349381549,2.6618664080818606,7.58543917750534,9.780001184601328,9.44029709061575,
expAE04,IMAU_UFEMISM2,/Volumes/CrucialX8/computing/data/antarctica/ismip6_hackathon/ComputedScalarsHelene/expAE04/shelfmelt/jb_computed_shelfmelt_AIS_IMAU_UFEMISM2_expAE04.nc,8.063812588915553,7.369355456917054,4.631493698943301,4.066910791834758,6.915305404491947,7.839736743971641,,9.052963314236141,8.91435701672627,4.7618710379062135,11.784959399610457,,,4.387307302617831,3.994308072155385,5.7002992991020704,5.565178690108696,,12.029678350073407,10.47946765042216,11.598147157623506,5.549960921949053,4.066910718596089,6.97805437886969,7.860578503256066,9.052963244454903,
expAE04,IMAU_UFEMISM3,/Volumes/CrucialX8/computing/data/antarctica/ismip6_hackathon/ComputedScalarsHelene/expAE04/shelfmelt/jb_computed_shelfmelt_AIS_IMAU_UFEMISM3_expAE04.nc,10.550740036552076,10.0431578796398,10.14593095828253,9.906772174654469,16.100927112778486,9.225172656376014,6.72736535611575,11.899179800560862,9.132271303165258,7.2553291242817926,18.82417492341931,5.429581538203631,9.661106758293446,6.766933125204542,8.12877316437271,8.991436570796568,9.518618446318603,2.80657203321699,15.447357651065552,15.00455562291967,15.678343836043148,9.379521915830994,9.906771799473715,9.803757013073817,17.65971883486775,11.89917980818662,6.727365331830616
expAE04,IMAU_UFEMISM4,/Volumes/CrucialX8/computing/data/antarctica/ismip6_hackathon/ComputedScalarsHelene/expAE04/shelfmelt/jb_computed_shelfmelt_AIS_IMAU_UFEMISM4_expAE04.nc,10.867528676396521,10.894688291910406,9.463073234718314,8.510410907703635,15.543794070978755,9.683618186429062,5.33997643034292,12.079081617251534,9.83184608733579,7.382773617524644,18.033029239766115,3.347279068077637,5.12998303379364,6.5469354356161675,7.893351191668363,9.294033398850567,8.660966276700726,,15.022269988604414,14.143919519004848,15.07003192708898,8.913138276272472,8.510410871685554,10.627599308713203,17.03767558856,12.079081559657537,5.3399764356736155
expAE05,DC_ISSM,/Volumes/CrucialX8/computing/data/antarctica/ismip6_hackathon/ComputedScalarsHelene/expAE05/shelfmelt/computed_shelfmelt_AIS_DC_ISSM_expAE05.nc,3.153532772448285,3.404802344966655,5.258800579031607,9.121424288076359,4.031604192372131,4.032047265327709,8.042652809372225,6.429557182613509,3.6042885140601366,3.4149849328757287,3.825363672764995,2.168322003243777,3.1157835487661516,4.7191140605633,3.319666538136069,2.104366747767495,2.6607130568725674,3.289562221781696,3.8805822838431023,4.643742361056026,3.8384544576117805,2.295561039655823,9.121424355838224,3.5331144222057898,3.8415991086027015,6.429557175659584,8.042652831801611
expAE05,DOE_MALI_4km,/Volumes/CrucialX8/computing/data/antarctica/ismip6_hackathon/ComputedScalarsHelene/expAE05/shelfmelt/computed_shelfmelt_AIS_DOE_MALI_4km_expAE05.nc,2.589101614561557,12.61484247715952,5.907459897816915,19.227445198660224,5.112182904037944,4.175815441210028,12.380654215377733,9.832161879912274,4.713923956888705,4.808480846605423,4.83280715644946,5.124682155455757,4.134046458032369,5.3986013461121765,3.992342049482421,2.2580774937344774,2.844910173363159,2.9966190770455765,5.7171730443417355,13.490600711404657,5.617948993736731,2.632594964529469,19.227445204364212,4.3580446097800145,5.010266839381214,9.832161804536563,12.380654223912748
expAE05,DOE_MALI_8km_Ant95,/Volumes/CrucialX8/computing/data/antarctica/ismip6_hackathon/ComputedScalarsHelene/expAE05/shelfmelt/computed_shelfmelt_AIS_DOE_MALI_8km_Ant95_expAE05.nc,2.9772106735417636,13.4952624777078,6.27390211558122,22.639246382168327,5.676230233591928,4.462528431390767,13.329834146805979,10.67331966250101,4.983214344965649,5.005597333333673,5.224123120805402,6.018455454333751,5.082500106573829,7.876933482987376,4.64695651126944,3.2287551722291545,3.579815632228497,3.6579678743516,8.36147376952816,8.682594071819748,5.232445745997238,3.2161045460694835,22.639246417116233,4.5879512889033895,5.568244996266978,10.673319721613845,13.329834181410574
expAE05,DOE_MALI_8km_AntMean,/Volumes/CrucialX8/computing/data/antarctica/ismip6_hackathon/ComputedScalarsHelene/expAE05/shelfmelt/computed_shelfmelt_AIS_DOE_MALI_8km_AntMean_expAE05.nc,2.563330105254969,9.640940016566583,5.687062377338429,18.431467709778296,5.645619110094333,4.456095422286504,11.97733276446065,10.039512773458322,5.062958824510417,5.250800446759282,5.390273015472406,5.575034469132692,8.763492481273342,6.153014702933701,3.969746318154787,2.4988220727636867,2.834344488807411,2.9794581872419004,7.399373279097587,10.290665491184185,6.08939951893945,2.54892790818887,18.431467728003014,4.546914140729167,5.543073681999712,10.039512786060643,11.977332795884205
expAE05,IGE_ElmerIce,/Volumes/CrucialX8/computing/data/antarctica/ismip6_hackathon/ComputedScalarsHelene/expAE05/shelfmelt/computed_shelfmelt_AIS_IGE_ElmerIce_expAE05.nc,8.813715477608516,1.916637196474844,5.455678153141783,2.6701499194310405,1.8839077067951189,2.2391584416303543,8.33234152776042,9.396326865663813,16.863500972918114,3.4086007819451005,1.5576031752949222,15.073794716017867,7.516457038221991,6.345937381569464,4.2663204680423465,3.1099012315321715,3.9000819766003922,-1.683861042706188,2.835667085793947,1.5301792796517735,3.839631937595258,4.425155662322942,2.6701499094776677,2.067568577651128,1.7521411808974503,9.39632682818718,8.332341529707604
expAE05,ILTS_SICOPOLIS,/Volumes/CrucialX8/computing/data/antarctica/ismip6_hackathon/ComputedScalarsHelene/expAE05/shelfmelt/computed_shelfmelt_AIS_ILTS_SICOPOLIS_expAE05.nc,20.541751098909,13.196266840962426,5.55050743852039,19.358948628018,5.592018967519034,4.227800927462378,14.356291452397006,9.960693245961487,6.839879442715221,5.640705430064189,5.122846666566549,8.065290657925965,8.09332622933669,8.06238092888971,5.727258249504398,1.9900028961901783,2.2647608568009505,3.8117385024649093,6.807486894010108,8.074238733977722,6.234889162672942,2.3310709333396202,19.358948699999385,4.4233665150760535,5.393279986915033,9.960693187936535,14.35629152002625
expAE05,LSCE_GRISLI2,/Volumes/CrucialX8/computing/data/antarctica/ismip6_hackathon/ComputedScalarsHelene/expAE05/shelfmelt/computed_shelfmelt_AIS_LSCE_GRISLI2_expAE05.nc,4.987889574855119,5.445976230657467,7.587745257900281,16.268935087915168,4.759228435859859,4.547977955454299,9.21496479778499,8.219002618686243,4.9309348318489015,5.974453517942306,4.2986270984156985,7.237513412784068,6.479402520107907,15.000384581601576,10.480065568959471,1.903015653305058,3.6229010234513277,4.150559997379339,4.814534205180231,5.0155807224115225,4.80833877266386,2.8735581064756937,16.26893503813024,4.260584376253531,4.390995905825629,8.219002463605591,9.214964779916805
expAE05,LSCE_GRISLI,/Volumes/CrucialX8/computing/data/antarctica/ismip6_hackathon/ComputedScalarsHelene/expAE05/shelfmelt/computed_shelfmelt_AIS_LSCE_GRISLI_expAE05.nc,4.802949674626676,4.357666033901732,6.768359469293381,17.882135825395473,4.808793166624293,4.749343483605478,14.329793880345147,9.487260638190293,4.971770392786559,6.204200615522359,4.518528614640472,8.089925394052253,8.443596282296296,11.16658873853467,7.861261527196706,1.734308828055341,3.5542957823350165,3.7263948155386073,5.673699425794906,6.7240903798345695,4.98349891741229,2.754752205739408,17.88213583358304,4.2857028624272555,4.597672739454889,9.487260630522613,14.329793897490331
expAE05,NCAR_CISM1,/Volumes/CrucialX8/computing/data/antarctica/ismip6_hackathon/ComputedScalarsHelene/expAE05/shelfmelt/computed_shelfmelt_AIS_NCAR_CISM1_expAE05.nc,2.7108453641842782,3.9941178837402562,4.400116126220084,7.499554021537261,4.647597263562792,4.185481416687601,5.926054824862469,2.5301564567480836,5.3386201946140215,3.9804792770981576,4.477766621657061,4.0542945466230496,2.271198884005031,3.464332405634227,3.17213052214291,2.1921986267665443,2.219974891343112,3.1711352506520276,4.023653048637065,4.044138551149074,4.076678182193363,2.214709778024235,7.499554023588191,4.074620728849399,4.567765222639507,2.530156457438957,5.926054798138457
expAE05,NCAR_CISM2,/Volumes/CrucialX8/computing/data/antarctica/ismip6_hackathon/ComputedScalarsHelene/expAE05/shelfmelt/computed_shelfmelt_AIS_NCAR_CISM2_expAE05.nc,8.474599376400267,13.104758943086464,3.375864859007242,13.242874691124843,7.695409168786609,3.8437833257459704,10.639149806238882,8.342060736685125,5.3696517083222215,5.103008042054346,7.1459560429180025,4.034550908656541,2.9566403566938484,4.168219493433182,3.4841007834132296,1.9904550769853617,3.7290365998669746,0.7899298803629822,5.683958229751993,11.640052214141257,5.205055413434002,3.684049654034923,13.242874711213405,4.799354030035455,7.422285457176826,8.342060759047696,10.639149819777758
expAE05,NORCE_CISM2-MAR364-ERA-t1,/Volumes/CrucialX8/computing/data/antarctica/ismip6_hackathon/ComputedScalarsHelene/expAE05/shelfmelt/computed_shelfmelt_AIS_NORCE_CISM2-MAR364-ERA-t1_expAE05.nc,3.873245228355614,11.105650482539819,5.97959064042577,17.32827642682285,5.292896772994412,3.529936604210238,15.74274184915708,11.615086244745386,5.427256879275943,4.602003359432334,5.004504961001789,5.683637051199655,2.5865153919232315,4.277668733196799,3.2921653831276503,3.5573395628908484,2.6959620660999257,3.9771693539904818,4.1376740303550354,5.062840754342919,4.057649661559077,2.2949593699580424,17.328276489810076,2.5636517906397382,5.124246615925506,11.615086182042045,15.742741855770154
expAE05,NORCE_CISM3-MAR364-ERA-t1-local,/Volumes/CrucialX8/computing/data/antarctica/ismip6_hackathon/ComputedScalarsHelene/expAE05/shelfmelt/computed_shelfmelt_AIS_NORCE_CISM3-MAR364-ERA-t1-local_expAE05.nc,2.146884218845482,6.347098961648867,3.4295337377522648,5.197080277223133,4.333165863699249,3.2254217489362986,4.0484591858720425,4.66974761185128,3.8574102767033116,2.704147584381767,4.746916194627246,2.2217769556763645,0.8410438534138072,2.5388171179540424,2.511684253984029,2.1470452689793964,1.5951934482579715,1.7135453206815643,3.7320895525557836,3.9499649101446432,3.5530663561386953,1.988702197427189,5.197080319743325,3.8894397035407335,4.328775605753268,4.669747616218625,4.048459189167511
expAE05,NORCE_CISM3-MAR364-ERA-t1-nonlocal,/Volumes/CrucialX8/computing/data/antarctica/ismip6_hackathon/ComputedScalarsHelene/expAE05/shelfmelt/computed_shelfmelt_AIS_NORCE_CISM3-MAR364-ERA-t1-nonlocal_expAE05.nc,2.473170277365945,4.093338486284584,3.785189402280261,6.518846965128664,4.5910682863700725,4.631193640488044,4.728876427786365,5.6334181561214285,4.499136093720039,3.2521058793769972,4.279388000420537,2.6362773675424305,1.1026644940689558,2.7904653681700773,2.560978926570167,2.218442043751916,2.2254768214912786,2.404261121517107,3.861885705669073,4.030000194590056,3.7626559146053102,2.435613379532183,6.518846965429598,4.281502854064866,4.467089620060783,5.633418164180482,4.7288764166542485
expAE05,NORCE_CISM3-MAR364-ERA-t1,/Volumes/CrucialX8/computing/data/antarctica/ismip6_hackathon/ComputedScalarsHelene/expAE05/shelfmelt/computed_shelfmelt_AIS_NORCE_CISM3-MAR364-ERA-t1_expAE05.nc,2.6304975827244648,11.347755429071023,4.536447944140913,14.116691741022628,4.277915478510325,3.2368393962023165,6.707358782865729,8.293794594808073,4.491618965385758,3.8466696259936604,3.922364276114943,2.829003312234689,1.5775629903910737,3.5221862030120876,2.925962748170313,1.4143442147442955,1.8839256134940243,1.4512189448641066,3.3252415125005803,4.594747893555142,3.3183149095422313,1.8217919140583039,14.1166917462825,2.135997096930871,3.717371208791439,8.293794625520382,6.707358772021089
expAE05,NORCE_CISM4-MAR364-ERA-t1-local,/Volumes/CrucialX8/computing/data/antarctica/ismip6_hackathon/ComputedScalarsHelene/expAE05/shelfmelt/computed_shelfmelt_AIS_NORCE_CISM4-MAR364-ERA-t1-local_expAE05.nc,1.2782302852606555,5.141300666271104,2.146047680387143,4.105220009539621,4.127299675859664,3.2321534417240936,1.6910743792772842,4.2169418930787135,4.824993335082012,2.3794124809676473,4.266776179597113,1.3349815369964895,0.29576056320743965,2.2187947129731564,2.2392267628152953,2.078067265173499,1.7941445786744847,1.7622809119154086,3.390168917966152,3.555145623587969,3.328062206197324,1.9733008188617693,4.1052199990621006,3.7660356261391126,4.059117585827337,4.216941892449547,1.6910743592939876
expAE05,NORCE_CISM4-MAR364-ERA-t1-nonlocal,/Volumes/CrucialX8/computing/data/antarctica/ismip6_hackathon/ComputedScalarsHelene/expAE05/shelfmelt/computed_shelfmelt_AIS_NORCE_CISM4-MAR364-ERA-t1-nonlocal_expAE05.nc,1.8374019892189812,6.495379359630091,2.832837752846903,4.868099553174936,4.293600401057348,4.571110537982714,1.3895173391184448,4.748095884031521,4.761873707342778,2.6521616452558043,4.048329505478352,1.8022949809982198,0.33280407887036684,2.570475946398686,2.3890841810348893,2.0882619705969163,2.1587984630758674,1.8858180604079025,3.550599710640047,3.5664187396134452,3.6816349292599404,2.186273810280252,4.8680995318890785,4.080092713534799,4.176239253604369,4.748095884990982,1.3895173393860571
expAE05,NORCE_CISM4-MAR364-ERA-t1,/Volumes/CrucialX8/computing/data/antarctica/ismip6_hackathon/ComputedScalarsHelene/expAE05/shelfmelt/computed_shelfmelt_AIS_NORCE_CISM4-MAR364-ERA-t1_expAE05.nc,1.3299013330539196,8.817773465463075,3.9231716739959666,9.408770461050937,3.4671096752116464,2.564407770450925,1.313427825528498,6.397737635150931,3.9904139963515934,2.3944402781652636,3.67286140652494,0.9358043306649666,0.6216718040615472,1.866543648449896,1.8884909566599766,1.2426892742120976,1.3932380641920938,1.1899707180400616,2.5771323492203093,3.724168479206699,2.549006089687553,1.419390367869505,9.408770421782567,1.8217062851985923,3.4297804661295617,6.397737641305925,1.313427823325276
expAE05,NORCE_CISM4-MAR364-JRA-t1,/Volumes/CrucialX8/computing/data/antarctica/ismip6_hackathon/ComputedScalarsHelene/expAE05/shelfmelt/computed_shelfmelt_AIS_NORCE_CISM4-MAR364-JRA-t1_expAE05.nc,1.3322694518169207,9.298742442556089,3.8435270700897726,9.493740987386252,3.5426645285798157,2.017019864711544,1.9485012331647535,6.083152145729616,3.731562046680313,2.3829421557844443,3.3844474150534727,0.9978922529634295,0.6285016811312891,2.0402263470233595,1.9256813743513848,1.2734835529089181,1.3965817443607156,1.197636722750751,2.6393967303941523,3.8196825118982836,2.602907814571964,1.4378473633434732,9.493741009898692,2.130407156988452,3.11850814493072,6.083152134397273,1.9485012366978023
expAE05,NORCE_CISM5-MAR364-ERA-t1-local,/Volumes/CrucialX8/computing/data/antarctica/ismip6_hackathon/ComputedScalarsHelene/expAE05/shelfmelt/computed_shelfmelt_AIS_NORCE_CISM5-MAR364-ERA-t1-local_expAE05.nc,0.5084309096508655,4.643524259333196,1.395285427519057,1.7802723608879363,3.9326849634302428,2.9642471860612276,0.6593523491410702,4.629905713860713,4.108870900626796,1.9158818924527772,4.034395665117409,0.4756191676890767,0.26447872693453534,1.2069830473305563,1.7762556812119892,1.8528748876323733,1.823598184972569,0.7526888166796826,2.920684189115362,3.140272035659031,2.8393781243649214,1.5716860930788896,1.7802723263290203,3.620847458924161,3.842107690583945,4.629905713381161,0.6593523395061704
expAE05,NORCE_CISM5-MAR364-ERA-t1-nonlocal,/Volumes/CrucialX8/computing/data/antarctica/ismip6_hackathon/ComputedScalarsHelene/expAE05/shelfmelt/computed_shelfmelt_AIS_NORCE_CISM5-MAR364-ERA-t1-nonlocal_expAE05.nc,0.673762677019492,5.400800859522914,2.2543421011057583,3.008554416102224,4.20364058875658,4.603044283724924,0.42462990802182515,3.877030752272633,5.470443199154298,2.1534895542196564,3.7623616038136354,0.5131053627402623,0.294748814532537,1.216100933787938,2.0286855303328335,1.8196603243862288,2.433602417067394,0.6640618818453923,3.088029942106361,3.2387622176250974,3.130987549449479,1.899653488454104,3.0085544212026436,4.017571647840641,4.007366445606752,3.87703077051125,0.4246298593700004
expAE05,NORCE_CISM5-MAR364-ERA-t1,/Volumes/CrucialX8/computing/data/antarctica/ismip6_hackathon/ComputedScalarsHelene/expAE05/shelfmelt/computed_shelfmelt_AIS_NORCE_CISM5-MAR364-ERA-t1_expAE05.nc,0.18782572805277226,6.03682930091146,2.2721399739947215,3.9332845373116934,2.758889484945107,1.8633166588863992,0.026943570042431936,2.8391533432778546,2.9008020185629717,1.55101530507082,2.9732774820383794,0.6333499000928684,0.4609065921877882,1.1218478303887274,1.1600712102922512,1.005674355675484,0.9987694467759841,0.4660132984572583,1.9611469755712476,2.907648075038985,1.845906542576786,1.0315726993215075,3.9332845549685844,1.7633961087342975,2.8552538773398974,2.8391533649224994,0.026943568425827638
expAE05,PIK_PISM,/Volumes/CrucialX8/computing/data/antarctica/ismip6_hackathon/ComputedScalarsHelene/expAE05/shelfmelt/computed_shelfmelt_AIS_PIK_PISM_expAE05.nc,10.972037155736853,2.062200090787609,13.345878102778064,18.531152767782924,7.346373141020755,3.240456147064502,12.57414363781576,8.970811976976002,11.679628307052498,6.763241121317257,3.077342172344695,7.0393117946474355,16.9013296613012,10.321609450354732,0.9747792447744514,3.9507436678967647,5.257087059115248,-1.6970876918068427,5.972415137510138,7.968251434630404,4.526605682418094,4.6949014680311105,18.531152666606186,2.0971875713467507,4.611039567154558,8.970811898768718,12.57414358774121
expAE05,UCM_Yelmo,/Volumes/CrucialX8/computing/data/antarctica/ismip6_hackathon/ComputedScalarsHelene/expAE05/shelfmelt/computed_shelfmelt_AIS_UCM_Yelmo_expAE05.nc,4.230977536194086,3.6299223568330308,5.203089901786582,5.590129229757155,4.7421597560535105,3.913752721989588,4.565674473955398,4.913256558169016,8.695226293063314,3.106544803548014,4.4761604879353225,2.695126989555266,3.379512556434164,4.7762981244892355,2.5667330474926424,1.2964271042985012,2.358832782046572,3.342106995386732,3.959329537634104,5.11599651574292,3.7908616322702904,1.4094931760799596,5.590129210241716,3.768404353889164,4.641768682397908,4.9132565295968345,4.565674460149348
expAE05,UCSD_ISSM,/Volumes/CrucialX8/computing/data/antarctica/ismip6_hackathon/ComputedScalarsHelene/expAE05/shelfmelt/computed_shelfmelt_AIS_UCSD_ISSM_expAE05.nc,3.4221864084705937,1.867577292970411,7.058654643556032,-0.17325720930437696,1.6269335714995896,0.1189235389583248,9.561349300222048,4.664431294942177,4.058651299231014,3.28292709886573,0.5287472803328248,1.470699314564875,5.144615922128724,4.235395049573651,3.030748252996736,0.7543717764174779,0.6503559227737735,4.890321636911922,2.3076776894385413,2.479003535175143,1.918039866320954,2.527440619524815,-0.17325723508771532,1.1238586845159981,1.133351216397927,4.664431297992984,9.56134925667125
expAE05,ULB_fETISh-KoriBU1,/Volumes/CrucialX8/computing/data/antarctica/ismip6_hackathon/ComputedScalarsHelene/expAE05/shelfmelt/computed_shelfmelt_AIS_ULB_fETISh-KoriBU1_expAE05.nc,-0.4694214436692655,0.8791751283518507,2.2493504134145765,1.0110113166442063,2.0457936748030283,0.796396228231939,4.857690695314775,5.758726868952999,10.86885309991592,4.212138110160861,1.6626357277450734,0.37198016882378976,0.5826679095042219,4.319370773109928,4.219904502482095,3.113938305916771,2.674112638078597,0.24933836554076683,1.343587080750165,0.8539442156731692,2.0866396585602622,2.957164774305742,1.0110113334198199,0.7611419423824669,1.8390056939444235,5.758726874505158,4.857690661624103
expAE05,ULB_fETISh-KoriBU2,/Volumes/CrucialX8/computing/data/antarctica/ismip6_hackathon/ComputedScalarsHelene/expAE05/shelfmelt/computed_shelfmelt_AIS_ULB_fETISh-KoriBU2_expAE05.nc,0.8752271929810073,5.863862592353773,4.463342716961658,9.918788028998922,4.6168155082998705,4.020528722528663,8.524644880536254,5.804234548861445,5.99675501244587,5.107983745951727,4.386000135543475,0.5744151125687675,0.6360221842165592,3.897839544525579,4.270794682802222,1.034887157451484,0.6742112059520209,2.3579484717538963,4.898951198852412,5.693384017878073,4.373309469754575,0.5479989227499619,9.918788077502029,4.094084287577265,4.542882022476733,5.80423453511009,8.524644873582718
expAE05,UNN_Ua,/Volumes/CrucialX8/computing/data/antarctica/ismip6_hackathon/ComputedScalarsHelene/expAE05/shelfmelt/computed_shelfmelt_AIS_UNN_Ua_expAE05.nc,2.5113838527192813,3.770759777769746,3.7635423671177812,10.315130592922685,4.432543270351209,2.7576854004578544,5.564347942631206,7.270070652239665,3.9220600291194505,2.981804298053288,4.364144636069372,1.4892262972036727,2.0274088474893404,2.413679755307688,2.739623671473213,1.459031581181012,1.7000066336972754,0.8848987143498046,3.624827104988029,3.7315826662411613,3.5179474992425654,1.3949715828038827,10.315130567017674,3.3953975535614456,4.377171286097353,7.270070627841577,5.564347903601641
expAE05,UTAS_ElmerIce,/Volumes/CrucialX8/computing/data/antarctica/ismip6_hackathon/ComputedScalarsHelene/expAE05/shelfmelt/computed_shelfmelt_AIS_UTAS_ElmerIce_expAE05.nc,2.6649343118448434,3.228848948729382,4.7412748881543045,4.445292150215555,4.434080721229382,3.078435790752811,5.056851355377771,8.426635039794474,4.076035156037232,3.0111712925726644,4.55596596471524,4.036963578628452,4.637741737064082,4.469375213818739,3.119786524782962,1.7654631296896106,1.7211912114911117,1.8718501703712114,4.056422388099852,4.179607055695663,3.8923023542207718,1.6963746632866614,4.4452919238042465,3.074339833164077,4.3387964709531435,8.426635089730754,5.056851394919881
expAE05,VUB_AISMPALEO,/Volumes/CrucialX8/computing/data/antarctica/ismip6_hackathon/ComputedScalarsHelene/expAE05/shelfmelt/computed_shelfmelt_AIS_VUB_AISMPALEO_expAE05.nc,13.841263246979132,5.319810565883977,4.652954819056115,14.489380139455513,6.588444279336113,5.959531379189597,4.379795463498709,9.078207470082686,7.111588394476771,2.8196969751961114,5.807570959150706,3.4787786034534354,3.2574428070944235,4.6392770155484016,0.21366221676713837,3.1533522702988193,9.765803103715449,10.929054111987654,6.594553656714292,7.274470387470502,5.708368487236573,6.939730718847534,14.489379928286816,5.559497394706873,6.276315327374975,9.078207463963777,4.379795505054872
expAE05,VUW_PISM1,/Volumes/CrucialX8/computing/data/antarctica/ismip6_hackathon/ComputedScalarsHelene/expAE05/shelfmelt/computed_shelfmelt_AIS_VUW_PISM1_expAE05.nc,12.577024768665916,11.272112721630473,15.566576575234507,9.326924874568551,27.87833023458302,26.697282992738344,23.13599953726485,14.290829296509074,19.69842828024285,4.496269656211989,22.03276911390279,16.374757941035035,4.826083163290903,1.9614763706025886,10.682001321287359,10.390261539946456,9.942770619271956,10.102031834850102,13.99378713574044,14.31797875879705,15.64880423211157,9.375603841065525,9.326924934615576,9.076496159600199,24.712438824574164,14.29082930735069,23.13599954318967
expAE05,VUW_PISM1_s1,/Volumes/CrucialX8/computing/data/antarctica/ismip6_hackathon/ComputedScalarsHelene/expAE05/shelfmelt/computed_shelfmelt_AIS_VUW_PISM1_s1_expAE05.nc,12.806704512652585,11.469154972116824,15.953230478327002,10.398557820916507,28.03233766530375,15.088396191287885,13.864390308830904,11.256196701547259,20.7373211330487,4.369447531422207,22.20879787708142,16.70574932087201,6.798194776204723,1.769104206089697,10.698052140728471,10.804793443690892,10.17880563989959,13.923291024461216,14.06920732597845,14.314596581564356,15.860425362702504,9.626058523299406,10.398557866680555,9.203820825639413,24.883237603029567,11.256196605979728,13.864390290731935
expAE05,VUW_PISM1_s2,/Volumes/CrucialX8/computing/data/antarctica/ismip6_hackathon/ComputedScalarsHelene/expAE05/shelfmelt/computed_shelfmelt_AIS_VUW_PISM1_s2_expAE05.nc,10.895358313859465,11.29437288377024,14.390585358481957,10.365833785376413,27.741909566267697,26.401857025446233,11.022959039718163,12.905488379897424,20.489367900202634,3.677100104227472,21.904023032803167,15.91199880988424,6.172756524600213,1.6223296940017027,8.173781120280315,10.249961661164868,9.974193348097407,10.239797925072413,13.91770233967116,14.36433454295462,15.800779386029404,9.576827371766235,10.365833774357199,9.083943212950025,24.584203222599697,12.905488439271073,11.022959037684375
expAE05,VUW_PISM1_s3,/Volumes/CrucialX8/computing/data/antarctica/ismip6_hackathon/ComputedScalarsHelene/expAE05/shelfmelt/computed_shelfmelt_AIS_VUW_PISM1_s3_expAE05.nc,12.258957600685422,10.588699813637527,15.366921871167289,10.985446355594807,26.794202995840475,26.586783588305323,-4.63542457867119,13.896900952656063,19.93749027725309,4.604873007895319,22.353307574813538,14.853453844548257,7.45107017166422,4.110983870261598,8.244941888524991,10.321034672391725,9.815917637423645,10.136616500434885,14.098226932754498,14.262232970923026,15.904520885164551,9.267275609656972,10.985446294371222,8.653379285398517,24.498428501915154,13.896901008379867,-4.6354247227278895
expAE05,VUW_PISM1_s4,/Volumes/CrucialX8/computing/data/antarctica/ismip6_hackathon/ComputedScalarsHelene/expAE05/shelfmelt/computed_shelfmelt_AIS_VUW_PISM1_s4_expAE05.nc,11.759733522984803,11.52575506597668,15.345841387027901,9.6960706204105,28.24268472300192,26.40034744209248,11.379988993069361,14.782642767996956,20.33264740731725,4.642264339957767,22.100830250144785,14.952082846790455,5.230383150135738,1.98184779595795,8.095966688977667,10.339062771830354,9.873819439144151,10.000417865436555,14.074849493986527,14.511863249746852,15.622308767520565,9.348668521288053,9.696070623523523,9.226995637568779,24.891983893940047,14.782642779176145,11.37998891085088
expAE05,VUW_PISM2,/Volumes/CrucialX8/computing/data/antarctica/ismip6_hackathon/ComputedScalarsHelene/expAE05/shelfmelt/computed_shelfmelt_AIS_VUW_PISM2_expAE05.nc,12.52991408563502,12.341497161128451,15.458093342800765,14.997741240553982,26.499788912487283,25.87644536563387,10.804468540495868,20.01644593065405,20.316253954425214,4.246853315654889,21.477323198676363,16.189044710610702,8.488802301232006,2.115924881627828,10.717873352276543,10.318795570142363,10.169404356304739,13.18323484728175,13.243317909716549,13.189393745251541,15.196587491055055,9.60268688152503,14.997741217461083,9.504504135078289,23.83588525970337,20.01644591641873,10.804468560196058
expAE05,VUW_PISM2_s1,/Volumes/CrucialX8/computing/data/antarctica/ismip6_hackathon/ComputedScalarsHelene/expAE05/shelfmelt/computed_shelfmelt_AIS_VUW_PISM2_s1_expAE05.nc,12.998885344156253,12.713817134371498,15.404412845292029,14.559444731957724,26.543726528184617,26.25319316352365,11.745685660480119,6.0390191617464195,20.090718690641747,4.213150697133432,21.675249881458708,17.22601406872366,8.188199883415944,3.4111365434475185,10.630439402499759,10.46566089670211,10.019177570741173,13.284953868757349,13.240561449497077,13.217655348794061,15.041396901295228,9.280687210834877,14.55944462474272,9.732512020970178,23.96788734598967,6.039019140375783,11.745685646314737
expAE05,VUW_PISM2_s2,/Volumes/CrucialX8/computing/data/antarctica/ismip6_hackathon/ComputedScalarsHelene/expAE05/shelfmelt/computed_shelfmelt_AIS_VUW_PISM2_s2_expAE05.nc,11.921607917936676,12.170371133805439,14.9481160207779,15.867802897240116,26.595506240602127,14.885041267436502,9.768452175595606,16.913355536022607,20.8037608713447,4.824129003900884,21.553739169914547,15.915529107978386,7.9739348701786135,3.1192052776467936,10.53219407810687,10.051835995222397,9.88405845822096,12.645878205575823,13.269058115717664,13.143772656135939,15.347438614855426,9.348052373957318,15.867802974566379,9.39204023048099,23.920096512878317,16.913355616811995,9.768452159218269
expAE05,VUW_PISM2_s3,/Volumes/CrucialX8/computing/data/antarctica/ismip6_hackathon/ComputedScalarsHelene/expAE05/shelfmelt/computed_shelfmelt_AIS_VUW_PISM2_s3_expAE05.nc,11.652920252204582,11.762063021587368,15.138314071129912,11.443102093210355,25.286129485542297,15.044830122608936,9.351092922859529,20.110697058649073,19.54173647712941,4.257204098977971,21.90197871744436,14.987584507326625,7.4125022924972495,2.0454281976629827,10.642816912741482,10.151253551382384,9.787670919032836,12.877721398921588,13.327499953583073,13.19278879153897,15.360306304175763,9.173409215788569,11.443102097809547,9.322173432783014,23.5782878782617,20.110697164452713,9.351092889752955
expAE05,VUW_PISM2_s4,/Volumes/CrucialX8/computing/data/antarctica/ismip6_hackathon/ComputedScalarsHelene/expAE05/shelfmelt/computed_shelfmelt_AIS_VUW_PISM2_s4_expAE05.nc,12.441815337842735,12.975077454891036,14.985316958738526,15.70179194372487,26.84950650376273,14.834944182186167,11.162071369981591,8.485291061057636,20.265368713294116,4.274964798500232,21.564110097272682,17.263750707001115,8.25321783129597,3.0331880504268045,10.717680028666908,10.271919041680441,10.11137732894161,12.696805828513693,13.366418301780696,6.499397566383307,15.54347087142552,9.4032039735623,15.701791770432934,9.927461412728496,24.01304142704797,8.485291061543748,11.162071326513535
expAE05,IMAU_UFEMISM1,/Volumes/CrucialX8/computing/data/antarctica/ismip6_hackathon/ComputedScalarsHelene/expAE05/shelfmelt/jb_computed_shelfmelt_AIS_IMAU_UFEMISM1_expAE05.nc,5.7388833405316895,7.226618002937655,8.990002575389395,3.0440872181776575,9.251156626521084,6.009754011590927,,8.532344602177508,6.19961375093017,4.61611302979132,8.549799327585827,,,3.488419417496799,5.5846629182856,7.832191900052792,7.2642215382319275,83.53814933473254,9.199108748179018,9.391701380084957,6.390906746959502,17.374894000294223,3.0440872767971223,6.6343108299612785,7.916015602203969,8.532344649516636,
expAE05,IMAU_UFEMISM2,/Volumes/CrucialX8/computing/data/antarctica/ismip6_hackathon/ComputedScalarsHelene/expAE05/shelfmelt/jb_computed_shelfmelt_AIS_IMAU_UFEMISM2_expAE05.nc,7.236015145478956,8.604358183465681,10.476642792722552,4.794709108812709,10.76254068366065,6.91606268839825,2.8060868689523915,12.234203079599268,8.876497798050643,7.653043696750733,8.694203174386187,,,4.02329053377556,4.324309395746105,11.127077977883646,9.703085365267015,,10.90844857310796,11.449010290868838,7.281028312467437,10.121084371530952,4.794709075234997,8.289966042507707,8.393573570312324,12.234203042389465,2.8060870309526775
expAE05,IMAU_UFEMISM3,/Volumes/CrucialX8/computing/data/antarctica/ismip6_hackathon/ComputedScalarsHelene/expAE05/shelfmelt/jb_computed_shelfmelt_AIS_IMAU_UFEMISM3_expAE05.nc,7.526326246805058,10.563574666280699,10.548707557036952,7.247223702928293,12.213642363333582,6.9103816410226875,5.955115143318241,9.25498678452905,11.115457295643827,5.471340775726703,8.667862289526783,5.952646394577105,2.2417769868396213,5.203127509775291,5.856827279042908,7.955339631710842,7.58947679124619,-0.5270444879709701,10.835791863455292,13.390942617124225,7.244837812128619,7.725577301498024,7.247223701508771,9.701332825677369,8.770763642247024,9.254986770512472,5.955115069172581
expAE05,IMAU_UFEMISM4,/Volumes/CrucialX8/computing/data/antarctica/ismip6_hackathon/ComputedScalarsHelene/expAE05/shelfmelt/jb_computed_shelfmelt_AIS_IMAU_UFEMISM4_expAE05.nc,9.264994177391884,12.852388725530377,15.150814042711856,13.280998642713618,12.427907197202911,9.078181497605083,4.601835671074052,10.030555901038413,8.591969110395794,7.831418459210986,12.867838416161499,3.5084150921722426,6.494668184410466,6.041713349356565,8.110961572246095,10.586122248401987,9.593191098473993,,12.68707573699542,14.103429414006344,8.723028893384875,9.897973461317783,13.280998783551665,11.6599235052777,12.908549166525969,10.030555813130393,4.601835681874542
