Experiment,Model,Path,sector_1,sector_2,sector_3,sector_4,sector_5,sector_6,sector_7,sector_8,sector_9,sector_10,sector_11,sector_12,sector_13,sector_14,sector_15,sector_16,sector_17,sector_18,AIS,region_1,region_2,region_3,Amundsen,Ross,FilchnerRonne,Aurora,Wilkes
expAE02,DC_ISSM,/Volumes/CrucialX8/computing/data/antarctica/ismip6_hackathon/ComputedScalarsHelene/expAE02/shelfmelt/computed_shelfmelt_AIS_DC_ISSM_expAE02.nc,3.3964291938268634,2.693474308262006,5.4420159876229715,7.974255437601673,4.3335069328832425,2.747233937802621,4.881704493029953,7.441104936954794,3.7259678804738563,3.2412029226581973,3.734204589875833,2.018014564648647,2.9984885765526195,6.013630518756972,1.8775863459088005,1.6361610518153822,2.2175225999611645,2.9753978327775017,2.8506772769277045,3.0073644956061694,3.847736441648922,2.4713395113511716,7.9742555020070975,2.731085488700629,4.2512713055482125,7.441104978387552,4.881704486472083
expAE02,DOE_MALI_4km,/Volumes/CrucialX8/computing/data/antarctica/ismip6_hackathon/ComputedScalarsHelene/expAE02/shelfmelt/computed_shelfmelt_AIS_DOE_MALI_4km_expAE02.nc,1.5426267610352085,3.1558819568956498,5.380856480780583,8.781597277608919,5.443763310951787,3.111011977979747,6.8408536773995845,8.263780333842542,4.484037808937067,4.246168726517871,5.060177582510947,3.6087565818592537,5.884616536290667,4.549420733019607,2.29045176186757,1.9064369016516831,3.145724703978869,3.561141213377725,4.596968340065277,3.96601324512522,4.627941528893346,3.3776302274730807,8.78159716617549,3.1750219620274738,5.389628326607387,8.263780379953992,6.840853640040662
expAE02,DOE_MALI_8km_Ant95,/Volumes/CrucialX8/computing/data/antarctica/ismip6_hackathon/ComputedScalarsHelene/expAE02/shelfmelt/computed_shelfmelt_AIS_DOE_MALI_8km_Ant95_expAE02.nc,2.63335956301794,3.443464254818966,4.3882444828872345,5.908580902694885,6.029929331272001,3.3321271734434896,6.87435091347827,10.53209224301237,5.061637116643493,4.100188309144174,5.572442987480812,2.954535725890902,10.07903104273892,4.662629314585835,2.3104107979738306,1.8932374147849222,3.783455709908533,4.525750996920757,5.505091394029665,5.419078059053408,4.997365583206515,2.9004816660085444,5.908580897847839,3.4017177917163464,5.898038978217297,10.532092341804493,6.874350900239623
expAE02,DOE_MALI_8km_AntMean,/Volumes/CrucialX8/computing/data/antarctica/ismip6_hackathon/ComputedScalarsHelene/expAE02/shelfmelt/computed_shelfmelt_AIS_DOE_MALI_8km_AntMean_expAE02.nc,2.1614966832518556,3.2324960192532637,4.450960651844438,5.890111483913813,5.862240415612249,3.148100236254566,5.619728378838357,10.047718468493251,4.617665628906383,4.614848353602757,5.806518981333354,3.323269221936433,8.004104931920025,4.011894086737759,2.5094458852323513,1.8617122596552675,3.257595864166741,4.307549064054172,5.01740910236928,4.682473140174776,5.005888351448228,3.0095583727532915,5.890111558396265,3.2263415725988103,5.924168493170311,10.047718448229693,5.61972841168616
expAE02,IGE_ElmerIce,/Volumes/CrucialX8/computing/data/antarctica/ismip6_hackathon/ComputedScalarsHelene/expAE02/shelfmelt/computed_shelfmelt_AIS_IGE_ElmerIce_expAE02.nc,2.9650647756712725,0.6148148226782618,3.5748741708905483,2.690186944718422,1.1050230211655532,0.6119389596728209,10.30179795423419,8.01824437193549,3.906611698046223,2.493243115700133,1.1947344900495158,9.244736357406566,3.651376877734436,5.122207392553121,2.6717249833160643,9.449399031779665,6.800049530149836,4.110434010188105,1.8164908082326046,1.3372965656080786,2.3874245602698627,8.787606283176718,2.6901869489941053,0.6482316330744426,1.1475064303503062,8.018244385751396,10.301797852319114
expAE02,ILTS_SICOPOLIS,/Volumes/CrucialX8/computing/data/antarctica/ismip6_hackathon/ComputedScalarsHelene/expAE02/shelfmelt/computed_shelfmelt_AIS_ILTS_SICOPOLIS_expAE02.nc,7.0040366807320185,3.688848054938761,5.621512918533321,11.961953498925315,5.702556099121167,3.3169724771178135,6.944343359731388,9.535056877782795,4.62464339751728,4.680706927760252,5.273848490036938,3.677955736329058,4.14594357384809,8.093034049192145,2.832855542220898,1.6876014912570176,2.939361707505377,4.45660683096782,5.332834354413325,4.591823005705525,5.0098745135195655,3.5054046869837574,11.961953563095234,3.5759170267238725,5.630373989365691,9.535056855956258,6.944343364261636
expAE02,IMAU_UFEMISM1,/Volumes/CrucialX8/computing/data/antarctica/ismip6_hackathon/ComputedScalarsHelene/expAE02/shelfmelt/computed_shelfmelt_AIS_IMAU_UFEMISM1_expAE02.nc,1.2312529463544528,1.5054302100800196,2.71015080204486,,3.640183606390635,0.13592311848602864,0.18344426766643437,0.21464524718454692,0.738246967052499,1.9199349773697731,1.502290944788882,0.030683822470113198,0.07548021938344981,0.3894951225611286,2.1830248314961445,2.5692316962988295,3.527243686148579,0.0,1.23605813988344,2.6845062731069254,0.8113019935118414,-0.07904545749049557,,0.8451832216237687,2.23821009936972,0.21464524716614822,0.18344426702820463
expAE02,IMAU_UFEMISM2,/Volumes/CrucialX8/computing/data/antarctica/ismip6_hackathon/ComputedScalarsHelene/expAE02/shelfmelt/computed_shelfmelt_AIS_IMAU_UFEMISM2_expAE02.nc,2.537585724926859,1.6105796669427606,2.0729648270730676,,3.638839851917319,0.2747372428071089,0.13970484975816938,0.23783861175504795,0.678616850877308,0.554001126073777,1.4674908259744872,0.038287308078912036,0.008771204057660084,0.4245074665603053,1.4219758667596463,1.9891548543738173,2.559511951427416,-0.4401622220934344,1.2646199591137692,2.791884715015549,0.8376991382839349,1.410076263671073,,1.0352934752869996,2.1489107175878708,0.23783861051756527,0.13970485111504288
expAE02,IMAU_UFEMISM3,/Volumes/CrucialX8/computing/data/antarctica/ismip6_hackathon/ComputedScalarsHelene/expAE02/shelfmelt/computed_shelfmelt_AIS_IMAU_UFEMISM3_expAE02.nc,5.365613956172842,1.5952876183957307,2.659102674803411,,3.8484886298480006,0.22567493160460422,0.08817371763381952,0.26744461449401563,0.77582601504541,1.9183383707515655,1.559303204157592,0.03644018141443662,0.2145459350820496,0.43726961880340387,2.304760473466552,2.7992942075965814,4.207224898323395,-0.04034800430475606,1.3143077304561108,2.8401340655028875,0.8819651491127064,1.706370841341007,,0.9597480312362444,2.2747160465222875,0.2674446157232325,0.08817371793158148
expAE02,IMAU_UFEMISM4,/Volumes/CrucialX8/computing/data/antarctica/ismip6_hackathon/ComputedScalarsHelene/expAE02/shelfmelt/computed_shelfmelt_AIS_IMAU_UFEMISM4_expAE02.nc,3.003814804542825,1.5115845618560275,1.9302444513932913,,3.493447744195148,0.21984767695580623,0.09489887184967334,0.23639320444663373,0.7696692116618482,0.41717418016529406,1.4602525449280988,0.009712239170805175,-0.010483123974269305,0.3382347974175502,1.166980661766298,1.8106096593449834,2.638871233231409,-0.05739490679001203,1.2415748216595863,2.6636444614114616,0.8371837845029506,1.3386804034337392,,0.9340418482521242,2.0993093447920694,0.23639320348277615,0.09489887317596131
expAE02,LSCE_GRISLI2,/Volumes/CrucialX8/computing/data/antarctica/ismip6_hackathon/ComputedScalarsHelene/expAE02/shelfmelt/computed_shelfmelt_AIS_LSCE_GRISLI2_expAE02.nc,5.770817971390466,4.37019139395285,6.141813537206247,10.494047210032285,4.667063223536076,3.3426135799382433,6.4892484399142365,7.312900287525084,4.373820136539248,4.9777883240791745,4.270081612783595,4.631850475841497,6.818317991922092,5.672634110912907,3.069008874758078,2.32066835585348,3.7467680162046832,4.206662733402612,5.010004413261008,4.8528888330306765,4.874318823384406,3.0465125852070245,10.494047196651266,3.177115900258969,4.6064020006387265,7.312900265012133,6.489248465785472
expAE02,LSCE_GRISLI,/Volumes/CrucialX8/computing/data/antarctica/ismip6_hackathon/ComputedScalarsHelene/expAE02/shelfmelt/computed_shelfmelt_AIS_LSCE_GRISLI_expAE02.nc,4.8980880763716375,4.573008960348708,5.609407569313724,11.596505598067802,5.2371855996434515,3.0277884188477993,6.646344837248202,8.479569781066928,4.7310314703123435,5.195991590794572,4.313358112374086,4.281178117414758,7.191381552995528,7.400656401118932,4.175926186584685,2.2469352730737415,3.7398979248742283,3.576817330596327,5.0436932259700145,4.903894557186292,4.89605141265902,2.7584830009492847,11.596505664826818,2.868335123629205,4.636875812592532,8.47956973288946,6.646344829530726
expAE02,NCAR_CISM1,/Volumes/CrucialX8/computing/data/antarctica/ismip6_hackathon/ComputedScalarsHelene/expAE02/shelfmelt/computed_shelfmelt_AIS_NCAR_CISM1_expAE02.nc,1.115015182753479,3.1193203933109848,5.1123447659704295,3.6090125947185805,5.056017864486835,3.068001751870893,4.4676006000483675,0.0015287603564045648,5.072682191676835,3.276534222062945,4.299969855521718,2.155766784443082,1.9231179963532261,3.1616826749555473,2.1297028931429747,1.6130200873401745,2.6802029950404234,1.8016539548845085,3.048241018049092,3.2463117028966297,4.149624404991305,1.7819626327183313,3.6090126731881753,3.105051039675586,4.961429480594235,0.0015287603638232366,4.467600597493033
expAE02,NCAR_CISM2,/Volumes/CrucialX8/computing/data/antarctica/ismip6_hackathon/ComputedScalarsHelene/expAE02/shelfmelt/computed_shelfmelt_AIS_NCAR_CISM2_expAE02.nc,1.640016509662087,3.5671054354426017,2.813182366805568,8.028361707628111,7.394927345769863,3.21254198231004,6.52841991515492,6.68672728596969,6.030669932190576,3.2781455547984892,6.101455486854368,3.50685439519603,2.064397072972796,4.706039476840646,1.9378857033344874,1.1430744656958864,2.180068766761874,2.9110995601719285,3.01257780231811,4.108650783236769,6.470682732293469,1.2135407014151758,8.028361689382077,3.9727676897779225,6.314112326336373,6.686727207009248,6.528419963312551
expAE02,NORCE_CISM2-MAR364-ERA-t1,/Volumes/CrucialX8/computing/data/antarctica/ismip6_hackathon/ComputedScalarsHelene/expAE02/shelfmelt/computed_shelfmelt_AIS_NORCE_CISM2-MAR364-ERA-t1_expAE02.nc,0.988154839040262,2.17973171641774,8.103374256830847,9.476401948090059,5.847957028912481,2.1978412634787685,9.169628298854928,10.971459750751139,7.857020504685557,3.633050519142457,4.516228774062075,3.1667317618771147,1.004555830032263,4.416459120393907,2.469767728885138,0.660175098164366,2.5056331966061243,4.123004630080301,6.314805402260794,3.3256332887929365,6.387074982808317,2.475730751165902,9.47640193619898,2.1376694910343343,5.600392996433401,10.971459727423593,9.169628268647365
expAE02,NORCE_CISM3-MAR364-ERA-t1-local,/Volumes/CrucialX8/computing/data/antarctica/ismip6_hackathon/ComputedScalarsHelene/expAE02/shelfmelt/computed_shelfmelt_AIS_NORCE_CISM3-MAR364-ERA-t1-local_expAE02.nc,1.6402180375623643,3.3495620098887104,3.2895491053696007,3.5065455526858225,4.622276436200758,2.24910683701782,2.981536355996422,3.250159943807504,3.3377993087237847,2.0456402580221345,4.5181211365342655,1.4043801123683652,0.6105585515041998,2.3117864979606755,1.3043022754078215,1.7322883813740242,1.4001190512366253,3.0486232612505493,2.5978221035045475,3.306673933168972,3.7915139713116344,1.9373103897317643,3.506545533447898,3.0718301140304507,4.719919119748166,3.250159917531373,2.98153634484863
expAE02,NORCE_CISM3-MAR364-ERA-t1-nonlocal,/Volumes/CrucialX8/computing/data/antarctica/ismip6_hackathon/ComputedScalarsHelene/expAE02/shelfmelt/computed_shelfmelt_AIS_NORCE_CISM3-MAR364-ERA-t1-nonlocal_expAE02.nc,1.2176232394040896,3.4123477705462304,3.907707196336328,4.156919761056242,4.674612682042158,3.0801277231962954,3.3694467878232515,3.5864802995713028,3.811436250611845,2.3016733111288,4.45620175560744,1.7400375711952591,0.5527453744441361,2.7163302230363913,1.616881662126116,1.118814847097111,1.6482235715673168,2.8527248531102627,2.890355511476219,3.23298003731401,3.8724074977949163,1.8235967324589102,4.156919821573846,2.992294000688449,4.587518350128901,3.586480288182734,3.3694467763850655
expAE02,NORCE_CISM3-MAR364-ERA-t1,/Volumes/CrucialX8/computing/data/antarctica/ismip6_hackathon/ComputedScalarsHelene/expAE02/shelfmelt/computed_shelfmelt_AIS_NORCE_CISM3-MAR364-ERA-t1_expAE02.nc,0.9880494038098264,2.2036904995994218,5.65355852380586,9.175317917587382,3.397688360770394,1.9374148515623897,5.815810017408776,8.226612227658489,5.972483289030369,2.5025959935554165,3.3807810817127577,1.892500942632991,0.2909859543696188,3.0930519959380667,1.8395305627193546,0.7334636554407474,2.032629683223006,2.5401674840664827,4.80098792481112,3.12460815832769,5.253036426568501,2.332993810197271,9.175317966080772,2.021318897762215,2.992194316147779,8.226612275677997,5.815810019962097
expAE02,NORCE_CISM4-MAR364-ERA-t1-local,/Volumes/CrucialX8/computing/data/antarctica/ismip6_hackathon/ComputedScalarsHelene/expAE02/shelfmelt/computed_shelfmelt_AIS_NORCE_CISM4-MAR364-ERA-t1-local_expAE02.nc,0.4242260838875421,3.1621218406750797,2.701574660093148,3.028749873679266,4.3924460072824925,2.569866051873484,1.3591919149518623,3.4303486001249124,3.9474534789942863,1.7987133376355302,4.112973394239311,0.7116680277938496,0.28473947990574744,2.6399513455201093,1.1903192042777448,1.8775965512156576,1.152201416863392,1.159217435655972,3.696037449945402,3.0276797014227945,3.6910689139348936,1.1856746714702135,3.028749866454525,2.782335015922272,4.445486985757223,3.430348618534306,1.3591918758314663
expAE02,NORCE_CISM4-MAR364-ERA-t1-nonlocal,/Volumes/CrucialX8/computing/data/antarctica/ismip6_hackathon/ComputedScalarsHelene/expAE02/shelfmelt/computed_shelfmelt_AIS_NORCE_CISM4-MAR364-ERA-t1-nonlocal_expAE02.nc,0.8201843423893986,3.0835599359139807,2.9578013606927827,3.247232195554117,4.321034550773766,3.0410786513262362,2.0632763881731764,3.7415792554644853,4.425905723274746,2.18167689470917,4.185670584463271,0.794805962474979,0.31204202575527745,2.2031032720409076,1.570379702092499,1.7968251069709003,1.2643241756781378,0.9638629372452803,2.3315059919156047,2.676240261662627,3.6987367869221925,1.2254617037125457,3.2472321346446322,2.7293242438143475,4.219742270926169,3.7415792102443683,2.0632763495628232
expAE02,NORCE_CISM4-MAR364-ERA-t1,/Volumes/CrucialX8/computing/data/antarctica/ismip6_hackathon/ComputedScalarsHelene/expAE02/shelfmelt/computed_shelfmelt_AIS_NORCE_CISM4-MAR364-ERA-t1_expAE02.nc,0.6097398933622845,1.904276584890678,4.000873156784579,5.418165241797878,2.49644054845242,1.5782899778985229,2.848423080825411,6.13731387583768,4.627375322350234,1.641729402936025,2.8195189135891177,0.9527749761071466,0.22245271617399517,2.1994008901683126,1.1808898781923862,0.2349936616550028,0.5956920085539501,0.8897309985986566,3.5971384617781195,2.534513893133086,4.0918672288438005,0.6809598363998393,5.418165209964388,1.736317221725236,2.5398505348054945,6.137313882385763,2.8484231194775513
expAE02,NORCE_CISM4-MAR364-JRA-t1,/Volumes/CrucialX8/computing/data/antarctica/ismip6_hackathon/ComputedScalarsHelene/expAE02/shelfmelt/computed_shelfmelt_AIS_NORCE_CISM4-MAR364-JRA-t1_expAE02.nc,0.5944214302517998,1.7967755959905791,3.867079762039448,5.533221924316049,2.680566901929757,1.6406712289608902,2.210577148864168,6.2082060935191,4.672985074633337,1.520361940369915,2.9960056449861,0.9272094042640681,0.23201409838265,2.3657588651750032,1.1953212912768907,0.20586238186573966,0.6448091868856802,0.8954267081546018,3.679353304455202,2.5722205052694163,4.152541384725926,0.7066738854353338,5.533221908693138,1.656185365496243,2.649572728565277,6.208206056621708,2.210577124496809
expAE02,NORCE_CISM5-MAR364-ERA-t1-local,/Volumes/CrucialX8/computing/data/antarctica/ismip6_hackathon/ComputedScalarsHelene/expAE02/shelfmelt/computed_shelfmelt_AIS_NORCE_CISM5-MAR364-ERA-t1-local_expAE02.nc,0.23918298051257506,3.0623165110690502,1.5042906696893472,2.006177678498733,4.26000591408607,1.8911871989456157,0.8778324068648331,3.558666648676561,3.344883721872369,1.4022394521779298,4.064557412041209,0.21026819791760235,0.1769827697809583,1.5291195859859081,1.0945100125375278,0.7854304721747408,0.42718694161275605,0.2951734687575735,2.0328431940378557,2.8607870770904054,3.173168647694385,0.5193688412402389,2.006177674112351,2.8065834425407075,4.238703792771872,3.558666626370179,0.8778323905307472
expAE02,NORCE_CISM5-MAR364-ERA-t1-nonlocal,/Volumes/CrucialX8/computing/data/antarctica/ismip6_hackathon/ComputedScalarsHelene/expAE02/shelfmelt/computed_shelfmelt_AIS_NORCE_CISM5-MAR364-ERA-t1-nonlocal_expAE02.nc,0.5632207928504346,3.1616344998485517,1.8156064000384877,2.9032244197570964,3.995329365868286,3.0543137803899425,0.5982764645792862,3.2528352655185637,3.5413955419330607,1.6025832743333768,3.953367478207547,0.3482905253916607,0.14263525532502283,1.6362707139802595,1.3387734397529374,1.3773424793608662,0.8026643317502044,0.342026192448256,1.9473834468002753,2.5417282781938253,3.170378111192365,0.8199773962362171,2.9032243950493557,2.724744670188792,4.380502557230358,3.2528352559053504,0.5982764517774158
expAE02,NORCE_CISM5-MAR364-ERA-t1,/Volumes/CrucialX8/computing/data/antarctica/ismip6_hackathon/ComputedScalarsHelene/expAE02/shelfmelt/computed_shelfmelt_AIS_NORCE_CISM5-MAR364-ERA-t1_expAE02.nc,0.41101622976310814,1.4841080888302018,2.172486555606374,2.9117709997469667,2.2459343561409963,1.424867920261381,-0.21354872889527182,3.241920674229762,2.9437152541228504,1.1862831168507089,2.3446340036591753,0.26075986871664075,0.34746002331509074,1.3877407312020422,0.8511464518837087,0.23316723727996813,0.6953857847124618,0.5233192671384637,1.568926724672063,2.041280459717713,2.5688395125070254,0.37074581668281414,2.9117710191313746,1.4359592089304603,2.163786643621982,3.2419206991146163,-0.21354872109382061
expAE02,PIK_PISM,/Volumes/CrucialX8/computing/data/antarctica/ismip6_hackathon/ComputedScalarsHelene/expAE02/shelfmelt/computed_shelfmelt_AIS_PIK_PISM_expAE02.nc,4.738866785078296,1.2421555245835678,7.30535535526336,6.0614183282471386,2.1725814280201865,1.4282843612254401,12.643448275547513,12.677844367811975,12.446953858665983,9.843078373193123,1.5846466824380014,4.850232661190113,6.356719079095695,11.727763335388106,11.426882923758827,11.270972493076439,10.291979336666575,3.6958537520646932,2.463270849995703,3.2129101438865444,3.2493797202704,13.239112180044415,6.061418336973976,1.3175523519302983,1.8886253571744465,12.677844358278348,12.64344825778242
expAE02,UCM_Yelmo,/Volumes/CrucialX8/computing/data/antarctica/ismip6_hackathon/ComputedScalarsHelene/expAE02/shelfmelt/computed_shelfmelt_AIS_UCM_Yelmo_expAE02.nc,4.409026767575391,2.773945496434248,4.351100905779522,5.184478696590065,4.702161015851403,2.8732348874309728,4.112988298318777,4.144449033811008,4.280355679491819,3.153896921630343,4.252244271173515,2.979806962889903,3.2619081662709846,4.504471842091582,3.6885118176959617,1.1272025850419014,2.477812393555763,3.702654566301618,3.910893699297518,4.112944210428854,3.7470921941332684,2.157047564781148,5.184478709248904,2.802338940754943,4.533927752159031,4.144449014819229,4.112988325170727
expAE02,UCSD_ISSM,/Volumes/CrucialX8/computing/data/antarctica/ismip6_hackathon/ComputedScalarsHelene/expAE02/shelfmelt/computed_shelfmelt_AIS_UCSD_ISSM_expAE02.nc,10.69981885384828,0.09169604822717548,6.701979518888387,1.4066525707236792,0.1329074491268159,0.08107167916424425,6.307142676495531,2.8769522329918913,0.47528378716994996,0.39922747494719657,0.16054665002309718,1.5479365493418193,0.428260611109709,2.301737137320325,1.5903664007597451,1.2873594125247378,0.7733893804677359,8.061962505008426,1.2683565103579515,1.5455041628892354,0.8057585785917345,3.0731896309219,1.4066526485111996,0.11203052971035124,0.12087587823143137,2.8769522477869396,6.307142648806272
expAE02,ULB_fETISh-KoriBU1,/Volumes/CrucialX8/computing/data/antarctica/ismip6_hackathon/ComputedScalarsHelene/expAE02/shelfmelt/computed_shelfmelt_AIS_ULB_fETISh-KoriBU1_expAE02.nc,-0.4999934969529872,0.22810217516976974,1.8324708001688004,0.9290900539566421,1.2267200410371935,0.1795566270795378,4.402985895881429,4.359216676925088,3.3232005388312422,2.4462898404686753,1.3668561240758743,1.000850931138416,1.0048370918431502,6.9857495980711235,4.203895430993453,13.041266277352314,1.890503152916091,0.8399088608167354,1.6797879824406539,1.0435738057745556,2.226370770624585,4.270717828539442,0.9290900301974568,0.21323256456395517,1.2951675932388247,4.359216638571975,4.402985864820537
expAE02,ULB_fETISh-KoriBU2,/Volumes/CrucialX8/computing/data/antarctica/ismip6_hackathon/ComputedScalarsHelene/expAE02/shelfmelt/computed_shelfmelt_AIS_ULB_fETISh-KoriBU2_expAE02.nc,3.304031086551017,3.384327408316289,2.1203351297047135,8.95586195571334,4.9901394439903,3.339896414353591,4.495951455953759,7.310949352479353,5.489956044576369,4.249339665547502,3.987646041874015,0.694046177122702,0.5655467659404115,5.05425262432276,3.7997550423617557,2.037015591948646,2.01956036847155,2.2800411570846855,3.050281081605088,4.928125204772044,3.052084506650445,1.1858489805340364,8.955862048864315,3.4428640586367623,4.348888226532092,7.310949445885587,4.495951433025715
expAE02,UNN_Ua,/Volumes/CrucialX8/computing/data/antarctica/ismip6_hackathon/ComputedScalarsHelene/expAE02/shelfmelt/computed_shelfmelt_AIS_UNN_Ua_expAE02.nc,1.9408469549179075,3.034688107476531,4.903318490094221,5.3137659644113855,4.562233381256846,2.139560475551165,5.138624785113509,7.341438497273872,3.80103952186658,2.37375862940967,3.794756483213674,0.7624960718655232,2.0683447760909957,2.9799112317982237,1.9764526987127673,1.1045717745438557,2.131818243390234,1.1213994005848802,3.0414128042249735,3.8212968040451387,3.9254173743506846,1.6495816421051646,5.313766004580772,2.7366144733729496,4.476887569294792,7.341438544027362,5.138624824389165
expAE02,UTAS_ElmerIce,/Volumes/CrucialX8/computing/data/antarctica/ismip6_hackathon/ComputedScalarsHelene/expAE02/shelfmelt/computed_shelfmelt_AIS_UTAS_ElmerIce_expAE02.nc,3.3191881102667056,2.886408895207419,4.592445346598841,7.425553267805149,4.598607828470078,2.117009656719676,5.313846938859681,7.9815708110296475,3.6081932226314293,2.5118236624475605,3.4213411894162618,3.426260683638911,3.589894097307895,3.6045508324583047,1.5122785823648695,1.4428110572015562,2.89317665296468,0.686135825335917,4.066936611911883,4.153337287173635,4.087333393853355,2.7402499088607026,7.425553307220273,2.704713154049902,3.840229449521728,7.981570764648287,5.313846935308633
expAE02,VUB_AISMPALEO,/Volumes/CrucialX8/computing/data/antarctica/ismip6_hackathon/ComputedScalarsHelene/expAE02/shelfmelt/computed_shelfmelt_AIS_VUB_AISMPALEO_expAE02.nc,3.4999422955626636,3.508163124630712,1.6999716747053826,-1.4730931865916963,3.505277942700613,3.296676271352029,1.7204559842071108,2.0270646959255596,3.25887476161785,1.1299828887246623,3.466138020081405,0.4658036264921972,1.2218853937813379,1.9733481973012128,0.23864396284901146,2.4079936242357327,4.77437697120177,,4.304935759042391,4.738819324366386,3.9346870539325334,3.542611642347195,-1.4730931788906965,3.4728008298173636,3.4704950129159737,2.0270647159290602,1.7204559840342901
expAE02,VUW_PISM1,/Volumes/CrucialX8/computing/data/antarctica/ismip6_hackathon/ComputedScalarsHelene/expAE02/shelfmelt/computed_shelfmelt_AIS_VUW_PISM1_expAE02.nc,11.32137103673545,7.264666723239843,9.894240740979294,9.419910885314907,13.165528132343855,7.5740804445287715,23.008299238267625,20.20910230116817,9.608323687392037,0.8024982098252464,16.469902167967042,9.003515377800548,4.195455212207735,3.2130002635712316,7.595964901975514,19.20004342617131,21.061106520679804,10.607805117432134,14.898103977240282,15.88398103092577,13.49420130035557,18.222135401474937,9.419910869118173,6.774140250817773,13.186443970330664,20.209102314463067,23.00829931945219
expAE02,VUW_PISM1_s1,/Volumes/CrucialX8/computing/data/antarctica/ismip6_hackathon/ComputedScalarsHelene/expAE02/shelfmelt/computed_shelfmelt_AIS_VUW_PISM1_s1_expAE02.nc,-7.7988709540926395,1.2862263508386722,4.715560908385986,1.5458157597950117,-9.415471751315053,0.7969909106896633,15.336703015092914,39.21754009166896,5.658714202790486,6.546364402307155,-11.793091532254131,186.80917698002978,1.573109460924923,0.417114655811531,,,,36.16651177522955,-2.8506595926322147,-1.8439685204636678,-2.197659464173551,-0.6122992574416467,1.5458154461250249,0.363600611141898,-10.758348382906131,39.2175419786877,15.336702752075412
expAE02,VUW_PISM1_s2,/Volumes/CrucialX8/computing/data/antarctica/ismip6_hackathon/ComputedScalarsHelene/expAE02/shelfmelt/computed_shelfmelt_AIS_VUW_PISM1_s2_expAE02.nc,10.850726600382465,7.235987494568154,9.559982708918543,8.80124275005044,13.197421976220923,7.4772751813926,21.6154585527298,21.7649351467954,9.570121640445581,0.8780238039233028,16.467139235843316,11.686696455660737,4.5267637198945225,3.0639931093722095,7.736325035594676,19.536527259887265,21.01960275763911,10.982366453837532,14.976730814483698,15.973648965390034,13.589144341754489,17.349486459499207,8.801242674683781,6.809565700323766,13.209986065823815,21.76493500145669,21.615458563355904
expAE02,VUW_PISM1_s3,/Volumes/CrucialX8/computing/data/antarctica/ismip6_hackathon/ComputedScalarsHelene/expAE02/shelfmelt/computed_shelfmelt_AIS_VUW_PISM1_s3_expAE02.nc,9.889661060067608,7.426763587301993,9.957107550859922,9.333354268124443,13.13071872099011,7.710894876983592,21.80556891365778,20.50674196509605,9.659736781730347,11.902666066437714,16.62545283245232,9.997125918706535,3.777168351245757,3.7321363108221743,7.481887064591001,19.58613979670588,21.19897063909712,10.607805117432134,15.123787180422834,15.71884821613976,13.705838000794005,17.782917582853397,9.333354197410442,6.915363155937379,13.20869508287651,20.5067433455875,21.80556885880603
expAE02,VUW_PISM1_s4,/Volumes/CrucialX8/computing/data/antarctica/ismip6_hackathon/ComputedScalarsHelene/expAE02/shelfmelt/computed_shelfmelt_AIS_VUW_PISM1_s4_expAE02.nc,10.749299234548488,7.278520893765013,9.570080895776218,9.178415455258966,13.219123859558305,7.595338257741958,22.317621250857094,18.651012803686463,9.610497693922675,0.8473209979838567,16.47533153367063,9.499313457542364,4.241777384048712,3.3784092659333966,7.718938620159009,19.538315047147204,20.82619001772158,10.607805117432134,15.021455951506677,16.051791924756408,13.593437027801523,18.16410884354868,9.178415297866849,6.817349211539906,13.234608306310841,18.65101297398169,22.317621110467943
expAE02,VUW_PISM2,/Volumes/CrucialX8/computing/data/antarctica/ismip6_hackathon/ComputedScalarsHelene/expAE02/shelfmelt/computed_shelfmelt_AIS_VUW_PISM2_expAE02.nc,9.772951147511233,7.293835570377373,9.042816436863976,10.174538560552225,17.541375736750588,7.547043595138889,17.37335374443824,16.442863656820453,9.613705097616892,1.2691704371907426,16.321054448711383,4.795220200654821,6.45002844085842,2.072577810120896,8.108332117632312,18.701509096387948,20.938032538523228,8.30354732049006,15.081851052916008,15.868334629537154,13.67408762937729,17.407139629122245,10.174538592937155,6.908346717262012,17.013037173389463,16.44286362146122,17.37335369971849
expAE02,VUW_PISM2_s1,/Volumes/CrucialX8/computing/data/antarctica/ismip6_hackathon/ComputedScalarsHelene/expAE02/shelfmelt/computed_shelfmelt_AIS_VUW_PISM2_s1_expAE02.nc,9.868855862882716,5.92778476636942,9.22500411666723,9.764268676075716,17.55986485683431,7.582173071841612,17.801156716892972,15.682153000515365,10.025383896264689,1.231206499691678,16.351669656650664,4.855005572154768,6.496152445229509,1.9721412621783623,7.881272237683141,18.159919655249748,21.95149285860183,4.750770889850848,15.056226085179677,15.879077382213165,13.551409222377245,17.24392764496712,9.764268789330634,6.927361099789188,17.03924242072604,15.68215310315753,17.801156663035922
expAE02,VUW_PISM2_s2,/Volumes/CrucialX8/computing/data/antarctica/ismip6_hackathon/ComputedScalarsHelene/expAE02/shelfmelt/computed_shelfmelt_AIS_VUW_PISM2_s2_expAE02.nc,9.54212161325772,7.27514468418446,8.777540290945344,8.961347100688721,17.450441814620877,7.4541040114405686,17.480126656118752,17.542051594566658,9.30342873350487,0.3330494611895585,16.299933371934934,7.409553691921909,6.022172704820941,3.0074959333563926,7.871625028708597,19.1596521992389,26.27394980077545,8.077555881430209,14.98666114439373,15.78573930687461,13.571531504057836,18.148954093950564,8.961347034913874,6.870164430336817,16.952836686674505,17.542051515721106,17.480126670725067
expAE02,VUW_PISM2_s3,/Volumes/CrucialX8/computing/data/antarctica/ismip6_hackathon/ComputedScalarsHelene/expAE02/shelfmelt/computed_shelfmelt_AIS_VUW_PISM2_s3_expAE02.nc,8.832160730712427,7.549898671603476,8.685809062437574,10.075891993316667,17.41354472748045,7.6902141282510525,16.90692746603764,16.760937235125787,9.690616959216557,1.2078948123718114,16.410262607834593,8.904388948042547,5.925586250735332,3.1858688865513813,7.9127188184747155,19.337196688357878,22.46243728717956,-4.100669527376487,14.991581942600853,15.802021538107347,13.631224819428386,17.245925085089986,10.075891909175228,7.129447925558865,16.981716915178254,16.76093727131739,16.90692749672343
expAE02,VUW_PISM2_s4,/Volumes/CrucialX8/computing/data/antarctica/ismip6_hackathon/ComputedScalarsHelene/expAE02/shelfmelt/computed_shelfmelt_AIS_VUW_PISM2_s4_expAE02.nc,10.062348605144033,7.328401358789585,8.772021580896663,9.980385009569822,17.57315542985333,7.6035310282444675,17.059135072986397,16.57049883251996,9.6604099891636,1.4796937882332266,16.31559233596739,8.592565073619076,6.193120142109467,3.428949922587676,8.219734566974807,18.911111120866856,22.771105834700965,7.135400845353467,15.103423959586044,10.709408620938976,13.684994098882282,17.641178088067914,9.980385041902714,6.945980678036412,17.028277239596314,16.570498791635366,17.05913499217467
expAE03,DC_ISSM,/Volumes/CrucialX8/computing/data/antarctica/ismip6_hackathon/ComputedScalarsHelene/expAE03/shelfmelt/computed_shelfmelt_AIS_DC_ISSM_expAE03.nc,4.231999227527457,2.902299814304697,5.336537164278177,7.5780950243247975,3.9308893949901966,3.4176872147646677,3.9498277616006807,6.132475616153344,3.642912731885665,2.744964634625553,3.871629799192609,1.6591228663368032,3.1541849843664815,4.481496057489634,3.1965738112089173,1.7381527584806655,1.86983572592566,4.168464824494715,3.6848593104776137,3.7903963722026286,3.798422648623142,0.8254587897986312,7.578095042139616,3.3573422523793686,4.032978202815048,6.132475616052573,3.9498277193033577
expAE03,DOE_MALI_4km,/Volumes/CrucialX8/computing/data/antarctica/ismip6_hackathon/ComputedScalarsHelene/expAE03/shelfmelt/computed_shelfmelt_AIS_DOE_MALI_4km_expAE03.nc,4.609561380960657,3.858686239466351,6.579527201722876,8.857322297783853,4.73671742211182,3.8819087584245464,6.187487898628557,7.5792972356265995,4.351950984899141,3.7133397480708235,4.938081210130808,3.693210040675901,3.9859937880723075,4.618141948014292,3.8904437708322126,2.1762942462478283,2.420792442172286,2.9997577721240423,5.519483443422603,4.606659594767245,4.806673916168236,3.701912000619124,8.857322146593377,4.048811569894742,4.9975580123083265,7.579297259000362,6.187488010703227
expAE03,DOE_MALI_8km_Ant95,/Volumes/CrucialX8/computing/data/antarctica/ismip6_hackathon/ComputedScalarsHelene/expAE03/shelfmelt/computed_shelfmelt_AIS_DOE_MALI_8km_Ant95_expAE03.nc,5.454626966328725,3.799487940815468,7.670012563747676,9.06495891003723,4.886758352532906,3.876607042804517,5.398035491854113,8.904852656169384,4.166006376526629,4.136665583653674,5.458165189124976,2.903714082149288,5.9515258510448525,7.711102159718169,4.494811536282713,2.5837988142784543,3.8186001769136086,1.2583645459143775,6.346724105518772,5.460025590659759,4.975146527382599,4.26844345040348,9.06495945654795,4.1321423461441755,5.6545241198699685,8.904852609918033,5.398035486178716
expAE03,DOE_MALI_8km_AntMean,/Volumes/CrucialX8/computing/data/antarctica/ismip6_hackathon/ComputedScalarsHelene/expAE03/shelfmelt/computed_shelfmelt_AIS_DOE_MALI_8km_AntMean_expAE03.nc,4.552563127424836,4.294112563780797,6.329973070311,8.956927159556614,5.404479650576527,4.514038425769566,4.692611550308585,8.357658616807052,4.807091719130137,3.9425082941958447,5.445785486575246,2.6235056208550698,5.045406396186025,6.449058135731761,3.6664038656353353,2.0398576335240333,3.279825721513549,2.1836683088943354,6.178781334007766,5.390422355266172,5.494082631216935,3.6039887790170253,8.956926808126088,4.6091184120786215,5.363450610002144,8.357658643801699,4.692611502263382
expAE03,IGE_ElmerIce,/Volumes/CrucialX8/computing/data/antarctica/ismip6_hackathon/ComputedScalarsHelene/expAE03/shelfmelt/computed_shelfmelt_AIS_IGE_ElmerIce_expAE03.nc,4.164264079952038,2.0285124789952897,3.9966377177731984,8.094363728568505,1.145434708365881,1.6773969395290624,16.24922066080792,8.91489263520387,4.4631591320303885,3.429129656577918,0.9402627449480095,-2.4194162671184314,7.594356587194939,5.010154472338533,9.442579112985621,-1.058292601794298,-0.4269664669730888,-1.0998825193210224,2.005876789537074,1.5146076718200356,2.6045474282196563,2.0139668756841345,8.094363831080136,1.9699621306934791,1.1327382947082996,8.914892572650217,16.24922072049932
expAE03,ILTS_SICOPOLIS,/Volumes/CrucialX8/computing/data/antarctica/ismip6_hackathon/ComputedScalarsHelene/expAE03/shelfmelt/computed_shelfmelt_AIS_ILTS_SICOPOLIS_expAE03.nc,6.744892791267237,4.185682390767272,6.316657038432076,11.276222982286363,5.489259562732166,3.8961974263850028,6.194256471534329,8.501013908371943,5.0266814736808385,4.620311072189936,4.944417346020556,5.296503716672974,4.525284671877649,7.317625526217458,4.095508959500327,1.8273398437777835,2.1612448615745388,2.780327454962916,6.013949750883676,5.256817838838074,5.30785208451981,2.7548508318976928,11.276222870261899,4.19901979705189,5.075236471104069,8.501013893038587,6.1942565116585016
expAE03,IMAU_UFEMISM1,/Volumes/CrucialX8/computing/data/antarctica/ismip6_hackathon/ComputedScalarsHelene/expAE03/shelfmelt/computed_shelfmelt_AIS_IMAU_UFEMISM1_expAE03.nc,-3.374423585258347,1.0598952223619007,1.7699886704502057,,2.688127618382519,0.13676604939952228,0.059264297079858023,0.09322637185409803,0.05526315229237878,0.0015209018296835283,1.870430724938007,-0.128935176031476,-0.007326366050771111,0.1280843949252332,0.17223448366426844,1.1506566703949965,0.8323019320491448,0.0,0.2454673956335657,0.6153733481081731,0.3332160003110576,0.35632532747445383,,0.3903390937470125,2.0919766773935042,0.09322637172775673,0.05926429704777091
expAE03,IMAU_UFEMISM2,/Volumes/CrucialX8/computing/data/antarctica/ismip6_hackathon/ComputedScalarsHelene/expAE03/shelfmelt/computed_shelfmelt_AIS_IMAU_UFEMISM2_expAE03.nc,-2.720445476822789,0.7144169690215777,3.8169715008475555,,3.134983440322995,0.21580204508905992,0.03506351031854037,0.09395146918495631,0.16041441873960868,-0.06123351407899298,2.5469647516286296,-0.15080599870568817,-0.007524059085941378,0.17358969444507216,0.14150857456089863,1.6966042084909123,1.6942380017060101,-0.1784167025310259,0.27428838139484996,0.5903384584575971,0.2115614941244608,0.40035766383459337,,0.6755140844355148,2.88982105084642,0.09395146917580234,0.035063511258528204
expAE03,IMAU_UFEMISM3,/Volumes/CrucialX8/computing/data/antarctica/ismip6_hackathon/ComputedScalarsHelene/expAE03/shelfmelt/computed_shelfmelt_AIS_IMAU_UFEMISM3_expAE03.nc,-0.8327220117839724,1.4714861792645253,3.577664130570586,,3.1870819282953806,0.2348912024148052,0.04730071074570256,0.12234642038475002,0.49083056604992614,0.6762777370567432,2.3919007175247344,-0.04655077911910517,-0.00755363745767299,0.17304426048398153,0.18192946564328014,1.0036424503007308,2.3925158085829143,0.09682405387867829,0.3652820465808321,0.9242148791010435,0.1880139834027285,0.3641342002046162,,0.8142853409852119,2.799347278951377,0.12234641950043411,0.04730071080747286
expAE03,IMAU_UFEMISM4,/Volumes/CrucialX8/computing/data/antarctica/ismip6_hackathon/ComputedScalarsHelene/expAE03/shelfmelt/computed_shelfmelt_AIS_IMAU_UFEMISM4_expAE03.nc,-2.235883137633132,1.2280736725925687,2.9156158742873615,,2.6962481125699456,0.17418368934253792,0.026753650079928887,0.1259117434462996,0.22070486785405966,0.4219634147220225,1.871997521245884,-0.023177598021276665,-0.0025796314409513464,0.1450019249413844,0.575861200382343,0.8733663446239741,1.9121233773834554,-0.020768628459187942,0.3604644691089429,0.9136861599412088,0.19917473107428085,0.3137102063733679,,0.6099326193802281,2.233347845411567,0.12591174361715787,0.026753650274743464
expAE03,LSCE_GRISLI2,/Volumes/CrucialX8/computing/data/antarctica/ismip6_hackathon/ComputedScalarsHelene/expAE03/shelfmelt/computed_shelfmelt_AIS_LSCE_GRISLI2_expAE03.nc,6.965494992484563,3.95339600982039,6.972247821363441,11.428347176835354,4.913938506403865,4.127613618822389,5.916746684892378,7.815426736113576,4.780337522228832,4.89860614937707,4.636062467243627,3.740063497631539,6.603406801811891,5.622599362990212,3.9401540781573585,1.700065921231536,2.759839745881713,4.750991586310345,5.460895569490716,5.2403486364707135,5.141435627505514,6.3061404025561005,11.428347140575983,4.115174063884402,4.774162146062922,7.815426784812335,5.916746697525198
expAE03,LSCE_GRISLI,/Volumes/CrucialX8/computing/data/antarctica/ismip6_hackathon/ComputedScalarsHelene/expAE03/shelfmelt/computed_shelfmelt_AIS_LSCE_GRISLI_expAE03.nc,5.853419428429408,3.976126196400287,6.548711952258561,11.805945721368946,4.808098192120354,4.405399508118908,4.1035317111576,7.565699236934236,4.88697486142969,5.038011944836981,4.865974985232154,4.030112030488758,6.488027367470369,6.499805795769569,3.8891580618224304,1.6197291797024436,2.3511294160523253,4.259388294159057,5.622604909563051,4.756535963974446,5.284743416912231,5.343445074551826,11.80594505539852,4.188227358964798,4.866157276949124,7.565699227814688,4.103531673379851
expAE03,NCAR_CISM1,/Volumes/CrucialX8/computing/data/antarctica/ismip6_hackathon/ComputedScalarsHelene/expAE03/shelfmelt/computed_shelfmelt_AIS_NCAR_CISM1_expAE03.nc,3.6575264008658266,3.574073579105155,5.19871559892791,2.9787079043491427,4.503757787774933,3.9168289478661675,4.302106349421845,0.007428087044667448,5.009839131483793,3.3552654538502353,4.475553288871267,3.255951586224947,1.4247433760943375,2.4060230056811047,3.203839409718898,1.685134824270291,1.9813186833652074,3.2427020010538286,3.736906709895106,3.8499035556389094,3.840315748364977,0.9897284189610855,2.978707993001585,3.840270852770925,4.595248218327185,0.007428086883954777,4.302106388231835
expAE03,NCAR_CISM2,/Volumes/CrucialX8/computing/data/antarctica/ismip6_hackathon/ComputedScalarsHelene/expAE03/shelfmelt/computed_shelfmelt_AIS_NCAR_CISM2_expAE03.nc,1.68281547659116,3.541945434320875,6.272159512749679,7.994845495235972,5.925223519788213,3.700212322302279,8.936568115338552,8.18599377473467,3.9530784334054294,4.095106625071811,5.761766163804988,2.009069985658144,3.3207365518805023,3.880272608451502,3.35242712035209,1.7699371895033316,1.9648227947995327,3.345340467624478,4.413691008381827,4.796155692351071,4.539136750562126,1.41821913659907,7.994845784304502,4.382427536358109,5.8367046308888835,8.18599377907594,8.93656812269825
expAE03,NORCE_CISM2-MAR364-ERA-t1,/Volumes/CrucialX8/computing/data/antarctica/ismip6_hackathon/ComputedScalarsHelene/expAE03/shelfmelt/computed_shelfmelt_AIS_NORCE_CISM2-MAR364-ERA-t1_expAE03.nc,4.087674138178254,1.9727137473516674,9.540363414619659,10.846302947151718,5.748700147300294,2.1536316305642718,6.883775155201185,10.324966079116143,3.0594412816832963,3.5725088163612893,5.710006958071872,3.076701384640214,1.025824765336699,3.351794720980786,3.6587488066739664,1.5571752971585129,1.7371608682307944,4.483307658576379,3.946750144345278,3.8071452065316866,4.2543824730140525,3.0533314904625204,10.84630307571862,2.16284133237753,5.9068573191497675,10.32496616038421,6.883775157748628
expAE03,NORCE_CISM3-MAR364-ERA-t1-local,/Volumes/CrucialX8/computing/data/antarctica/ismip6_hackathon/ComputedScalarsHelene/expAE03/shelfmelt/computed_shelfmelt_AIS_NORCE_CISM3-MAR364-ERA-t1-local_expAE03.nc,2.847610289772769,3.8565643034637067,3.622461746647674,3.5426565161477024,4.136626363840504,3.015333499786316,3.3140185823788384,3.049776445372364,3.5157097439339138,2.356013365007384,4.2207441289537515,1.4098616638908854,0.473644936712459,2.5108668159720877,2.4664815845570285,1.2152368922543222,1.5506292208324353,2.7007613113525792,3.2439612598696077,3.6546829992050247,3.1341426299217106,2.1133514732895,3.542656521402841,3.4162253978684793,4.102156380731876,3.0497764621669288,3.314018586681573
expAE03,NORCE_CISM3-MAR364-ERA-t1-nonlocal,/Volumes/CrucialX8/computing/data/antarctica/ismip6_hackathon/ComputedScalarsHelene/expAE03/shelfmelt/computed_shelfmelt_AIS_NORCE_CISM3-MAR364-ERA-t1-nonlocal_expAE03.nc,2.6851411055122174,3.689937326658856,4.139954976360535,4.937757953556334,4.411027043164318,4.043026267976784,3.6404753711013256,2.7699461712063296,4.231899788395099,2.9764987995202596,4.4946004563594295,2.088071119668398,0.49782884524424664,2.605176202538846,2.5160407610266846,1.0622258122996722,2.0449656581679245,2.2339265945055136,3.420734985827623,3.666826155459704,3.522431370884228,2.7256561263571406,4.937758050729144,3.6900455751486443,4.65111632944268,2.769946176281526,3.6404753843450965
expAE03,NORCE_CISM3-MAR364-ERA-t1,/Volumes/CrucialX8/computing/data/antarctica/ismip6_hackathon/ComputedScalarsHelene/expAE03/shelfmelt/computed_shelfmelt_AIS_NORCE_CISM3-MAR364-ERA-t1_expAE03.nc,3.1260809439955097,1.8533690056465926,6.790174777846248,9.345137430078738,4.169630640128781,1.8815570206419594,5.74715724503169,6.505388490894143,2.7464740466771023,3.217314975702551,4.514340300909284,1.3993197687016177,0.49775361853541567,2.772086163074076,2.911545439487165,0.7314209479824193,1.3901393648049654,2.8821976589067124,3.4622017539663204,3.0080135892820716,3.196782508201387,2.1358416777657294,9.345137467946596,2.042559020502621,4.238292845303737,6.50538846186082,5.747157201669181
expAE03,NORCE_CISM4-MAR364-ERA-t1-local,/Volumes/CrucialX8/computing/data/antarctica/ismip6_hackathon/ComputedScalarsHelene/expAE03/shelfmelt/computed_shelfmelt_AIS_NORCE_CISM4-MAR364-ERA-t1-local_expAE03.nc,1.3013341004029202,3.6978301982070647,2.9541250563825647,2.8187842983171127,3.953238338821346,3.10155842957648,1.6682826977224003,3.839998900272103,3.522308845727156,2.167241472877698,3.9256533920423315,1.2390923976104449,0.20258265747271414,1.7174562852406254,1.8535546613258658,0.8575564233541318,1.607368253165967,1.3211985428283874,2.885741195178599,3.2068256689982144,2.8436821701549984,0.9352518937203365,2.818784335009772,3.338360496173218,3.839821109876346,3.8399988891580104,1.6682827004640577
expAE03,NORCE_CISM4-MAR364-ERA-t1-nonlocal,/Volumes/CrucialX8/computing/data/antarctica/ismip6_hackathon/ComputedScalarsHelene/expAE03/shelfmelt/computed_shelfmelt_AIS_NORCE_CISM4-MAR364-ERA-t1-nonlocal_expAE03.nc,1.976643733456236,3.3680133406898327,2.934158283429267,3.2129649992706315,4.1049589821984105,3.90311608060354,2.0890613497008226,3.9806314710763644,4.516121785172318,2.6448846554097067,4.173396605087021,1.2535864883370986,0.1648502919460886,2.090438551567269,2.2599126500808526,1.032838653545019,1.8820450403199043,2.147385702737803,3.0854800887500575,3.270129585233515,3.3009939588544697,0.3812782209151815,3.2129650589924674,3.4629490347990646,4.328058509678957,3.9806314560766807,2.089061331259661
expAE03,NORCE_CISM4-MAR364-ERA-t1,/Volumes/CrucialX8/computing/data/antarctica/ismip6_hackathon/ComputedScalarsHelene/expAE03/shelfmelt/computed_shelfmelt_AIS_NORCE_CISM4-MAR364-ERA-t1_expAE03.nc,0.36486805929989957,1.4094816953206843,4.290835471467039,4.8094130154336305,2.827958955733091,1.5122697127893596,2.823512491936036,6.275101376304664,2.903902486894007,2.1118626508767866,3.264055783548162,1.2655107846743707,0.21330032745650784,1.8739576986823012,1.9038776054087299,0.7302943781378408,0.9249886947375527,1.0774934716082964,2.558546741097374,2.1742087048514818,2.5475685081333292,0.21450761732124876,4.809413007931326,1.767345061269852,2.9842966843471017,6.275101395483729,2.823512505948752
expAE03,NORCE_CISM4-MAR364-JRA-t1,/Volumes/CrucialX8/computing/data/antarctica/ismip6_hackathon/ComputedScalarsHelene/expAE03/shelfmelt/computed_shelfmelt_AIS_NORCE_CISM4-MAR364-JRA-t1_expAE03.nc,0.2900614205280101,1.4646116074415294,4.224992245202585,4.822846768696234,2.9082665631860376,1.4534064068701005,2.8263727051859857,6.292923758305668,2.8222291692011394,2.159586790133388,3.3411119671277585,0.7966292695934365,0.21780362327162697,2.0103516865773416,1.925525551514243,0.7370802551734826,0.9515228013204831,1.0675558999730757,2.5377737587241564,2.2554746414405002,2.6666378359400804,0.22946353649522486,4.822846758602113,1.589789648817824,3.063153511395252,6.29292377415063,2.826372730805575
expAE03,NORCE_CISM5-MAR364-ERA-t1-local,/Volumes/CrucialX8/computing/data/antarctica/ismip6_hackathon/ComputedScalarsHelene/expAE03/shelfmelt/computed_shelfmelt_AIS_NORCE_CISM5-MAR364-ERA-t1-local_expAE03.nc,-0.11983145135934341,3.5670783228484098,2.314613677992827,1.3299975389737746,3.817999613575578,2.801220804482606,0.49525273746777776,4.8995762140739405,2.8981237602891396,1.7285944165016278,3.589221354839112,1.1388432249970977,0.21549255390917316,0.8189145399744372,1.7292331601530164,0.6310985651541667,0.7491704909883771,0.18367895807679116,2.535616865027137,2.7577725113865723,2.564052268969374,0.22985293852729036,1.3299975747875388,3.1787715350549353,3.6437437906183217,4.8995762025351475,0.49525272625737493
expAE03,NORCE_CISM5-MAR364-ERA-t1-nonlocal,/Volumes/CrucialX8/computing/data/antarctica/ismip6_hackathon/ComputedScalarsHelene/expAE03/shelfmelt/computed_shelfmelt_AIS_NORCE_CISM5-MAR364-ERA-t1-nonlocal_expAE03.nc,0.12620521794084405,3.2843263995348524,1.8399609594346351,2.396211927853104,3.991255566264567,3.9936569300359657,0.43522768166024145,3.929633429898374,3.9212079959096338,2.4282708646076774,3.935301721202654,1.1127254461212621,0.2307758732330847,1.0351178839649622,1.8643514913718746,0.7298729260138771,1.0139064768470807,0.02883967980589073,2.7450686294158984,2.966244579004685,2.820786111872533,0.25022859753645393,2.3962119058720717,3.4732237846842353,4.10656296185536,3.9296335251037156,0.4352276674313787
expAE03,NORCE_CISM5-MAR364-ERA-t1,/Volumes/CrucialX8/computing/data/antarctica/ismip6_hackathon/ComputedScalarsHelene/expAE03/shelfmelt/computed_shelfmelt_AIS_NORCE_CISM5-MAR364-ERA-t1_expAE03.nc,0.4207997615714219,1.2288468338598473,2.051529728330163,2.363030654827501,2.094744532951626,1.4013333727833857,0.1631610473697261,3.5889201563126285,2.401670542029449,1.3444963654526707,2.344652855222991,1.0858747671143163,0.33171624442168696,0.961070896219342,1.1179687258396345,0.5755533864170436,0.5667745742947417,0.0013674034390979172,1.763559721777277,1.6097987308178712,1.8740482108837255,0.13427522445362705,2.363030652679707,1.4155619444426546,2.1750216508430977,3.5889201530838535,0.16316104514671728
expAE03,PIK_PISM,/Volumes/CrucialX8/computing/data/antarctica/ismip6_hackathon/ComputedScalarsHelene/expAE03/shelfmelt/computed_shelfmelt_AIS_PIK_PISM_expAE03.nc,4.86996890145355,1.5998968655540282,9.363192299141215,13.943676352416674,4.226284038347672,-0.537968410188123,13.218395449381704,11.392966214828842,19.910262738850445,16.10444670338855,1.783735657897307,5.447117357698315,7.390157969111969,12.365533861874143,7.474823498517508,-0.8368482257170511,-3.589595518404418,-2.0661057020371754,3.8519484071016956,3.8936393444341344,3.6900859008031897,1.9630747638401516,13.943676255332713,1.0068388201520582,2.4816458204996152,11.392966302681797,13.218395569244246
expAE03,UCM_Yelmo,/Volumes/CrucialX8/computing/data/antarctica/ismip6_hackathon/ComputedScalarsHelene/expAE03/shelfmelt/computed_shelfmelt_AIS_UCM_Yelmo_expAE03.nc,4.722495843327828,3.6917843169921256,4.801394036663769,5.991353933516406,4.166763165930078,3.7444203467027686,3.974067801120743,4.609194334889299,4.155548268612126,2.8484085242139403,4.270310659849705,1.8622968449690622,3.340462364489056,4.587327591759046,3.2024304430482258,0.8886386802308349,0.4585166457401202,4.04965420697068,3.896757947767615,3.8465009943280166,3.9142772469582146,4.0780229785887325,5.991353835894764,3.7583119288677134,4.249356662183085,4.609194280915438,3.9740677968825713
expAE03,UCSD_ISSM,/Volumes/CrucialX8/computing/data/antarctica/ismip6_hackathon/ComputedScalarsHelene/expAE03/shelfmelt/computed_shelfmelt_AIS_UCSD_ISSM_expAE03.nc,7.002504209337464,0.10707297130508771,5.699034366026861,4.979064649078155,0.06981767260002739,0.0418138256544212,11.953847866966528,7.809624139471469,0.9836145633618452,1.3004943056182996,-0.000600843842838479,1.5604589798954143,4.714857964863847,3.5731397434307666,1.4206936566107897,1.8140725937970739,0.9500921600013198,5.3530751574470665,1.7052293916655672,1.4464393776820785,1.181021035774905,2.9016256429165677,4.979064606003517,0.09718415702756293,0.041125061263622295,7.8096241421962,11.953847881361696
expAE03,ULB_fETISh-KoriBU1,/Volumes/CrucialX8/computing/data/antarctica/ismip6_hackathon/ComputedScalarsHelene/expAE03/shelfmelt/computed_shelfmelt_AIS_ULB_fETISh-KoriBU1_expAE03.nc,-1.1884269973870099,0.5077125777017243,2.639423461035801,5.062029689403384,2.7580014762258784,0.23860093201895555,7.864914235659667,5.512834043890228,8.620608365295844,7.4599518066128905,2.7512567926979705,2.7864472447571016,0.902742758372657,3.9921591829238783,8.277537274854739,3.1829512137809433,0.1811152792683967,0.9570077039578293,1.8119568469643559,1.3067071468195512,2.5622505691592017,1.4026193766759922,5.062029324047004,0.4136330972761756,2.7969007092525278,5.512834016007877,7.864914219962911
expAE03,ULB_fETISh-KoriBU2,/Volumes/CrucialX8/computing/data/antarctica/ismip6_hackathon/ComputedScalarsHelene/expAE03/shelfmelt/computed_shelfmelt_AIS_ULB_fETISh-KoriBU2_expAE03.nc,2.6779281856734984,3.355037997924691,2.9937261570938483,8.003040453245827,4.5269900513751,3.194641060868404,5.7028279472256145,7.218033626302089,5.047232978313635,4.479913975613091,4.458858560562615,1.494186116563539,0.8870286871732846,3.223782544907549,3.7054541658630975,1.2622351463118122,0.9374396259974527,0.7490913818968817,4.3227851877223875,4.304566529555811,4.390077589862974,0.08403010321965755,8.003040574991894,3.2608801965340937,4.495506156620318,7.218033603790049,5.702827973679602
expAE03,UNN_Ua,/Volumes/CrucialX8/computing/data/antarctica/ismip6_hackathon/ComputedScalarsHelene/expAE03/shelfmelt/computed_shelfmelt_AIS_UNN_Ua_expAE03.nc,3.7940882549493993,3.622893466811481,5.089532387311121,4.866169036997763,4.231926663493959,2.8377295954311132,5.4543507067200645,7.123428614446939,3.4114922234325076,2.462784077440086,4.07301728565214,1.1764938385595975,3.485977693929816,2.2267749192407256,2.4306927228595865,1.2214059236812536,1.449139634995685,1.2498907155873848,3.3683545013740517,3.656061600244042,3.47365716232627,1.2595174086093992,4.866169076050285,3.475312639260186,3.961119001102044,7.1234286905116155,5.454350714238792
expAE03,UTAS_ElmerIce,/Volumes/CrucialX8/computing/data/antarctica/ismip6_hackathon/ComputedScalarsHelene/expAE03/shelfmelt/computed_shelfmelt_AIS_UTAS_ElmerIce_expAE03.nc,3.257297446220277,3.3367717125534915,4.5811160044205215,7.221906112154117,4.261784519275124,2.7071501416434454,5.031150505303217,7.73646825035204,3.310656284197001,1.869199049244315,4.153436603453517,3.2134670724108125,3.0561573994251607,3.8026976941215263,2.766204164737824,1.8403866074239736,1.8691482599529228,-1.1892901727295482,3.8247523266405463,3.8277676437470434,3.754840269821254,2.048914120310588,7.221906053560651,3.1586442152457184,4.002318242064131,7.736468292658869,5.031150464476176
expAE03,VUB_AISMPALEO,/Volumes/CrucialX8/computing/data/antarctica/ismip6_hackathon/ComputedScalarsHelene/expAE03/shelfmelt/computed_shelfmelt_AIS_VUB_AISMPALEO_expAE03.nc,3.174945761300041,2.8683109748195994,2.7178124732256217,3.891848080489812,3.4101360098385074,3.285533203715051,1.3091802522173723,1.9886601144679577,2.8122393963607064,2.8028067249639874,3.2403267644148412,0.34982056164350245,0.2134166113768226,2.261378514148904,0.18749112252307742,2.291009660062177,6.904312032648327,,4.051362049380786,3.4071440920553164,4.078902058702223,4.844556832507551,3.8918480746579327,3.1534242801095385,3.371314604817243,1.9886601063554288,1.3091802521781297
expAE03,VUW_PISM1,/Volumes/CrucialX8/computing/data/antarctica/ismip6_hackathon/ComputedScalarsHelene/expAE03/shelfmelt/computed_shelfmelt_AIS_VUW_PISM1_expAE03.nc,14.43446830966222,11.860564329191556,12.069704910523038,15.72364074580776,20.60297620799925,-12.414904887110744,25.27639741675406,21.07912598189471,6.845636034681968,3.6452348177543197,16.901586809820657,6.927632870844939,8.182049662020889,3.915875620449903,24.361347680772518,-4.859574046825177,-0.6021064903689161,,23.882108383657116,16.89797304313756,26.759267415207812,-1.5864376710371437,15.723640820749125,11.771537059825091,20.114880226377483,21.07912600311293,25.276397341139205
expAE03,VUW_PISM1_s1,/Volumes/CrucialX8/computing/data/antarctica/ismip6_hackathon/ComputedScalarsHelene/expAE03/shelfmelt/computed_shelfmelt_AIS_VUW_PISM1_s1_expAE03.nc,15.133481396450001,12.024518281950948,12.322553892621311,16.809265157795807,14.502887853470401,-11.75026207633198,12.58054351998899,19.680953039971804,7.346481406652228,4.120910762158765,16.80884912421465,17.205223357548434,8.33398329191682,2.7676918405708792,27.906453098360195,-5.576294965579056,-1.0370077884464914,,24.816658769418794,17.06703652249073,28.91432166014319,-1.03609485075509,16.80926520495519,11.926051747376107,20.81799524471353,19.68095304203699,12.58054340128484
expAE03,VUW_PISM1_s2,/Volumes/CrucialX8/computing/data/antarctica/ismip6_hackathon/ComputedScalarsHelene/expAE03/shelfmelt/computed_shelfmelt_AIS_VUW_PISM1_s2_expAE03.nc,14.887943283580208,12.016459193737335,13.554293500294918,14.62551251011962,20.58553611201126,-12.153125437047866,22.96048524265089,22.218531038599796,6.687949624623077,3.8825510440858317,17.048340517271573,8.656963856184301,7.544993470814196,3.682316060134489,24.338833025098584,-3.9002811755804476,0.2807574221242445,,23.644371387108592,16.804759094455274,26.259124845718752,-1.5669077096770947,14.625512577682636,11.91706971850196,20.16657212636839,22.218530910934533,22.960485304280777
expAE03,VUW_PISM1_s3,/Volumes/CrucialX8/computing/data/antarctica/ismip6_hackathon/ComputedScalarsHelene/expAE03/shelfmelt/computed_shelfmelt_AIS_VUW_PISM1_s3_expAE03.nc,12.179761367107503,11.787284721852243,12.058349869633757,16.325551062177148,20.563035231794483,-11.997804418015177,26.207229479364305,21.291798384820382,7.280009823958307,3.6452348177543197,16.769293919384484,12.90536977306477,7.771066798095816,3.860699911228086,26.222980112830815,-5.163092460440806,-0.4113408709033621,,23.53030791726884,16.391300668338957,27.32441908728369,-0.6887834665097168,16.325551454169073,11.862038431521352,20.667529483348694,21.29179837989939,26.207229400030908
expAE03,VUW_PISM1_s4,/Volumes/CrucialX8/computing/data/antarctica/ismip6_hackathon/ComputedScalarsHelene/expAE03/shelfmelt/computed_shelfmelt_AIS_VUW_PISM1_s4_expAE03.nc,14.929946547259506,11.964465202281668,13.568341718242074,16.190677041783573,21.10362235609508,-12.535683731197047,24.849599918043708,19.350279300767408,7.0523187376157095,3.6452348177543197,16.953424067145853,8.25895612242138,7.673138062011029,3.4696003936205098,27.757810172766888,-5.160040629831258,-0.6922478479645201,,23.996956997066114,16.955124310151735,26.868617846576083,-1.7944557821700895,16.190677144204063,11.7985976902528,20.858150447649646,19.350279241285673,24.84959974572118
expAE03,VUW_PISM2,/Volumes/CrucialX8/computing/data/antarctica/ismip6_hackathon/ComputedScalarsHelene/expAE03/shelfmelt/computed_shelfmelt_AIS_VUW_PISM2_expAE03.nc,12.291635966138939,12.128365249897696,12.991825345834469,15.93796481697008,20.208092249842387,-11.766955732626375,22.0023414661343,19.629073472733765,6.246875898281878,4.499136860324607,16.722038452005766,13.79524536385398,9.70230530666506,4.493941369117845,25.93084240912003,-4.747147152670945,0.3518479503765537,,8.65943805775874,10.446204391566992,25.35540268180482,2.1699226987504368,15.937964769628746,12.286445196486389,20.351757010375447,19.629073542933433,22.002341503212794
expAE03,VUW_PISM2_s1,/Volumes/CrucialX8/computing/data/antarctica/ismip6_hackathon/ComputedScalarsHelene/expAE03/shelfmelt/computed_shelfmelt_AIS_VUW_PISM2_s1_expAE03.nc,12.170267886303973,12.16356432514701,12.90635077012895,16.102412940982962,14.644378006442167,-11.473523639257085,19.984488051390517,19.09849191057349,7.590264942382476,4.76664858361203,16.970250265192593,8.316073250224331,10.430742032461962,5.056781909758866,26.324486452391945,-5.3197870141759385,1.32413477470053,,8.895943780377067,10.273531910043321,28.042536013539838,2.8609330959291164,16.10241287050249,12.339443848741569,20.441115971452163,19.098491734568594,19.984488162459378
expAE03,VUW_PISM2_s2,/Volumes/CrucialX8/computing/data/antarctica/ismip6_hackathon/ComputedScalarsHelene/expAE03/shelfmelt/computed_shelfmelt_AIS_VUW_PISM2_s2_expAE03.nc,10.96154545669899,12.037574455365487,12.707303468979617,15.191143242116626,19.69925883118014,-11.747455120266089,20.710801603807504,19.83838369030979,5.965538489558549,4.57387913106808,16.485368254353922,13.087671366463342,9.110502723337428,3.868295195360448,25.668572381023797,-4.422009157647281,1.3133937726538643,,22.463967518156775,10.27878704925529,25.30059772280219,1.198046506125227,15.191143019399309,12.201469759203171,19.602195458248882,19.838383901428447,20.710801499917647
expAE03,VUW_PISM2_s3,/Volumes/CrucialX8/computing/data/antarctica/ismip6_hackathon/ComputedScalarsHelene/expAE03/shelfmelt/computed_shelfmelt_AIS_VUW_PISM2_s3_expAE03.nc,10.678901711551376,12.198483419864056,12.878742665388092,15.986835443916881,20.08451608919297,-11.295893491748293,21.085684831046514,19.517958433146163,6.665180716169803,4.785180429989323,16.73256708041196,13.331867129271298,9.43030343788076,4.096659075887932,25.1289104617637,-4.6212154311080615,-0.15465063572527815,,22.59985744640409,16.223009096489815,26.391855474902663,2.237192118592879,15.986835321713837,12.314416395354893,20.339852793688166,19.517958513278767,21.085685034790068
expAE03,VUW_PISM2_s4,/Volumes/CrucialX8/computing/data/antarctica/ismip6_hackathon/ComputedScalarsHelene/expAE03/shelfmelt/computed_shelfmelt_AIS_VUW_PISM2_s4_expAE03.nc,12.674156076088908,12.233189882278902,12.974324489556777,14.90412317559968,20.292906333195948,-11.387197636203455,20.262978144483338,19.19024881484987,6.809369160039437,4.720949344039173,16.85111693220415,15.792469432582601,9.30985238426977,4.5188064468243665,25.813784805961202,-4.542356708835209,0.26827573631744334,,8.876193706526252,10.527073538173685,25.868363917841634,2.2083357872386404,14.904123240850039,12.361192611487374,20.422861358430637,19.19024884882231,20.26297820610168
expAE04,DC_ISSM,/Volumes/CrucialX8/computing/data/antarctica/ismip6_hackathon/ComputedScalarsHelene/expAE04/shelfmelt/computed_shelfmelt_AIS_DC_ISSM_expAE04.nc,4.090538779565083,3.2655744013395402,4.886493215061469,7.434877879836997,4.714850043344413,3.852610676428468,4.829811814641432,6.447891998693096,3.9137087737191107,3.7450334318620677,4.996441254157902,2.3103079111464058,3.5687161475437033,4.857312056770997,3.2362293153681074,1.6153785544021961,2.099661149119167,1.2005213509772705,3.8975928274247993,3.963364681393672,3.9667847766591247,2.6222352648611587,7.434878264432981,3.689886794804066,4.909350716468725,6.447892015091221,4.8298118165870685
expAE04,DOE_MALI_4km,/Volumes/CrucialX8/computing/data/antarctica/ismip6_hackathon/ComputedScalarsHelene/expAE04/shelfmelt/computed_shelfmelt_AIS_DOE_MALI_4km_expAE04.nc,3.968429141823713,3.7909274834484394,7.03248918832146,8.833567530594577,5.881163802664023,4.300567244838993,6.056450093528006,8.502321176097507,4.753199256088889,4.39974788590418,6.544626040383222,4.255355682295687,6.438569119792642,5.362113720783296,3.6984742033079243,2.9449189575279413,2.1499351771764026,2.76147655867897,5.4020597679333715,4.889329845438418,5.8646247731124825,3.8978772484198307,8.8335672792086,4.49340379293879,6.265268751233598,8.502321084190234,6.056450108146043
expAE04,DOE_MALI_8km_Ant95,/Volumes/CrucialX8/computing/data/antarctica/ismip6_hackathon/ComputedScalarsHelene/expAE04/shelfmelt/computed_shelfmelt_AIS_DOE_MALI_8km_Ant95_expAE04.nc,4.542009778267371,4.699206871571619,8.410532111896353,7.7229957034383805,6.20453666712792,4.586306440104435,6.237274747926651,10.864185726634675,5.723099151309976,6.047957444151067,6.804725715443203,5.2414240286695515,6.71347505935262,6.768995655142749,4.577059509286321,3.2725990445374347,3.651127082655716,3.5723036337458116,5.778550152142559,5.250962653164825,5.732462464899259,4.580391770222459,7.72299613905734,4.814762230739608,6.847991027841411,10.864185699186685,6.237274794621037
expAE04,DOE_MALI_8km_AntMean,/Volumes/CrucialX8/computing/data/antarctica/ismip6_hackathon/ComputedScalarsHelene/expAE04/shelfmelt/computed_shelfmelt_AIS_DOE_MALI_8km_AntMean_expAE04.nc,4.672700233530089,4.690858429731002,6.386327033317024,6.3648236970604,6.521926376387134,4.814240016475902,5.313077983683165,8.75428407442105,4.451807820667587,4.261256666843653,6.645013568224332,4.738800387650732,5.532442100614582,5.830300382679512,3.7254302901909666,3.109631356599944,2.6526299394411375,3.510426586034221,6.555338608061725,5.2994167541258195,7.590595573889922,3.7105592961253664,6.364823395472914,5.011712037043955,7.278485203336673,8.754283948322055,5.313078050769759
expAE04,IGE_ElmerIce,/Volumes/CrucialX8/computing/data/antarctica/ismip6_hackathon/ComputedScalarsHelene/expAE04/shelfmelt/computed_shelfmelt_AIS_IGE_ElmerIce_expAE04.nc,0.8088308559158488,1.4513618662229093,2.487268589596288,1.9983226885290257,1.1043971673709543,1.0181583779756922,10.82302645847575,8.18629095632875,2.603666470486618,1.9076292313573697,1.159539932139167,14.029293450798777,3.0853956526984274,4.020643030619355,2.318562858357191,5.796487714120439,2.5253152631055036,1.4340940067867989,1.7810304279947882,1.4409529572652748,2.080306819866117,2.560760783367185,1.9983229284333528,1.289286047410146,1.1399883489348261,8.18629089153674,10.823026459428041
expAE04,ILTS_SICOPOLIS,/Volumes/CrucialX8/computing/data/antarctica/ismip6_hackathon/ComputedScalarsHelene/expAE04/shelfmelt/computed_shelfmelt_AIS_ILTS_SICOPOLIS_expAE04.nc,6.565827426984732,4.297994378016652,5.510298645498749,10.701308884732999,6.574888921853441,4.396821327422208,6.5163332049443685,9.32722069403372,4.8344623555750355,4.769584612700138,6.786060198704938,4.683193410357208,5.195621480595469,7.3557987452452345,3.9058961720832994,2.0819887512277475,2.7459671504443675,1.6587524950182972,5.9628469477961605,5.689915458257178,6.50249678935657,4.626362622582952,10.701308653860833,4.50652238544635,6.653124797411411,9.327220693256654,6.5163331979458246
expAE04,IMAU_UFEMISM1,/Volumes/CrucialX8/computing/data/antarctica/ismip6_hackathon/ComputedScalarsHelene/expAE04/shelfmelt/computed_shelfmelt_AIS_IMAU_UFEMISM1_expAE04.nc,-0.2764833366549156,1.424152895921574,-0.2621424624586505,,3.3596513639615595,0.4929345256227566,0.05718959113145945,0.09229623579581674,0.41175220672636537,0.1416839044203475,1.2533037538241307,-0.01185005983349412,0.01606729858702206,-0.10580084353989255,-0.13934617050358034,0.7139660224905252,0.34965781765029796,0.0,0.015075984800716232,0.967690922107695,0.6298496249390387,-0.05148575711627344,,1.1192051856299128,1.9158373373956694,0.09229623590800373,0.057189590230637
expAE04,IMAU_UFEMISM2,/Volumes/CrucialX8/computing/data/antarctica/ismip6_hackathon/ComputedScalarsHelene/expAE04/shelfmelt/computed_shelfmelt_AIS_IMAU_UFEMISM2_expAE04.nc,-0.3665654685588187,1.5331463293919518,-0.6089984062867907,,3.1546581436013432,0.5456234964641437,0.05181693435811022,0.08878911097884767,0.4124597754030882,0.30016278795887913,1.2436351811035944,-0.010861415554143775,0.013919059923598053,-0.11083432058778296,-0.09653105594417029,1.4642620112752973,-0.634871407779835,-0.02707162570108064,1.1792240888143235,0.9508365130792085,0.6288529601879983,-0.15987344263484457,,1.2046523021728641,1.7104897426282264,0.08878911125012846,0.05181693434391453
expAE04,IMAU_UFEMISM3,/Volumes/CrucialX8/computing/data/antarctica/ismip6_hackathon/ComputedScalarsHelene/expAE04/shelfmelt/computed_shelfmelt_AIS_IMAU_UFEMISM3_expAE04.nc,0.7661449075652035,1.5364893730889193,0.20543907413916604,,5.122347315000044,0.48329782467155163,0.07045247966964532,0.09816271288279467,0.6069563547414863,0.23079023181617536,1.973493748860703,-0.010313986780002725,0.020782945047598162,-0.07601188501496765,1.6397801693726861,-0.2542378183394619,3.6675679746408956,-0.2651979923770296,1.3434288065246607,1.427363965125599,0.7850614304880009,0.014964125909384587,,1.089516250497362,2.9780450852032856,0.09816271339841688,0.07045247925924934
expAE04,IMAU_UFEMISM4,/Volumes/CrucialX8/computing/data/antarctica/ismip6_hackathon/ComputedScalarsHelene/expAE04/shelfmelt/computed_shelfmelt_AIS_IMAU_UFEMISM4_expAE04.nc,0.5321871561121531,1.711486062354029,0.08406778979893861,,4.935472134490954,0.49435594006562356,0.051959267527993784,0.10121141516746085,0.7589409254237292,0.17352233810934456,1.9629713312926995,0.007949925139036433,0.01842184099510661,-0.0705678530956174,1.5190861356017173,-0.2242075952938453,3.087837407620011,-0.2554697564016857,1.2680457806576166,1.3196164394807617,0.7626372530545652,-0.014065878253298933,,1.1375998012771262,2.909393733688529,0.10121141385810847,0.05195926752914528
expAE04,LSCE_GRISLI2,/Volumes/CrucialX8/computing/data/antarctica/ismip6_hackathon/ComputedScalarsHelene/expAE04/shelfmelt/computed_shelfmelt_AIS_LSCE_GRISLI2_expAE04.nc,6.49907166095571,3.847842392693049,7.213701650054432,10.797692849865676,5.929934032785172,3.0181269858618327,6.334127476628987,8.355725927754678,4.209043349695805,4.324185537173281,5.708558163501355,4.150879962157634,7.490181744032078,6.70549215360316,3.8444281716230555,4.703415920144723,3.4891442714407948,4.515449922725452,6.072768133493583,5.651512908754372,5.546124454264626,4.077626393164946,10.797692798329827,3.0289747407064356,5.988443218934295,8.355726033281567,6.334127543489194
expAE04,LSCE_GRISLI,/Volumes/CrucialX8/computing/data/antarctica/ismip6_hackathon/ComputedScalarsHelene/expAE04/shelfmelt/computed_shelfmelt_AIS_LSCE_GRISLI_expAE04.nc,5.969487941655165,4.006109088596136,6.331255274688453,10.886522505288958,5.994358026463254,3.0987678544874457,6.004449221806962,8.097865044696537,5.904098144467754,4.382775806071252,5.864781139359236,4.420149995385391,7.154130163441953,7.181260927288888,3.7963181651140503,4.1009021972883675,3.443115546726555,4.097102758521219,5.748623193821711,5.754988518120033,5.415662747898996,4.0427430927776635,10.886522623045478,3.093921181082838,6.061092976897199,8.097865073764424,6.004449187537105
expAE04,NCAR_CISM1,/Volumes/CrucialX8/computing/data/antarctica/ismip6_hackathon/ComputedScalarsHelene/expAE04/shelfmelt/computed_shelfmelt_AIS_NCAR_CISM1_expAE04.nc,1.9753758934834156,3.599366993315373,5.201388645450358,4.125164994341651,5.68902472781221,4.283580295219606,3.76299980506831,0.003004880155807017,4.799696548025531,3.6185348325409623,5.709536679243051,3.195198777068905,2.166080728915175,3.504670773325524,3.2621478031829247,1.9942899710066446,2.7579443723661936,1.4988157597273355,4.110831569679849,4.379859763185884,4.068600774309154,1.9339329212780934,4.125165139031252,4.164454939284168,5.898493320292362,0.0030048801766130334,3.7629997573541383
expAE04,NCAR_CISM2,/Volumes/CrucialX8/computing/data/antarctica/ismip6_hackathon/ComputedScalarsHelene/expAE04/shelfmelt/computed_shelfmelt_AIS_NCAR_CISM2_expAE04.nc,3.278096128157872,5.731886965642516,5.054819248766696,6.5520821285794195,7.027407100843705,3.9815691728014553,6.4536905827193465,6.231701473054989,5.3784219921402014,4.849772606945063,8.33817849363386,4.505892385911379,2.9526657735288375,3.9315120385521714,3.7873276929165267,1.4716391731673506,2.4955200512193647,2.43957489864838,4.948478741997517,5.75858139979501,5.852038717595527,2.136191851101662,6.552082139776517,5.177489352109876,7.853291540660936,6.231701434405868,6.4536906499396505
expAE04,NORCE_CISM2-MAR364-ERA-t1,/Volumes/CrucialX8/computing/data/antarctica/ismip6_hackathon/ComputedScalarsHelene/expAE04/shelfmelt/computed_shelfmelt_AIS_NORCE_CISM2-MAR364-ERA-t1_expAE04.nc,2.4403578898561853,1.480137105736612,7.842500559622388,10.609081433625699,8.236608922739702,2.6812127011153426,9.19903914117848,11.349265224304338,7.996037246251717,3.663341823667909,8.636278025823387,4.707742667171352,1.0141059424984658,4.296739855794732,3.4594645440792737,2.4816642414916923,2.2070086289577695,3.9322618566472882,4.382841587739112,4.898096154285746,4.6595127063731665,2.696426797541126,10.609081345895923,2.117078306591478,8.65381110132274,11.349265186820109,9.19903915441561
expAE04,NORCE_CISM3-MAR364-ERA-t1-local,/Volumes/CrucialX8/computing/data/antarctica/ismip6_hackathon/ComputedScalarsHelene/expAE04/shelfmelt/computed_shelfmelt_AIS_NORCE_CISM3-MAR364-ERA-t1-local_expAE04.nc,2.8644530893795426,3.826847340964641,2.538788714478432,3.3687417670097446,5.267798547207438,3.362916281653442,2.8247984477076424,2.619018709945728,3.164183662158491,2.1844100388902614,4.821500878010005,2.0823778582427637,0.5679465161598268,2.4688887991679596,2.4512217973209105,0.21458928893572704,2.0151038347442642,2.671601316856797,3.6028943518667904,4.075592094409519,3.3130423291471325,1.9818948920281814,3.3687418440235763,3.5664896012214427,5.173532508211151,2.619018701850223,2.8247984811898483
expAE04,NORCE_CISM3-MAR364-ERA-t1-nonlocal,/Volumes/CrucialX8/computing/data/antarctica/ismip6_hackathon/ComputedScalarsHelene/expAE04/shelfmelt/computed_shelfmelt_AIS_NORCE_CISM3-MAR364-ERA-t1-nonlocal_expAE04.nc,2.391456178376936,3.8226029096567133,3.5549207259395468,4.260947816728505,5.275543105450665,4.395861862725217,3.3028954214477344,3.0853543745784884,3.8983505440206723,2.839404463117901,5.42498888523284,2.262113451078643,0.6348729278716263,2.7381309643986387,2.6271311435687585,-0.003911953869665145,2.035388841477119,2.9764463614350762,3.594710486666233,3.9334721291168453,3.4884251063498963,1.7660652490552586,4.26094783567164,4.047408789772714,5.422051782151387,3.0853543612426675,3.302895457791259
expAE04,NORCE_CISM3-MAR364-ERA-t1,/Volumes/CrucialX8/computing/data/antarctica/ismip6_hackathon/ComputedScalarsHelene/expAE04/shelfmelt/computed_shelfmelt_AIS_NORCE_CISM3-MAR364-ERA-t1_expAE04.nc,2.1200556378254154,1.4330462691633477,5.9576941172921405,7.780132248536939,4.831892910790134,2.4986993972176634,5.99140593162991,6.890747528978719,5.979842082895677,2.8778212907955716,6.245148809106064,2.9945750441962455,0.21375340866036135,3.413769220992142,2.496797446955401,0.8031953928168253,1.51785672953323,2.7677810122181783,4.08772982456205,4.894533850495729,5.51921408086617,1.9300913436385694,7.780132208745231,1.9720673058812836,5.466242015865542,6.890747490147249,5.991405939175229
expAE04,NORCE_CISM4-MAR364-ERA-t1-local,/Volumes/CrucialX8/computing/data/antarctica/ismip6_hackathon/ComputedScalarsHelene/expAE04/shelfmelt/computed_shelfmelt_AIS_NORCE_CISM4-MAR364-ERA-t1-local_expAE04.nc,1.565423058815575,3.5368030825915264,2.42880328501715,2.5659742057473083,4.9936736879511,3.458700368101683,1.4282059814780252,3.1519734809796156,3.299320309340721,2.4466134136779867,4.536137572065435,0.9758735262565913,0.15670431468715063,2.111965947394984,2.2054131719779195,0.3868046274547677,2.0288809738681226,0.8850584277983322,3.161144361357889,3.6811741421934605,2.9974708781372623,1.0998313871341865,2.565974181283075,3.4698963626534307,4.852813889597741,3.151973495740585,1.428205982819855
expAE04,NORCE_CISM4-MAR364-ERA-t1-nonlocal,/Volumes/CrucialX8/computing/data/antarctica/ismip6_hackathon/ComputedScalarsHelene/expAE04/shelfmelt/computed_shelfmelt_AIS_NORCE_CISM4-MAR364-ERA-t1-nonlocal_expAE04.nc,1.7916999272608853,3.601773938799415,2.791234064160471,3.4419204029168124,5.033590790077506,4.311721538138999,1.785747740627348,3.516489716032125,3.438270600197859,2.7014221723891563,4.879849247436784,1.0733575192288316,0.16183266672472776,2.2211567283507025,2.4621383220682422,0.2539533887983846,1.7579098833614613,0.9139340040633801,3.1339909987638497,3.512165054180519,3.059177582417866,1.1331770013383968,3.441920391100396,3.798582499165172,5.172293800522995,3.5164897048818555,1.7857478170952747
expAE04,NORCE_CISM4-MAR364-ERA-t1,/Volumes/CrucialX8/computing/data/antarctica/ismip6_hackathon/ComputedScalarsHelene/expAE04/shelfmelt/computed_shelfmelt_AIS_NORCE_CISM4-MAR364-ERA-t1_expAE04.nc,0.9955173484323018,1.3162848481645946,3.3734361560320436,3.7177019049621163,3.3198607821773494,2.1528413474091126,2.611614037861591,5.604385691101668,4.614510122879812,2.184464345343047,4.360467859164982,1.3525113416871295,0.1183815859860233,1.9230564438096829,1.7995077895935343,0.4312885010154581,0.34212004823828646,1.0189556126125414,3.48226450529492,3.7602061388210317,3.9381418640752313,0.8008877255256983,3.7177019171866323,1.664374996835308,3.7429897646618624,5.604385653788565,2.6116139963722036
expAE04,NORCE_CISM4-MAR364-JRA-t1,/Volumes/CrucialX8/computing/data/antarctica/ismip6_hackathon/ComputedScalarsHelene/expAE04/shelfmelt/computed_shelfmelt_AIS_NORCE_CISM4-MAR364-JRA-t1_expAE04.nc,0.9741161524708459,1.3357380950204616,3.313905718926137,3.7413430466487445,3.3969118601774544,1.9758439485458243,2.6159336777933047,5.555868472404273,4.626080573002247,2.1523449135713726,4.4937739429044825,1.2386999026123615,0.1130163621536357,2.126456947446408,1.784043296943549,0.41482432170852707,0.8023417532272711,1.0066447933107827,3.4841162318794856,3.8439108267197684,3.9836598569950965,0.8039058660098127,3.741343071901606,1.618228685816916,3.842805880615777,5.555868504456374,2.61593370923568
expAE04,NORCE_CISM5-MAR364-ERA-t1-local,/Volumes/CrucialX8/computing/data/antarctica/ismip6_hackathon/ComputedScalarsHelene/expAE04/shelfmelt/computed_shelfmelt_AIS_NORCE_CISM5-MAR364-ERA-t1-local_expAE04.nc,0.1963881831862989,3.3003692061427605,1.9440822593545097,1.3950729076069148,4.568508587469533,3.242447808589427,0.43431797282770185,2.5250259966850557,2.6775372368228414,2.274498399332312,4.749663991315814,0.5735199389689615,0.06766782927533471,1.3535230768940139,2.0367141942381575,0.14919583357186128,0.013810580705404288,0.29599958159536316,2.5545742605772053,3.015791334489416,2.460799414753554,0.03177551041590052,1.3950729020540162,3.445233910796461,4.753510065194635,2.5250260068405894,0.4343179821222814
expAE04,NORCE_CISM5-MAR364-ERA-t1-nonlocal,/Volumes/CrucialX8/computing/data/antarctica/ismip6_hackathon/ComputedScalarsHelene/expAE04/shelfmelt/computed_shelfmelt_AIS_NORCE_CISM5-MAR364-ERA-t1-nonlocal_expAE04.nc,0.11094108948629866,3.2756891165557236,1.7967592090465472,2.1544922506415074,4.744477620804884,4.331302053317266,0.34819888249054637,2.8585415554896403,2.509617780523047,2.4748862226596753,4.503046298327654,0.6647388139008579,0.11116542545960281,1.262024353045547,2.2321710147880096,0.311082154919639,0.6122977098175916,0.16060254428042214,2.472598530023446,2.984246266508207,2.3700812793134025,0.4279014417420708,2.154492255094413,3.687439245065205,4.688138771381164,2.8585415394001124,0.34819889879210775
expAE04,NORCE_CISM5-MAR364-ERA-t1,/Volumes/CrucialX8/computing/data/antarctica/ismip6_hackathon/ComputedScalarsHelene/expAE04/shelfmelt/computed_shelfmelt_AIS_NORCE_CISM5-MAR364-ERA-t1_expAE04.nc,0.27097599286690055,1.1996922408431299,1.6318183251422207,2.7558900405992954,2.5081585981771375,1.6270941739355083,-0.04875772480926169,2.83881744685352,2.4298817542645548,1.370366740419003,3.080142059088228,0.645915552519535,0.27265695659271083,1.4435541947145516,1.051758675045188,0.3732178720769173,-0.1089012197611055,0.2089145588243717,2.2908691664198066,2.781402871958353,2.179786543938823,0.30681494112618485,2.7558900726541093,1.3603223335533134,2.7254073368685563,2.8388174124978747,-0.048757717415996875
expAE04,PIK_PISM,/Volumes/CrucialX8/computing/data/antarctica/ismip6_hackathon/ComputedScalarsHelene/expAE04/shelfmelt/computed_shelfmelt_AIS_PIK_PISM_expAE04.nc,1.4580155627776885,1.6173680484309931,4.861081371488737,4.006809027599773,1.614129398563783,1.7077421918638989,10.879441714794616,11.710828009936732,10.511000310162451,6.433030994710323,1.226087190483952,9.39839679654922,5.159010497445197,10.436678835397469,6.392949858170691,2.947568092269496,2.260314364704106,1.229480899303497,2.1515563086720055,1.7137157568875034,2.889982641401334,4.5555637905683115,4.006809165588177,1.3230489000863934,1.519009499328388,11.710828010138703,10.879441787998484
expAE04,UCM_Yelmo,/Volumes/CrucialX8/computing/data/antarctica/ismip6_hackathon/ComputedScalarsHelene/expAE04/shelfmelt/computed_shelfmelt_AIS_UCM_Yelmo_expAE04.nc,4.089223122713712,3.897830273429098,4.685090989032231,5.400792606092137,5.053386434891005,4.184179464050379,4.486704569117975,4.329923282159156,4.447836646272463,3.9018583812564627,5.162632465355244,1.9690769865354623,4.28495516040938,4.392934326349361,3.6504339125321508,1.1446918291251005,1.5194872651666202,3.9655744450823844,4.41425188086781,4.35015928613693,4.475808388882408,2.773219572311886,5.400792614074831,4.112218247013417,5.249795352543718,4.329923258932901,4.486704632381808
expAE04,UCSD_ISSM,/Volumes/CrucialX8/computing/data/antarctica/ismip6_hackathon/ComputedScalarsHelene/expAE04/shelfmelt/computed_shelfmelt_AIS_UCSD_ISSM_expAE04.nc,3.6195368341777687,0.07797923308968328,3.865915099754183,1.3788563091755124,0.11025264383031501,0.06740381739126228,3.923289632361173,3.471465557697094,0.29425429091964417,0.03808257511956322,0.10092203810055884,2.2068271775358674,0.28958397054873086,1.343507823809463,0.3629363226638663,0.47494746696770435,0.15741364911287448,1.9006850224680312,0.5360919335989787,0.7174200004937022,0.3664847229462906,0.9621035056241896,1.3788565069330003,0.08355117763860537,0.10813641928886088,3.471465640459541,3.9232896334914575
expAE04,ULB_fETISh-KoriBU1,/Volumes/CrucialX8/computing/data/antarctica/ismip6_hackathon/ComputedScalarsHelene/expAE04/shelfmelt/computed_shelfmelt_AIS_ULB_fETISh-KoriBU1_expAE04.nc,-0.6888208455903164,0.6393945203748101,0.6052015444868394,2.1286166139555878,1.3926256895942946,0.45864729419141104,4.621455073355864,3.2026526412809213,2.011369291980629,1.9155119383631694,1.4474375308708087,1.2495420828251238,0.45125417626641856,4.259711503247395,2.7236914080614523,3.6543708129253734,0.47649113868236964,0.41560804906100596,1.3392385546736356,1.2341253389719808,1.7277776481217997,0.6122050935017006,2.128616435479266,0.5858303032009196,1.456232986449446,3.2026526045766674,4.621455040210047
expAE04,ULB_fETISh-KoriBU2,/Volumes/CrucialX8/computing/data/antarctica/ismip6_hackathon/ComputedScalarsHelene/expAE04/shelfmelt/computed_shelfmelt_AIS_ULB_fETISh-KoriBU2_expAE04.nc,3.147422174769027,3.740997768260026,3.420182292525783,6.800392167413456,4.974083793318757,4.004962404383053,4.113557782564555,5.37288927467043,4.888163852096081,3.859347379061704,5.774276365039855,1.197877077995045,0.5771493769679322,3.7741220654810648,3.831801524701125,1.9686121483665766,0.5259075657702253,0.6916243513288287,3.4831662387518807,4.014087051482555,3.818121541116075,0.5770045705417147,6.800392139957201,3.836544678939664,5.366214033405348,5.372889256887317,4.113557821926304
expAE04,UNN_Ua,/Volumes/CrucialX8/computing/data/antarctica/ismip6_hackathon/ComputedScalarsHelene/expAE04/shelfmelt/computed_shelfmelt_AIS_UNN_Ua_expAE04.nc,3.6750969656059116,3.2140248004324254,4.772798214333068,3.61403264303272,5.213345434373285,2.785792550510477,4.87483951510469,6.559710839553665,3.9711707799510343,2.6568550728404743,4.863396823715851,1.8122098341455226,2.8734760042188183,3.114093229361659,2.9956169559949863,1.0877148166556443,2.3554179622046574,1.4069479392615614,4.072399310061711,4.450266261987924,3.824551388664042,1.7154069450579237,3.614032587285666,3.297669708797603,5.081323981714692,6.559710838024147,4.8748395393035935
expAE04,UTAS_ElmerIce,/Volumes/CrucialX8/computing/data/antarctica/ismip6_hackathon/ComputedScalarsHelene/expAE04/shelfmelt/computed_shelfmelt_AIS_UTAS_ElmerIce_expAE04.nc,3.3296846943270912,3.270352291489842,4.938669813831912,6.270721698966687,5.353884945001697,3.0047428945840458,5.151885790158721,7.0242489875265335,3.8391297990630595,2.7556918760859817,4.577588199771712,4.179139437171206,4.4138415176365475,3.633008832876943,2.6984390568654466,1.769798775493601,1.5606542678734205,4.214927356518501,4.37568344836399,4.503381479873633,4.147296728696799,2.8903520427287073,6.27072139318691,3.328538314428046,4.735199406719456,7.02424889931171,5.1518857846030635
expAE04,VUB_AISMPALEO,/Volumes/CrucialX8/computing/data/antarctica/ismip6_hackathon/ComputedScalarsHelene/expAE04/shelfmelt/computed_shelfmelt_AIS_VUB_AISMPALEO_expAE04.nc,3.0733010842965847,3.452548259715232,3.9449562747310525,2.9681404257259536,4.7499752134422355,4.626142186905809,1.3942559505128462,3.3912005413918895,3.5023297206018436,3.366561142686052,4.335218845399444,0.5117038412293475,2.9426748501973488,1.5051373042944287,0.20489541168905107,1.6784827411695213,3.1944286109039317,,5.2024638181918315,5.835162991419053,4.462582095275058,3.0364681577768304,2.968140400053069,3.820294924041799,4.774942529682352,3.3912005692320206,1.3942559573817048
expAE04,VUW_PISM1,/Volumes/CrucialX8/computing/data/antarctica/ismip6_hackathon/ComputedScalarsHelene/expAE04/shelfmelt/computed_shelfmelt_AIS_VUW_PISM1_expAE04.nc,6.360595172676121,10.520504635083542,7.7820734920006585,6.928057904926609,3.2729482203593085,11.204712854771707,18.20640524981227,17.214628278186655,8.633750996648775,2.4790423888065543,10.076848187088245,13.33461520719023,3.5064812700660752,4.337693050130063,9.994437635008037,2.1481496245193448,8.156044323547766,,19.965662728739478,7.914229055594921,15.729319681547912,9.197159282263037,6.928057938471041,8.463660657766663,7.7378479451962034,17.21462832811327,18.206405229531114
expAE04,VUW_PISM1_s1,/Volumes/CrucialX8/computing/data/antarctica/ismip6_hackathon/ComputedScalarsHelene/expAE04/shelfmelt/computed_shelfmelt_AIS_VUW_PISM1_s1_expAE04.nc,6.556181627089076,10.583644193510137,8.175998058312906,7.227897749790056,3.291033694514072,11.314180107577018,18.105835142047123,17.616654831731662,8.975094268136731,2.6499264613963467,10.243761212938573,13.831109652997766,3.29206852722848,1.7272897998983467,9.929079865560546,2.645577300981596,8.23149672612637,,20.228184597978064,8.082530727754126,15.47949144452842,8.394028200902568,7.227897876939491,8.497661136478735,7.843815437970906,17.616654789562958,18.105835218484852
expAE04,VUW_PISM1_s2,/Volumes/CrucialX8/computing/data/antarctica/ismip6_hackathon/ComputedScalarsHelene/expAE04/shelfmelt/computed_shelfmelt_AIS_VUW_PISM1_s2_expAE04.nc,6.462679866208782,10.470590480926758,7.6937432745465815,7.001708592639573,3.407348056186841,11.169971489406782,20.0900079069605,18.19783313099335,8.472563368180094,2.4606768387992637,10.229358100011451,13.145193134545485,3.384301325400214,4.166401120522388,5.120638600313715,2.5487003660137546,8.204134706079955,,19.900895359746713,7.629344112356345,15.69284888441562,8.275168501359923,7.001708749254164,8.477868535071904,7.897363110061993,18.197832971746358,20.090007822243187
expAE04,VUW_PISM1_s3,/Volumes/CrucialX8/computing/data/antarctica/ismip6_hackathon/ComputedScalarsHelene/expAE04/shelfmelt/computed_shelfmelt_AIS_VUW_PISM1_s3_expAE04.nc,6.100285243407803,10.53812136126705,8.090411815370457,6.815331365304128,4.068508920885803,11.12304591709787,20.759645392468556,18.24601022230212,8.663277169892808,2.4790423888065543,10.203597406811978,12.4707883222059,3.260249721622944,2.0910231901787872,5.215213794547827,1.9901728017951978,8.156044323547766,,19.84309297377493,7.824644961358231,15.571066003815835,9.197159282263037,6.815331304796215,8.41609246799228,8.080847985079057,18.24601009494255,20.759645365751624
expAE04,VUW_PISM1_s4,/Volumes/CrucialX8/computing/data/antarctica/ismip6_hackathon/ComputedScalarsHelene/expAE04/shelfmelt/computed_shelfmelt_AIS_VUW_PISM1_s4_expAE04.nc,6.58783544322688,10.546328672915749,7.940228362284953,7.007621038054836,3.306232084815119,11.288926225725566,19.126851348580185,17.19260916227919,8.667175591756116,2.4790423888065543,10.13972517022436,13.651155073084963,3.5045129007528786,3.818237448244005,5.055874851187515,2.8066886554729122,8.156044323547766,,19.928978691002186,8.037647950534692,15.668248489642258,9.197159282263037,7.007620828149442,8.54588342304036,7.804580802530826,17.192609139657225,19.126851289796054
expAE04,VUW_PISM2,/Volumes/CrucialX8/computing/data/antarctica/ismip6_hackathon/ComputedScalarsHelene/expAE04/shelfmelt/computed_shelfmelt_AIS_VUW_PISM2_expAE04.nc,6.7176865694256165,10.405588758537574,7.063172533974651,8.378974955101802,5.501263112483308,10.992342832988976,16.58201955791468,14.867009526877808,8.753564910597476,-0.32366233549726686,9.974801076746008,12.995914651464911,5.285762773186479,3.1907780059777875,11.395231447104829,2.759971185243909,8.113754056491132,,19.97905608954639,8.48527833672602,16.15973227986951,8.307681397532967,8.378975047613853,8.67189718998169,8.779946601350213,14.86700946211331,16.582019557229692
expAE04,VUW_PISM2_s1,/Volumes/CrucialX8/computing/data/antarctica/ismip6_hackathon/ComputedScalarsHelene/expAE04/shelfmelt/computed_shelfmelt_AIS_VUW_PISM2_s1_expAE04.nc,6.79625311131175,10.431641380721604,7.366167503275536,6.873479333231552,5.81369514385652,10.940712544783729,16.731294169653186,15.795034344680493,8.930855910972669,-1.4052641980350031,10.386047979283642,14.63925427700158,5.421145819156491,2.751703500384596,11.675351013849356,3.36192368062791,9.91600038478917,,20.657491678272358,9.024307688444608,15.988666287895288,-0.5155271596872888,6.873479366166005,8.619078151180297,9.180307261452095,15.795034512292581,16.731294257747408
expAE04,VUW_PISM2_s2,/Volumes/CrucialX8/computing/data/antarctica/ismip6_hackathon/ComputedScalarsHelene/expAE04/shelfmelt/computed_shelfmelt_AIS_VUW_PISM2_s2_expAE04.nc,6.531728919001857,10.398191349995287,7.362489335836767,7.273243352012966,5.468329996734693,10.850697443636307,15.304221487396923,15.154116024697528,8.388025507323432,0.19375842668792553,9.913283804525365,10.790798451834032,5.019207588578268,3.2637350631570796,10.057371236337923,2.176375840560392,8.678874644884212,,19.735825647880848,7.980604505213624,15.857607344486093,8.604607517028413,7.273243556142926,8.633511221749899,8.708624058157643,15.154116042264988,15.304221443540515
expAE04,VUW_PISM2_s3,/Volumes/CrucialX8/computing/data/antarctica/ismip6_hackathon/ComputedScalarsHelene/expAE04/shelfmelt/computed_shelfmelt_AIS_VUW_PISM2_s3_expAE04.nc,6.3590933639210325,10.480252074075802,7.136837747926637,6.414306865467675,6.092418010589447,11.039535717099154,16.94486549423242,15.58404289188973,8.684588433632547,-0.47220631323013496,10.387412929936287,12.876275412663157,4.982083413392119,3.571741601137573,10.17506197489797,4.509213221320654,8.884524273215465,,20.25093033194788,8.163127341267604,17.01254667148574,8.873553816847082,6.414306951714485,8.62733714339184,9.249712105235163,15.584042889283214,16.944865380952468
expAE04,VUW_PISM2_s4,/Volumes/CrucialX8/computing/data/antarctica/ismip6_hackathon/ComputedScalarsHelene/expAE04/shelfmelt/computed_shelfmelt_AIS_VUW_PISM2_s4_expAE04.nc,6.599385519481348,10.417161238305823,7.014741248923151,7.97913733847074,5.821775488132075,11.095692850408893,17.302353749248567,14.434424950085731,8.766340906789315,-0.3762418186905164,10.304631181500987,12.844335907279808,5.090486147520773,3.0590625597111445,10.093087672921472,4.009624915589694,8.884524273215465,,20.214216028964838,8.708375444682304,15.93468736584307,-0.5512291089398988,7.979137501512975,8.72514152570121,9.124607049032553,14.434424990366386,17.302353817777007
expAE05,DC_ISSM,/Volumes/CrucialX8/computing/data/antarctica/ismip6_hackathon/ComputedScalarsHelene/expAE05/shelfmelt/computed_shelfmelt_AIS_DC_ISSM_expAE05.nc,2.853902561569811,2.1921755956698283,4.321579559950016,6.939453135217949,3.573128048859621,3.9246509780197854,4.066514358393988,5.23167629801141,3.521814798581121,2.747092516552423,2.559852466190784,2.3838660605788036,3.1249783390379786,4.66994851764641,3.2211374734193075,1.8529793852043661,2.1328123210228553,3.047468255239932,3.418350934840162,3.3001989423286275,3.816376544961212,0.7266371440650756,6.939453272525026,3.4233932160176033,3.3745539059152057,5.231676311418225,4.066514356821652
expAE05,DOE_MALI_4km,/Volumes/CrucialX8/computing/data/antarctica/ismip6_hackathon/ComputedScalarsHelene/expAE05/shelfmelt/computed_shelfmelt_AIS_DOE_MALI_4km_expAE05.nc,2.600474540155658,3.761192763459864,5.734122215796049,10.59122585552293,4.994830978115072,4.1761834457476,6.110502834796705,5.605552181363499,4.577899231579119,4.386277600933618,4.728301064328905,4.838732758565932,4.269930458375216,5.402855014898097,3.8602439072704953,2.263706999709667,2.8334714935378136,3.1956605799921194,4.966765792747637,4.568805757882015,5.136357724054336,2.5784558005969966,10.591225916396159,4.298318668455464,4.752429858784372,5.60555224861914,6.110502910472557
expAE05,DOE_MALI_8km_Ant95,/Volumes/CrucialX8/computing/data/antarctica/ismip6_hackathon/ComputedScalarsHelene/expAE05/shelfmelt/computed_shelfmelt_AIS_DOE_MALI_8km_Ant95_expAE05.nc,3.053677927001863,4.231523728068802,6.228455543981137,8.35878246568602,5.4426175931509135,4.446495210494394,5.718350753171022,6.122398145272333,4.901823445392091,4.655567483456937,4.921585182172751,5.036753542117937,5.207053201432853,8.046951814918218,4.682549336045588,3.3475302645859575,3.5624706992022985,3.9151533658538793,5.805142399178982,5.291589883099141,5.11124560379731,3.079909798818929,8.358782605185278,4.518882995257948,4.990944828766368,6.122398185022566,5.718350685047334
expAE05,DOE_MALI_8km_AntMean,/Volumes/CrucialX8/computing/data/antarctica/ismip6_hackathon/ComputedScalarsHelene/expAE05/shelfmelt/computed_shelfmelt_AIS_DOE_MALI_8km_AntMean_expAE05.nc,2.608388338518341,4.342641781912777,5.648401227878884,8.566254667925897,5.244984429986983,4.478528468984512,4.173398385756095,5.063426204177804,4.975892717320039,4.468686084353568,5.4065434112826685,4.740923258531024,8.486723506183294,6.343528663362613,3.869390142629733,2.5970142725413163,2.8201531705941947,3.183763187272177,5.478104513252274,5.0189024259137325,5.541177733131519,2.4502486521419056,8.566254297665862,4.671341467298838,5.3700097935716995,5.063426211060099,4.173398404493298
expAE05,IGE_ElmerIce,/Volumes/CrucialX8/computing/data/antarctica/ismip6_hackathon/ComputedScalarsHelene/expAE05/shelfmelt/computed_shelfmelt_AIS_IGE_ElmerIce_expAE05.nc,8.733606517870252,1.5717580236226947,5.4435209679007714,12.91235070332704,0.6195331613922006,2.2434038555548765,14.975010621947405,10.21734403160116,16.808068566226,3.34882295472335,0.15365972801045683,14.380111133843902,7.434606360654068,6.32034728815839,4.258786320893,3.1194085769006747,3.870763266234644,-2.0036329063568483,2.8828761800551788,1.555349788910569,3.9162991600726644,4.394559073808666,12.912350632733364,1.662456056399802,0.32918840290453333,10.217343985783769,14.975010509624203
expAE05,ILTS_SICOPOLIS,/Volumes/CrucialX8/computing/data/antarctica/ismip6_hackathon/ComputedScalarsHelene/expAE05/shelfmelt/computed_shelfmelt_AIS_ILTS_SICOPOLIS_expAE05.nc,5.7235086672801945,4.07214970529115,5.547382552188071,10.687547374567046,5.243663762073832,4.233378997047555,6.471854448889902,8.281438413503535,5.631545129447314,4.8303732911520285,4.881984004576495,5.628181933340467,6.961465732635242,7.348622594739109,4.31719182738936,1.9900852767127593,2.265208432557449,4.1209959663227425,5.248195542574071,4.961988458052642,5.593174507597659,2.313324365106494,10.687547485899165,4.5009275996584535,4.546957382627806,8.281438294311675,6.4718544084413425
expAE05,IMAU_UFEMISM1,/Volumes/CrucialX8/computing/data/antarctica/ismip6_hackathon/ComputedScalarsHelene/expAE05/shelfmelt/computed_shelfmelt_AIS_IMAU_UFEMISM1_expAE05.nc,0.9495932066190084,1.0606459158938177,3.231768715878355,,1.6274775165847395,0.43665373889146475,0.007784748927232976,0.1605344237231829,0.1600769876752298,0.6935885501002417,0.4112681376795136,0.04123249147186115,0.004548948619419894,0.14142908672967106,1.6360156218770059,1.8222243372155629,2.592108896106332,1.945873604576789e-15,0.3101580330235971,0.6002559402459312,0.36401614238201385,0.5169194289890194,,0.7386686354358837,0.8214436292743388,0.16053442384634678,0.007784749921127159
expAE05,IMAU_UFEMISM2,/Volumes/CrucialX8/computing/data/antarctica/ismip6_hackathon/ComputedScalarsHelene/expAE05/shelfmelt/computed_shelfmelt_AIS_IMAU_UFEMISM2_expAE05.nc,0.9273975248867095,1.1567974024223717,1.6171525117938044,,1.7783017779256938,0.4533558637379555,-0.0013194341050042984,0.23220214269003028,0.25255053031924574,1.2618427408238255,1.4045758859729378,0.05118018736480473,0.015278458362580065,0.16989476683407018,2.4624208614160694,2.70940895330902,3.650403755825302,-0.06695870937692933,0.358586461262929,0.7141248837886593,0.29260351568660864,2.4101056684978004,,0.8425345423064483,1.7177919957310297,0.2322021444371409,-0.0013194351049292976
expAE05,IMAU_UFEMISM3,/Volumes/CrucialX8/computing/data/antarctica/ismip6_hackathon/ComputedScalarsHelene/expAE05/shelfmelt/computed_shelfmelt_AIS_IMAU_UFEMISM3_expAE05.nc,1.0656760627919646,1.1362257720420563,1.6909899191257867,,2.0711562738968277,0.46155591962491355,-0.002315206589927803,0.21650376812148234,0.2336676555991935,0.8733751250665469,1.3555230909022764,-0.029855566967555543,0.05443655590308315,0.1534782648468314,1.6251041982509724,2.012297872040581,2.8835802325357527,-0.15589051163899703,0.41540668062818065,0.7926978875088766,0.443284299896706,2.1232279904793674,,1.0269750550542813,1.7498328561849414,0.2165037683960536,-0.0023152063777069987
expAE05,IMAU_UFEMISM4,/Volumes/CrucialX8/computing/data/antarctica/ismip6_hackathon/ComputedScalarsHelene/expAE05/shelfmelt/computed_shelfmelt_AIS_IMAU_UFEMISM4_expAE05.nc,0.944945885022846,1.2606346130808355,2.2243082690310767,,1.772594136409372,0.5549243915276528,-0.0018597948606085156,0.20853388107756032,0.3136258328729902,1.227337931477301,1.7576018747188478,-0.022448184921463735,0.03438785417119214,0.13738708799429777,2.1009183022787425,2.3597703749819035,3.327267333408594,-0.08386061847305108,0.40381613372506087,0.86443735520158,0.43625650550899947,2.351750245706469,,1.1149090799038597,2.418721720712294,0.20853388264081577,-0.0018597951470573798
expAE05,LSCE_GRISLI2,/Volumes/CrucialX8/computing/data/antarctica/ismip6_hackathon/ComputedScalarsHelene/expAE05/shelfmelt/computed_shelfmelt_AIS_LSCE_GRISLI2_expAE05.nc,4.988097031444754,3.0242084924661694,7.582253865448237,10.859621175494944,4.554704022718083,4.560381447194652,6.113273272807082,7.229484324823652,4.945896079307234,4.426533635437356,3.3559753231377014,4.117925718548008,6.479687697289785,6.711227238293424,3.7668528588577046,1.89281680392935,3.6259779101682637,4.148718708841055,4.866987513752501,4.590228026633282,4.748550652122313,2.844663970375659,10.859621370376479,3.7882775795588484,4.343039018807653,7.229484234766985,6.113273300288337
expAE05,LSCE_GRISLI,/Volumes/CrucialX8/computing/data/antarctica/ismip6_hackathon/ComputedScalarsHelene/expAE05/shelfmelt/computed_shelfmelt_AIS_LSCE_GRISLI_expAE05.nc,4.801919568926473,3.3605696955303133,6.7660196208374614,11.27908354527657,4.505852840873259,4.766294857733144,5.865907403366193,6.568940180037983,4.986857938514701,4.361784923464067,4.156706845752682,4.669298512060092,6.364619163209745,6.472127661545247,3.595250526508781,1.724944628160274,3.5563930262350647,3.7197835531899215,5.569066517864811,5.221158967582794,4.987728712593067,2.7266922872381665,11.279083591431089,3.99762063652543,4.456276430446532,6.568940203394994,5.865907315245344
expAE05,NCAR_CISM1,/Volumes/CrucialX8/computing/data/antarctica/ismip6_hackathon/ComputedScalarsHelene/expAE05/shelfmelt/computed_shelfmelt_AIS_NCAR_CISM1_expAE05.nc,2.735310816606937,3.574515535538037,4.6979541460569205,3.64180437419737,4.655698277654873,4.17020617838927,3.85120777886834,0.0071328034633409915,5.3387814452031845,3.772664006086398,4.032897360978756,2.9580242643161627,2.2823076348698526,3.5200598287190843,3.165342728206517,2.1867060116462684,2.2053195802616594,3.167702472047998,4.035150308716906,3.9505340435523335,4.106386619237714,2.0162906322148135,3.641804389283045,4.057088455754067,4.148721504191745,0.007132803180957699,3.8512077825478337
expAE05,NCAR_CISM2,/Volumes/CrucialX8/computing/data/antarctica/ismip6_hackathon/ComputedScalarsHelene/expAE05/shelfmelt/computed_shelfmelt_AIS_NCAR_CISM2_expAE05.nc,4.2863982971656025,5.7913306491609085,4.082813806075729,7.761070043539522,8.066000541501362,3.8687992298704867,9.649083193430851,6.528423747826639,5.501303308324184,5.272505894626515,7.194529369680665,3.997981262795366,2.742885164465699,4.354128908200508,3.4722616333503584,1.6729200707240168,3.5039727433781636,1.3544311574500407,5.751925901331836,6.5644158860228625,5.3794945621978005,3.322850166807135,7.76107006736997,5.336792696614258,7.747608335833046,6.528423779035276,9.649083246513129
expAE05,NORCE_CISM2-MAR364-ERA-t1,/Volumes/CrucialX8/computing/data/antarctica/ismip6_hackathon/ComputedScalarsHelene/expAE05/shelfmelt/computed_shelfmelt_AIS_NORCE_CISM2-MAR364-ERA-t1_expAE05.nc,3.904299745011925,1.392952204894209,6.826101464287657,8.044896062117433,5.497931005429656,3.53386019274385,8.802986429823017,10.149589751959798,5.532763050924694,4.073831147743418,2.0450708031627767,4.831216147139669,0.9962419251365465,4.233531043953653,3.274623432681444,2.314597560565103,2.622938491969788,2.2489120724872933,3.8805772538649568,2.355288432966881,4.216196112628426,1.9806807206333927,8.044895988376991,1.9709314730357588,4.6657890517770495,10.149589686528794,8.80298643779457
expAE05,NORCE_CISM3-MAR364-ERA-t1-local,/Volumes/CrucialX8/computing/data/antarctica/ismip6_hackathon/ComputedScalarsHelene/expAE05/shelfmelt/computed_shelfmelt_AIS_NORCE_CISM3-MAR364-ERA-t1-local_expAE05.nc,2.1052558251763256,4.395047680986271,3.6257188197989163,3.588553179029833,4.630949965187818,3.226078742426593,3.552756756511867,1.8434554028655827,4.132505395458461,2.2683447783020374,4.551462286420111,1.9714405948745755,0.5553780239655729,2.4179089491339867,2.4703950195043984,2.137558304008355,1.57425974404702,2.2077151531755166,3.7877256450352985,4.098165795234019,3.557784782561193,1.8154190606757568,3.5885531648188964,4.105810371212197,4.306870431436574,1.8434553909656721,3.552756772374436
expAE05,NORCE_CISM3-MAR364-ERA-t1-nonlocal,/Volumes/CrucialX8/computing/data/antarctica/ismip6_hackathon/ComputedScalarsHelene/expAE05/shelfmelt/computed_shelfmelt_AIS_NORCE_CISM3-MAR364-ERA-t1-nonlocal_expAE05.nc,2.437835599231085,3.1273055734517894,3.986375746830042,4.136237989068991,4.808127250366232,4.594663875659064,3.431668086724137,1.8007318279819067,4.2909286401344975,2.5871774968133106,3.960990272763602,2.1826707950049222,0.5310482998877311,2.7369464036368183,2.531585527457874,2.2059332260831503,2.107963927207734,2.5674388341844483,3.804123615028539,3.9231794118203265,3.7639590804546526,2.2372420135581623,4.136237980725321,4.19790011941962,4.480502606147404,1.8007318193647155,3.431668095777513
expAE05,NORCE_CISM3-MAR364-ERA-t1,/Volumes/CrucialX8/computing/data/antarctica/ismip6_hackathon/ComputedScalarsHelene/expAE05/shelfmelt/computed_shelfmelt_AIS_NORCE_CISM3-MAR364-ERA-t1_expAE05.nc,2.5586589936994235,1.242682333374152,4.984555497862111,7.586331713607723,4.094092821556279,3.239163364881659,6.552262581216244,5.113156705994251,4.502008150858771,3.0466875221962755,1.8928878948637495,2.3393581158771535,0.2907670544321496,3.6369356455847157,2.8650884505712497,1.3944536833851238,1.8027636110893899,2.015071130882923,3.0343194740917636,2.0781604399437543,3.2691704666883328,1.6466182385348136,7.586331687543694,1.7583948796637268,3.3514104041860353,5.113156765297174,6.552262627878205
expAE05,NORCE_CISM4-MAR364-ERA-t1-local,/Volumes/CrucialX8/computing/data/antarctica/ismip6_hackathon/ComputedScalarsHelene/expAE05/shelfmelt/computed_shelfmelt_AIS_NORCE_CISM4-MAR364-ERA-t1-local_expAE05.nc,1.2941933187377443,4.040610036197645,2.2246426154563093,2.556736449092411,4.339145429208751,3.1816612104231554,1.5878779625758168,3.3980019091109384,4.678214517033817,2.1290048722180566,4.2315746089605755,0.8676407694840964,0.0019063288156336267,2.227789742874426,2.221004199299836,2.085004655899795,1.4354437592311724,1.6581575224165126,3.417102476618691,3.683024503538173,3.304479359333913,1.7440884348828092,2.556736505758081,3.9646654305456837,4.152423308434684,3.3980018825839995,1.5878779499388298
expAE05,NORCE_CISM4-MAR364-ERA-t1-nonlocal,/Volumes/CrucialX8/computing/data/antarctica/ismip6_hackathon/ComputedScalarsHelene/expAE05/shelfmelt/computed_shelfmelt_AIS_NORCE_CISM4-MAR364-ERA-t1-nonlocal_expAE05.nc,1.801016649422408,2.789139032116638,2.950778803432319,3.215864550964408,4.49180441955965,4.474077413805614,2.341944357997879,3.5340848487651613,4.513502137341048,2.74553316647936,3.265766156829625,1.0809627159700042,0.027202166303687488,2.5245376496899903,2.341907245647133,2.077919448355684,1.7528960498239337,1.796066694015906,3.4661443654094577,3.345415135655126,3.6525469612735866,1.9373587380048807,3.2158645669819594,4.00089901383453,4.1200920165480746,3.534084881840312,2.3419443788603274
expAE05,NORCE_CISM4-MAR364-ERA-t1,/Volumes/CrucialX8/computing/data/antarctica/ismip6_hackathon/ComputedScalarsHelene/expAE05/shelfmelt/computed_shelfmelt_AIS_NORCE_CISM4-MAR364-ERA-t1_expAE05.nc,1.3234165770084692,1.0411164346479185,4.172580790468269,4.553852940181909,2.626037497429422,2.5552720851684345,2.463898290059466,4.760250644569886,3.9821639429803897,2.0620158629482965,1.837785123881675,0.8801284063885177,0.26030305280613997,1.8454629294638334,1.698204065353278,1.2494513699921408,1.0822614017000813,1.3662931464732817,2.381490130011105,1.72587465990558,2.47593591742379,1.219605966105535,4.553852963824406,1.4350149973457214,2.5435691609551636,4.760250684915701,2.4638982757352306
expAE05,NORCE_CISM4-MAR364-JRA-t1,/Volumes/CrucialX8/computing/data/antarctica/ismip6_hackathon/ComputedScalarsHelene/expAE05/shelfmelt/computed_shelfmelt_AIS_NORCE_CISM4-MAR364-JRA-t1_expAE05.nc,1.320508733895848,1.084374378038812,4.1317658458305475,4.490348325404444,2.811034242130948,2.172943186210547,2.6325987909738524,4.905141461088733,3.7908698593878,1.920585368543308,1.9661787842137424,0.8578108980770834,0.263706822127995,2.0107355804921805,1.7237057956534936,1.285688000199786,1.094251412264106,1.3692428565315249,2.2497067642986566,1.895147054953224,2.6051879555567914,1.2514686811197986,4.490348318500152,1.4373951983770699,2.6367049405503793,4.905141464021675,2.6325987852434523
expAE05,NORCE_CISM5-MAR364-ERA-t1-local,/Volumes/CrucialX8/computing/data/antarctica/ismip6_hackathon/ComputedScalarsHelene/expAE05/shelfmelt/computed_shelfmelt_AIS_NORCE_CISM5-MAR364-ERA-t1-local_expAE05.nc,0.3345786554683561,3.3607706446559713,1.4084188648809397,1.16538455862511,4.06643118276974,2.8941756871574555,0.684125826780793,2.254715621641715,3.8907448852258755,1.9393856171893828,4.065862353885667,0.3825336793423754,0.24838999656708174,1.1140289946670847,1.7229759278686954,1.7774259428704986,1.6360449782595925,0.7313788383810037,2.902854565571325,3.133867221388567,2.8003055278141256,1.4723697166674865,1.1653845415011754,3.7835114232793825,3.899766149405488,2.2547156273675895,0.6841258169117741
expAE05,NORCE_CISM5-MAR364-ERA-t1-nonlocal,/Volumes/CrucialX8/computing/data/antarctica/ismip6_hackathon/ComputedScalarsHelene/expAE05/shelfmelt/computed_shelfmelt_AIS_NORCE_CISM5-MAR364-ERA-t1-nonlocal_expAE05.nc,0.7195567626080563,2.2322072258220738,2.1973388330906274,2.2124884074595164,4.327653855633001,4.444690196743262,0.4042565541150002,3.555447828524658,3.61582887126179,2.2323561031932013,3.2287719666322374,0.4125208758679621,0.14450010610787994,1.268899045360481,1.9645496259152069,1.7449967631308607,2.1821452844380307,0.5904926574913821,3.0096805998819147,2.9757408174820212,3.0924605012603648,1.7803092065188724,2.2124883750862145,3.885575350593305,3.9636451283779617,3.5554477743704505,0.40425651331987167
expAE05,NORCE_CISM5-MAR364-ERA-t1,/Volumes/CrucialX8/computing/data/antarctica/ismip6_hackathon/ComputedScalarsHelene/expAE05/shelfmelt/computed_shelfmelt_AIS_NORCE_CISM5-MAR364-ERA-t1_expAE05.nc,0.5136973603742874,0.8819210553423014,2.046337049029181,2.147342244024292,2.0168365849995586,1.957618620321222,-0.07275956000487276,3.402656635099849,2.775765633577396,1.2679155046503443,2.0909052342095653,0.514341384339965,0.32653749783511143,1.105311453388975,0.9696644294916298,0.9677363336990981,0.9093819961541919,0.4572860004443573,1.7641148477986341,1.1975603535112969,1.7532055993338536,0.9641299222541223,2.1473422831104565,1.1257078895712394,2.0744578485281266,3.40265666515603,-0.07275955375754942
expAE05,PIK_PISM,/Volumes/CrucialX8/computing/data/antarctica/ismip6_hackathon/ComputedScalarsHelene/expAE05/shelfmelt/computed_shelfmelt_AIS_PIK_PISM_expAE05.nc,7.1014893626815185,1.4802475392789403,12.859216240247731,16.057758492953543,6.446360560302054,3.1548901314400783,15.768696433229435,17.339384904526817,21.704668792737973,6.154387464171461,0.6412075097870736,2.843613613465552,15.534241886277234,18.97019076327388,11.053583774456685,3.764421901007879,5.0587679816659366,-4.567325664976731,4.221665510260826,5.358957968848673,3.418961464362509,4.162921515380003,16.057758531586654,2.072096060253185,2.1726066328430753,17.339385064233106,15.768696202510156
expAE05,UCM_Yelmo,/Volumes/CrucialX8/computing/data/antarctica/ismip6_hackathon/ComputedScalarsHelene/expAE05/shelfmelt/computed_shelfmelt_AIS_UCM_Yelmo_expAE05.nc,4.179744108387298,3.381825754835609,4.990835612478182,5.3074046122401315,4.501041557722397,3.8642289776766834,4.491442213915317,4.9045332800931725,4.850949889662691,3.10182842311573,4.179840845161487,1.893164858574927,3.3877925060405736,4.741728930579943,3.2274053305128376,1.278842985278289,1.1994959718380338,2.8513976828816525,3.969078102988549,4.501475581091078,3.7843195537817778,1.385255360946491,5.307404589234024,3.733740656527942,4.509002798895512,4.904533251983031,4.491442201946006
expAE05,UCSD_ISSM,/Volumes/CrucialX8/computing/data/antarctica/ismip6_hackathon/ComputedScalarsHelene/expAE05/shelfmelt/computed_shelfmelt_AIS_UCSD_ISSM_expAE05.nc,5.497658087703943,0.07343128993661652,5.861551835701497,8.431824904103216,0.06479146658992972,0.2906382695583686,10.410246407853743,6.327989816986814,2.0737591799608035,0.6542669158181579,-0.038768391860944426,2.0042548319035824,1.2311978439444948,1.5417437809345358,1.4381784581276658,0.3983083442159544,0.0039467469662073955,8.498581517109299,1.33020592606307,1.4225790255720345,1.101817691918725,3.3227760408272915,8.431825058887574,0.2283405040329749,0.0169011012861879,6.327989820895918,10.410246418617874
expAE05,ULB_fETISh-KoriBU1,/Volumes/CrucialX8/computing/data/antarctica/ismip6_hackathon/ComputedScalarsHelene/expAE05/shelfmelt/computed_shelfmelt_AIS_ULB_fETISh-KoriBU1_expAE05.nc,-0.052178605552768945,0.3371773040883686,2.2489198721242785,5.427044366949243,1.2657558251198497,0.5557527507590475,10.920870790488348,4.533873963032262,10.682433890763868,4.019187005422111,0.4393687659523039,1.051035260523365,0.5824923054863366,4.319042921576499,5.317144240430442,3.0926015734495027,2.6699572556506768,1.0535042316346301,1.3853647472421753,0.5740533009021764,2.2672902884283954,2.928785596818604,5.427044395011446,0.42332128203929337,1.0457426478775984,4.53387399169346,10.920870761009848
expAE05,ULB_fETISh-KoriBU2,/Volumes/CrucialX8/computing/data/antarctica/ismip6_hackathon/ComputedScalarsHelene/expAE05/shelfmelt/computed_shelfmelt_AIS_ULB_fETISh-KoriBU2_expAE05.nc,2.2302115077070934,3.687321529037407,4.4616354709140635,7.8530474633379805,4.89364573785818,4.025226540892182,5.279922313699409,5.23307559778795,5.7272470353101985,4.199577292189185,4.382056075530591,1.0385758979335904,0.37166655363217077,3.848830338384595,3.6308764259135455,1.0613170395714109,0.016879852838631193,2.3542084916729418,3.747936711627455,3.6465831905348463,4.389160088014783,0.010406802189005077,7.8530474950466065,3.9968676923176263,4.493810344614157,5.233075540990571,5.279922330952864
expAE05,UNN_Ua,/Volumes/CrucialX8/computing/data/antarctica/ismip6_hackathon/ComputedScalarsHelene/expAE05/shelfmelt/computed_shelfmelt_AIS_UNN_Ua_expAE05.nc,2.569925983885635,3.7625093757741674,4.008791694938812,2.9414086283094387,4.696346532683049,2.750086103945506,5.586351960694801,7.044931664121911,4.088330637372549,2.360462665101646,4.253192706320711,1.7965087053891418,1.9326396499387184,2.4125160217055517,2.743851539816167,1.4474310971426778,1.69969116734971,1.8036535647760537,3.694000622838252,3.932751754504202,3.5674836392428455,1.3877571268895306,2.941408592252519,3.5477989767641507,4.3151715302290405,7.0449316691171955,5.586351926762067
expAE05,UTAS_ElmerIce,/Volumes/CrucialX8/computing/data/antarctica/ismip6_hackathon/ComputedScalarsHelene/expAE05/shelfmelt/computed_shelfmelt_AIS_UTAS_ElmerIce_expAE05.nc,2.6903816835067533,2.480665495001825,4.744521963319501,4.448836344127714,5.003213564867759,3.0987222442021762,5.302605300295985,5.59909774119237,4.098921445268577,2.546131037981189,3.9949409977662276,4.085777205031696,3.6474917375970204,4.44944903061286,3.1236740338108615,1.8294410978775861,1.7098156452994508,0.8327580574547362,4.1312288259603855,4.374849892980158,3.9191584043570704,1.6772227482800028,4.448836109306279,2.5998978492480767,4.526910609911265,5.599097700202491,5.302605332471461
expAE05,VUB_AISMPALEO,/Volumes/CrucialX8/computing/data/antarctica/ismip6_hackathon/ComputedScalarsHelene/expAE05/shelfmelt/computed_shelfmelt_AIS_VUB_AISMPALEO_expAE05.nc,1.956940352332839,4.381016010750009,3.941088535223124,1.9176155642325505,3.512945927904456,5.885504345256418,3.177900062783069,4.746378262336722,3.4866387257671354,2.5443834975030324,3.19780023482727,0.759030135086658,2.610014610015067,3.8332409086022152,0.1942125030543121,2.6534573692970502,8.95549256145249,,4.83282590674191,4.918838040753454,4.607896100752296,6.049159777245165,1.9176155967249215,5.329397276387045,3.6677795740262007,4.74637826737452,3.1779000919768485
expAE05,VUW_PISM1,/Volumes/CrucialX8/computing/data/antarctica/ismip6_hackathon/ComputedScalarsHelene/expAE05/shelfmelt/computed_shelfmelt_AIS_VUW_PISM1_expAE05.nc,16.171934031520554,11.268980939415092,15.56209863579426,17.676439348764372,28.07831009272006,26.744470313271727,27.166034242617155,31.638210700406685,19.35334064542023,4.495005334591177,22.11233003813295,16.383502866824987,6.146735353265756,2.979898429806709,10.675011810350298,10.34554953306557,9.94625023516755,7.6282771681684105,14.116041402714973,14.416258495954704,15.70046494696406,9.302288472596063,17.676439287798857,9.075405307099103,24.841767282612434,31.638210641832472,27.166034288114847
expAE05,VUW_PISM1_s1,/Volumes/CrucialX8/computing/data/antarctica/ismip6_hackathon/ComputedScalarsHelene/expAE05/shelfmelt/computed_shelfmelt_AIS_VUW_PISM1_s1_expAE05.nc,17.08392035919251,11.465653998868437,15.94459325497574,16.44070480570975,28.231138614797356,15.110288472573968,24.119021998754505,24.58585365494436,20.253290657659925,4.367899855582452,22.291057773288948,16.742754508294936,6.919389686625567,3.3937068859202837,10.691257464714786,10.755837124419966,10.1832954495621,27.17311871459564,14.176305874734371,14.407884714236612,15.892360114413671,9.548893820801796,16.44070472825195,9.202542012261114,25.013872222200252,24.5858536791833,24.119021936611833
expAE05,VUW_PISM1_s2,/Volumes/CrucialX8/computing/data/antarctica/ismip6_hackathon/ComputedScalarsHelene/expAE05/shelfmelt/computed_shelfmelt_AIS_VUW_PISM1_s2_expAE05.nc,15.632687169873588,11.290825903171282,14.386334705768139,16.44707892895593,27.92200658385012,26.448477307979868,25.989652833632018,24.194180858065128,20.07293833427547,3.6765519836378524,21.970940661780443,15.873768240083596,6.303083630889013,4.411426039830026,8.169758402477317,10.209494646076424,9.977579726780636,2.518140548270674,14.03050014479626,14.454019331892006,15.842561541336142,9.497626395517576,16.44707882566968,9.082583254336475,24.697875439505943,24.194180724267042,25.989652610247383
expAE05,VUW_PISM1_s3,/Volumes/CrucialX8/computing/data/antarctica/ismip6_hackathon/ComputedScalarsHelene/expAE05/shelfmelt/computed_shelfmelt_AIS_VUW_PISM1_s3_expAE05.nc,15.664214138236456,10.584818826739259,15.361457511552377,17.701621167765637,26.980539763370928,26.63363587050842,-4.782436069761844,30.503853596402546,19.537428870944137,4.603507021539843,22.438472413491493,14.878823159274775,7.453587982419069,4.111657541503812,8.240999976944344,10.27553980960032,9.819280438725052,8.256320813200318,14.212115281876361,14.349751227816624,15.949117599522411,9.19377870377746,17.701621397205454,8.651834127510693,24.628169378373844,30.503853646659493,-4.782436211287465
expAE05,VUW_PISM1_s4,/Volumes/CrucialX8/computing/data/antarctica/ismip6_hackathon/ComputedScalarsHelene/expAE05/shelfmelt/computed_shelfmelt_AIS_VUW_PISM1_s4_expAE05.nc,16.174328465577293,11.522560268643067,15.341712082454325,16.982584679601306,28.44485861650027,26.44773862924423,25.160447582593296,30.841767345464444,19.955640974808173,4.640987286026157,22.1776699882477,14.97334162607778,5.815919050476801,3.4910179113928286,8.091575137105847,10.294193087454179,9.87771845359268,19.427540423803375,14.195005219467543,14.611833717730136,15.665696900212868,9.275098718827055,16.982584669729587,9.22585827088435,25.0201483816943,30.841767427501228,25.16044782304646
expAE05,VUW_PISM2,/Volumes/CrucialX8/computing/data/antarctica/ismip6_hackathon/ComputedScalarsHelene/expAE05/shelfmelt/computed_shelfmelt_AIS_VUW_PISM2_expAE05.nc,19.19975639558965,12.336362814359259,15.451801978751325,16.050473501521353,26.68950902247313,25.925075236590043,18.17777028505156,23.233835594057215,19.90894164968105,4.246232551367841,21.536094823979706,16.19576968953732,8.491629154270552,4.000903192411171,10.709777066417509,10.268301580872176,10.173750172058837,1.6470749899682595,13.358714409034151,13.273829630181037,15.243678078298236,9.52024390705922,16.05047361514379,9.502362889117666,23.949165627097894,23.233835720564823,18.177770255389348
expAE05,VUW_PISM2_s1,/Volumes/CrucialX8/computing/data/antarctica/ismip6_hackathon/ComputedScalarsHelene/expAE05/shelfmelt/computed_shelfmelt_AIS_VUW_PISM2_s1_expAE05.nc,19.41700176798269,12.708670946739872,15.399164106782557,16.836141555220145,26.724312185995633,26.302065799181307,18.353709366162946,21.60671016184189,19.770667003013386,4.21248236482463,21.722132988639004,17.240193592982177,8.192452669156957,3.2964149347896026,10.622506795462737,10.415624153379499,10.022354497026898,17.98890012010481,13.337319448046507,13.292046869682366,15.080732203507596,9.205185485450441,16.836141604212642,9.730226639127878,24.07105756803452,21.606710218445947,18.353709585909254
expAE05,VUW_PISM2_s2,/Volumes/CrucialX8/computing/data/antarctica/ismip6_hackathon/ComputedScalarsHelene/expAE05/shelfmelt/computed_shelfmelt_AIS_VUW_PISM2_s2_expAE05.nc,18.08172186045944,12.165497186475504,14.945467550561354,16.897878749963557,26.775636912881986,14.90733544326921,20.95643939199579,22.34963418527936,20.272743009702207,4.82303508540691,21.600777201242963,15.943493569016356,7.977935161845786,4.770271056824988,10.52496978461334,10.003179433830784,9.888178938422767,8.301802234584928,13.387156802338849,13.219295184101263,15.410362358167816,9.268060589873775,16.8978785659824,9.39009804265628,24.022443263046362,22.349634171702423,20.95643940970879
expAE05,VUW_PISM2_s3,/Volumes/CrucialX8/computing/data/antarctica/ismip6_hackathon/ComputedScalarsHelene/expAE05/shelfmelt/computed_shelfmelt_AIS_VUW_PISM2_s3_expAE05.nc,16.432356242472324,11.756456772163801,15.132943855622923,17.552619286445296,25.465579451663785,15.066071244859534,20.861044147717738,23.60692793412288,19.212037981480382,4.25664653602795,21.957239798428784,14.995923090350441,7.41722696978092,3.4710984450108655,10.634965231390789,10.10015714165175,9.792013467047331,0.8224819403817835,13.445415305128494,13.274927984981936,15.409879503742731,9.095430119802025,17.5526193272653,9.319666122383337,23.689667789998488,23.606927965162477,20.86104407494305
expAE05,VUW_PISM2_s4,/Volumes/CrucialX8/computing/data/antarctica/ismip6_hackathon/ComputedScalarsHelene/expAE05/shelfmelt/computed_shelfmelt_AIS_VUW_PISM2_s4_expAE05.nc,17.93805199211212,12.970224387194616,14.97930637549233,16.127950966179295,27.045083060515356,14.857153976766245,19.519434250211283,22.642618653501128,19.707861313826022,4.274417489732217,21.619973955698164,17.255177210444423,8.254311092125844,4.6888904542369865,10.709403254929146,10.222242173553685,10.11578535984969,1.2541166347909003,13.483911663474561,14.209234325472464,15.59690110580722,9.324790080928278,16.12795082314494,9.925427394800991,24.126382719186996,22.642618595743187,19.519434399959785
