Experiment,Model,Path,sector_1,sector_2,sector_3,sector_4,sector_5,sector_6,sector_7,sector_8,sector_9,sector_10,sector_11,sector_12,sector_13,sector_14,sector_15,sector_16,sector_17,sector_18,AIS,region_1,region_2,region_3,Amundsen,Ross,Filchner_Ronne
expAE02,DC_ISSM,/Volumes/CrucialX8/computing/data/antarctica/ismip6_hackathon/ComputedScalarsHelene/expAE02/shelfmelt/computed_shelfmelt_AIS_DC_ISSM_expAE02.nc,-0.11997887962925019,-0.11997887962925019,-0.11997887962925019,-0.11997887962925019,-0.11997887962925019,-0.11997887962925019,-0.11997887962925019,-0.11997887962925019,-0.11997887962925019,-0.11997887962925019,-0.11997887962925019,-0.11997887962925019,-0.11997887962925019,-0.11997887962925019,-0.11997887962925019,-0.11997887962925019,-0.12040795018851463,-0.11997887962925019,-0.11997887962925019,-0.10223033835844608,-0.11793984675777364,-0.13593855074090783,0.17840537357101383,-0.10971414884000566,-0.1824676833630552
expAE02,IGE_ElmerIce,/Volumes/CrucialX8/computing/data/antarctica/ismip6_hackathon/ComputedScalarsHelene/expAE02/shelfmelt/computed_shelfmelt_AIS_IGE_ElmerIce_expAE02.nc,0.042874339686007956,0.1003446245643943,0.055562576785114226,0.1003446245643943,0.1003446245643943,0.1003446245643943,0.1003446245643943,0.1003446245643943,0.05330492381726004,0.08205081148457993,0.1003446245643943,0.1003446245643943,0.09841482316547923,0.0036804035367662413,0.04049489299178122,-0.02194387393965813,0.002772976681791217,0.017356738676733374,0.1003446245643943,0.2660442252589037,-0.12320556891318113,-1.363834053311102,1.6878134835947398,0.03664341236539509,0.001682892188799301
expAE02,ILTS_SICOPOLIS,/Volumes/CrucialX8/computing/data/antarctica/ismip6_hackathon/ComputedScalarsHelene/expAE02/shelfmelt/computed_shelfmelt_AIS_ILTS_SICOPOLIS_expAE02.nc,-0.3253288275653896,-0.3253288275653896,-0.2880883218506901,-0.3253288275653896,-0.3253288275653896,-0.3253288275653896,-0.3253288275653896,-0.3214261631486003,-0.3253288275653896,-0.3253288275653896,-0.3253288275653896,-0.3253288275653896,-0.2828345911769073,-0.3253288275653896,-0.3253288275653896,-0.3253288275653896,-0.32589621409582714,-0.2892263664438681,-0.3253288275653896,-0.2978193101917004,-0.3093015523207502,-0.5265334891411886,-0.33718951220827265,-0.21835235901314293,-0.25862950496158654
expAE02,LSCE_GRISLI2,/Volumes/CrucialX8/computing/data/antarctica/ismip6_hackathon/ComputedScalarsHelene/expAE02/shelfmelt/computed_shelfmelt_AIS_LSCE_GRISLI2_expAE02.nc,-0.17997438343625738,-0.20162783801324874,-0.15762309661972798,-0.20162783801324874,-0.20162783801324874,-0.20162783801324874,-0.20162783801324874,-0.1297014212323099,-0.15497370634762964,-0.1930203239874736,-0.15323620509240232,-0.20162783801324874,-0.19451275469820667,-0.092977279138353,-0.19338904157449144,-0.20162783801324874,-0.11889384341678993,-0.17921221226712958,-0.1695690520384195,-0.15615210396045526,-0.14352676886703397,-0.19699132770107763,-0.068541463097189,-0.18698088882110855,-0.13084782564482206
expAE02,LSCE_GRISLI,/Volumes/CrucialX8/computing/data/antarctica/ismip6_hackathon/ComputedScalarsHelene/expAE02/shelfmelt/computed_shelfmelt_AIS_LSCE_GRISLI_expAE02.nc,-0.216024362777829,-0.22423610649094167,-0.131050368615456,-0.22423610649094167,-0.22423610649094167,-0.1930155278573421,-0.22423610649094167,-0.16753963952551051,-0.15510017682794205,-0.19910183500102946,-0.115189729336161,-0.22423610649094167,-0.22423610649094167,-0.22423610649094167,-0.22423610649094167,-0.131050368615456,-0.0751359671037302,-0.22423610649094167,-0.22423610649094167,-0.15943935904014422,-0.1451936322103819,-0.10570234049236703,-0.18103813350376385,-0.1571103299979989,-0.1337562113906341
expAE02,NCAR_CISM1,/Volumes/CrucialX8/computing/data/antarctica/ismip6_hackathon/ComputedScalarsHelene/expAE02/shelfmelt/computed_shelfmelt_AIS_NCAR_CISM1_expAE02.nc,-0.24137400342194915,-0.24137400342194915,-0.24137400342194915,-0.24137400342194915,-0.24137400342194915,-0.24137400342194915,-0.24137400342194915,-0.24137400342194915,-0.25969585017007246,-0.24137400342194915,-0.2847701990145138,-0.24137400342194915,-0.24137400342194915,-0.24137400342194915,-0.24137400342194915,-0.24137400342194915,-0.24137400342194915,-0.24137400342194915,-0.24137400342194915,-0.288220682795824,-0.25113976893316714,-0.027311892628180345,-0.6692237093818454,-0.2737917376666598,-0.3528585820954711
expAE02,NCAR_CISM2,/Volumes/CrucialX8/computing/data/antarctica/ismip6_hackathon/ComputedScalarsHelene/expAE02/shelfmelt/computed_shelfmelt_AIS_NCAR_CISM2_expAE02.nc,-0.3946050534553014,-0.3946050534553014,-0.45539712494493223,-0.3946050534553014,-0.3946050534553014,-0.4318408648119616,-0.3946050534553014,-0.3946050534553014,-0.6948810916618485,-0.3946050534553014,-0.3946050534553014,-0.3946050534553014,-0.3946050534553014,-0.5817758110372069,-0.6043848292941973,-0.429087322284166,-0.509045089797743,-0.3946050534553014,-0.3946050534553014,-0.6203978626342317,-0.2717312365489668,-0.029035965969834043,-1.0636009020130552,-0.20268761198933893,-0.9186923326590466
expAE02,NORCE_CISM2-MAR364-ERA-t1,/Volumes/CrucialX8/computing/data/antarctica/ismip6_hackathon/ComputedScalarsHelene/expAE02/shelfmelt/computed_shelfmelt_AIS_NORCE_CISM2-MAR364-ERA-t1_expAE02.nc,-0.640217534851591,-0.35004289264606525,-1.000344510256663,-0.35357921968946826,-1.3689718959852537,-0.35357921968946826,-0.35357921968946826,-0.35357921968946826,-0.9984730436572669,-0.7781030348544264,-1.1153485245067185,-0.35357921968946826,-0.7098051419839664,-0.35357921968946826,-0.35357921968946826,-0.35357921968946826,-1.3494902649970775,-0.8639075255294579,-0.35357921968946826,-0.8055483904886465,-0.12430910506912962,-0.27615433701569336,-1.720685363047873,-0.9041348650676356,-1.6616790039681915
expAE02,NORCE_CISM3-MAR364-ERA-t1-local,/Volumes/CrucialX8/computing/data/antarctica/ismip6_hackathon/ComputedScalarsHelene/expAE02/shelfmelt/computed_shelfmelt_AIS_NORCE_CISM3-MAR364-ERA-t1-local_expAE02.nc,-0.09483718902427207,-0.09483718902427207,-0.09483718902427207,-0.09483718902427207,-0.09483718902427207,-0.09483718902427207,-0.09483718902427207,-0.09483718902427207,-0.09483718902427207,-0.09483718902427207,-0.09483718902427207,-0.09483718902427207,-0.09483718902427207,-0.09483718902427207,-0.09483718902427207,-0.09483718902427207,-0.0755088051753113,-0.09483718902427207,-0.09483718902427207,-0.12168510895152207,-0.0778739393889579,-0.04828268664964794,-0.08896020420756023,-0.11700776279114297,-0.09301394308922709
expAE02,NORCE_CISM3-MAR364-ERA-t1-nonlocal,/Volumes/CrucialX8/computing/data/antarctica/ismip6_hackathon/ComputedScalarsHelene/expAE02/shelfmelt/computed_shelfmelt_AIS_NORCE_CISM3-MAR364-ERA-t1-nonlocal_expAE02.nc,-0.043390821484788705,-0.043390821484788705,-0.043390821484788705,-0.043390821484788705,-0.043390821484788705,-0.043390821484788705,-0.043390821484788705,-0.043390821484788705,-0.043390821484788705,-0.043390821484788705,-0.043390821484788705,-0.043390821484788705,-0.043390821484788705,-0.043390821484788705,-0.043390821484788705,-0.043390821484788705,-0.043390821484788705,-0.043390821484788705,-0.043390821484788705,-0.05011914202602058,-0.045230432653105584,-0.027154726718971373,-0.16965985433915132,-0.08921467346396589,-0.09748491338440049
expAE02,NORCE_CISM3-MAR364-ERA-t1,/Volumes/CrucialX8/computing/data/antarctica/ismip6_hackathon/ComputedScalarsHelene/expAE02/shelfmelt/computed_shelfmelt_AIS_NORCE_CISM3-MAR364-ERA-t1_expAE02.nc,-0.18067514815530805,-0.18067514815530805,-0.18067514815530805,-0.18067514815530805,-0.296716747594719,-0.18067514815530805,-0.18067514815530805,-0.18067514815530805,-0.21108314625908553,-0.18067514815530805,-0.29175543495692957,-0.18067514815530805,-0.18067514815530805,-0.18067514815530805,-0.18067514815530805,-0.22479624641068463,-0.2853889661953381,-0.2885668837567105,-0.18067514815530805,-0.36322797622529124,-0.10320511955247047,-0.025641360043557104,-0.5671725613791486,-0.26284310339194544,-0.5594055248962141
expAE02,NORCE_CISM4-MAR364-ERA-t1-local,/Volumes/CrucialX8/computing/data/antarctica/ismip6_hackathon/ComputedScalarsHelene/expAE02/shelfmelt/computed_shelfmelt_AIS_NORCE_CISM4-MAR364-ERA-t1-local_expAE02.nc,0.00047074094526607796,0.00047074094526607796,0.00047074094526607796,0.00047074094526607796,0.00047074094526607796,0.00047074094526607796,0.00047074094526607796,0.00047074094526607796,0.00047074094526607796,0.00047074094526607796,0.00047074094526607796,0.00047074094526607796,0.00047074094526607796,0.00047074094526607796,0.00047074094526607796,0.00047074094526607796,0.001930470694639995,0.00047074094526607796,0.00047074094526607796,-0.0038155932537568063,-0.001436396615692087,0.026530102987137393,0.029268768965082098,-0.021324414710913467,-0.014734284917295185
expAE02,NORCE_CISM4-MAR364-ERA-t1-nonlocal,/Volumes/CrucialX8/computing/data/antarctica/ismip6_hackathon/ComputedScalarsHelene/expAE02/shelfmelt/computed_shelfmelt_AIS_NORCE_CISM4-MAR364-ERA-t1-nonlocal_expAE02.nc,0.0023357921002987933,0.0023357921002987933,0.0023357921002987933,0.0023357921002987933,0.0023357921002987933,0.0023357921002987933,0.0023357921002987933,0.0023357921002987933,0.0023357921002987933,0.0023357921002987933,0.0023357921002987933,0.0023357921002987933,0.0023357921002987933,0.0023357921002987933,0.0023357921002987933,0.0023357921002987933,0.0023357921002987933,0.0023357921002987933,0.0023357921002987933,-0.00036009261153803485,0.0013532634696430956,0.009289694388852757,-0.05827886460535159,-0.015794500544240524,-0.015507999212727285
expAE02,NORCE_CISM4-MAR364-ERA-t1,/Volumes/CrucialX8/computing/data/antarctica/ismip6_hackathon/ComputedScalarsHelene/expAE02/shelfmelt/computed_shelfmelt_AIS_NORCE_CISM4-MAR364-ERA-t1_expAE02.nc,-0.02708203662325595,-0.02413031141076849,-0.02413031141076849,-0.02413031141076849,-0.02413031141076849,-0.02413031141076849,-0.02413031141076849,-0.02413031141076849,-0.02156903626086292,-0.02413031141076849,-0.02413031141076849,-0.02413031141076849,-0.02413031141076849,-0.02413031141076849,-0.02413031141076849,-0.02413031141076849,-0.021117221814088136,-0.02413031141076849,-0.02413031141076849,-0.06178231480264555,-0.004375213579322079,0.033755280920363034,-0.09211640027536903,-0.02479167984789362,-0.02380747896238719
expAE02,NORCE_CISM4-MAR364-JRA-t1,/Volumes/CrucialX8/computing/data/antarctica/ismip6_hackathon/ComputedScalarsHelene/expAE02/shelfmelt/computed_shelfmelt_AIS_NORCE_CISM4-MAR364-JRA-t1_expAE02.nc,-0.026301119362229716,-0.02361572968055496,-0.02361572968055496,-0.02361572968055496,-0.02361572968055496,-0.02361572968055496,-0.02361572968055496,-0.02361572968055496,-0.021225585739531795,-0.02361572968055496,-0.02361572968055496,-0.008981881845686712,-0.02361572968055496,-0.02361572968055496,-0.02361572968055496,-0.02361572968055496,-0.020543620734456487,-0.02361572968055496,-0.02361572968055496,-0.052388371660640046,-0.003062295233232662,0.04040877965271699,-0.11057781837657038,-0.020580598229627718,-0.021783504592022586
expAE02,NORCE_CISM5-MAR364-ERA-t1-local,/Volumes/CrucialX8/computing/data/antarctica/ismip6_hackathon/ComputedScalarsHelene/expAE02/shelfmelt/computed_shelfmelt_AIS_NORCE_CISM5-MAR364-ERA-t1-local_expAE02.nc,0.009672392497393635,0.009672392497393635,0.009672392497393635,0.009672392497393635,0.009672392497393635,0.009672392497393635,0.009672392497393635,0.005492526736015486,0.0086734500422917,0.009672392497393635,0.009672392497393635,0.002987112014806472,0.009672392497393635,0.009672392497393635,0.009672392497393635,0.009672392497393635,0.0037223011087272537,0.009672392497393635,0.009672392497393635,0.0025352136675251373,0.004244923050682591,0.039798626571256525,0.050211015138960466,-0.013619019060086508,-0.013337496002226567
expAE02,NORCE_CISM5-MAR364-ERA-t1-nonlocal,/Volumes/CrucialX8/computing/data/antarctica/ismip6_hackathon/ComputedScalarsHelene/expAE02/shelfmelt/computed_shelfmelt_AIS_NORCE_CISM5-MAR364-ERA-t1-nonlocal_expAE02.nc,0.0100666259412306,0.0100666259412306,0.0100666259412306,0.0100666259412306,0.0100666259412306,0.0100666259412306,0.0100666259412306,0.0059324180864957325,0.0100666259412306,0.0100666259412306,0.0100666259412306,0.0005578628185984036,0.0100666259412306,0.0100666259412306,0.0100666259412306,0.0100666259412306,0.004375300141999227,0.0100666259412306,0.0100666259412306,0.0022263174309040644,0.005605827568488039,0.02218970411596929,0.008952438491365275,-0.016018143544953407,-0.005807709675694741
expAE02,NORCE_CISM5-MAR364-ERA-t1,/Volumes/CrucialX8/computing/data/antarctica/ismip6_hackathon/ComputedScalarsHelene/expAE02/shelfmelt/computed_shelfmelt_AIS_NORCE_CISM5-MAR364-ERA-t1_expAE02.nc,0.013026280349433938,0.013026280349433938,0.013026280349433938,0.013026280349433938,0.013026280349433938,0.012381651595239837,0.013026280349433938,0.013026280349433938,0.013026280349433938,0.013026280349433938,0.013026280349433938,0.013026280349433938,0.013026280349433938,0.013026280349433938,0.013026280349433938,0.013026280349433938,0.0009494659082353411,0.013026280349433938,0.013026280349433938,-0.0036380047990352757,0.01551655718982205,0.02484738363421661,0.046972122020480775,-0.013929779374927988,-0.020772174289586665
expAE02,PIK_PISM,/Volumes/CrucialX8/computing/data/antarctica/ismip6_hackathon/ComputedScalarsHelene/expAE02/shelfmelt/computed_shelfmelt_AIS_PIK_PISM_expAE02.nc,0.12536123093443297,0.12536123093443297,0.12536123093443297,0.12536123093443297,0.12536123093443297,0.12536123093443297,0.12536123093443297,0.12536123093443297,0.12536123093443297,0.12536123093443297,0.12536123093443297,0.12536123093443297,0.12536123093443297,0.12536123093443297,0.12536123093443297,0.03396967867700651,0.056318174644288455,0.12536123093443297,0.12536123093443297,0.20705267840332275,0.022790467101214462,0.13495378705293815,0.8102160399057894,-0.026474241896470907,0.0011309753960493385
expAE02,UCM_Yelmo,/Volumes/CrucialX8/computing/data/antarctica/ismip6_hackathon/ComputedScalarsHelene/expAE02/shelfmelt/computed_shelfmelt_AIS_UCM_Yelmo_expAE02.nc,-0.11281689338414372,-0.11281689338414372,-0.11281689338414372,-0.11281689338414372,-0.11281689338414372,-0.11281689338414372,-0.11281689338414372,-0.11281689338414372,-0.11281689338414372,-0.11281689338414372,-0.11281689338414372,-0.11281689338414372,-0.11281689338414372,-0.11281689338414372,-0.11281689338414372,-0.11281689338414372,-0.11281689338414372,-0.11281689338414372,-0.11281689338414372,-0.14153389743591582,-0.07149294065970035,-0.028202647196890432,-0.32160615238617074,-0.027894120537518954,-0.05139052195229388
expAE02,UCSD_ISSM,/Volumes/CrucialX8/computing/data/antarctica/ismip6_hackathon/ComputedScalarsHelene/expAE02/shelfmelt/computed_shelfmelt_AIS_UCSD_ISSM_expAE02.nc,0.09429242547759759,0.09429242547759759,0.09429242547759759,0.09429242547759759,0.09429242547759759,0.09429242547759759,0.09429242547759759,0.09429242547759759,0.09429242547759759,0.09429242547759759,0.09429242547759759,0.09429242547759759,0.09429242547759759,0.09429242547759759,0.09429242547759759,0.09429242547759759,0.09429242547759759,0.09429242547759759,0.09429242547759759,0.2572877622194262,0.0021634191015108134,0.10542916041923495,1.2785491195903824,-0.003567239760023825,0.04982014949974442
expAE02,ULB_fETISh-KoriBU1,/Volumes/CrucialX8/computing/data/antarctica/ismip6_hackathon/ComputedScalarsHelene/expAE02/shelfmelt/computed_shelfmelt_AIS_ULB_fETISh-KoriBU1_expAE02.nc,0.08466164000757492,0.08466164000757492,0.057820019748389045,0.08466164000757492,0.00865781818164188,0.08466164000757492,0.08466164000757492,0.08466164000757492,0.008773261834226526,0.012182790105785463,0.08466164000757492,0.08466164000757492,0.005274569170986537,0.002504328257890126,0.08466164000757492,0.08466164000757492,0.021225656508975482,0.08466164000757492,0.08466164000757492,0.12112287708459951,0.0030240053999510685,0.15868155920623817,0.6911082562917397,-0.0069375655439912615,-0.0647956902891837
expAE02,ULB_fETISh-KoriBU2,/Volumes/CrucialX8/computing/data/antarctica/ismip6_hackathon/ComputedScalarsHelene/expAE02/shelfmelt/computed_shelfmelt_AIS_ULB_fETISh-KoriBU2_expAE02.nc,-0.03098080902503944,-0.03098080902503944,-0.03098080902503944,-0.03098080902503944,-0.03098080902503944,-0.03098080902503944,-0.03098080902503944,-0.03098080902503944,-0.03098080902503944,-0.03098080902503944,-0.03098080902503944,-0.03098080902503944,-0.03098080902503944,-0.03098080902503944,-0.03098080902503944,-0.033422318287062075,-0.033422318287062075,-0.03098080902503944,-0.03098080902503944,-0.02161144089519912,-0.03229854451348996,-0.004908264806591622,0.10421390377938233,-0.08962452508713475,-0.11553005011211065
expAE02,UNN_Ua,/Volumes/CrucialX8/computing/data/antarctica/ismip6_hackathon/ComputedScalarsHelene/expAE02/shelfmelt/computed_shelfmelt_AIS_UNN_Ua_expAE02.nc,-0.18738279251313028,-0.1715147599698531,-0.21579141651669298,-0.1715147599698531,-0.21388322727778175,-0.1715147599698531,-0.1715147599698531,-0.1715147599698531,-0.18613627182231124,-0.20446963442581056,-0.207372580941537,-0.1715147599698531,-0.20753183619453297,-0.1715147599698531,-0.18738279251313028,-0.1715147599698531,-0.2115255866637089,-0.18738279251313028,-0.1715147599698531,-0.1520789777177567,-0.21710871933298836,-0.2945523287217023,0.9039673754458161,-0.24865088605152708,-0.22277160957029252
expAE02,UTAS_ElmerIce,/Volumes/CrucialX8/computing/data/antarctica/ismip6_hackathon/ComputedScalarsHelene/expAE02/shelfmelt/computed_shelfmelt_AIS_UTAS_ElmerIce_expAE02.nc,-0.43582975064170226,-0.45195705896321736,-0.37350137526022686,-0.44243960718380826,-0.4407338574773869,-0.44968037317679044,-0.45195705896321736,-0.44902910189965695,-0.4044234956924979,-0.4377448613738376,-0.40663456240643137,-0.45195705896321736,-0.45195705896321736,-0.0888109346375563,-0.4375580665711425,-0.4480361119820594,-0.30140470579684153,-0.3774194196445133,-0.4430011719970821,-0.4171476477417213,-0.33794722388175025,-0.495264361479625,1.5673409820169968,-0.3862024371267232,-0.3648908866692682
expAE02,VUB_AISMPALEO,/Volumes/CrucialX8/computing/data/antarctica/ismip6_hackathon/ComputedScalarsHelene/expAE02/shelfmelt/computed_shelfmelt_AIS_VUB_AISMPALEO_expAE02.nc,-0.08183662876671244,-0.09010331216064707,-0.07147020921431299,-0.07147020921431299,-0.07763555194001753,-0.09010331216064707,-0.08325283538118419,-0.07206633028423255,-0.0907135181047751,-0.08731882714300843,-0.08623012591676085,-0.09231051740592258,-0.07206633028423255,-0.04893072954901702,-0.0906998741904875,-0.07763555194001753,-0.05515248251474604,-0.06683659229998917,-0.07763555194001753,-0.09285132195651924,-0.07092055579498616,-0.06144489173888146,0.4192414472281317,-0.08397157708975737,-0.07595883148807554
expAE02,VUW_PISM1,/Volumes/CrucialX8/computing/data/antarctica/ismip6_hackathon/ComputedScalarsHelene/expAE02/shelfmelt/computed_shelfmelt_AIS_VUW_PISM1_expAE02.nc,-0.2084160878951986,-0.2084160878951986,-0.2084160878951986,-0.2084160878951986,-0.2084160878951986,-0.36188298412837594,-0.2084160878951986,-0.2084160878951986,-0.6192155621681982,-0.10921341257075479,-0.6402245954643481,-0.2084160878951986,-0.2084160878951986,-0.2691772584960055,-0.4741256519849474,-0.5301394523405676,-0.6453237114772036,-0.2084160878951986,-0.6402245954643481,-0.48579708177550796,-0.3311046587738101,-1.518441309702207,-0.7747170020804324,-0.13926906835838854,-0.7576048722838868
expAE02,VUW_PISM1_s1,/Volumes/CrucialX8/computing/data/antarctica/ismip6_hackathon/ComputedScalarsHelene/expAE02/shelfmelt/computed_shelfmelt_AIS_VUW_PISM1_s1_expAE02.nc,-0.2254243712674211,-0.2254243712674211,-0.2254243712674211,-0.2254243712674211,-0.2254243712674211,-0.4093102797703376,-0.2254243712674211,-0.2254243712674211,-0.6475399412549003,0.3701368530261732,-0.6678812137796952,-0.2254243712674211,-0.2254243712674211,-0.3833571889027376,-0.48809411960059773,-0.5475539451009726,-0.6051532148131874,-0.2254243712674211,-0.2254243712674211,-0.5681762251571407,-0.3624795133704105,-0.706040817013224,-0.815246783888824,-0.1695939936632183,-0.7661957975959555
expAE02,VUW_PISM1_s2,/Volumes/CrucialX8/computing/data/antarctica/ismip6_hackathon/ComputedScalarsHelene/expAE02/shelfmelt/computed_shelfmelt_AIS_VUW_PISM1_s2_expAE02.nc,-0.19599627422796195,-0.19599627422796195,-0.19599627422796195,-0.19599627422796195,-0.19599627422796195,-0.3359548988312624,-0.19599627422796195,-0.19599627422796195,-0.6206732031624402,-0.16078148251275853,-0.5785776677235444,-0.19599627422796195,-0.19599627422796195,-0.1929824910236082,-0.4898651657998493,-0.5922284363938299,-0.6627051231543626,-0.19599627422796195,-0.6488185573061784,-0.4450795359854496,-0.3508979631365662,-1.4928131406875202,-0.7316512597912201,-0.13585620149920535,-0.6200480741770176
expAE02,VUW_PISM1_s3,/Volumes/CrucialX8/computing/data/antarctica/ismip6_hackathon/ComputedScalarsHelene/expAE02/shelfmelt/computed_shelfmelt_AIS_VUW_PISM1_s3_expAE02.nc,-0.23572847585200418,-0.23572847585200418,-0.23572847585200418,-0.23572847585200418,-0.23572847585200418,-0.4127833581460433,-0.23572847585200418,-0.23572847585200418,-0.6345013560068495,0.40028541154474734,-0.6518496696211895,-0.23572847585200418,-0.23572847585200418,-0.23572847585200418,-0.4922527713741514,-0.5533905427639718,-0.6090550534463193,-0.23572847585200418,-0.6518496696211895,-0.580887355279365,-0.3453440910609161,-0.752425797272258,-0.8187690826076108,-0.1732245001276736,-0.776653742194948
expAE02,VUW_PISM1_s4,/Volumes/CrucialX8/computing/data/antarctica/ismip6_hackathon/ComputedScalarsHelene/expAE02/shelfmelt/computed_shelfmelt_AIS_VUW_PISM1_s4_expAE02.nc,-0.21597293149503693,-0.21597293149503693,-0.21597293149503693,-0.21597293149503693,-0.21597293149503693,-0.3782009925284746,-0.21597293149503693,-0.21597293149503693,-0.6222193722332687,-0.11264459866587012,-0.639128625767633,-0.21597293149503693,-0.21597293149503693,-0.21597293149503693,-0.4933292366359338,-0.5455726661399529,-0.6000356974892647,-0.21597293149503693,-0.639128625767633,-0.48731960334774316,-0.33598160548448064,-0.8777736260507794,-0.7904402137976358,-0.1275298798371361,-0.7581555170247971
expAE02,VUW_PISM2,/Volumes/CrucialX8/computing/data/antarctica/ismip6_hackathon/ComputedScalarsHelene/expAE02/shelfmelt/computed_shelfmelt_AIS_VUW_PISM2_expAE02.nc,-0.2603751245106969,-0.2603751245106969,-0.2603751245106969,-0.2603751245106969,-0.2603751245106969,-0.32578705626397464,-0.2603751245106969,-0.2603751245106969,-0.5527996958313356,-0.18955558591677962,-0.5552558730121626,-0.2603751245106969,-0.2608238777680587,-0.2603751245106969,-0.4800082652428256,-0.5483266579429295,-0.5703747564329656,-0.2603751245106969,-0.2603751245106969,-0.544589218875684,-0.27483947038768075,-0.7596006224993066,-0.9858397103173042,-0.10747857915001335,-0.6523741311933008
expAE02,VUW_PISM2_s1,/Volumes/CrucialX8/computing/data/antarctica/ismip6_hackathon/ComputedScalarsHelene/expAE02/shelfmelt/computed_shelfmelt_AIS_VUW_PISM2_s1_expAE02.nc,-0.2672763542034655,-0.2672763542034655,-0.2672763542034655,-0.2672763542034655,-0.2672763542034655,-0.35607026035207545,-0.2672763542034655,-0.2672763542034655,-0.5599351319752617,-0.3061328623867805,-0.5526293847487252,-0.2672763542034655,-0.2835317115811691,-0.2672763542034655,-0.494197491698481,-0.5623814376687135,-0.5799244193418642,-0.2672763542034655,-0.2672763542034655,-0.5952127882669136,-0.2688143237256634,-0.6828644923143077,-0.9646693315805084,-0.11218430346783836,-0.6541548834794995
expAE02,VUW_PISM2_s2,/Volumes/CrucialX8/computing/data/antarctica/ismip6_hackathon/ComputedScalarsHelene/expAE02/shelfmelt/computed_shelfmelt_AIS_VUW_PISM2_s2_expAE02.nc,-0.22226220215361736,-0.22226220215361736,-0.22226220215361736,-0.22226220215361736,-0.22226220215361736,-0.29669857894768825,-0.22226220215361736,-0.22226220215361736,-0.5534207787167663,-0.4844160743363319,-0.5451710665559165,-0.22226220215361736,-0.22100558447520147,-0.22226220215361736,-0.4844160743363319,-0.5561334077850613,-0.6378153989138774,-0.22226220215361736,-0.5451710665559165,-0.48608780949995967,-0.27451132716837834,-0.6857581341318089,-0.7699072861389218,-0.10127482291190176,-0.6472738706579393
expAE02,VUW_PISM2_s3,/Volumes/CrucialX8/computing/data/antarctica/ismip6_hackathon/ComputedScalarsHelene/expAE02/shelfmelt/computed_shelfmelt_AIS_VUW_PISM2_s3_expAE02.nc,-0.26126888028707196,-0.26126888028707196,-0.26126888028707196,-0.26126888028707196,-0.2686771657596174,-0.36367285299322527,-0.26126888028707196,-0.26126888028707196,-0.5666434791599729,-0.136369851894603,-0.5667912286231902,-0.26126888028707196,-0.284498804999914,-0.26126888028707196,-0.5011727588152896,-0.5702776001641119,-0.5970655846152997,-0.26126888028707196,-0.5667912286231902,-0.6307782150180294,-0.28356471185762033,-0.6962343319278479,-0.9636504319092798,-0.17279725576909266,-0.66995872898605
expAE02,VUW_PISM2_s4,/Volumes/CrucialX8/computing/data/antarctica/ismip6_hackathon/ComputedScalarsHelene/expAE02/shelfmelt/computed_shelfmelt_AIS_VUW_PISM2_s4_expAE02.nc,-0.2582593061261327,-0.2582593061261327,-0.2582593061261327,-0.2582593061261327,-0.2582593061261327,-0.319356323256466,-0.2582593061261327,-0.2582593061261327,-0.5589767473430421,-0.19990003987828003,-0.5560776027920268,-0.2582593061261327,-0.25438826766760103,-0.2582593061261327,-0.5078997019750617,-0.5519842001356164,-0.5964671055862147,-0.2582593061261327,-0.2582593061261327,-0.5380260912355608,-0.2739716588747656,-0.676082187450265,-0.9481313966477818,-0.10248535508325923,-0.651726032491608
expAE03,DC_ISSM,/Volumes/CrucialX8/computing/data/antarctica/ismip6_hackathon/ComputedScalarsHelene/expAE03/shelfmelt/computed_shelfmelt_AIS_DC_ISSM_expAE03.nc,-0.16903992996865302,-0.16903992996865302,-0.16903992996865302,-0.16903992996865302,-0.16903992996865302,-0.16903992996865302,-0.16903992996865302,-0.16903992996865302,-0.16903992996865302,-0.16903992996865302,-0.16903992996865302,-0.16903992996865302,-0.16903992996865302,-0.16903992996865302,-0.16903992996865302,-0.16903992996865302,-0.16903992996865302,-0.16903992996865302,-0.16903992996865302,-0.15144979383964735,-0.17922079759772036,0.07706691940073276,0.11060810433350698,-0.18151794718383743,-0.20241407635578654
expAE03,IGE_ElmerIce,/Volumes/CrucialX8/computing/data/antarctica/ismip6_hackathon/ComputedScalarsHelene/expAE03/shelfmelt/computed_shelfmelt_AIS_IGE_ElmerIce_expAE03.nc,-0.07150159472566031,0.06089432874363876,-0.15549637743525302,0.06089432874363876,0.06089432874363876,-0.134367940165929,0.06089432874363876,0.06089432874363876,-0.09149833667542506,0.06089432874363876,0.06089432874363876,-0.032749174224681155,0.06089432874363876,0.06089432874363876,-0.41118224595269837,-0.0629935364005011,-0.0629935364005011,0.03637399476402692,0.06089432874363876,0.34428751919572886,-0.09356116611037257,-0.5340855470819731,0.9227023756696742,-0.33118604389304585,-0.10145734389697952
expAE03,ILTS_SICOPOLIS,/Volumes/CrucialX8/computing/data/antarctica/ismip6_hackathon/ComputedScalarsHelene/expAE03/shelfmelt/computed_shelfmelt_AIS_ILTS_SICOPOLIS_expAE03.nc,-0.40016155746401316,-0.40016155746401316,-0.12404590424343659,-0.40016155746401316,-0.40016155746401316,-0.40016155746401316,-0.40016155746401316,-0.391313970090568,-0.40016155746401316,-0.40016155746401316,-0.40016155746401316,-0.40016155746401316,-0.3987232729714717,-0.40016155746401316,-0.40016155746401316,-0.40016155746401316,-0.40016155746401316,-0.15702954273381453,-0.40016155746401316,-0.3272446452946034,-0.33385077113871153,-0.4314109541501722,-0.3553551700842763,-0.32689578352935195,-0.35617024763084154
expAE03,LSCE_GRISLI2,/Volumes/CrucialX8/computing/data/antarctica/ismip6_hackathon/ComputedScalarsHelene/expAE03/shelfmelt/computed_shelfmelt_AIS_LSCE_GRISLI2_expAE03.nc,-0.09167144987127143,-0.21799134439097106,-0.0886607022979865,-0.21799134439097106,-0.21799134439097106,-0.13992758512648154,-0.21799134439097106,-0.1956564229799055,-0.2136317041742255,-0.1956564229799055,-0.1956564229799055,-0.21799134439097106,-0.21799134439097106,-0.1956564229799055,-0.21799134439097106,-0.21799134439097106,-0.21097129908548984,-0.10667192317331937,-0.1956564229799055,-0.09397691848978373,-0.16528873785958506,-0.4646024450625845,-0.14232298030038626,-0.16288493965135323,-0.16181896776171528
expAE03,LSCE_GRISLI,/Volumes/CrucialX8/computing/data/antarctica/ismip6_hackathon/ComputedScalarsHelene/expAE03/shelfmelt/computed_shelfmelt_AIS_LSCE_GRISLI_expAE03.nc,-0.08176993245610746,-0.22949272566229717,-0.08176993245610746,-0.24567599508325982,-0.24567599508325982,-0.1654386605841205,-0.24059103475593457,-0.24059103475593457,-0.24567599508325982,-0.24059103475593457,-0.24059103475593457,-0.24567599508325982,-0.24567599508325982,-0.24567599508325982,-0.24567599508325982,-0.24567599508325982,-0.05530830508533861,-0.052499869585392905,-0.24567599508325982,-0.14526452621763924,-0.18108008248019938,-0.38733583217325496,-0.20394999961469096,-0.20515521626819908,-0.17814085573001479
expAE03,NCAR_CISM1,/Volumes/CrucialX8/computing/data/antarctica/ismip6_hackathon/ComputedScalarsHelene/expAE03/shelfmelt/computed_shelfmelt_AIS_NCAR_CISM1_expAE03.nc,-0.1516414369755133,-0.21987039675565923,-0.19628649257213399,-0.21987039675565923,-0.21987039675565923,-0.21987039675565923,-0.21987039675565923,-0.21987039675565923,-0.2175254949560519,-0.21987039675565923,-0.21987039675565923,-0.21987039675565923,-0.21987039675565923,-0.21987039675565923,-0.21987039675565923,-0.21987039675565923,-0.21987039675565923,-0.21987039675565923,-0.21987039675565923,-0.30008913033805795,-0.2983599001193793,0.35343579362509325,-0.44021728155641593,-0.3969563267097225,-0.45218237676409667
expAE03,NCAR_CISM2,/Volumes/CrucialX8/computing/data/antarctica/ismip6_hackathon/ComputedScalarsHelene/expAE03/shelfmelt/computed_shelfmelt_AIS_NCAR_CISM2_expAE03.nc,-0.42372677677161175,-0.42372677677161175,-0.3197423070069001,-0.42372677677161175,-0.42372677677161175,-0.324402277074217,-0.42372677677161175,-0.42372677677161175,-0.4211499193487205,-0.42372677677161175,-0.42372677677161175,-0.42372677677161175,-0.42372677677161175,-0.42372677677161175,-0.42372677677161175,-0.42372677677161175,-0.42372677677161175,-0.3934929266381234,-0.42372677677161175,-0.2761016896851265,-0.5160716285276536,0.33852792069906684,-1.1881836283217881,-0.31110451413087725,-0.9460245101686893
expAE03,NORCE_CISM2-MAR364-ERA-t1,/Volumes/CrucialX8/computing/data/antarctica/ismip6_hackathon/ComputedScalarsHelene/expAE03/shelfmelt/computed_shelfmelt_AIS_NORCE_CISM2-MAR364-ERA-t1_expAE03.nc,-0.3739725098605375,-1.0501398542567513,-0.41898145783208707,-1.0501398542567513,-1.0553578905981271,-1.0501398542567513,-1.0501398542567513,-1.0501398542567513,-1.0501398542567513,-1.0735479362657498,-0.867984829057388,-1.0501398542567513,-1.0501398542567513,-0.9423055413333022,-1.0501398542567513,-1.0501398542567513,-1.0553578905981271,-0.3739725098605375,-1.0501398542567513,-1.4996621443241507,-0.9390130493812812,-0.2259135818161493,-2.0886105754767663,-1.9011394620757867,-1.9105509427202458
expAE03,NORCE_CISM3-MAR364-ERA-t1-local,/Volumes/CrucialX8/computing/data/antarctica/ismip6_hackathon/ComputedScalarsHelene/expAE03/shelfmelt/computed_shelfmelt_AIS_NORCE_CISM3-MAR364-ERA-t1-local_expAE03.nc,-0.04341814185905085,-0.04341814185905085,-0.04122661549005452,-0.04341814185905085,-0.04341814185905085,-0.04341814185905085,-0.04341814185905085,-0.04341814185905085,-0.04341814185905085,-0.04341814185905085,-0.04341814185905085,-0.04341814185905085,-0.04341814185905085,-0.04341814185905085,-0.04341814185905085,-0.04341814185905085,-0.04069082124287837,-0.047023602743354556,-0.04341814185905085,-0.0728673747840635,-0.07060503900985199,-0.05953548272263165,-0.12623175070190068,-0.10764943894186088,-0.11005489487914633
expAE03,NORCE_CISM3-MAR364-ERA-t1-nonlocal,/Volumes/CrucialX8/computing/data/antarctica/ismip6_hackathon/ComputedScalarsHelene/expAE03/shelfmelt/computed_shelfmelt_AIS_NORCE_CISM3-MAR364-ERA-t1-nonlocal_expAE03.nc,-0.029164504006788217,-0.029164504006788217,-0.028589454759459343,-0.029164504006788217,-0.029164504006788217,-0.029164504006788217,-0.029164504006788217,-0.029164504006788217,-0.029164504006788217,-0.029164504006788217,-0.029164504006788217,-0.029164504006788217,-0.029164504006788217,-0.029164504006788217,-0.029164504006788217,-0.029164504006788217,-0.029164504006788217,-0.06384914269090597,-0.029164504006788217,-0.07400088704528338,-0.05342452959603561,-0.06628235111776079,-0.24490625783171804,-0.06858805898303974,-0.11884530366195359
expAE03,NORCE_CISM3-MAR364-ERA-t1,/Volumes/CrucialX8/computing/data/antarctica/ismip6_hackathon/ComputedScalarsHelene/expAE03/shelfmelt/computed_shelfmelt_AIS_NORCE_CISM3-MAR364-ERA-t1_expAE03.nc,-0.2444267261472965,-0.2444267261472965,-0.16187763658393617,-0.2444267261472965,-0.2444267261472965,-0.2444267261472965,-0.2444267261472965,-0.2444267261472965,-0.2444267261472965,-0.2444267261472965,-0.2444267261472965,-0.2444267261472965,-0.2444267261472965,-0.2444267261472965,-0.2444267261472965,-0.2444267261472965,-0.2444267261472965,-0.07140137336203808,-0.2444267261472965,-0.2325829502697403,-0.22609216422065181,-0.006392051090520601,-0.6798434345084686,-0.5359588155615367,-0.7601063853894616
expAE03,NORCE_CISM4-MAR364-ERA-t1-local,/Volumes/CrucialX8/computing/data/antarctica/ismip6_hackathon/ComputedScalarsHelene/expAE03/shelfmelt/computed_shelfmelt_AIS_NORCE_CISM4-MAR364-ERA-t1-local_expAE03.nc,0.008459568514964159,0.006445646469762853,0.007001879166120113,0.006445646469762853,0.006445646469762853,0.006445646469762853,0.006445646469762853,0.006445646469762853,0.006445646469762853,0.006445646469762853,0.006445646469762853,0.006445646469762853,0.006445646469762853,0.006445646469762853,0.006445646469762853,0.006445646469762853,0.010543691224622984,0.004064960117483866,0.006445646469762853,0.005170376901470042,-0.00032145083184524637,-0.004574779027873718,0.03824280860298867,-0.016617457614096644,-0.016906908136368068
expAE03,NORCE_CISM4-MAR364-ERA-t1-nonlocal,/Volumes/CrucialX8/computing/data/antarctica/ismip6_hackathon/ComputedScalarsHelene/expAE03/shelfmelt/computed_shelfmelt_AIS_NORCE_CISM4-MAR364-ERA-t1-nonlocal_expAE03.nc,0.00374469609167067,0.00374469609167067,0.004456027775359778,0.00374469609167067,0.00374469609167067,0.00374469609167067,0.00374469609167067,0.00374469609167067,0.00374469609167067,0.00374469609167067,0.00374469609167067,0.00374469609167067,0.00374469609167067,0.00374469609167067,0.00374469609167067,0.00374469609167067,0.007034262645878368,0.005203678433931391,0.00374469609167067,-0.002445074045581863,1.3828097734959466e-05,0.0033236699589509547,-0.006260829785112207,-0.012390304816928193,-0.02045114741035401
expAE03,NORCE_CISM4-MAR364-ERA-t1,/Volumes/CrucialX8/computing/data/antarctica/ismip6_hackathon/ComputedScalarsHelene/expAE03/shelfmelt/computed_shelfmelt_AIS_NORCE_CISM4-MAR364-ERA-t1_expAE03.nc,-0.013652646813432964,-0.013652646813432964,-0.002802379499078661,-0.013652646813432964,-0.013652646813432964,-0.013652646813432964,-0.013652646813432964,-0.013652646813432964,-0.013652646813432964,-0.013652646813432964,-0.013652646813432964,-0.013652646813432964,-0.013652646813432964,-0.013652646813432964,-0.013652646813432964,-0.013652646813432964,0.01119880827334361,-0.013652646813432964,-0.013652646813432964,-0.014457221019944233,-0.006121716455531612,0.030065166969065374,-0.03404404634175304,-0.04187104004869922,-0.041868613570589776
expAE03,NORCE_CISM4-MAR364-JRA-t1,/Volumes/CrucialX8/computing/data/antarctica/ismip6_hackathon/ComputedScalarsHelene/expAE03/shelfmelt/computed_shelfmelt_AIS_NORCE_CISM4-MAR364-JRA-t1_expAE03.nc,-0.011497402918807062,-0.011497402918807062,-0.0010505032537360542,-0.011497402918807062,-0.011497402918807062,-0.011497402918807062,-0.011497402918807062,-0.011497402918807062,-0.011497402918807062,-0.011497402918807062,-0.011497402918807062,-0.011497402918807062,-0.011497402918807062,-0.011497402918807062,-0.011497402918807062,-0.011497402918807062,0.006802250555859715,-0.011497402918807062,-0.011497402918807062,-0.01060107974601289,-0.007892601687162076,0.0308554391732012,-0.02957216283671328,-0.033704526392631835,-0.045413979297142096
expAE03,NORCE_CISM5-MAR364-ERA-t1-local,/Volumes/CrucialX8/computing/data/antarctica/ismip6_hackathon/ComputedScalarsHelene/expAE03/shelfmelt/computed_shelfmelt_AIS_NORCE_CISM5-MAR364-ERA-t1-local_expAE03.nc,0.006420224913299497,0.006420224913299497,0.006420224913299497,0.006420224913299497,0.006420224913299497,0.006420224913299497,0.006420224913299497,0.006420224913299497,0.006340406403996964,0.006420224913299497,0.006420224913299497,0.005342466341482666,0.006420224913299497,0.006420224913299497,0.006420224913299497,0.006420224913299497,0.011929655036807481,0.006420224913299497,0.006420224913299497,0.012214719720194963,0.003078559111953292,0.04536208383612014,0.0575846896745508,-0.024564120281473756,-0.009014301368671747
expAE03,NORCE_CISM5-MAR364-ERA-t1-nonlocal,/Volumes/CrucialX8/computing/data/antarctica/ismip6_hackathon/ComputedScalarsHelene/expAE03/shelfmelt/computed_shelfmelt_AIS_NORCE_CISM5-MAR364-ERA-t1-nonlocal_expAE03.nc,0.006048800813568057,0.006048800813568057,0.006048800813568057,0.006048800813568057,0.006048800813568057,0.006048800813568057,0.006048800813568057,0.006048800813568057,0.006048800813568057,0.006048800813568057,0.006048800813568057,0.005524752615138431,0.006048800813568057,0.006048800813568057,0.006048800813568057,0.006048800813568057,0.007991260083729043,0.006048800813568057,0.006048800813568057,0.004550383000725959,0.003934478226440469,0.03073594752592564,0.013720500322567233,-0.023364533828486436,-0.009589333527849488
expAE03,NORCE_CISM5-MAR364-ERA-t1,/Volumes/CrucialX8/computing/data/antarctica/ismip6_hackathon/ComputedScalarsHelene/expAE03/shelfmelt/computed_shelfmelt_AIS_NORCE_CISM5-MAR364-ERA-t1_expAE03.nc,0.00498304570879312,0.00498304570879312,0.00498304570879312,0.00498304570879312,0.00498304570879312,0.009933920403114502,0.00498304570879312,0.00498304570879312,0.004247574052581426,0.00498304570879312,0.00498304570879312,0.004535778358837894,0.00498304570879312,0.00498304570879312,0.00498304570879312,0.00498304570879312,0.011542456061877676,0.00498304570879312,0.00498304570879312,-0.0016236602803708436,0.012758333660506622,0.03939933090451338,0.05080917294723195,-0.02592105606292621,-0.022338407297183678
expAE03,PIK_PISM,/Volumes/CrucialX8/computing/data/antarctica/ismip6_hackathon/ComputedScalarsHelene/expAE03/shelfmelt/computed_shelfmelt_AIS_PIK_PISM_expAE03.nc,0.17257758446106558,0.17257758446106558,0.03382395651417547,0.17257758446106558,0.17257758446106558,-0.012640215618063944,0.17257758446106558,0.17257758446106558,0.17257758446106558,0.17257758446106558,0.17257758446106558,0.17257758446106558,0.17257758446106558,0.17257758446106558,0.17257758446106558,0.09070908090238483,-0.012763873817461524,0.17257758446106558,0.17257758446106558,0.1190373057182158,0.19831822944506172,0.19277230846740545,0.32306654567704574,0.08055495207604801,-0.22750569699503687
expAE03,UCM_Yelmo,/Volumes/CrucialX8/computing/data/antarctica/ismip6_hackathon/ComputedScalarsHelene/expAE03/shelfmelt/computed_shelfmelt_AIS_UCM_Yelmo_expAE03.nc,-0.18756712053495672,-0.18756712053495672,-0.18756712053495672,-0.18756712053495672,-0.18756712053495672,-0.18756712053495672,-0.18756712053495672,-0.18756712053495672,-0.18756712053495672,-0.18756712053495672,-0.18756712053495672,-0.18756712053495672,-0.18756712053495672,-0.18756712053495672,-0.18756712053495672,-0.18756712053495672,-0.18756712053495672,-0.18756712053495672,-0.18756712053495672,-0.23492874621517967,-0.054274517709203274,0.18302107562218572,-0.5141281208990729,-0.062451215423910036,-0.044657792000691365
expAE03,UCSD_ISSM,/Volumes/CrucialX8/computing/data/antarctica/ismip6_hackathon/ComputedScalarsHelene/expAE03/shelfmelt/computed_shelfmelt_AIS_UCSD_ISSM_expAE03.nc,0.08482346739249069,0.08482346739249069,0.08482346739249069,0.08482346739249069,0.08482346739249069,0.08482346739249069,0.08482346739249069,0.08482346739249069,0.08482346739249069,0.08482346739249069,0.08482346739249069,0.08482346739249069,0.08482346739249069,0.08482346739249069,0.08482346739249069,0.08482346739249069,0.08482346739249069,0.08482346739249069,0.08482346739249069,0.25532103765205794,-0.055146395320806896,0.2014499631168936,1.1914836861258058,-0.004899866352202003,0.055166978196698344
expAE03,ULB_fETISh-KoriBU1,/Volumes/CrucialX8/computing/data/antarctica/ismip6_hackathon/ComputedScalarsHelene/expAE03/shelfmelt/computed_shelfmelt_AIS_ULB_fETISh-KoriBU1_expAE03.nc,0.005889587533526197,0.005889587533526197,0.0004568093788756833,0.005889587533526197,0.011066404764431603,0.005889587533526197,0.005889587533526197,0.005889587533526197,0.00010766735221767743,0.012484594720208297,0.005889587533526197,0.005889587533526197,0.008640760394073854,0.005889587533526197,0.012484594720208297,0.005889587533526197,-0.0011884483102570509,0.005889587533526197,0.005889587533526197,0.09833646039539173,-0.0687858013156531,0.1536945459300516,0.3732761706813637,-0.007470522568569643,-0.20546133441397546
expAE03,ULB_fETISh-KoriBU2,/Volumes/CrucialX8/computing/data/antarctica/ismip6_hackathon/ComputedScalarsHelene/expAE03/shelfmelt/computed_shelfmelt_AIS_ULB_fETISh-KoriBU2_expAE03.nc,-0.09304412832875025,-0.09304412832875025,-0.06953840361913985,-0.09304412832875025,-0.09304412832875025,-0.09304412832875025,-0.09304412832875025,-0.09304412832875025,-0.09304412832875025,-0.09304412832875025,-0.09304412832875025,-0.09304412832875025,-0.09304412832875025,-0.08283812080256889,-0.09304412832875025,-0.09304412832875025,-0.09304412832875025,-0.09304412832875025,-0.09304412832875025,-0.018273314166656174,-0.14236502974667994,0.08249844761860589,0.13858638757495967,-0.13530431467643167,-0.15838868853362875
expAE03,UNN_Ua,/Volumes/CrucialX8/computing/data/antarctica/ismip6_hackathon/ComputedScalarsHelene/expAE03/shelfmelt/computed_shelfmelt_AIS_UNN_Ua_expAE03.nc,-0.1472521465203812,-0.09050697718702483,-0.1401133695345672,-0.09050697718702483,-0.09050697718702483,-0.12072798669158435,-0.09050697718702483,-0.09050697718702483,-0.09050697718702483,-0.09050697718702483,-0.09050697718702483,-0.09050697718702483,-0.09050697718702483,-0.09050697718702483,-0.09050697718702483,-0.09050697718702483,-0.09050697718702483,-0.09050697718702483,-0.09050697718702483,-0.08047585323244622,-0.22277987055172277,-0.29852305358501197,0.8856789428212821,-0.27668935709099785,-0.2786868936464262
expAE03,UTAS_ElmerIce,/Volumes/CrucialX8/computing/data/antarctica/ismip6_hackathon/ComputedScalarsHelene/expAE03/shelfmelt/computed_shelfmelt_AIS_UTAS_ElmerIce_expAE03.nc,-0.23471854423372196,-0.5011410639343088,-0.2641610862418725,-0.5011410639343088,-0.5011410639343088,-0.4246715013038631,-0.5011410639343088,-0.5011410639343088,-0.4914360860824366,-0.5011410639343088,-0.4285836594483112,-0.5011410639343088,-0.5011410639343088,-0.44832758278171103,-0.5011410639343088,-0.5011410639343088,-0.5011410639343088,-0.23471854423372196,-0.5011410639343088,-0.23863513702384398,-0.41654042095707544,-0.18402887691289815,1.2362102240218404,-0.47429074852442543,-0.47796141053820396
expAE03,VUB_AISMPALEO,/Volumes/CrucialX8/computing/data/antarctica/ismip6_hackathon/ComputedScalarsHelene/expAE03/shelfmelt/computed_shelfmelt_AIS_VUB_AISMPALEO_expAE03.nc,-0.013133929161728307,-0.07281458825397917,-0.07281458825397917,-0.07281458825397917,-0.07281458825397917,-0.07281458825397917,-0.07281458825397917,-0.028863159553800796,-0.07281458825397917,-0.07281458825397917,-0.07281458825397917,-0.07281458825397917,-0.07281458825397917,-0.07281458825397917,-0.07281458825397917,-0.07281458825397917,-0.07281458825397917,-0.07281458825397917,-0.07281458825397917,-0.04764891296316168,-0.07418939282014467,-0.057406546322325974,-0.5057818696838086,-0.04918496505267425,-0.07805391532036735
expAE03,VUW_PISM1,/Volumes/CrucialX8/computing/data/antarctica/ismip6_hackathon/ComputedScalarsHelene/expAE03/shelfmelt/computed_shelfmelt_AIS_VUW_PISM1_expAE03.nc,-0.11850847121481145,-0.11850847121481145,-1.0845853085691748,-0.11850847121481145,-0.11850847121481145,-1.0712415301288205,-0.11850847121481145,-0.11850847121481145,-1.2863031785326666,0.38003750836233896,-0.5605540709715281,-0.11850847121481145,-0.11850847121481145,-0.11850847121481145,-1.3741531194631142,-0.11850847121481145,-1.3070154524768054,-0.31081812324846414,-0.11850847121481145,-0.37062558266868106,-0.291223451222149,-1.8273349459438428,-1.8110817146865754,-0.4796276133834153,-0.7557665899289505
expAE03,VUW_PISM1_s1,/Volumes/CrucialX8/computing/data/antarctica/ismip6_hackathon/ComputedScalarsHelene/expAE03/shelfmelt/computed_shelfmelt_AIS_VUW_PISM1_s1_expAE03.nc,-0.1626408247234743,-0.1626408247234743,-1.1133427839730905,-0.1626408247234743,-0.1626408247234743,-1.1048782255119285,-0.1626408247234743,-0.1626408247234743,-1.331717667330393,-0.9233335880781797,-0.6226179762363171,-0.1626408247234743,-0.1626408247234743,-0.1626408247234743,-1.4409259567497879,-1.3777408535379432,-1.381478451482193,-0.1626408247234743,-0.1626408247234743,-0.3824417948809782,-0.3530509351026936,0.02555682613923549,-1.9377516778469535,-0.4973302349929058,-0.7668580970410671
expAE03,VUW_PISM1_s2,/Volumes/CrucialX8/computing/data/antarctica/ismip6_hackathon/ComputedScalarsHelene/expAE03/shelfmelt/computed_shelfmelt_AIS_VUW_PISM1_s2_expAE03.nc,-0.09124500322519835,-0.09124500322519835,-1.0857670484517368,-0.09124500322519835,-0.09124500322519835,-1.3027064852078993,-0.09124500322519835,-0.09124500322519835,-1.3207119556781948,-1.2655624381910733,-0.5512105363581569,-0.09124500322519835,-0.09124500322519835,-0.09124500322519835,-1.4008166198156404,-0.09124500322519835,-1.3142046765181108,-0.3460098551192117,-0.09124500322519835,-0.3581356029718725,-0.2845094052719591,-1.1879444737002218,-1.5855843919346007,-0.609883912920425,-0.7786417703705661
expAE03,VUW_PISM1_s3,/Volumes/CrucialX8/computing/data/antarctica/ismip6_hackathon/ComputedScalarsHelene/expAE03/shelfmelt/computed_shelfmelt_AIS_VUW_PISM1_s3_expAE03.nc,-0.15340877284039656,-1.1610506501896052,-0.999969206057974,-0.15340877284039656,-0.15340877284039656,-1.052366137744783,-0.15340877284039656,-0.15340877284039656,-1.225353919316633,0.38003750836233896,-0.5982894824058336,-0.18192169758670218,-0.15340877284039656,-0.15340877284039656,-1.3235511807682303,-0.15340877284039656,-1.2964018016037049,-0.1216330964656166,-0.5982894824058336,-0.44121026843170164,-0.32161569369391674,-1.861098448417963,-1.8157223347442693,-0.5261455125850443,-0.8025688326755295
expAE03,VUW_PISM1_s4,/Volumes/CrucialX8/computing/data/antarctica/ismip6_hackathon/ComputedScalarsHelene/expAE03/shelfmelt/computed_shelfmelt_AIS_VUW_PISM1_s4_expAE03.nc,-0.11486369743460245,-0.11486369743460245,-1.0807384564605154,-0.11486369743460245,-0.11486369743460245,-1.1378599684009076,-0.11486369743460245,-0.11486369743460245,-1.294545310937257,0.38003750836233896,-0.564812460289319,-0.11486369743460245,-0.11486369743460245,-0.11486369743460245,-1.3939255203354775,-0.11486369743460245,-1.321739980444712,-0.2907430576320308,-0.11486369743460245,-0.35025664683265334,-0.2931804396343277,-1.8051853092540955,-1.8120238180848756,-0.5205385408513488,-0.7615348493523952
expAE03,VUW_PISM2,/Volumes/CrucialX8/computing/data/antarctica/ismip6_hackathon/ComputedScalarsHelene/expAE03/shelfmelt/computed_shelfmelt_AIS_VUW_PISM2_expAE03.nc,-0.13711824432452424,-0.13711824432452424,-1.0032705896907945,-0.13711824432452424,-0.13711824432452424,-1.0032705896907945,-0.13711824432452424,-0.13711824432452424,-1.161838208176189,-0.9181719999274872,-0.5382415856543071,-0.13711824432452424,-0.13711824432452424,-0.13711824432452424,-1.2537013185881942,-0.13711824432452424,-1.21553077754438,-0.4741777097360672,-0.13711824432452424,-0.4887643679752165,-0.2806128596803259,-1.5800185199330885,-1.9088514153418896,-0.4884378341332409,-0.7177763435873179
expAE03,VUW_PISM2_s1,/Volumes/CrucialX8/computing/data/antarctica/ismip6_hackathon/ComputedScalarsHelene/expAE03/shelfmelt/computed_shelfmelt_AIS_VUW_PISM2_s1_expAE03.nc,-0.14973221273727844,-0.14973221273727844,-1.0337714994657357,-0.14973221273727844,-0.14973221273727844,-1.0337714994657357,-0.14973221273727844,-0.14973221273727844,-1.2241682795337012,-0.9419804477401027,-0.5643977576339902,-0.14973221273727844,-0.14973221273727844,-0.14973221273727844,-1.3120441166052867,-0.14973221273727844,-1.2701376810883787,-0.14973221273727844,-0.14973221273727844,-0.45247349051610275,0.1972721898313623,-0.03491739501377278,-1.8713041655868978,-0.49331159416560616,-0.7202503558754797
expAE03,VUW_PISM2_s2,/Volumes/CrucialX8/computing/data/antarctica/ismip6_hackathon/ComputedScalarsHelene/expAE03/shelfmelt/computed_shelfmelt_AIS_VUW_PISM2_s2_expAE03.nc,-0.11560083700563517,-0.11560083700563517,-1.0021106239591973,-0.11560083700563517,-0.11560083700563517,-1.0021106239591973,-0.11560083700563517,-0.11560083700563517,-1.164320984063483,-0.9102830085955287,-0.5246240205903538,-0.11560083700563517,-0.11560083700563517,-0.11560083700563517,-1.2413961565487526,-0.11560083700563517,-1.1839361799474064,-0.11560083700563517,-0.11560083700563517,-0.4309147231233308,-0.2776565281297282,0.20109237944034597,-1.8943949964789195,-0.4739856433865515,-0.7272452850191228
expAE03,VUW_PISM2_s3,/Volumes/CrucialX8/computing/data/antarctica/ismip6_hackathon/ComputedScalarsHelene/expAE03/shelfmelt/computed_shelfmelt_AIS_VUW_PISM2_s3_expAE03.nc,-0.11237506428237642,-0.11237506428237642,-0.9684098805024345,-0.11237506428237642,-0.11237506428237642,-0.9684098805024345,-0.11237506428237642,-0.11237506428237642,-1.165440073980844,-0.8429691479840855,-0.5953298045178819,-0.12883195442214457,-0.11237506428237642,-0.11237506428237642,-1.2494162841776801,-0.11237506428237642,-1.2311164669189782,-0.29656186829195674,-0.11237506428237642,-0.43178593654590136,-0.3901005170735433,-0.1851166475645658,-1.9661373499513748,-0.5132010635735926,-0.7702818390783273
expAE03,VUW_PISM2_s4,/Volumes/CrucialX8/computing/data/antarctica/ismip6_hackathon/ComputedScalarsHelene/expAE03/shelfmelt/computed_shelfmelt_AIS_VUW_PISM2_s4_expAE03.nc,-0.13164195071983698,-0.13164195071983698,-1.0167000442183514,-0.13164195071983698,-0.13164195071983698,-1.0167000442183514,-0.13164195071983698,-0.13164195071983698,-1.1932546470815568,-0.9351501501121974,-0.5335285327623834,-0.13164195071983698,-0.13164195071983698,-0.13164195071983698,-1.2788316742834756,-0.13164195071983698,-1.2397878609443125,-0.4439597912563035,-0.13164195071983698,-0.48967141539954895,-0.2887093408469168,-0.06118127330879064,-1.659570724800983,-0.49464535124623227,-0.7142922590374537
expAE04,DC_ISSM,/Volumes/CrucialX8/computing/data/antarctica/ismip6_hackathon/ComputedScalarsHelene/expAE04/shelfmelt/computed_shelfmelt_AIS_DC_ISSM_expAE04.nc,-0.21894394967500458,-0.21894394967500458,-0.21894394967500458,-0.21894394967500458,-0.21894394967500458,-0.21894394967500458,-0.21894394967500458,-0.21894394967500458,-0.21894394967500458,-0.21894394967500458,-0.21894394967500458,-0.21894394967500458,-0.21894394967500458,-0.21894394967500458,-0.21894394967500458,-0.21894394967500458,-0.21894394967500458,-0.21894394967500458,-0.21894394967500458,-0.15981097830998153,-0.23008222711897303,-0.32147971290835425,0.18082856678487036,-0.1835523367414793,-0.3355976127158702
expAE04,IGE_ElmerIce,/Volumes/CrucialX8/computing/data/antarctica/ismip6_hackathon/ComputedScalarsHelene/expAE04/shelfmelt/computed_shelfmelt_AIS_IGE_ElmerIce_expAE04.nc,0.05488195641232563,0.05410584517068395,0.05410584517068395,0.05410584517068395,0.05410584517068395,0.05410584517068395,0.05410584517068395,0.05410584517068395,0.05410584517068395,0.05410584517068395,0.05410584517068395,0.05410584517068395,0.05410584517068395,0.05410584517068395,0.05605298145924731,0.01941377572390357,0.04040800743487416,0.248751425444804,0.05410584517068395,0.1808367817095332,-0.0856495629031776,0.16609649922366487,1.764355172477087,-0.1581145934739896,-0.1129319968742436
expAE04,ILTS_SICOPOLIS,/Volumes/CrucialX8/computing/data/antarctica/ismip6_hackathon/ComputedScalarsHelene/expAE04/shelfmelt/computed_shelfmelt_AIS_ILTS_SICOPOLIS_expAE04.nc,-0.49177817133144697,-0.49177817133144697,-0.42439389836264985,-0.49177817133144697,-0.49177817133144697,-0.49177817133144697,-0.49177817133144697,-0.49177817133144697,-0.49177817133144697,-0.49177817133144697,-0.49177817133144697,-0.49177817133144697,-0.36123504921029903,-0.49177817133144697,-0.49177817133144697,-0.49177817133144697,-0.49177817133144697,-0.36123504921029903,-0.49177817133144697,-0.3489843698087197,-0.4360925442331304,-0.682287950048343,-0.39305394652155035,-0.3375543896586699,-0.5535239835725199
expAE04,LSCE_GRISLI2,/Volumes/CrucialX8/computing/data/antarctica/ismip6_hackathon/ComputedScalarsHelene/expAE04/shelfmelt/computed_shelfmelt_AIS_LSCE_GRISLI2_expAE04.nc,-0.24470783561874304,-0.2958317269798644,-0.2958317269798644,-0.2958317269798644,-0.2842966747989841,-0.2958317269798644,-0.2958317269798644,-0.2842966747989841,-0.2958317269798644,-0.2958317269798644,-0.2605915451742894,-0.2958317269798644,-0.2958317269798644,-0.28744795442325716,-0.20143009678147683,-0.2958317269798644,-0.14911410979470854,-0.19298333030219444,-0.2958317269798644,-0.257499260510693,-0.1758173864320105,-0.41034503676787837,-0.08968846872884917,-0.13965036711948686,-0.28057617201859525
expAE04,LSCE_GRISLI,/Volumes/CrucialX8/computing/data/antarctica/ismip6_hackathon/ComputedScalarsHelene/expAE04/shelfmelt/computed_shelfmelt_AIS_LSCE_GRISLI_expAE04.nc,-0.2807748305334213,-0.2807748305334213,-0.2237481662424978,-0.2807748305334213,-0.2807748305334213,-0.2807748305334213,-0.2807748305334213,-0.27071121008785626,-0.24411966578180874,-0.2807748305334213,-0.2807748305334213,-0.2807748305334213,-0.2807748305334213,-0.2807748305334213,-0.2807748305334213,-0.2807748305334213,-0.1462527224540046,-0.2807748305334213,-0.2807748305334213,-0.2300868379094036,-0.17261270110917779,-0.278741470852219,-0.0932901845303109,-0.15768924952862715,-0.2880380890671731
expAE04,NCAR_CISM1,/Volumes/CrucialX8/computing/data/antarctica/ismip6_hackathon/ComputedScalarsHelene/expAE04/shelfmelt/computed_shelfmelt_AIS_NCAR_CISM1_expAE04.nc,-0.305227710827209,-0.305227710827209,-0.305227710827209,-0.305227710827209,-0.305227710827209,-0.305227710827209,-0.305227710827209,-0.305227710827209,-0.305227710827209,-0.305227710827209,-0.305227710827209,-0.305227710827209,-0.305227710827209,-0.305227710827209,-0.305227710827209,-0.305227710827209,-0.305227710827209,-0.305227710827209,-0.305227710827209,-0.3530965335953674,-0.33283251460244134,0.08761815499206282,-0.791027329660206,-0.31134694019829956,-0.7053237463340055
expAE04,NCAR_CISM2,/Volumes/CrucialX8/computing/data/antarctica/ismip6_hackathon/ComputedScalarsHelene/expAE04/shelfmelt/computed_shelfmelt_AIS_NCAR_CISM2_expAE04.nc,-0.4861253719178371,-0.4861253719178371,-0.5001991849834968,-0.4861253719178371,-0.4861253719178371,-0.4861253719178371,-0.4861253719178371,-0.4861253719178371,-0.5417543652188572,-0.5750886915731954,-0.4861253719178371,-0.4861253719178371,-0.4861253719178371,-0.4861253719178371,-0.4861253719178371,-0.4861253719178371,-0.4861253719178371,-0.5759008951339737,-0.4861253719178371,-0.8317334753765502,-0.3488101339707448,-0.10874544733249603,-0.6911361361951753,-0.37724073301343986,-1.5382421964381574
expAE04,NORCE_CISM2-MAR364-ERA-t1,/Volumes/CrucialX8/computing/data/antarctica/ismip6_hackathon/ComputedScalarsHelene/expAE04/shelfmelt/computed_shelfmelt_AIS_NORCE_CISM2-MAR364-ERA-t1_expAE04.nc,-0.9464891761009577,-0.9464891761009577,-0.9523712222227285,-0.9464891761009577,-1.2508197232589353,-0.9464891761009577,-0.9464891761009577,-0.9464891761009577,-0.9464891761009577,-1.2641830816307311,-0.9464891761009577,-0.9464891761009577,-0.9464891761009577,-0.9464891761009577,-0.9464891761009577,-0.9464891761009577,-1.1806029557558924,-1.2904608537804796,-0.9464891761009577,-1.766708128834769,-0.6450853395909659,-0.2334198484341764,-1.9371145100186054,-0.775183818484223,-5.076949066938022
expAE04,NORCE_CISM3-MAR364-ERA-t1-local,/Volumes/CrucialX8/computing/data/antarctica/ismip6_hackathon/ComputedScalarsHelene/expAE04/shelfmelt/computed_shelfmelt_AIS_NORCE_CISM3-MAR364-ERA-t1-local_expAE04.nc,-0.07818936140255528,-0.07818936140255528,-0.07818936140255528,-0.07818936140255528,-0.07818936140255528,-0.07818936140255528,-0.07818936140255528,-0.07818936140255528,-0.07818936140255528,-0.07818936140255528,-0.07818936140255528,-0.07818936140255528,-0.07818936140255528,-0.07818936140255528,-0.07818936140255528,-0.07818936140255528,0.1669390574980943,-0.07060618372226721,-0.07818936140255528,-0.11849641010469694,-0.0632991858170929,-0.04124042114706561,-0.11102765367325013,-0.06576666238771466,-0.1719519805785183
expAE04,NORCE_CISM3-MAR364-ERA-t1-nonlocal,/Volumes/CrucialX8/computing/data/antarctica/ismip6_hackathon/ComputedScalarsHelene/expAE04/shelfmelt/computed_shelfmelt_AIS_NORCE_CISM3-MAR364-ERA-t1-nonlocal_expAE04.nc,-0.06133927274362913,-0.06133927274362913,-0.06133927274362913,-0.06133927274362913,-0.06133927274362913,-0.06133927274362913,-0.06133927274362913,-0.06133927274362913,-0.06133927274362913,-0.06133927274362913,-0.06133927274362913,-0.06133927274362913,-0.06133927274362913,-0.06133927274362913,-0.06133927274362913,-0.06133927274362913,-0.05954673523963866,-0.061197562457730253,-0.06133927274362913,-0.08579572222749082,-0.05060141219354622,-0.015084203727678602,-0.231751625641202,-0.07829407264268785,-0.1691318690811091
expAE04,NORCE_CISM3-MAR364-ERA-t1,/Volumes/CrucialX8/computing/data/antarctica/ismip6_hackathon/ComputedScalarsHelene/expAE04/shelfmelt/computed_shelfmelt_AIS_NORCE_CISM3-MAR364-ERA-t1_expAE04.nc,-0.2782101049971165,-0.2782101049971165,-0.2782101049971165,-0.2782101049971165,-0.2782101049971165,-0.2782101049971165,-0.2782101049971165,-0.2782101049971165,-0.2782101049971165,-0.2782101049971165,-0.2782101049971165,-0.2782101049971165,-0.2782101049971165,-0.2782101049971165,-0.2782101049971165,-0.2782101049971165,-0.2361419498432348,-0.25496043083469455,-0.2782101049971165,-0.5307856247529743,-0.18825244896713544,-0.02612594251125519,-0.5420851960114196,-0.22379790942209304,-1.2805672884916874
expAE04,NORCE_CISM4-MAR364-ERA-t1-local,/Volumes/CrucialX8/computing/data/antarctica/ismip6_hackathon/ComputedScalarsHelene/expAE04/shelfmelt/computed_shelfmelt_AIS_NORCE_CISM4-MAR364-ERA-t1-local_expAE04.nc,0.005429692970261697,0.005429692970261697,0.005429692970261697,0.005429692970261697,0.005429692970261697,0.005429692970261697,0.005429692970261697,0.005429692970261697,0.005429692970261697,0.005429692970261697,0.005429692970261697,0.005429692970261697,0.005429692970261697,0.005429692970261697,0.005429692970261697,0.005429692970261697,0.04992207355138606,0.00644181607513486,0.005429692970261697,-0.0025579470906784627,-0.0007222174724691513,0.03909457425991206,0.03455783891174897,-0.010669963449621556,-0.02505330826160957
expAE04,NORCE_CISM4-MAR364-ERA-t1-nonlocal,/Volumes/CrucialX8/computing/data/antarctica/ismip6_hackathon/ComputedScalarsHelene/expAE04/shelfmelt/computed_shelfmelt_AIS_NORCE_CISM4-MAR364-ERA-t1-nonlocal_expAE04.nc,0.0017441669843841004,0.0017441669843841004,0.0017441669843841004,0.0017441669843841004,0.0017441669843841004,0.0017441669843841004,0.0017441669843841004,0.0017441669843841004,0.0017441669843841004,0.0017441669843841004,0.0017441669843841004,0.0017441669843841004,0.0017441669843841004,0.0017441669843841004,0.0017441669843841004,0.0017441669843841004,0.0018215528223480756,0.00121897519146736,0.0017441669843841004,-0.003735809955185368,-0.0007979454065920252,0.024033899943937953,-0.0587770989687387,-0.013142591116165062,-0.02695962267104513
expAE04,NORCE_CISM4-MAR364-ERA-t1,/Volumes/CrucialX8/computing/data/antarctica/ismip6_hackathon/ComputedScalarsHelene/expAE04/shelfmelt/computed_shelfmelt_AIS_NORCE_CISM4-MAR364-ERA-t1_expAE04.nc,-0.021513385533595178,-0.021513385533595178,-0.021513385533595178,-0.021513385533595178,-0.021513385533595178,-0.021513385533595178,-0.021513385533595178,-0.021513385533595178,-0.020495200983903616,-0.021513385533595178,-0.021513385533595178,-0.021513385533595178,-0.021513385533595178,-0.021513385533595178,-0.021513385533595178,-0.021513385533595178,0.05501691328810976,-0.021513385533595178,-0.021513385533595178,-0.040462664466546616,-0.01771275983138243,0.0850137929776387,-0.04961590283063208,-0.028128825842722936,-0.03994545060392829
expAE04,NORCE_CISM4-MAR364-JRA-t1,/Volumes/CrucialX8/computing/data/antarctica/ismip6_hackathon/ComputedScalarsHelene/expAE04/shelfmelt/computed_shelfmelt_AIS_NORCE_CISM4-MAR364-JRA-t1_expAE04.nc,-0.020636760738294582,-0.020636760738294582,-0.020636760738294582,-0.020636760738294582,-0.020636760738294582,-0.020636760738294582,-0.020636760738294582,-0.020636760738294582,-0.02037205866700091,-0.020636760738294582,-0.020636760738294582,-0.020636760738294582,-0.020636760738294582,-0.020636760738294582,-0.020636760738294582,-0.020636760738294582,0.06320507305320876,-0.020636760738294582,-0.020636760738294582,-0.04204960412798861,-0.016864181502582593,0.09009756796170777,-0.06762426064028304,-0.027684219294798508,-0.05616532551047794
expAE04,NORCE_CISM5-MAR364-ERA-t1-local,/Volumes/CrucialX8/computing/data/antarctica/ismip6_hackathon/ComputedScalarsHelene/expAE04/shelfmelt/computed_shelfmelt_AIS_NORCE_CISM5-MAR364-ERA-t1-local_expAE04.nc,0.0073440034385839695,0.0073440034385839695,0.0073440034385839695,0.0073440034385839695,0.0073440034385839695,0.0073440034385839695,0.0073440034385839695,0.0073440034385839695,0.0073440034385839695,0.0073440034385839695,0.0073440034385839695,0.0073440034385839695,0.0073440034385839695,0.0073440034385839695,0.0073440034385839695,0.0073440034385839695,0.02208689372306388,0.0073440034385839695,0.0073440034385839695,0.006024487008982483,0.0029464595298736886,0.04042784826235554,0.022592253596297983,-0.009192993330747863,-0.011479029044923605
expAE04,NORCE_CISM5-MAR364-ERA-t1-nonlocal,/Volumes/CrucialX8/computing/data/antarctica/ismip6_hackathon/ComputedScalarsHelene/expAE04/shelfmelt/computed_shelfmelt_AIS_NORCE_CISM5-MAR364-ERA-t1-nonlocal_expAE04.nc,0.009107815994523951,0.009107815994523951,0.009107815994523951,0.009107815994523951,0.009107815994523951,0.009107815994523951,0.009107815994523951,0.009107815994523951,0.009107815994523951,0.009107815994523951,0.009107815994523951,0.009107815994523951,0.009107815994523951,0.009107815994523951,0.009107815994523951,0.009107815994523951,0.017019414724850565,0.009107815994523951,0.009107815994523951,0.003408948363144683,0.005650748892626862,0.028260955515908133,0.003841641616215828,-0.01715867909331963,-0.011086629224397074
expAE04,NORCE_CISM5-MAR364-ERA-t1,/Volumes/CrucialX8/computing/data/antarctica/ismip6_hackathon/ComputedScalarsHelene/expAE04/shelfmelt/computed_shelfmelt_AIS_NORCE_CISM5-MAR364-ERA-t1_expAE04.nc,0.013027731460699653,0.013027731460699653,0.013027731460699653,0.013027731460699653,0.013027731460699653,0.013027731460699653,0.013027731460699653,0.013027731460699653,0.013027731460699653,0.013027731460699653,0.013027731460699653,0.013027731460699653,0.013027731460699653,0.013027731460699653,0.013027731460699653,0.013027731460699653,0.02438975445022819,0.013027731460699653,0.013027731460699653,0.0015978960560041992,0.013383743723346896,0.03720873858368917,0.05028762555225389,-0.024799269098254077,-0.02951189038725302
expAE04,PIK_PISM,/Volumes/CrucialX8/computing/data/antarctica/ismip6_hackathon/ComputedScalarsHelene/expAE04/shelfmelt/computed_shelfmelt_AIS_PIK_PISM_expAE04.nc,0.06820297058340608,0.06820297058340608,0.06820297058340608,0.06820297058340608,0.06820297058340608,0.06820297058340608,0.06820297058340608,0.06820297058340608,0.06820297058340608,0.06820297058340608,0.06820297058340608,0.06820297058340608,0.06820297058340608,0.06820297058340608,0.06820297058340608,0.06820297058340608,0.06820297058340608,0.06820297058340608,0.06820297058340608,0.1562588099520028,-0.06340484140463759,0.29346846790628783,1.1113165654054837,-0.11101084471380707,-0.09200366492643641
expAE04,UCM_Yelmo,/Volumes/CrucialX8/computing/data/antarctica/ismip6_hackathon/ComputedScalarsHelene/expAE04/shelfmelt/computed_shelfmelt_AIS_UCM_Yelmo_expAE04.nc,-0.259165108997148,-0.259165108997148,-0.259165108997148,-0.259165108997148,-0.259165108997148,-0.259165108997148,-0.259165108997148,-0.259165108997148,-0.259165108997148,-0.259165108997148,-0.259165108997148,-0.259165108997148,-0.259165108997148,-0.259165108997148,-0.259165108997148,-0.259165108997148,-0.259165108997148,-0.259165108997148,-0.259165108997148,-0.2088014637851405,-0.22774937985972954,-0.0581372560413686,-0.44283809662569296,-0.07674632165616417,-0.10174335704207146
expAE04,UCSD_ISSM,/Volumes/CrucialX8/computing/data/antarctica/ismip6_hackathon/ComputedScalarsHelene/expAE04/shelfmelt/computed_shelfmelt_AIS_UCSD_ISSM_expAE04.nc,0.132857851490858,0.132857851490858,0.132857851490858,0.132857851490858,0.132857851490858,0.132857851490858,0.132857851490858,0.132857851490858,0.132857851490858,0.132857851490858,0.132857851490858,0.132857851490858,0.132857851490858,0.132857851490858,0.132857851490858,0.132857851490858,0.132857851490858,0.132857851490858,0.132857851490858,0.28149901330312943,0.01436764556681118,0.21112079389287236,1.2609463170081152,0.00109804207333037,0.039748207872763945
expAE04,ULB_fETISh-KoriBU1,/Volumes/CrucialX8/computing/data/antarctica/ismip6_hackathon/ComputedScalarsHelene/expAE04/shelfmelt/computed_shelfmelt_AIS_ULB_fETISh-KoriBU1_expAE04.nc,0.07345005706749855,0.07345005706749855,0.07345005706749855,0.07345005706749855,0.0737819925035974,0.07345005706749855,0.07345005706749855,0.07345005706749855,0.07345005706749855,0.07345005706749855,0.07345005706749855,0.07345005706749855,0.06954464127822155,0.07345005706749855,0.07345005706749855,0.07345005706749855,0.10278896835150414,0.07345005706749855,0.07345005706749855,0.10186115050556938,0.03626151730001062,0.16408901810867843,0.546461953062499,-0.06487463648673784,-0.09419991835308544
expAE04,ULB_fETISh-KoriBU2,/Volumes/CrucialX8/computing/data/antarctica/ismip6_hackathon/ComputedScalarsHelene/expAE04/shelfmelt/computed_shelfmelt_AIS_ULB_fETISh-KoriBU2_expAE04.nc,-0.06737870951630329,-0.06737870951630329,-0.06737870951630329,-0.06737870951630329,-0.06737870951630329,-0.06737870951630329,-0.06737870951630329,-0.06737870951630329,-0.06737870951630329,-0.06737870951630329,-0.06737870951630329,-0.06737870951630329,-0.06737870951630329,-0.06737870951630329,-0.06737870951630329,-0.06737870951630329,-0.06737870951630329,-0.06737870951630329,-0.06737870951630329,-0.0660352102325899,-0.08140842577687718,0.05026382878485344,0.2306607962718854,-0.12329416419169038,-0.21516149054301653
expAE04,UNN_Ua,/Volumes/CrucialX8/computing/data/antarctica/ismip6_hackathon/ComputedScalarsHelene/expAE04/shelfmelt/computed_shelfmelt_AIS_UNN_Ua_expAE04.nc,-0.25573152197344906,-0.25573152197344906,-0.25573152197344906,-0.25573152197344906,-0.25573152197344906,-0.25573152197344906,-0.25573152197344906,-0.25573152197344906,-0.25573152197344906,-0.25573152197344906,-0.25573152197344906,-0.25573152197344906,-0.25573152197344906,-0.25573152197344906,-0.25573152197344906,-0.25573152197344906,-0.16017709940105962,-0.25573152197344906,-0.25573152197344906,-0.22475623712355608,-0.27377521827800977,-0.24737541622323783,1.2736643243658907,-0.20591632528117143,-0.47547300657753416
expAE04,UTAS_ElmerIce,/Volumes/CrucialX8/computing/data/antarctica/ismip6_hackathon/ComputedScalarsHelene/expAE04/shelfmelt/computed_shelfmelt_AIS_UTAS_ElmerIce_expAE04.nc,-0.4462674462020758,-0.5563209195938384,-0.5563209195938384,-0.5563209195938384,-0.5563209195938384,-0.5563209195938384,-0.5563209195938384,-0.5563209195938384,-0.5563209195938384,-0.5503332536417903,-0.5563209195938384,-0.5563209195938384,-0.5563209195938384,-0.5563209195938384,-0.5563209195938384,-0.5563209195938384,-0.40625083259328354,-0.43441356880029725,-0.5563209195938384,-0.4860210036257038,-0.46216086931653766,-0.5121781099267493,1.4961905543603957,-0.35051560031739143,-0.575891709855389
expAE04,VUB_AISMPALEO,/Volumes/CrucialX8/computing/data/antarctica/ismip6_hackathon/ComputedScalarsHelene/expAE04/shelfmelt/computed_shelfmelt_AIS_VUB_AISMPALEO_expAE04.nc,-0.12003785672850015,-0.12003785672850015,-0.12003785672850015,-0.12003785672850015,-0.12003785672850015,-0.12003785672850015,-0.12003785672850015,-0.12003785672850015,-0.12003785672850015,-0.12003785672850015,-0.12003785672850015,-0.12003785672850015,-0.12003785672850015,-0.12003785672850015,-0.12003785672850015,-0.12003785672850015,-0.12003785672850015,-0.12003785672850015,-0.12003785672850015,-0.14558834196267745,-0.08910911660823767,0.013299443015796691,0.1852472822292903,-0.06135297758840795,-0.15279339915698337
expAE04,VUW_PISM1,/Volumes/CrucialX8/computing/data/antarctica/ismip6_hackathon/ComputedScalarsHelene/expAE04/shelfmelt/computed_shelfmelt_AIS_VUW_PISM1_expAE04.nc,0.09565345283883697,0.09565345283883697,0.09565345283883697,0.09565345283883697,0.09565345283883697,0.09565345283883697,0.09565345283883697,0.09565345283883697,-0.567708263950732,-1.1930954995915777,-0.7330292122342352,0.09565345283883697,0.09565345283883697,0.09565345283883697,-0.3726723573509758,0.09565345283883697,-0.8454646436651811,0.09565345283883697,0.09565345283883697,-0.18584691139885412,-0.1110511121674076,-0.23475999597060893,-0.6187398574130716,-0.3256010248173744,0.25739322576001
expAE04,VUW_PISM1_s1,/Volumes/CrucialX8/computing/data/antarctica/ismip6_hackathon/ComputedScalarsHelene/expAE04/shelfmelt/computed_shelfmelt_AIS_VUW_PISM1_s1_expAE04.nc,0.06855786357571614,0.06855786357571614,0.06855786357571614,0.06855786357571614,0.06855786357571614,0.06855786357571614,0.06855786357571614,0.06855786357571614,-0.5222298057454504,-1.1149377861961425,-0.7567126854497344,0.06855786357571614,0.06855786357571614,0.06855786357571614,-0.3839439249863269,0.06855786357571614,-0.874416517306502,0.06855786357571614,0.06855786357571614,-0.24983598488997827,-0.06476495756293632,-0.08909564822766536,-0.554114410644317,-0.349906507582001,0.22495253973599816
expAE04,VUW_PISM1_s2,/Volumes/CrucialX8/computing/data/antarctica/ismip6_hackathon/ComputedScalarsHelene/expAE04/shelfmelt/computed_shelfmelt_AIS_VUW_PISM1_s2_expAE04.nc,0.12839995008132987,0.12839995008132987,0.12839995008132987,0.12839995008132987,0.12839995008132987,0.12839995008132987,0.12839995008132987,0.12839995008132987,-0.5600483162697024,-1.2725602687236448,-0.7590277130701479,0.12839995008132987,0.12839995008132987,0.12839995008132987,-0.35918552279797367,0.12839995008132987,-0.8369138693200293,0.12839995008132987,0.12839995008132987,-0.10870213228235115,-0.09970942839224572,-0.2012403472793467,-0.6001131016176127,-0.3415276428225785,0.21463445622969002
expAE04,VUW_PISM1_s3,/Volumes/CrucialX8/computing/data/antarctica/ismip6_hackathon/ComputedScalarsHelene/expAE04/shelfmelt/computed_shelfmelt_AIS_VUW_PISM1_s3_expAE04.nc,0.09017632395245434,0.09017632395245434,0.09017632395245434,0.09017632395245434,0.09017632395245434,0.09017632395245434,0.09017632395245434,0.09017632395245434,-0.05067348011046102,-1.1930954995915777,-0.7163041788418849,0.09017632395245434,0.09017632395245434,-0.05067348011046102,-0.40976704556334187,0.09017632395245434,-0.8454646436651811,0.09017632395245434,0.09017632395245434,-0.2964426158245954,-0.09877070994838155,-0.2518705302819366,-0.601443199639738,-0.38338658505125145,0.23909751199863694
expAE04,VUW_PISM1_s4,/Volumes/CrucialX8/computing/data/antarctica/ismip6_hackathon/ComputedScalarsHelene/expAE04/shelfmelt/computed_shelfmelt_AIS_VUW_PISM1_s4_expAE04.nc,0.09089333569098967,0.09089333569098967,0.09089333569098967,0.09089333569098967,0.09089333569098967,0.09089333569098967,0.09089333569098967,0.09089333569098967,-0.5583367734342286,-1.1930954995915777,-0.741770301410529,0.09089333569098967,0.09089333569098967,0.09089333569098967,-0.37385857963428537,0.09089333569098967,-0.8454646436651811,0.09089333569098967,0.09089333569098967,-0.21176609898505094,-0.11117610876790995,-0.24876189019501627,-0.5687535053810497,-0.3433605463239399,0.24902515820679394
expAE04,VUW_PISM2,/Volumes/CrucialX8/computing/data/antarctica/ismip6_hackathon/ComputedScalarsHelene/expAE04/shelfmelt/computed_shelfmelt_AIS_VUW_PISM2_expAE04.nc,-0.007975490047995581,-0.007975490047995581,-0.007975490047995581,-0.007975490047995581,-0.007975490047995581,-0.007975490047995581,-0.007975490047995581,-0.007975490047995581,-0.13158836553605346,-0.589315452586707,-0.6980662400130107,-0.007975490047995581,-0.007975490047995581,-0.007975490047995581,-0.17454225739207918,-1.0091036224478183,-0.7497826741171346,-0.007975490047995581,-0.007975490047995581,-0.32174576953665057,0.004099392252045253,-0.061428898696776035,-0.9002949011523059,-0.3099207709854464,0.3008495729033731
expAE04,VUW_PISM2_s1,/Volumes/CrucialX8/computing/data/antarctica/ismip6_hackathon/ComputedScalarsHelene/expAE04/shelfmelt/computed_shelfmelt_AIS_VUW_PISM2_s1_expAE04.nc,-0.04831338667411922,-0.04831338667411922,-0.04831338667411922,-0.04831338667411922,-0.04831338667411922,-0.04831338667411922,-0.04831338667411922,-0.04831338667411922,-0.3807388463378928,-0.6053426673909422,-0.7088621566200797,-0.04831338667411922,-0.05301647242217289,-0.04831338667411922,-0.20247054395400677,-0.9971457277274173,-0.8252271762057563,-0.04831338667411922,-0.04831338667411922,-0.37489302657015156,0.013500622928687922,0.05261350856854535,-0.6591499774596495,-0.3031938252909696,0.26514495430918106
expAE04,VUW_PISM2_s2,/Volumes/CrucialX8/computing/data/antarctica/ismip6_hackathon/ComputedScalarsHelene/expAE04/shelfmelt/computed_shelfmelt_AIS_VUW_PISM2_s2_expAE04.nc,0.03200348050179691,0.03200348050179691,0.03200348050179691,0.03200348050179691,0.03200348050179691,0.03200348050179691,0.03200348050179691,0.03200348050179691,-0.38061562724999065,-0.5737843414675537,-0.680758354125477,0.03200348050179691,0.027184373420073293,0.03200348050179691,-0.12409038397720584,-1.0110270098637226,-0.7425375904801058,0.03200348050179691,0.03200348050179691,-0.28870437749090216,-0.0051867696225222915,-0.04228722617580438,-0.7800543668308395,-0.3116936915365927,0.3041494156188391
expAE04,VUW_PISM2_s3,/Volumes/CrucialX8/computing/data/antarctica/ismip6_hackathon/ComputedScalarsHelene/expAE04/shelfmelt/computed_shelfmelt_AIS_VUW_PISM2_s3_expAE04.nc,-0.012234510678931443,-0.012234510678931443,-0.012234510678931443,-0.012234510678931443,-0.012234510678931443,-0.012234510678931443,-0.012234510678931443,-0.012234510678931443,-0.13646031247014123,-0.57279332958493,-0.7123652008639095,-0.012234510678931443,-0.024689127538433886,-0.012234510678931443,-0.1745162830997281,-1.009521973915017,-0.82735279849504,-0.012234510678931443,-0.012234510678931443,-0.3576335643346378,-0.006012106128225669,-0.021878960396641056,-0.5870075129806446,-0.3501989346245205,0.24376404413973107
expAE04,VUW_PISM2_s4,/Volumes/CrucialX8/computing/data/antarctica/ismip6_hackathon/ComputedScalarsHelene/expAE04/shelfmelt/computed_shelfmelt_AIS_VUW_PISM2_s4_expAE04.nc,-0.005495551592162418,-0.005495551592162418,-0.005495551592162418,-0.005495551592162418,-0.005495551592162418,-0.005495551592162418,-0.005495551592162418,-0.005495551592162418,-0.38221933286410026,-1.4826864654996401,-0.6873993697168748,-0.005495551592162418,-0.005495551592162418,-0.005495551592162418,-0.160618775220291,-0.005495551592162418,-0.82735279849504,-0.005495551592162418,-0.005495551592162418,-0.32669586364224545,0.4712038407181225,0.015307020376450209,-0.7599543982533077,-0.30389298738749915,0.2748615476912084
expAE05,DC_ISSM,/Volumes/CrucialX8/computing/data/antarctica/ismip6_hackathon/ComputedScalarsHelene/expAE05/shelfmelt/computed_shelfmelt_AIS_DC_ISSM_expAE05.nc,-0.07308858591449216,-0.1097043622429883,-0.1097043622429883,-0.1097043622429883,-0.1097043622429883,-0.1097043622429883,-0.1097043622429883,-0.1097043622429883,-0.1097043622429883,-0.1097043622429883,-0.1097043622429883,-0.1097043622429883,-0.1097043622429883,-0.1097043622429883,-0.1097043622429883,-0.1097043622429883,-0.1097043622429883,-0.1097043622429883,-0.1097043622429883,-0.052938277249882926,-0.1232734746957651,0.12229561922171124,0.12333813168815566,-0.1147095505940127,-0.07570928752708966
expAE05,IGE_ElmerIce,/Volumes/CrucialX8/computing/data/antarctica/ismip6_hackathon/ComputedScalarsHelene/expAE05/shelfmelt/computed_shelfmelt_AIS_IGE_ElmerIce_expAE05.nc,-0.35432787025664625,0.06874196329392313,-0.4591140300971438,0.18393738778727353,0.18393738778727353,0.05792474908820022,0.18393738778727353,0.18393738778727353,-0.47977074774928186,0.18393738778727353,0.18393738778727353,0.07889270410719229,0.18393738778727353,0.18393738778727353,0.09479220439200797,0.002387356241395522,-0.09307247592632018,-0.461654464593945,0.18393738778727353,0.41715771981372474,0.038100967676373054,-0.6040879743702778,-0.13573916050657076,-0.07625779453108672,0.0982677687265688
expAE05,ILTS_SICOPOLIS,/Volumes/CrucialX8/computing/data/antarctica/ismip6_hackathon/ComputedScalarsHelene/expAE05/shelfmelt/computed_shelfmelt_AIS_ILTS_SICOPOLIS_expAE05.nc,-0.2369700104755162,-0.2369700104755162,-0.09217514636460972,-0.2369700104755162,-0.2369700104755162,-0.2369700104755162,-0.2369700104755162,-0.2369700104755162,-0.2369700104755162,-0.2369700104755162,-0.2369700104755162,-0.2369700104755162,-0.2369700104755162,-0.2369700104755162,-0.2369700104755162,-0.2369700104755162,-0.2369700104755162,-0.09217514636460972,-0.2369700104755162,-0.14782573728477993,-0.25190424955110224,-0.15955602115616807,-0.1415102491357625,-0.2014160026129475,-0.10718687422817141
expAE05,LSCE_GRISLI2,/Volumes/CrucialX8/computing/data/antarctica/ismip6_hackathon/ComputedScalarsHelene/expAE05/shelfmelt/computed_shelfmelt_AIS_LSCE_GRISLI2_expAE05.nc,-0.05961170705749749,-0.10623254889844813,-0.05961170705749749,-0.10623254889844813,-0.10623254889844813,-0.10623254889844813,-0.10623254889844813,-0.10623254889844813,-0.10623254889844813,-0.10623254889844813,-0.10623254889844813,-0.10623254889844813,-0.10623254889844813,-0.10623254889844813,-0.10623254889844813,-0.07094920901569512,-0.07094920901569512,-0.054645797353968795,-0.10623254889844813,-0.045497950425048256,-0.10541354084436971,-0.16295341308096356,-0.09467690327420086,-0.09576581101332893,-0.0635785321510732
expAE05,LSCE_GRISLI,/Volumes/CrucialX8/computing/data/antarctica/ismip6_hackathon/ComputedScalarsHelene/expAE05/shelfmelt/computed_shelfmelt_AIS_LSCE_GRISLI_expAE05.nc,-0.047236774818962546,-0.1389803688321737,-0.047236774818962546,-0.1389803688321737,-0.1389803688321737,-0.10341963990911723,-0.1389803688321737,-0.1389803688321737,-0.1389803688321737,-0.1389803688321737,-0.1389803688321737,-0.1389803688321737,-0.1389803688321737,-0.1389803688321737,-0.1389803688321737,-0.1389803688321737,-0.0680817802082298,-0.04475716169013273,-0.1389803688321737,-0.08191703725529495,-0.10541027204369305,-0.1486629825299241,-0.14060383446034974,-0.11560802519189572,-0.0718674206868077
expAE05,NCAR_CISM1,/Volumes/CrucialX8/computing/data/antarctica/ismip6_hackathon/ComputedScalarsHelene/expAE05/shelfmelt/computed_shelfmelt_AIS_NCAR_CISM1_expAE05.nc,-0.14177940330281796,-0.18123574121536284,-0.13320036293618936,-0.18123574121536284,-0.18123574121536284,-0.18123574121536284,-0.18123574121536284,-0.18123574121536284,-0.18123574121536284,-0.18123574121536284,-0.18123574121536284,-0.18123574121536284,-0.18123574121536284,-0.18123574121536284,-0.18123574121536284,-0.18123574121536284,-0.18123574121536284,-0.18123574121536284,-0.18123574121536284,-0.1907367936221297,-0.18754029604855565,0.14095818995895043,-0.6298709487394045,-0.2030565941022166,-0.14894619869338788
expAE05,NCAR_CISM2,/Volumes/CrucialX8/computing/data/antarctica/ismip6_hackathon/ComputedScalarsHelene/expAE05/shelfmelt/computed_shelfmelt_AIS_NCAR_CISM2_expAE05.nc,-0.5724768167133438,-0.5724768167133438,-0.3023029746703979,-0.5724768167133438,-0.5724768167133438,-0.33653005068707287,-0.5724768167133438,-0.5724768167133438,-0.5724768167133438,-0.5724768167133438,-0.5724768167133438,-0.5724768167133438,-0.5724768167133438,-0.5724768167133438,-0.5724768167133438,-0.5724768167133438,-0.5724768167133438,-0.5724768167133438,-0.5724768167133438,-0.23813103712196582,-0.5107596914698993,-0.2638408618562733,-1.1351030923677035,-0.21255004976527725,-0.5568123260747464
expAE05,NORCE_CISM2-MAR364-ERA-t1,/Volumes/CrucialX8/computing/data/antarctica/ismip6_hackathon/ComputedScalarsHelene/expAE05/shelfmelt/computed_shelfmelt_AIS_NORCE_CISM2-MAR364-ERA-t1_expAE05.nc,-0.7281252506478129,-0.7281252506478129,-0.29519006587804847,-0.7281252506478129,-0.7281252506478129,-0.35460167224350636,-0.7281252506478129,-0.7281252506478129,-0.7281252506478129,-0.7281252506478129,-0.6742070614576923,-0.7281252506478129,-0.7281252506478129,-0.7281252506478129,-0.7281252506478129,-0.7281252506478129,-0.11085031403704687,-0.7281252506478129,-0.7281252506478129,-0.4014913659137732,-0.7224904370721157,0.03976580400560198,-1.4072430041817237,-0.40394344486953393,-0.5380961528489339
expAE05,NORCE_CISM3-MAR364-ERA-t1-local,/Volumes/CrucialX8/computing/data/antarctica/ismip6_hackathon/ComputedScalarsHelene/expAE05/shelfmelt/computed_shelfmelt_AIS_NORCE_CISM3-MAR364-ERA-t1-local_expAE05.nc,-0.04025270962964109,-0.06819048787149928,-0.06819048787149928,-0.06819048787149928,-0.06819048787149928,-0.06819048787149928,-0.06819048787149928,-0.06819048787149928,-0.06819048787149928,-0.06819048787149928,-0.06819048787149928,-0.06819048787149928,-0.06819048787149928,-0.06819048787149928,-0.06819048787149928,-0.06819048787149928,-0.004162702371239668,-0.044983238585264124,-0.06819048787149928,-0.0570333075833408,-0.05837262566171607,-0.03905160947981262,-0.13594885648938726,-0.06084814831493482,-0.06471713158049536
expAE05,NORCE_CISM3-MAR364-ERA-t1-nonlocal,/Volumes/CrucialX8/computing/data/antarctica/ismip6_hackathon/ComputedScalarsHelene/expAE05/shelfmelt/computed_shelfmelt_AIS_NORCE_CISM3-MAR364-ERA-t1-nonlocal_expAE05.nc,-0.036276694491151854,-0.03291332110681469,-0.03291332110681469,-0.03291332110681469,-0.03291332110681469,-0.03291332110681469,-0.03291332110681469,-0.03291332110681469,-0.03291332110681469,-0.03291332110681469,-0.03291332110681469,-0.03291332110681469,-0.03291332110681469,-0.03291332110681469,-0.03291332110681469,-0.03291332110681469,-0.023424421193818837,-0.03203013424474101,-0.03291332110681469,-0.05646977815818327,-0.029648740123275355,-0.057936522199393395,-0.20801873000636179,-0.04776491070264974,-0.03828242321159468
expAE05,NORCE_CISM3-MAR364-ERA-t1,/Volumes/CrucialX8/computing/data/antarctica/ismip6_hackathon/ComputedScalarsHelene/expAE05/shelfmelt/computed_shelfmelt_AIS_NORCE_CISM3-MAR364-ERA-t1_expAE05.nc,-0.12378249089528592,-0.12378249089528592,-0.12378249089528592,-0.12378249089528592,-0.12378249089528592,-0.12378249089528592,-0.12378249089528592,-0.12378249089528592,-0.12378249089528592,-0.12378249089528592,-0.12378249089528592,-0.12378249089528592,-0.12378249089528592,-0.12378249089528592,-0.12378249089528592,-0.12378249089528592,-0.017358275851174193,-0.06846074583279935,-0.12378249089528592,-0.10174073012597495,-0.12254517559189976,-0.06828895368434917,-0.3836974756863928,-0.10492036417640435,-0.11540681358184773
expAE05,NORCE_CISM4-MAR364-ERA-t1-local,/Volumes/CrucialX8/computing/data/antarctica/ismip6_hackathon/ComputedScalarsHelene/expAE05/shelfmelt/computed_shelfmelt_AIS_NORCE_CISM4-MAR364-ERA-t1-local_expAE05.nc,0.0007373855451505984,0.0007373855451505984,0.0007373855451505984,0.0007373855451505984,0.0007373855451505984,0.0007373855451505984,0.0007373855451505984,0.0007373855451505984,0.0007373855451505984,0.0007373855451505984,0.0007373855451505984,0.0007373855451505984,0.0007373855451505984,0.0007373855451505984,0.0007373855451505984,0.0007373855451505984,0.007314219486458624,0.003517697829465982,0.0007373855451505984,0.004413084178413372,-0.0028785667332412238,0.001876735240774266,0.027918986112350594,-0.00772668999274867,-0.013429990120961837
expAE05,NORCE_CISM4-MAR364-ERA-t1-nonlocal,/Volumes/CrucialX8/computing/data/antarctica/ismip6_hackathon/ComputedScalarsHelene/expAE05/shelfmelt/computed_shelfmelt_AIS_NORCE_CISM4-MAR364-ERA-t1-nonlocal_expAE05.nc,0.0022878778383382814,0.0022878778383382814,0.004667923255333356,0.0022878778383382814,0.0022878778383382814,0.0022878778383382814,0.0022878778383382814,0.0022878778383382814,0.0022878778383382814,0.0022878778383382814,0.0022878778383382814,0.0022878778383382814,0.0022878778383382814,0.0022878778383382814,0.0022878778383382814,0.0022878778383382814,0.0007556337096243475,0.002128613953946607,0.0022878778383382814,-0.00025425131322318745,0.0020018538022996205,-0.013969726775182552,-0.04151150445535977,-0.007370574710908136,-0.006995692954910676
expAE05,NORCE_CISM4-MAR364-ERA-t1,/Volumes/CrucialX8/computing/data/antarctica/ismip6_hackathon/ComputedScalarsHelene/expAE05/shelfmelt/computed_shelfmelt_AIS_NORCE_CISM4-MAR364-ERA-t1_expAE05.nc,-0.0057578135428017485,-0.0057578135428017485,-0.0057578135428017485,-0.0057578135428017485,-0.0057578135428017485,-0.0057578135428017485,-0.0057578135428017485,-0.0057578135428017485,-0.006218369029025034,-0.0057578135428017485,-0.0057578135428017485,-0.0057578135428017485,-0.0057578135428017485,-0.0057578135428017485,-0.0057578135428017485,-0.0057578135428017485,-0.00035995299160689054,0.0037717716590454156,-0.0057578135428017485,-0.0025210387038508072,-0.003439815079299774,-0.01609794887651369,-0.05635527675174967,-0.007254605129059281,-0.010525221782501353
expAE05,NORCE_CISM4-MAR364-JRA-t1,/Volumes/CrucialX8/computing/data/antarctica/ismip6_hackathon/ComputedScalarsHelene/expAE05/shelfmelt/computed_shelfmelt_AIS_NORCE_CISM4-MAR364-JRA-t1_expAE05.nc,-0.004218811241696686,-0.004218811241696686,-0.0076990625374985175,-0.004218811241696686,-0.004218811241696686,-0.004218811241696686,-0.004218811241696686,-0.004218811241696686,-0.00703452808454659,-0.004218811241696686,-0.004218811241696686,-0.004218811241696686,-0.004218811241696686,-0.004218811241696686,-0.004218811241696686,-0.004218811241696686,-0.0017851256113277994,0.0017173389246559825,-0.004218811241696686,-0.003065970679259622,-0.0043741129862588796,-0.013694240628446992,-0.04625739767349549,-0.00872696655448682,-0.008629948611520395
expAE05,NORCE_CISM5-MAR364-ERA-t1-local,/Volumes/CrucialX8/computing/data/antarctica/ismip6_hackathon/ComputedScalarsHelene/expAE05/shelfmelt/computed_shelfmelt_AIS_NORCE_CISM5-MAR364-ERA-t1-local_expAE05.nc,0.006836334635972528,0.006836334635972528,0.006836334635972528,0.006836334635972528,0.006836334635972528,0.006836334635972528,0.006836334635972528,0.006836334635972528,0.007346341123509747,0.006836334635972528,0.006836334635972528,0.010228754767294006,0.006836334635972528,0.006836334635972528,0.006836334635972528,0.006836334635972528,0.005365576161798596,0.006836334635972528,0.006836334635972528,0.013773732427261327,0.00025028820344188615,0.02344915363310674,0.06845872952765888,-0.0056690824017722255,-0.0041971741948527656
expAE05,NORCE_CISM5-MAR364-ERA-t1-nonlocal,/Volumes/CrucialX8/computing/data/antarctica/ismip6_hackathon/ComputedScalarsHelene/expAE05/shelfmelt/computed_shelfmelt_AIS_NORCE_CISM5-MAR364-ERA-t1-nonlocal_expAE05.nc,0.00555190081287257,0.00555190081287257,0.00555190081287257,0.00555190081287257,0.00555190081287257,0.00555190081287257,0.00555190081287257,0.00555190081287257,0.00555190081287257,0.00555190081287257,0.00555190081287257,0.006473186494065884,0.00555190081287257,0.00555190081287257,0.00555190081287257,0.00555190081287257,-0.001855646565766391,0.00555190081287257,0.00555190081287257,0.004065226507162395,0.0029455206286838724,-0.01608711132246441,0.01592846462183673,-0.01507668592414058,-0.0031181873975061215
expAE05,NORCE_CISM5-MAR364-ERA-t1,/Volumes/CrucialX8/computing/data/antarctica/ismip6_hackathon/ComputedScalarsHelene/expAE05/shelfmelt/computed_shelfmelt_AIS_NORCE_CISM5-MAR364-ERA-t1_expAE05.nc,0.00778448085655388,0.00778448085655388,0.00778448085655388,0.00778448085655388,0.00778448085655388,0.0071765727922040445,0.00778448085655388,0.00778448085655388,0.00778448085655388,0.00778448085655388,0.00778448085655388,0.00778448085655388,0.00778448085655388,0.00778448085655388,0.00778448085655388,0.00778448085655388,0.005405296727102138,0.00778448085655388,0.00778448085655388,0.006539437110042514,0.007944845878717265,-0.0028782961425233636,0.05050950191285575,-0.014078142663362499,-0.010006947765020133
expAE05,PIK_PISM,/Volumes/CrucialX8/computing/data/antarctica/ismip6_hackathon/ComputedScalarsHelene/expAE05/shelfmelt/computed_shelfmelt_AIS_PIK_PISM_expAE05.nc,0.1391765941881587,0.12032232278511995,0.1391765941881587,0.1391765941881587,0.1391765941881587,0.09332036150919071,0.1391765941881587,0.1391765941881587,0.1391765941881587,0.1391765941881587,0.1391765941881587,0.12242574289643243,0.1391765941881587,0.1391765941881587,0.1391765941881587,-0.038668547791229024,0.1391765941881587,0.1391765941881587,0.1391765941881587,0.25651758564607097,0.19920159986099184,0.2330860533895967,0.07369492809063138,-0.04960908268734909,0.06402521183624185
expAE05,UCM_Yelmo,/Volumes/CrucialX8/computing/data/antarctica/ismip6_hackathon/ComputedScalarsHelene/expAE05/shelfmelt/computed_shelfmelt_AIS_UCM_Yelmo_expAE05.nc,-0.16726754212977016,-0.16726754212977016,-0.16726754212977016,-0.16726754212977016,-0.16726754212977016,-0.16726754212977016,-0.16726754212977016,-0.16726754212977016,-0.16726754212977016,-0.16726754212977016,-0.16726754212977016,-0.16726754212977016,-0.16726754212977016,-0.16726754212977016,-0.16726754212977016,-0.16726754212977016,-0.16726754212977016,-0.16726754212977016,-0.16726754212977016,-0.06374819276914354,-0.049021081930057026,0.09650814148022989,-0.2724856767541503,-0.02656008970570861,-0.041318724563830164
expAE05,UCSD_ISSM,/Volumes/CrucialX8/computing/data/antarctica/ismip6_hackathon/ComputedScalarsHelene/expAE05/shelfmelt/computed_shelfmelt_AIS_UCSD_ISSM_expAE05.nc,0.07753087754940208,0.07753087754940208,0.07753087754940208,0.07753087754940208,0.07753087754940208,0.07753087754940208,0.07753087754940208,0.07753087754940208,0.07753087754940208,0.07753087754940208,0.07753087754940208,0.07753087754940208,0.07753087754940208,0.07753087754940208,0.07753087754940208,0.07753087754940208,0.07753087754940208,0.07753087754940208,0.07753087754940208,0.1903119760421471,-0.0358806820871168,0.0864782531421707,0.5269048736551227,0.0034687269757886774,0.05682159375193146
expAE05,ULB_fETISh-KoriBU1,/Volumes/CrucialX8/computing/data/antarctica/ismip6_hackathon/ComputedScalarsHelene/expAE05/shelfmelt/computed_shelfmelt_AIS_ULB_fETISh-KoriBU1_expAE05.nc,0.06738122765130805,0.06738122765130805,0.06566103450322407,0.06738122765130805,0.06738122765130805,0.08145085563155077,0.06738122765130805,0.06738122765130805,0.07177714405358859,0.06738122765130805,0.06738122765130805,0.06738122765130805,0.06738122765130805,0.06738122765130805,0.06738122765130805,0.06738122765130805,0.02855953192969106,0.06738122765130805,0.06738122765130805,0.17137125855062824,-0.004481276650943,0.0009370629422259802,0.32654507563714086,0.0016666068429853215,0.00641971893145761
expAE05,ULB_fETISh-KoriBU2,/Volumes/CrucialX8/computing/data/antarctica/ismip6_hackathon/ComputedScalarsHelene/expAE05/shelfmelt/computed_shelfmelt_AIS_ULB_fETISh-KoriBU2_expAE05.nc,-0.026781649515527084,-0.026781649515527084,-0.024951998015507793,-0.026781649515527084,-0.026781649515527084,-0.026781649515527084,-0.026781649515527084,-0.026781649515527084,-0.026781649515527084,-0.026781649515527084,-0.026781649515527084,-0.026781649515527084,-0.026781649515527084,-0.026781649515527084,-0.026781649515527084,-0.026781649515527084,-0.026781649515527084,-0.024951998015507793,-0.026781649515527084,0.03275142847577717,-0.10030393917857974,0.048613884749457575,0.1285904137566406,-0.07022542603257989,-0.040823536633067474
expAE05,UNN_Ua,/Volumes/CrucialX8/computing/data/antarctica/ismip6_hackathon/ComputedScalarsHelene/expAE05/shelfmelt/computed_shelfmelt_AIS_UNN_Ua_expAE05.nc,-0.04794732442273225,-0.12039954611310488,-0.04794732442273225,-0.12039954611310488,-0.12039954611310488,-0.12039954611310488,-0.12039954611310488,-0.12039954611310488,-0.12039954611310488,-0.12039954611310488,-0.12039954611310488,-0.12039954611310488,-0.12039954611310488,-0.12039954611310488,-0.12039954611310488,-0.12039954611310488,-0.0281033963321618,-0.12039954611310488,-0.12039954611310488,0.02060430275867886,-0.2030761512510525,-0.10076704786250432,1.1562352774834022,-0.14426585796966312,-0.1581362926942871
expAE05,UTAS_ElmerIce,/Volumes/CrucialX8/computing/data/antarctica/ismip6_hackathon/ComputedScalarsHelene/expAE05/shelfmelt/computed_shelfmelt_AIS_UTAS_ElmerIce_expAE05.nc,-0.12361569451688958,-0.39148402542601324,-0.11487821808792847,-0.39148402542601324,-0.39148402542601324,-0.1950219057828262,-0.39148402542601324,-0.39148402542601324,-0.39148402542601324,-0.39148402542601324,-0.39148402542601324,-0.39148402542601324,-0.39148402542601324,-0.39148402542601324,-0.39148402542601324,-0.39148402542601324,0.03364510251849301,-0.39148402542601324,-0.39148402542601324,-0.016876001442881372,-0.3817627736288083,-0.31003001709014505,1.3670236313446142,-0.21704260707869527,-0.19263000960533405
expAE05,VUB_AISMPALEO,/Volumes/CrucialX8/computing/data/antarctica/ismip6_hackathon/ComputedScalarsHelene/expAE05/shelfmelt/computed_shelfmelt_AIS_VUB_AISMPALEO_expAE05.nc,-0.06822655953453073,-0.06025378149899131,-0.06822655953453073,-0.06822655953453073,-0.06822655953453073,-0.06025378149899131,-0.06822655953453073,-0.06822655953453073,-0.06822655953453073,-0.06822655953453073,-0.06822655953453073,-0.06822655953453073,-0.06822655953453073,-0.06670170899155786,-0.06822655953453073,-0.06822655953453073,-0.06822655953453073,-0.06822655953453073,-0.06822655953453073,-0.046901659807150296,-0.05678660452935362,-0.10945228253975639,-0.6101793005585999,-0.03844690642568603,-0.031911524128912086
expAE05,VUW_PISM1,/Volumes/CrucialX8/computing/data/antarctica/ismip6_hackathon/ComputedScalarsHelene/expAE05/shelfmelt/computed_shelfmelt_AIS_VUW_PISM1_expAE05.nc,-0.5170731382602584,-0.5972353083449795,-1.0191315527040605,-0.5170731382602584,-0.5170731382602584,-0.4894106489107758,-0.5170731382602584,-0.5170731382602584,-1.0833511933275006,-0.34474199084917523,-0.5688443998403551,-0.5170731382602584,-0.5170731382602584,-0.5170731382602584,-0.469301900374382,-0.469301900374382,-0.469301900374382,-0.9987425925879828,-0.5468809392958373,-0.45322502431814604,-0.35357166187759825,-1.5017765649569104,-2.792184835709544,-0.47603358007758734,-0.7013639903047799
expAE05,VUW_PISM1_s1,/Volumes/CrucialX8/computing/data/antarctica/ismip6_hackathon/ComputedScalarsHelene/expAE05/shelfmelt/computed_shelfmelt_AIS_VUW_PISM1_s1_expAE05.nc,-0.5501857263663356,-0.5501857263663356,-1.0335118512148853,-0.5501857263663356,-0.5501857263663356,-0.5287772316796979,-0.5501857263663356,-0.5501857263663356,-1.0947406532536799,-0.31292845017057425,-0.5893156918891962,-0.5501857263663356,-0.5501857263663356,-0.5501857263663356,-0.44350387302213745,-0.31292845017057425,-0.44350387302213745,-1.0335118512148853,-0.5501857263663356,-0.4891677354408285,-0.3740260476191425,-1.568611357624182,-2.69382769542616,-0.08493953208691463,-0.6833407567593726
expAE05,VUW_PISM1_s2,/Volumes/CrucialX8/computing/data/antarctica/ismip6_hackathon/ComputedScalarsHelene/expAE05/shelfmelt/computed_shelfmelt_AIS_VUW_PISM1_s2_expAE05.nc,-0.501055030466915,-0.5949915422089418,-0.9790762652914735,-0.501055030466915,-0.501055030466915,-0.49982793111786916,-0.501055030466915,-0.501055030466915,-1.0279545152616165,-0.35528086905811596,-0.5931069705514015,-0.501055030466915,-0.501055030466915,-0.501055030466915,-0.47603395604005366,-0.35528086905811596,-0.47603395604005366,-0.9273293743133723,-0.5931069705514015,-0.47090837451382395,-0.38256491353233735,-1.600102033085079,-2.6282673643235053,-0.4830299905572556,-0.6786120192871696
expAE05,VUW_PISM1_s3,/Volumes/CrucialX8/computing/data/antarctica/ismip6_hackathon/ComputedScalarsHelene/expAE05/shelfmelt/computed_shelfmelt_AIS_VUW_PISM1_s3_expAE05.nc,-0.5673320694202979,-0.595608746272015,-1.0256182061297567,-0.5673320694202979,-0.5673320694202979,-0.5551670859069769,-0.5673320694202979,-0.5673320694202979,-1.0966133365058308,-0.3181544718487903,-0.6095441325882954,-0.5673320694202979,-0.5673320694202979,-0.5673320694202979,-0.454945239810957,-0.454945239810957,-0.454945239810957,-0.9483585379649455,-0.6095441325882954,-0.5523702937912143,-0.3858134839764137,-1.5015220977280355,-2.740751909672335,-0.46417833436903466,-0.7052460108571346
expAE05,VUW_PISM1_s4,/Volumes/CrucialX8/computing/data/antarctica/ismip6_hackathon/ComputedScalarsHelene/expAE05/shelfmelt/computed_shelfmelt_AIS_VUW_PISM1_s4_expAE05.nc,-0.5170023104521796,-0.6024611267989173,-1.0328896900385485,-0.5170023104521796,-0.5170023104521796,-0.49944014476612986,-0.5170023104521796,-0.5170023104521796,-1.0889284296428512,-0.35507730258792436,-0.5945012727387433,-0.5170023104521796,-0.5170023104521796,-0.5170023104521796,-0.4747726291143866,-0.4747726291143866,-0.4747726291143866,-0.9678491175490637,-0.5170023104521796,-0.4661021958323892,-0.35821995329736045,-1.497225994643374,-2.6878057523118137,-0.4930550078444508,-0.7085092240517565
expAE05,VUW_PISM2,/Volumes/CrucialX8/computing/data/antarctica/ismip6_hackathon/ComputedScalarsHelene/expAE05/shelfmelt/computed_shelfmelt_AIS_VUW_PISM2_expAE05.nc,-0.4504148686078412,-0.4504148686078412,-1.020759292506458,-0.4504148686078412,-0.4504148686078412,-0.5026940132404851,-0.4504148686078412,-0.4504148686078412,-1.0669490738460103,-0.3543972083361473,-0.4823194184710552,-0.4504148686078412,-0.4504148686078412,-0.4504148686078412,-0.47011445333374846,-0.3543972083361473,-0.47011445333374846,-1.0628178010435656,-0.4504148686078412,-0.4581013332710897,-0.28247248431398964,-1.473467382030103,-2.574099647632739,0.005927892793901934,-0.6121072673894845
expAE05,VUW_PISM2_s1,/Volumes/CrucialX8/computing/data/antarctica/ismip6_hackathon/ComputedScalarsHelene/expAE05/shelfmelt/computed_shelfmelt_AIS_VUW_PISM2_s1_expAE05.nc,-0.45868741759252063,-0.45868741759252063,-1.0689837998857508,-0.45868741759252063,-0.45868741759252063,-0.5228851459344289,-0.45868741759252063,-0.45868741759252063,-1.0896077015232195,-0.3557814086748603,-0.5018485329426648,-0.45868741759252063,-0.45868741759252063,-0.45868741759252063,-0.4750136633988289,-0.3557814086748603,-0.3557814086748603,-1.0568230637347336,-0.45868741759252063,-0.4906669922606274,-0.2921930066216991,-1.432014764155554,-2.6468729266176965,0.021372005279750805,-0.6188878309551591
expAE05,VUW_PISM2_s2,/Volumes/CrucialX8/computing/data/antarctica/ismip6_hackathon/ComputedScalarsHelene/expAE05/shelfmelt/computed_shelfmelt_AIS_VUW_PISM2_s2_expAE05.nc,-0.4275105809762877,-0.6117327019862288,-1.0479143666351227,-0.4275105809762877,-0.4275105809762877,-0.44626547935088934,-0.4275105809762877,-0.4275105809762877,-1.0708911807926582,-0.355216284726251,-0.48804795286961034,-0.4275105809762877,-0.4275105809762877,-0.4275105809762877,-0.4735013437047239,-0.4735013437047239,-0.4735013437047239,-1.0378722523303865,-0.4275105809762877,-0.4588658865951576,-0.27306217454982284,-1.499671046249196,-2.6447499184403953,-0.527666745565543,-0.6107744020691672
expAE05,VUW_PISM2_s3,/Volumes/CrucialX8/computing/data/antarctica/ismip6_hackathon/ComputedScalarsHelene/expAE05/shelfmelt/computed_shelfmelt_AIS_VUW_PISM2_s3_expAE05.nc,-0.4146599959409262,-0.6034376489664013,-1.0419808595514857,-0.4146599959409262,-0.4146599959409262,-0.4803241250685568,-0.4146599959409262,-0.4146599959409262,-1.0724049003523317,-0.34278653628856576,-0.5056785557282896,-0.4146599959409262,-0.4146599959409262,-0.4146599959409262,-0.46402027647377125,-0.46402027647377125,-0.46402027647377125,-1.0718527099933495,-0.5056785557282896,-0.4920233884803823,-0.29557228251235146,-1.4227290556013337,-2.682972358035408,-0.5105058268864415,-0.6168567685701642
expAE05,VUW_PISM2_s4,/Volumes/CrucialX8/computing/data/antarctica/ismip6_hackathon/ComputedScalarsHelene/expAE05/shelfmelt/computed_shelfmelt_AIS_VUW_PISM2_s4_expAE05.nc,-0.44225914678905986,-0.44225914678905986,-1.0728982742540114,-0.44225914678905986,-0.44225914678905986,-0.4363255666745439,-0.44225914678905986,-0.44225914678905986,-1.0957082020384878,-0.3653001488555575,-0.47141702545560105,-0.44225914678905986,-0.44225914678905986,-0.44225914678905986,-0.47971604967063675,-0.47971604967063675,-0.47971604967063675,-1.0728982742540114,-0.44225914678905986,-0.5299725363413299,-0.2795821432339609,-1.477243271811763,-2.6472159829731066,0.02648132130415526,-0.6148195566890748
