Experiment,Model,Path,sector_1,sector_2,sector_3,sector_4,sector_5,sector_6,sector_7,sector_8,sector_9,sector_10,sector_11,sector_12,sector_13,sector_14,sector_15,sector_16,sector_17,sector_18,AIS,region_1,region_2,region_3,Amundsen,Ross,FilchnerRonne,Aurora,Wilkes
expAE02,DC_ISSM,/Volumes/CrucialX8/computing/data/antarctica/ismip6_hackathon/ComputedScalarsHelene/expAE02/shelfmelt/computed_shelfmelt_AIS_DC_ISSM_expAE02.nc,-1.8580699838235555,-1.2675234817191554,-2.280349326798885,-1.1310995995497954,-1.9495290020571305,-0.8533898113767453,-1.6846293675569015,-2.7303799999418725,-0.6699324530088426,-1.928778041839312,-1.5494075715653008,-0.6237721277085406,0.04924230858092438,-1.454214162203594,-0.02243556175828454,-0.5146732462558341,-0.754461430504128,-2.819772014029776,-0.5909500669853576,-0.7694798242778189,-1.3598319608188207,-1.2621801581515375,-1.1310989171819568,-1.1014948851118331,-1.9136471800375272,-2.730379856876712,-1.6846288243967393
expAE02,DOE_MALI_4km,/Volumes/CrucialX8/computing/data/antarctica/ismip6_hackathon/ComputedScalarsHelene/expAE02/shelfmelt/computed_shelfmelt_AIS_DOE_MALI_4km_expAE02.nc,1.5604729982296626,-1.4695107859746965,-0.010430229715719719,1.0337561564883284,-2.405721143694107,-1.0197377554490208,-3.0867225515949066,-2.4540622336061517,-1.0184644700107475,-2.5640783805447693,-2.168756199719623,-0.15895381865510938,-0.5528598979225512,0.2059963398874629,-0.35905871875851547,-0.5132015631691049,-0.7867230616013763,-2.829811871223125,-1.8011605147650522,-1.0597292980431732,-1.6707633442177388,-1.6246298335626683,1.033755798289203,-1.3104222397741754,-2.4033113467089455,-2.4540627332066247,-3.0867222060412303
expAE02,DOE_MALI_8km_Ant95,/Volumes/CrucialX8/computing/data/antarctica/ismip6_hackathon/ComputedScalarsHelene/expAE02/shelfmelt/computed_shelfmelt_AIS_DOE_MALI_8km_Ant95_expAE02.nc,0.41656643454267117,-1.4946852233505474,0.6180746832249655,3.9390923694296482,-2.530942210088991,-1.0558651543428925,-2.938629546718998,-5.223335353744927,-1.1293401987783138,-2.210061437238239,-2.2414652614053017,0.20944199321491075,-3.608504463526584,0.18928128489660256,-0.18952686138557517,-0.45644296309208254,-1.1200043676998703,-4.905573156901827,-2.4434573919431433,-2.276304599111752,-1.72413533868247,-1.2181696857750834,3.93909349206581,-1.3057152774005993,-2.465944940444553,-5.223334545966729,-2.9386294447768897
expAE02,DOE_MALI_8km_AntMean,/Volumes/CrucialX8/computing/data/antarctica/ismip6_hackathon/ComputedScalarsHelene/expAE02/shelfmelt/computed_shelfmelt_AIS_DOE_MALI_8km_AntMean_expAE02.nc,0.806156570961134,-1.4424772138951911,0.4867739194003313,4.48761204807251,-2.633011356667226,-0.963682178336045,-2.00171456766994,-5.118635601160939,-1.0089436090685924,-2.876845896075422,-2.5425857958283364,0.042680231698278615,-2.349622795050779,0.444972274819079,-0.39715655407050177,-0.44935659040698717,-0.8387119772465019,-4.630216180212897,-2.051158653564296,-1.6803926504925792,-1.9162360735046375,-1.3513477971769547,4.487611762326022,-1.2617901198785868,-2.7112975554291214,-5.118636147237739,-2.0017153683063054
expAE02,IGE_ElmerIce,/Volumes/CrucialX8/computing/data/antarctica/ismip6_hackathon/ComputedScalarsHelene/expAE02/shelfmelt/computed_shelfmelt_AIS_IGE_ElmerIce_expAE02.nc,1.1320966702047786,0.10467003529757934,1.007119266985978,6.541895904505261,-0.27177780325748513,-0.2018770588228338,-4.363043707310343,-0.9555150388967579,-0.5310730213159331,-0.5729589539107129,-0.05572108504607742,-3.9371523813897555,-0.8607331435259962,-0.7534041775791303,0.3413355328174179,-2.1811689648922696,-1.0974701480133238,-2.275443831184071,0.020389445457148714,0.19655903446472522,-0.3913571300827461,-4.874458258802808,6.54189706661955,-0.06206305922820221,-0.197433422088795,-0.9555141139903274,-4.363044112440048
expAE02,ILTS_SICOPOLIS,/Volumes/CrucialX8/computing/data/antarctica/ismip6_hackathon/ComputedScalarsHelene/expAE02/shelfmelt/computed_shelfmelt_AIS_ILTS_SICOPOLIS_expAE02.nc,-4.739396182124521,-1.8197517104678864,-0.5620421850047821,-1.0405139975458226,-2.678954671269981,-1.0454259074441117,-2.595095684916272,-2.004076618534013,-0.746463378905085,-2.836775498213778,-2.3982247214680257,-1.0807074182304395,0.6109016157514535,-2.04754431546686,-0.3637958809877686,-0.4449798614347722,-0.961090913973448,-4.617366035735396,-2.2516402888102363,-1.4942828204470313,-1.756467631181315,-1.8209756953910432,-1.0405153043134199,-1.5159464201801898,-2.6499377464913296,-2.0040759927921368,-2.5950956619146366
expAE02,IMAU_UFEMISM1,/Volumes/CrucialX8/computing/data/antarctica/ismip6_hackathon/ComputedScalarsHelene/expAE02/shelfmelt/computed_shelfmelt_AIS_IMAU_UFEMISM1_expAE02.nc,-1.197793094329411,-0.49861175338584385,-0.8541936973036639,,-1.3603235122113144,0.08376891728962216,-0.03712398211342152,-0.0708872231829637,-0.13129844181442213,-1.0867820798516752,-0.39982078298419377,-0.013617416264140599,0.004831559968054695,-0.09889481355901608,-0.5456895079743763,-0.5080400963720968,-0.7942537915939065,0.0,-0.7020483091765519,-2.3959566063597806,-0.3299175716466871,0.32988513869224756,,-0.2217700441034574,-0.6538888494907855,-0.07088722907363201,-0.037123958838708115
expAE02,IMAU_UFEMISM2,/Volumes/CrucialX8/computing/data/antarctica/ismip6_hackathon/ComputedScalarsHelene/expAE02/shelfmelt/computed_shelfmelt_AIS_IMAU_UFEMISM2_expAE02.nc,-3.0604024301666612,-0.5761441864886823,-0.432621034415539,,-1.3269912382172064,0.007929618215404666,0.000896859526948679,-0.06506623761975328,-0.1174247008786567,-0.04497984704633751,-0.38770075458874165,-0.021563579142233606,0.02561267131517578,-0.11279459530925623,-0.12481104304396073,-0.30453766263440474,-0.4010237499510293,0.6505541644473274,-0.7140535347838408,-2.5025272497018736,-0.335707438085008,-0.7852026004276533,,-0.35165480595121573,-0.6039107152175905,-0.06506623282244059,0.000896865706001615
expAE02,IMAU_UFEMISM3,/Volumes/CrucialX8/computing/data/antarctica/ismip6_hackathon/ComputedScalarsHelene/expAE02/shelfmelt/computed_shelfmelt_AIS_IMAU_UFEMISM3_expAE02.nc,-6.606468005976411,-0.5945463047016928,-0.8470368823419829,,-1.422252492587897,0.04147749951985802,-0.008475305054286023,-0.09264775452567472,-0.145130258997078,-0.9759371971873638,-0.4367344014019333,-0.0030896106943560098,-0.0656133891211747,-0.10474646210589816,-0.5887765767099598,-0.5858781332656342,-1.0236572789437688,0.09173212622341091,-0.7554930450550499,-2.520795220308691,-0.3664211641810454,-1.4938935994255,,-0.30405719581969115,-0.669735099230339,-0.09264772080714251,-0.008475313108202001
expAE02,IMAU_UFEMISM4,/Volumes/CrucialX8/computing/data/antarctica/ismip6_hackathon/ComputedScalarsHelene/expAE02/shelfmelt/computed_shelfmelt_AIS_IMAU_UFEMISM4_expAE02.nc,-3.4793603407724083,-0.5903355050840573,-0.39457260401864325,,-1.2355344832064978,0.02621249799748493,-0.015810682354082978,-0.06559725547754428,-0.14198267455793684,0.052782701340156,-0.3837791423816813,0.015670551168707223,0.030002005758666767,-0.061802582683967516,-0.1590633772164174,-0.31141081885451705,-0.5194277630601292,0.11610291916567143,-0.7190260444919698,-2.369111035270479,-0.3510127644226342,-1.1908133089650152,,-0.3228282697726419,-0.5863616657987765,-0.06559725560085758,-0.015810683534863257
expAE02,LSCE_GRISLI2,/Volumes/CrucialX8/computing/data/antarctica/ismip6_hackathon/ComputedScalarsHelene/expAE02/shelfmelt/computed_shelfmelt_AIS_LSCE_GRISLI2_expAE02.nc,-3.8532749015002334,-2.460233608243726,-1.5230257963708924,-0.9841904222279538,-2.00586508519595,-1.1753538747381014,-2.4487767271416123,-0.7874114234141398,-0.8940684187886654,-3.255227280116898,-1.7459355717182685,-1.7339271537776226,-0.8723765433345871,-0.6132368518112967,-0.6184989146086883,-0.8364087466864725,-1.697737833681341,-4.864347832481424,-2.1851874490165075,-2.0542448910294864,-1.8042042059506036,-1.952953405641174,-0.9841909920850949,-1.2997842785745741,-1.9802262753448288,-0.7874110484666277,-2.44877662889681
expAE02,LSCE_GRISLI,/Volumes/CrucialX8/computing/data/antarctica/ismip6_hackathon/ComputedScalarsHelene/expAE02/shelfmelt/computed_shelfmelt_AIS_LSCE_GRISLI_expAE02.nc,-2.8827112696215904,-2.6399316563500195,-1.01625227105054,-2.4519743315814715,-2.424835649920227,-1.0111335688478764,-2.6656679575507907,-1.9869745520632769,-1.0937524345819183,-3.4593941895917757,-1.7435304761811654,-1.3785842833616675,-1.127345070416804,-1.962743171607972,-1.3225722244711733,-0.8016598151964685,-1.717755998928352,-3.9131063784061775,-2.2484880883979024,-2.145050272435154,-1.856223881461717,-1.7236371927989476,-2.451974515580531,-1.120194012705305,-1.994535495388507,-1.9869740159269185,-2.665667863431718
expAE02,NCAR_CISM1,/Volumes/CrucialX8/computing/data/antarctica/ismip6_hackathon/ComputedScalarsHelene/expAE02/shelfmelt/computed_shelfmelt_AIS_NCAR_CISM1_expAE02.nc,2.706780540054729,-1.5164310907639917,-1.5074461333008546,-3.4024907202808903,-2.4301207620484524,-1.023253823706952,-2.7819826662379032,-0.001111448764823423,-0.8303473793057892,-1.8742547933707439,-1.9962497028481874,0.7183607540813381,0.9113071746770203,-1.1121152688684752,0.287224790559065,0.5619881830044243,-1.086834393271118,1.4137118921702312,-0.759038781815752,-0.9863368531342829,-1.6593395709960221,0.5854994450481894,-3.402490752137996,-1.2961686213735115,-2.423145896768169,-0.0011114487238235015,-2.781983588154644
expAE02,NCAR_CISM2,/Volumes/CrucialX8/computing/data/antarctica/ismip6_hackathon/ComputedScalarsHelene/expAE02/shelfmelt/computed_shelfmelt_AIS_NCAR_CISM2_expAE02.nc,1.7019303931174576,-0.900192772275695,1.3863814975687077,-4.026150545128088,-3.085806326642299,-0.8723445028672865,-1.7645117868958042,-2.4012399635170087,-0.7740251964136196,-0.9600608382630953,-2.5651007689830125,-0.27908431252149324,0.6212066027595737,-0.6439423206274424,0.7130108054254292,0.8105191085483661,-0.3239040559943507,-1.5734456143352364,0.3022865893943707,-0.5045352863285926,-2.3817852873683645,0.9844470535882466,-4.02615059067524,-1.271836244088525,-2.5852451612254677,-2.4012402585409705,-1.764511743094764
expAE02,NORCE_CISM2-MAR364-ERA-t1,/Volumes/CrucialX8/computing/data/antarctica/ismip6_hackathon/ComputedScalarsHelene/expAE02/shelfmelt/computed_shelfmelt_AIS_NORCE_CISM2-MAR364-ERA-t1_expAE02.nc,2.0402806321813816,-1.2570609842119613,-4.809966726957024,-7.674638283302283,-3.272167919618192,-0.6521509577725189,-4.385421479505247,-6.312009546880505,-1.9822541859701754,-2.3056729464519563,-2.287548223440454,-0.19967602234500292,0.9739116520521899,-1.477756760865642,-0.33625008954838154,1.0136569026449265,-0.9845434083720139,-3.860696674453199,-3.3178444421404096,-0.9707454611617212,-2.9356017445703566,-0.7741398320211923,-7.6746370881326795,-0.9508908331217216,-3.0931982877294835,-6.312010175626723,-4.385420875062128
expAE02,NORCE_CISM3-MAR364-ERA-t1-local,/Volumes/CrucialX8/computing/data/antarctica/ismip6_hackathon/ComputedScalarsHelene/expAE02/shelfmelt/computed_shelfmelt_AIS_NORCE_CISM3-MAR364-ERA-t1-local_expAE02.nc,0.7710241122966117,-1.3625568956144356,-1.317506244713205,-1.401069125448834,-2.0015212242239766,-0.5097985694530365,-0.9557491224272359,-2.223474985773178,-0.6926855354477777,-0.7907993133712434,-2.0279637389405947,-0.001697557129863414,1.1186440829539346,-0.4389035360327034,0.4864683836392424,0.5258507496921416,-0.21741130004478548,-2.483193317465914,-0.3997979793016815,-0.9591323216163978,-1.3325303788069767,-0.39144694839590377,-1.401068600026397,-1.0680656435244036,-2.1150019092672903,-2.2234749493310013,-0.9557491059595558
expAE02,NORCE_CISM3-MAR364-ERA-t1-nonlocal,/Volumes/CrucialX8/computing/data/antarctica/ismip6_hackathon/ComputedScalarsHelene/expAE02/shelfmelt/computed_shelfmelt_AIS_NORCE_CISM3-MAR364-ERA-t1-nonlocal_expAE02.nc,1.4303788913021909,-1.3899350398079875,-1.4856007173497678,-2.221302802219655,-1.7326175659704717,-0.6389951292312412,-0.9980158679916058,-2.6528707936198277,-0.847405308777688,-0.886206908192841,-1.7185790626451638,-0.12090444615994822,1.2400523312641365,-0.633849535772828,0.47345235593252033,1.0089113547167214,-0.2627916287875689,-1.935927942135744,-0.5074897908689082,-0.7194711104529663,-1.1955825747691122,-0.0773219246604846,-2.221302767552455,-0.8327320821606166,-1.7301085800362195,-2.6528707549700705,-0.9980155847442815
expAE02,NORCE_CISM3-MAR364-ERA-t1,/Volumes/CrucialX8/computing/data/antarctica/ismip6_hackathon/ComputedScalarsHelene/expAE02/shelfmelt/computed_shelfmelt_AIS_NORCE_CISM3-MAR364-ERA-t1_expAE02.nc,1.706962065617872,-1.214797117949265,-2.717107825075474,-6.598786127688797,-1.676369234215339,-0.3968814782419112,-0.44651547596958885,-5.841616210896978,-1.1348733168562273,-1.1268963145547706,-1.4892533412860507,0.4480370874582804,1.3468612953321282,-0.4964391210035086,-0.026570263835750785,0.8387319578087259,-0.773630878961562,-1.4869858140393353,-2.2513157603040783,-1.0625974224488894,-2.1328664137313016,-0.7851362076306163,-6.59878599797934,-0.7844481531951171,-1.3133994111267013,-5.841618170443055,-0.44651476444763727
expAE02,NORCE_CISM4-MAR364-ERA-t1-local,/Volumes/CrucialX8/computing/data/antarctica/ismip6_hackathon/ComputedScalarsHelene/expAE02/shelfmelt/computed_shelfmelt_AIS_NORCE_CISM4-MAR364-ERA-t1-local_expAE02.nc,1.9771216462957857,-1.1886406159378677,0.0549617900005952,1.3495862175894566,-1.8880414851022733,-0.6318847863116268,2.7549234378135243,0.2664682719362652,-0.2501142113428476,-0.41629441245162324,-1.8103830914061714,0.795176685986573,1.046651472697108,0.05513157083364906,0.5636536173517442,0.5249688011055007,0.10270389828895321,0.8069077880200108,-1.0914761716625807,-0.5425380328639489,-0.9309974315894536,0.5418016635289367,1.3495860382238414,-0.8195260995706997,-1.9800771301815687,0.26646816636353865,2.7549233488550273
expAE02,NORCE_CISM4-MAR364-ERA-t1-nonlocal,/Volumes/CrucialX8/computing/data/antarctica/ismip6_hackathon/ComputedScalarsHelene/expAE02/shelfmelt/computed_shelfmelt_AIS_NORCE_CISM4-MAR364-ERA-t1-nonlocal_expAE02.nc,1.740929815741249,-1.244562341932931,0.024662243991751875,0.27399050824928217,-1.5977262872536584,-0.6770511606521297,2.3426492157128873,-0.16529339779561347,-0.5609833045915247,-0.6242752208467692,-1.6851600911888962,0.8429767630691464,1.069596359521686,0.3058084827871945,0.4236231351426146,0.6396778192283368,-0.05800699779724816,1.2451442464563127,0.09691848644082324,-0.17950801542958672,-0.847791280905184,0.5499020160770227,0.2739910213814847,-0.737582777636717,-1.6025392747974139,-0.16529313472090568,2.3426486950886547
expAE02,NORCE_CISM4-MAR364-ERA-t1,/Volumes/CrucialX8/computing/data/antarctica/ismip6_hackathon/ComputedScalarsHelene/expAE02/shelfmelt/computed_shelfmelt_AIS_NORCE_CISM4-MAR364-ERA-t1_expAE02.nc,1.4913259955325584,-1.0115722730928391,-1.4422882860420483,-2.2050057098941416,-1.0090763536381613,-0.19127504006307294,1.5851786132434529,-1.8872269619900806,-0.7005085644966735,-0.5039163390294867,-1.1187274929911455,0.550777908381683,1.0204799706995145,-0.002235856244821033,0.1865711946499342,1.008238746919328,0.32791254630481226,1.1006535582732409,-1.3820058895787648,-0.7589573519872301,-1.3736764541425592,0.7984032216429218,-2.2050056698439455,-0.6083544740085343,-0.9941731950235704,-1.8872258440710485,1.585178792129879
expAE02,NORCE_CISM4-MAR364-JRA-t1,/Volumes/CrucialX8/computing/data/antarctica/ismip6_hackathon/ComputedScalarsHelene/expAE02/shelfmelt/computed_shelfmelt_AIS_NORCE_CISM4-MAR364-JRA-t1_expAE02.nc,1.5455328285202101,-0.921795649833991,-1.3286676814068068,-2.294916074886644,-1.0858210890376792,-0.2655307500319135,2.011443813178105,-1.947159026366048,-0.6891343819533162,-0.42172928595934644,-1.1487682140245878,0.510977507739262,0.997231573204076,-0.06281713999414662,0.16184134322437527,1.0736184526281503,0.30696129853283705,1.1952495199503255,-1.4006575017767489,-0.726358290875476,-1.3911168650387316,0.8359347808656709,-2.294915647308013,-0.5617502776451206,-1.0007720242160252,-1.9471596935381061,2.0114437382937282
expAE02,NORCE_CISM5-MAR364-ERA-t1-local,/Volumes/CrucialX8/computing/data/antarctica/ismip6_hackathon/ComputedScalarsHelene/expAE02/shelfmelt/computed_shelfmelt_AIS_NORCE_CISM5-MAR364-ERA-t1-local_expAE02.nc,1.8127342014143881,-1.1252242731513387,0.989287478715186,2.359581309774893,-1.6561358206466439,-0.2072160873191513,2.322400032495787,0.9322231620742554,0.11517551727796782,-0.04989544160726722,-1.6448358391836466,0.9487266468683906,1.4630459002882727,0.8262782160042411,0.5389125350158354,0.9005210150241082,0.8435623581272301,1.7782088510478582,0.31376604948735265,-0.30837767158558727,-0.4671337815214476,1.089165799689227,2.3595809649593376,-0.8192784719302295,-1.695222170674152,0.9322226558866924,2.3223999832544338
expAE02,NORCE_CISM5-MAR364-ERA-t1-nonlocal,/Volumes/CrucialX8/computing/data/antarctica/ismip6_hackathon/ComputedScalarsHelene/expAE02/shelfmelt/computed_shelfmelt_AIS_NORCE_CISM5-MAR364-ERA-t1-nonlocal_expAE02.nc,1.6291319183074016,-1.3447822152095292,0.8193928440843594,1.9807513971935897,-1.4022139782073841,-0.5702384819335842,2.594351189683488,1.6993942951811851,-0.06789628654963398,-0.11948944948723672,-1.4445146560071134,0.9024994779889826,1.4925304278798823,0.8342749628879353,0.4944152029772053,0.7905687743288252,0.42302249646619317,1.678944626842646,0.4536647915378831,0.027433290347418815,-0.3268341004244695,0.8064316724380207,1.9807511874681256,-0.7081550048884038,-1.6241991215180098,1.6993938284509746,2.5943510061818977
expAE02,NORCE_CISM5-MAR364-ERA-t1,/Volumes/CrucialX8/computing/data/antarctica/ismip6_hackathon/ComputedScalarsHelene/expAE02/shelfmelt/computed_shelfmelt_AIS_NORCE_CISM5-MAR364-ERA-t1_expAE02.nc,1.5424245288596161,-0.6505613441424052,-0.3472638819521401,1.701079164852335,-0.8239995448118314,-0.18699272638534614,2.9553858118045984,1.1486717418849386,0.138787386546666,-0.20159707597331677,-0.7921926427560613,0.8705423807969126,1.0795401120880772,0.5765360328927097,0.20845254300404836,1.0476111288376682,0.29488093464565734,1.407219794328093,0.2457558069439627,-0.31286343619147416,-0.40913589556732477,1.050048107016825,1.7010789862390827,-0.4253070009257309,-0.7271224098839348,1.1486713349848916,2.955385972535972
expAE02,PIK_PISM,/Volumes/CrucialX8/computing/data/antarctica/ismip6_hackathon/ComputedScalarsHelene/expAE02/shelfmelt/computed_shelfmelt_AIS_PIK_PISM_expAE02.nc,10.095634177531613,-0.38262767336807935,2.59052116486067,5.985105312896934,-0.5352331666772914,-0.36150915952836526,-5.121537763425206,-4.190544835764939,-4.275003221905992,-2.9038118957778263,0.18157634004475032,-0.2682453987770028,-2.2631209385275124,1.124995484653633,7.490557461312969,-2.3208273950091467,-0.9030654917541989,2.223907022260506,-0.05768118723211613,-0.9705546338209636,-0.6193147592911141,-4.312473138527384,5.985105474716423,-0.39111262320736984,-0.2177293240115148,-4.190544966431043,-5.121536378765056
expAE02,UCM_Yelmo,/Volumes/CrucialX8/computing/data/antarctica/ismip6_hackathon/ComputedScalarsHelene/expAE02/shelfmelt/computed_shelfmelt_AIS_UCM_Yelmo_expAE02.nc,-2.61475648010257,-0.6998454239269654,-0.42394411257905107,-0.9005162694787483,-1.3238334278022963,-0.696084207399291,-0.44330746803264987,-0.009596385977630018,-0.1312424813854527,-1.5692679271138164,-1.0720495796430303,-0.9132949822545606,-0.4217932983467123,-0.4403010600427404,-0.0818812744206372,-0.05059982234048066,-1.4542135464605668,-3.929613206638929,-0.9000014755167456,-0.9927487013151297,-0.6842491362582246,-0.8323874693959792,-0.9005163623685899,-0.683800996799451,-1.2429009977189174,-0.00959649028464149,-0.4433073887286896
expAE02,UCSD_ISSM,/Volumes/CrucialX8/computing/data/antarctica/ismip6_hackathon/ComputedScalarsHelene/expAE02/shelfmelt/computed_shelfmelt_AIS_UCSD_ISSM_expAE02.nc,9.201530455963663,0.0155322186775958,4.288383245588966,18.72501442592576,0.08480934262753986,-0.037149804123857835,-0.5242176269927663,8.68429708229686,0.025021417307398375,-0.1285300234573406,0.17297446205808778,-0.8836278625319351,0.009065309626581086,-0.5205738643581697,-0.08785880277108649,-0.4849416673150766,-0.6255641820256816,5.424850166114297,0.5143703804769255,0.647623234151252,0.0466577130763296,2.1642276318011398,18.725014245348444,-0.025128666586204898,0.135824081579014,8.684296924371354,-0.5242172041371429
expAE02,ULB_fETISh-KoriBU1,/Volumes/CrucialX8/computing/data/antarctica/ismip6_hackathon/ComputedScalarsHelene/expAE02/shelfmelt/computed_shelfmelt_AIS_ULB_fETISh-KoriBU1_expAE02.nc,5.096813774038973,0.07413858681037744,1.9648298320524733,9.918419307821196,-0.49616046437799977,-0.08352601010253446,1.3247112138690529,0.22737236722554233,-0.25459021215401245,2.3510136933707737,-0.44082197250549826,0.024142033380247563,0.34850061612753536,-1.7486509351887989,0.3108991364180227,-3.588840876464422,0.028284370373238277,2.7435849816831688,0.3547898627075894,0.7860382576648945,-0.003742548615315311,-1.2810287524035826,9.918419225692846,-0.009444063951769471,-0.4855429254275163,0.22737291519236802,1.3247112170172253
expAE02,ULB_fETISh-KoriBU2,/Volumes/CrucialX8/computing/data/antarctica/ismip6_hackathon/ComputedScalarsHelene/expAE02/shelfmelt/computed_shelfmelt_AIS_ULB_fETISh-KoriBU2_expAE02.nc,-0.24053883633034312,-1.6783351830922428,2.029648602381159,1.274951902399792,-2.1725052596870986,-1.2248536804577461,-1.157120716889735,-0.9365828178335098,-1.6746126219891657,-2.319511428410083,-1.5710123185404679,-0.14544221680880698,0.22632855714309563,-0.6080859519877748,-0.9084775269081438,-0.6894516747357007,-1.557224250423995,-0.8097292725717598,-0.42234177376396786,-1.9020395754353956,-0.3547316622815675,-0.06963232576230793,1.2749522485883098,-1.5196739439420173,-1.807245720213519,-0.9365830737082677,-1.1571212936661928
expAE02,UNN_Ua,/Volumes/CrucialX8/computing/data/antarctica/ismip6_hackathon/ComputedScalarsHelene/expAE02/shelfmelt/computed_shelfmelt_AIS_UNN_Ua_expAE02.nc,-0.1605216749592162,-1.3968721297086377,-0.8305043879327982,4.545829018278256,-2.112881205241681,-0.75615449963914,-1.4624638119523379,-0.7135546327370452,-0.6473490160063342,-1.3155945823901747,-1.7139267860527125,0.34589033911220424,0.5404254006073621,0.8489798730127434,-0.16549700566346526,-0.2867154744823054,-0.8951911635441028,-0.19433964629522582,-0.7050417442405661,-1.3306311743874089,-1.451467395681136,-0.5773373633406658,4.545828925965237,-1.1334726778467001,-2.194873529644387,-0.7135560783372874,-1.4624633360821555
expAE02,UTAS_ElmerIce,/Volumes/CrucialX8/computing/data/antarctica/ismip6_hackathon/ComputedScalarsHelene/expAE02/shelfmelt/computed_shelfmelt_AIS_UTAS_ElmerIce_expAE02.nc,-1.813190985352886,-1.1269509852838722,-0.6690686980386404,2.6302373132366217,-2.26754761858966,-0.6817191913068799,-1.8145056949455807,-2.0080221517819954,-0.722564135151226,-1.4547091291098804,-1.4582213344453359,-1.2112447816689005,-0.14841975644782446,0.5828746217548222,0.3421817192404577,-0.3226906371614595,-1.264579871620625,1.0365650842593783,-1.6859519626898702,-1.6368853256607547,-1.5700093548476435,-1.7313790791045855,2.630236529753269,-1.0167255927066337,-1.7615628193267598,-2.008022785675628,-1.814506546783683
expAE02,VUB_AISMPALEO,/Volumes/CrucialX8/computing/data/antarctica/ismip6_hackathon/ComputedScalarsHelene/expAE02/shelfmelt/computed_shelfmelt_AIS_VUB_AISMPALEO_expAE02.nc,-2.2518393533936876,-1.611095318039931,-0.06852367429657624,2.766639005540118,-1.7131294098542078,-1.2482898712472403,-0.4288046056595496,-0.5491855631877343,-0.3500588156911859,-0.02203533362730914,-1.5211426474835053,-0.0678392146758445,-0.0888163155889295,-0.2642243774843075,0.21127648154693407,-0.7412954947176531,-1.8791878422053099,,-1.9190842672261361,-2.4200815978820494,-1.5456962364858695,-1.268164584694412,2.766639101336615,-1.4905327087117697,-1.6302990785428848,-0.5491855577713779,-0.42880462195730584
expAE02,VUW_PISM1,/Volumes/CrucialX8/computing/data/antarctica/ismip6_hackathon/ComputedScalarsHelene/expAE02/shelfmelt/computed_shelfmelt_AIS_VUW_PISM1_expAE02.nc,-8.364375532051568,-1.8847192939911341,-5.1612147194633184,-3.684907756549256,-4.557968553898927,-1.252633108837184,-9.93284222764558,4.059165149686777,0.277573999693586,3.377683277713242,-6.742685548629993,-9.924062415221895,0.6901238860798444,3.0435949417146935,0.374755866517853,-6.932719491085575,-9.54716070770474,-17.395078618015667,-6.036501894700766,-6.962181152619404,-3.7811412500221717,-19.377853885219956,-3.684908260877899,-1.3558714043374054,-4.694618421284156,4.059166169491398,-9.932843510312384
expAE02,VUW_PISM1_s1,/Volumes/CrucialX8/computing/data/antarctica/ismip6_hackathon/ComputedScalarsHelene/expAE02/shelfmelt/computed_shelfmelt_AIS_VUW_PISM1_s1_expAE02.nc,5.194819495491496,-1.1130511764443665,-4.7228630914316705,-5.126176081974881,3.453814766459967,-0.6920514063893766,-10.330583548866313,-18.73138802861057,-3.356486320365914,-6.351781654554425,4.512048955035918,-133.67410758086538,-1.850668056037701,-3.8565142241075945,,,,-75.21980629423312,0.6822610417604544,0.2855891531329615,0.03244860569763863,0.02608056546533044,-5.1261755002268625,-0.8593497065366682,4.0540764632487365,-18.73138859296775,-10.330583560450751
expAE02,VUW_PISM1_s2,/Volumes/CrucialX8/computing/data/antarctica/ismip6_hackathon/ComputedScalarsHelene/expAE02/shelfmelt/computed_shelfmelt_AIS_VUW_PISM1_s2_expAE02.nc,-7.796846605645172,-1.876951142741902,-4.86228271864147,-3.2466113323495627,-4.5951863316901385,-1.2222193238503016,-8.803880867915002,2.2675426834492605,0.20178526123327956,3.1000268908847475,-6.750604116678339,-11.759434119237156,0.4543212497380855,3.102054224819905,0.3545898140105508,-7.198169733502096,-9.624805020688413,-18.123810985403733,-6.1477206783878025,-7.007416914263974,-3.95418243438575,-18.370986608997132,-3.24661142533407,-1.378078267900564,-4.723692391694634,2.267545677818269,-8.803881587841454
expAE02,VUW_PISM1_s3,/Volumes/CrucialX8/computing/data/antarctica/ismip6_hackathon/ComputedScalarsHelene/expAE02/shelfmelt/computed_shelfmelt_AIS_VUW_PISM1_s3_expAE02.nc,-6.754111189538579,-2.0709136935936563,-5.185493679535167,-3.776405783314088,-4.6635853611062075,-1.324289624303801,-9.196405670363404,3.171857385783401,0.2664163846191512,-5.272558586646904,-6.826086897303551,-10.80456511622559,0.766691342368738,2.403832422344421,0.3207477199660942,-7.128061630079565,-9.695760300032715,-17.395078618015667,-6.243164839560141,-6.9810430000522885,-3.891832661131259,-18.883182949483547,-3.776405458099207,-1.4911801498842105,-4.778268692512924,3.1718562679997806,-9.196405514843308
expAE02,VUW_PISM1_s4,/Volumes/CrucialX8/computing/data/antarctica/ismip6_hackathon/ComputedScalarsHelene/expAE02/shelfmelt/computed_shelfmelt_AIS_VUW_PISM1_s4_expAE02.nc,-7.6829190744449445,-1.8769032955432765,-4.857857504257751,-3.5053439081858304,-4.579234930556828,-1.2594182046502773,-9.755948508105288,5.40636194939831,0.29232080224048307,3.352930763439085,-6.7503419669795495,-9.74089699461554,0.653408614544531,2.7700924499797246,0.34442182497778173,-7.068694458778202,-9.414671218862035,-17.395078618015667,-6.101720932591114,-7.047019568439941,-3.8280445065035646,-19.33698487652079,-3.5053434626714015,-1.3657490337643887,-4.71939741020954,5.406361322817379,-9.755948738914713
expAE02,VUW_PISM2,/Volumes/CrucialX8/computing/data/antarctica/ismip6_hackathon/ComputedScalarsHelene/expAE02/shelfmelt/computed_shelfmelt_AIS_VUW_PISM2_expAE02.nc,-6.831251754623548,-1.83578077843511,-4.11942658058757,-4.70844309670013,-6.9097840853547705,-1.243266492623568,-6.361623658867835,6.4182105775246505,0.3293486318241854,3.364677905335198,-6.655187627079856,-5.079948985881835,-0.5833206068134098,3.832234831763972,0.30028806940710817,-6.621879797494848,-9.777443315295972,-12.819031429731414,-6.099435329684644,-6.962578944165022,-3.7666967507294284,-18.313326773411948,-4.708442771627126,-1.3840536568556994,-6.852169132496056,6.418211271999883,-6.361623613740477
expAE02,VUW_PISM2_s1,/Volumes/CrucialX8/computing/data/antarctica/ismip6_hackathon/ComputedScalarsHelene/expAE02/shelfmelt/computed_shelfmelt_AIS_VUW_PISM2_s1_expAE02.nc,-7.045504364896669,-0.8943419667815915,-4.248604316618673,-4.329759267253424,-6.920939835045445,-1.2490404571809788,-6.106251172016858,7.658720945020832,0.24515716325783288,3.6948631236272185,-6.674146794844111,-5.348836148324676,-0.5317339286406764,3.8146815788681363,0.3594183301914353,-6.348882962396353,-10.250041279880648,-5.871719292196968,-6.002684286318441,-6.969841436123945,-3.5782188099828147,-18.154874324049313,-4.329760584653158,-1.391712726646371,-6.868216100905538,7.658721642477692,-6.106251292479305
expAE02,VUW_PISM2_s2,/Volumes/CrucialX8/computing/data/antarctica/ismip6_hackathon/ComputedScalarsHelene/expAE02/shelfmelt/computed_shelfmelt_AIS_VUW_PISM2_s2_expAE02.nc,-6.508214445623127,-1.8304160525619864,-4.036360332606002,-3.5204716979456077,-6.8648289768216095,-1.2134000516250234,-6.697218766888959,4.34273750579467,0.3986749851259761,3.6930939002063243,-6.63941822053302,-7.341420290995625,-0.3545045302642045,3.5998506244707364,0.3615403226637248,-6.798986352616055,-12.868626214550027,-12.3321563796079,-6.120398908055764,-6.910396914451441,-3.868033732717114,-19.247096939123196,-3.5204731070488737,-1.3713706555560201,-6.818755933742363,4.3427378041006435,-6.6972191972383435
expAE02,VUW_PISM2_s3,/Volumes/CrucialX8/computing/data/antarctica/ismip6_hackathon/ComputedScalarsHelene/expAE02/shelfmelt/computed_shelfmelt_AIS_VUW_PISM2_s3_expAE02.nc,-5.573387845561664,-2.0553661712599363,-3.75417089784883,-4.614170924173127,-6.9675636294543075,-1.2948279519614072,-6.110224419221403,6.292409496284581,0.3021866273298457,3.362999261268532,-6.703072900446177,-8.441500224526894,-0.3370132730937039,3.0413668879879117,0.27807032501756135,-6.882297185946891,-10.769864293753518,11.200501665642637,-6.0953606845599175,-7.011286055410942,-3.7480140111751847,-18.17943883485934,-4.614169423782673,-1.5372058956067967,-6.901915483363933,6.292406641635864,-6.110224388051543
expAE02,VUW_PISM2_s4,/Volumes/CrucialX8/computing/data/antarctica/ismip6_hackathon/ComputedScalarsHelene/expAE02/shelfmelt/computed_shelfmelt_AIS_VUW_PISM2_s4_expAE02.nc,-7.2325008574251655,-1.8516903396194824,-3.7383790240569805,-4.3987083448529365,-6.924457215177775,-1.2580114426288178,-5.853059205218013,6.164048597152306,0.30005510977633065,3.1708910168295277,-6.660699738551665,-8.177231567868668,-0.45275647138775366,3.151491493094352,0.2654991995992426,-6.6516477750094385,-10.844802324844057,-10.350501576982797,-6.099312010970397,-3.1035386646182967,-3.7704071771956738,-18.5255979313566,-4.398708830162526,-1.3978029140708286,-6.863810762714171,6.164047542058604,-5.853059831685675
expAE03,DC_ISSM,/Volumes/CrucialX8/computing/data/antarctica/ismip6_hackathon/ComputedScalarsHelene/expAE03/shelfmelt/computed_shelfmelt_AIS_DC_ISSM_expAE03.nc,-2.856114393782904,-1.515790776762798,-2.1940317455148044,-0.3943680364813158,-1.6234839977477842,-1.2222745530739454,-0.8773388555247772,-1.1255943987454335,-1.0355034551221367,-1.5282406342479744,-1.9994979361101235,-0.342797175878782,0.03324901869051078,-0.4453850330694795,-0.9609041579146083,-0.5017168219376653,-0.564831361063153,-4.7953705952086905,-1.5626883589315383,-1.6750199394637235,-1.5201556233315054,0.8337049659879776,-0.3943694594490097,-1.6082525549157285,-1.873828358057322,-1.1255950335199847,-0.8773385809324052
expAE03,DOE_MALI_4km,/Volumes/CrucialX8/computing/data/antarctica/ismip6_hackathon/ComputedScalarsHelene/expAE03/shelfmelt/computed_shelfmelt_AIS_DOE_MALI_4km_expAE03.nc,-0.9414669173844743,-2.2341407690949078,-0.8762792469676883,1.3037666282379714,-1.8358367739447115,-1.4600208506772012,-2.511596302059134,-1.4091805554386045,-1.2153906275592394,-2.03515644873188,-2.3771260160598526,-0.1078826528101775,0.6280553405191149,0.30799608747879725,-1.4331194953082789,-0.5676747459521954,-0.4299641632197564,-1.6066173725356663,-2.6972147664040014,-1.6783632052274609,-2.0046048881037954,-1.694753605611817,1.3037671601251262,-2.034630943391342,-2.179621024284063,-1.4091803158199276,-2.511596346735999
expAE03,DOE_MALI_8km_Ant95,/Volumes/CrucialX8/computing/data/antarctica/ismip6_hackathon/ComputedScalarsHelene/expAE03/shelfmelt/computed_shelfmelt_AIS_DOE_MALI_8km_Ant95_expAE03.nc,-2.065898593228634,-1.8674588778673327,-2.0960720933337775,0.42125777270353737,-1.7069152606294615,-1.3245794878570072,-1.7985722835068305,-2.825834580155055,-0.7260040502882692,-2.411164718506045,-2.6199624751979407,-0.14954684714127664,-0.8273953230133229,-0.8157507730413238,-1.608772285070382,-0.669421990493815,-1.121453425849937,1.1627086403363056,-3.2278533196208308,-2.2039151099065553,-1.9736328714191202,-2.3487070022279655,0.4212575991544778,-1.873823412739584,-2.4712614325139395,-2.8258347213537025,-1.79857203653037
expAE03,DOE_MALI_8km_AntMean,/Volumes/CrucialX8/computing/data/antarctica/ismip6_hackathon/ComputedScalarsHelene/expAE03/shelfmelt/computed_shelfmelt_AIS_DOE_MALI_8km_AntMean_expAE03.nc,-1.1878854374321017,-2.4834941055401405,-0.9377300616861257,0.7866698571535888,-2.317196202137513,-1.7339339754703906,-1.326340633048079,-2.39789807905688,-1.3156392625891282,-2.237908546076431,-2.7213657426727638,0.12481404948647024,-0.34809274933119116,-0.2875090830035196,-1.185168712887378,-0.4546652352674858,-0.8284439617764949,-0.5476473702273106,-3.2045100015447536,-2.3592662277838876,-2.4610237921113898,-1.7196094201822905,0.7866705512012846,-2.349358611544517,-2.419205627996141,-2.3978976904676728,-1.3263408665436218
expAE03,IGE_ElmerIce,/Volumes/CrucialX8/computing/data/antarctica/ismip6_hackathon/ComputedScalarsHelene/expAE03/shelfmelt/computed_shelfmelt_AIS_IGE_ElmerIce_expAE03.nc,0.6313797211348278,-0.24684480551334964,0.9236868853560205,1.3503898944423511,-0.5566705253361759,-0.3014108273892373,-7.5461759846484675,-1.1276649583488023,1.526493217245073,-0.3994202737996515,-0.3819086060926422,6.110586077998341,-2.2828457723400897,-0.1843429284469531,-1.085125905286647,1.8155961518886432,2.1521252047397303,6.778552077141706,0.28671595896011004,0.5188357067165932,-0.10222974173106048,0.8137537099506853,1.3503899230270964,-0.3310125563382056,-0.5492613561617711,-1.127664450300239,-7.546175318935431
expAE03,ILTS_SICOPOLIS,/Volumes/CrucialX8/computing/data/antarctica/ismip6_hackathon/ComputedScalarsHelene/expAE03/shelfmelt/computed_shelfmelt_AIS_ILTS_SICOPOLIS_expAE03.nc,-4.453361797041396,-2.3934957109469828,-0.9657061170342374,-0.2231746974767752,-2.422938503135197,-1.3074577299915457,-1.801031651481079,-0.6955810086544254,-1.4172423054323238,-2.770602608783541,-2.4447067857352343,-2.153206024778921,0.3655448836810917,-1.093535968473062,-1.1359169628868324,-0.4864894219241842,-0.5265230233496356,-1.2059775992133197,-2.92553859453489,-2.2372972435169496,-2.1567643760036876,-0.09384108585706885,-0.22317217017384472,-2.020949836175189,-2.298393290274804,-0.6955800810351356,-1.8010310293069276
expAE03,IMAU_UFEMISM1,/Volumes/CrucialX8/computing/data/antarctica/ismip6_hackathon/ComputedScalarsHelene/expAE03/shelfmelt/computed_shelfmelt_AIS_IMAU_UFEMISM1_expAE03.nc,6.47400257037398,0.10925440193934943,-0.04356643656722614,,-1.0472300074257366,0.08866679597625869,0.026025023360499208,0.014192759278750591,0.15071522590389427,0.2527389948785876,-0.37303176378327985,0.09337752072192314,0.023591134002593106,-0.011215177878699259,0.2316095725779114,-0.032812561687126734,0.06701321421331849,0.0,0.08415387547793265,-0.015224516223508733,-0.02815555529265998,-0.2256383001650073,,0.23164781224854342,-0.4967834138636956,0.014192762160984196,0.026025019776755462
expAE03,IMAU_UFEMISM2,/Volumes/CrucialX8/computing/data/antarctica/ismip6_hackathon/ComputedScalarsHelene/expAE03/shelfmelt/computed_shelfmelt_AIS_IMAU_UFEMISM2_expAE03.nc,5.495683073005211,0.46659372290754897,-1.5773703929156948,,-1.2582428748332264,0.07713531406372848,0.05332157256188433,0.02797508897741806,0.11046109780364893,0.35582431181969343,-0.5630665023216874,0.10895853269961846,0.03195794173379851,-0.03272669029848521,0.2937084382997845,-0.12710883736527778,-0.11953299063875972,0.3907806034513701,0.08750057092694047,0.07846204511574151,0.0506961365399779,-0.25570429669484274,,0.07402650643827868,-0.7472722632929005,0.02797509882727947,0.053321580268740384
expAE03,IMAU_UFEMISM3,/Volumes/CrucialX8/computing/data/antarctica/ismip6_hackathon/ComputedScalarsHelene/expAE03/shelfmelt/computed_shelfmelt_AIS_IMAU_UFEMISM3_expAE03.nc,2.4723614363579207,-0.2846979588380616,-1.4210560861054127,,-1.2358185348172444,0.06852129381189367,0.014637494874032375,0.00528413172678982,0.022213331286208227,-0.17626584804326734,-0.5518002540966704,0.055795806037066305,0.02793361905042109,-0.029031842442691996,0.22070759519474162,0.0007268493420757305,-0.23333150058812324,-0.1327608422840496,0.015109342142826387,-0.3487044253276015,0.06549117210832239,-0.33735123190860694,,-0.04642599687429849,-0.7337871835025356,0.005284150026392015,0.014637495224353918
expAE03,IMAU_UFEMISM4,/Volumes/CrucialX8/computing/data/antarctica/ismip6_hackathon/ComputedScalarsHelene/expAE03/shelfmelt/computed_shelfmelt_AIS_IMAU_UFEMISM4_expAE03.nc,4.647896633958329,-0.17318999417621117,-1.023201330280279,,-0.9353011374980205,0.08438018704331707,0.01907768349562549,0.01197797948759316,0.047769313580585615,-0.03686340674120708,-0.37943228691207664,0.03709084977469902,0.021503022543308374,-0.01960550276590599,-0.04586861200455217,0.0033024962946576197,-0.20711483207525894,0.06819735898702725,-0.013123535301090894,-0.4002287442367025,0.03542985677551569,-0.3124062509843572,,0.0427918466204526,-0.5207950578919385,0.011977963858320478,0.01907767969317195
expAE03,LSCE_GRISLI2,/Volumes/CrucialX8/computing/data/antarctica/ismip6_hackathon/ComputedScalarsHelene/expAE03/shelfmelt/computed_shelfmelt_AIS_LSCE_GRISLI2_expAE03.nc,-5.344507023428184,-2.3375645178326945,-2.2609347381423888,-2.0425130907602878,-2.07037028191945,-1.6401337588889664,-1.8084986470844626,-0.9078838349429024,-1.6974901644354707,-3.171701390690145,-2.4090254018992647,-1.0909672258772334,-0.6691081625530471,-0.4163995069254649,-1.2427867580369014,-0.4636063344868234,-1.0178674330380812,-5.772958669955761,-2.721421104497624,-2.6152799635480433,-2.276490034351111,-4.992801791531789,-2.0425132750155175,-2.097603481830364,-2.197340320835571,-0.9078836780525661,-1.8084987416372922
expAE03,LSCE_GRISLI,/Volumes/CrucialX8/computing/data/antarctica/ismip6_hackathon/ComputedScalarsHelene/expAE03/shelfmelt/computed_shelfmelt_AIS_LSCE_GRISLI_expAE03.nc,-3.9279441962892996,-2.3593716687927904,-1.7565976155850382,-2.7870771412842537,-2.0440233382606445,-1.7502949203163065,-0.7615303082219773,-0.6631939004358243,-1.8324585231747328,-3.3187630295673998,-2.4968742899967777,-1.2147459259753997,-0.5299282105513168,-0.8549821026935875,-1.2489372845502413,-0.4551345178155073,-0.7464792187750866,-4.869750238612711,-2.8996606777418057,-2.2631979499896318,-2.3926900248357086,-4.012085386754214,-2.7870743635050523,-2.164497045316244,-2.250453664869361,-0.6631932516490844,-0.7615298209636192
expAE03,NCAR_CISM1,/Volumes/CrucialX8/computing/data/antarctica/ismip6_hackathon/ComputedScalarsHelene/expAE03/shelfmelt/computed_shelfmelt_AIS_NCAR_CISM1_expAE03.nc,0.8542282892363993,-1.9874313302225524,-1.4590022734441845,-2.278239210465278,-1.9927666479252881,-1.576274500671321,-2.362445699756278,-0.005895085035279902,-0.9003560080119746,-1.9888316614691082,-2.433206778269124,0.4342603477753042,1.0257087787870856,-0.6514935973810771,-0.3806078664531367,0.33565528969389746,-0.6238634464277211,-0.3477870325193555,-1.545879171952155,-1.7461355324777692,-1.544168978418142,1.099660911522889,-2.2782392827604188,-1.9273501884036297,-2.232068810347329,-0.005895086457189983,-2.362445990309435
expAE03,NCAR_CISM2,/Volumes/CrucialX8/computing/data/antarctica/ismip6_hackathon/ComputedScalarsHelene/expAE03/shelfmelt/computed_shelfmelt_AIS_NCAR_CISM2_expAE03.nc,2.516699717593135,-0.46903626784474906,-1.9582603615978948,-3.997952173518833,-1.5520932602227422,-1.0637456288193108,-2.3306641947540676,-2.2918731975324107,0.9701987244861545,-1.4535067215614532,-2.0164477435065127,1.755776056772338,-0.15266365021853945,-0.08992825665065762,-0.01089298484854373,0.3263345189862341,-0.07881930781844271,-1.9631907812798755,-1.0277598916049113,-1.2270285028513523,-1.0253414772990679,0.7463560039878616,-3.997954954870556,-1.4000435781477272,-1.8358547834343506,-2.2918731226041142,-2.330664725461066
expAE03,NORCE_CISM2-MAR364-ERA-t1,/Volumes/CrucialX8/computing/data/antarctica/ismip6_hackathon/ComputedScalarsHelene/expAE03/shelfmelt/computed_shelfmelt_AIS_NORCE_CISM2-MAR364-ERA-t1_expAE03.nc,-0.36722333255521633,-1.2631114525436349,-6.34344651069839,-9.63729957200172,-2.8700569852473796,-0.5354149851632135,-2.3802337866806322,-4.963541423275508,1.519086807426163,-2.3939201014919593,-3.3535856622028826,0.1356622077606695,0.8984234667208031,-0.8481391770135516,-1.0145579049889157,0.4459314351509349,-0.5278049404716632,-4.453141500438751,-1.7781194136122762,-1.8584410323117462,-1.7351616956152096,-1.220778604417101,-9.637299444466155,-1.0440344444338039,-3.182460943635975,-4.963541979202027,-2.3802325021160087
expAE03,NORCE_CISM3-MAR364-ERA-t1-local,/Volumes/CrucialX8/computing/data/antarctica/ismip6_hackathon/ComputedScalarsHelene/expAE03/shelfmelt/computed_shelfmelt_AIS_NORCE_CISM3-MAR364-ERA-t1-local_expAE03.nc,-0.337455582216462,-1.8046506694765796,-1.5847224785817025,-1.2613512911482951,-1.4161898386684886,-0.8443885812468093,-0.7834116576844545,-1.445780053025433,-0.3650240770422819,-1.1378004453675636,-1.7116992716279569,0.2951336479224931,1.0235006867745433,-0.6309720579008662,-0.22678843480586774,0.573751315874125,-0.4274107437916974,-1.8780784128081054,-1.065538672119168,-1.4248868608326068,-0.8651011075905863,-0.48959641125076514,-1.261350603322711,-1.2592706923863064,-1.4953599912927653,-1.445779488779516,-0.7834116873252497
expAE03,NORCE_CISM3-MAR364-ERA-t1-nonlocal,/Volumes/CrucialX8/computing/data/antarctica/ismip6_hackathon/ComputedScalarsHelene/expAE03/shelfmelt/computed_shelfmelt_AIS_NORCE_CISM3-MAR364-ERA-t1-nonlocal_expAE03.nc,0.35727059743107326,-1.7007848645461507,-1.676999590009558,-3.1815983459698014,-1.4651776974844584,-1.1204733472618935,-1.0815525152226204,-1.4732391904464262,-1.331796881945042,-1.6302952897055776,-2.039829984365456,-0.13276687170954116,1.0978746686521377,-0.5993181925951161,-0.05114027796489129,0.8449710336652908,-0.7858252464492179,-0.8913923121286471,-1.0953972800394647,-1.3006314710818412,-1.0458407550176698,-0.8814015510248874,-3.181599381066321,-1.3222190450327016,-1.8239805353301648,-1.4732388980797415,-1.081552808847213
expAE03,NORCE_CISM3-MAR364-ERA-t1,/Volumes/CrucialX8/computing/data/antarctica/ismip6_hackathon/ComputedScalarsHelene/expAE03/shelfmelt/computed_shelfmelt_AIS_NORCE_CISM3-MAR364-ERA-t1_expAE03.nc,0.048289590903495494,-1.093549339275003,-3.956201982261849,-6.885432248478187,-1.9508080854463676,-0.2510321998917655,-0.642900161608992,-3.302002589825964,1.3255687688273654,-1.9321898216445579,-2.5689607606723817,0.7670866805005536,1.0979636527617647,-0.4944816928518825,-0.6330291174309228,0.7624905189059983,-0.35913720918410585,-1.9601237799751958,-1.4602431025946494,-1.2564056201317375,-0.9369716653381688,-0.46213880969665544,-6.8854307468985425,-0.8682012807978046,-2.118558137173111,-3.302003239605664,-0.6428995037904714
expAE03,NORCE_CISM4-MAR364-ERA-t1-local,/Volumes/CrucialX8/computing/data/antarctica/ismip6_hackathon/ComputedScalarsHelene/expAE03/shelfmelt/computed_shelfmelt_AIS_NORCE_CISM4-MAR364-ERA-t1-local_expAE03.nc,1.5770190525769903,-1.6445603137265552,-0.024353374511292714,1.7363113868644753,-1.364306937984078,-0.8408760798815695,2.4342219579661712,0.007055840549887726,0.47824553474544373,-0.8171560932987485,-1.5477281740657434,0.7211589156913659,0.941222174472738,0.3239211757434195,0.12056953755590483,0.7734162337301906,-0.3509629738465252,0.6677700364182577,-0.5779100497417109,-0.8875969194610533,-0.3897322060570847,0.6973831899856192,1.7363121626088462,-1.1629994738464555,-1.370758615698858,0.007056165211480447,2.434221809642675
expAE03,NORCE_CISM4-MAR364-ERA-t1-nonlocal,/Volumes/CrucialX8/computing/data/antarctica/ismip6_hackathon/ComputedScalarsHelene/expAE03/shelfmelt/computed_shelfmelt_AIS_NORCE_CISM4-MAR364-ERA-t1-nonlocal_expAE03.nc,1.2023258504384584,-1.5371272268958291,0.19386679560528686,0.5178973872612405,-1.3561639603612425,-1.159681639237876,2.287278692818375,-0.31748125826258633,-0.7732994656194911,-1.0928915456192754,-1.943522267470697,0.7646627769293052,0.9938040533656232,0.10665208795257186,0.0005024997252749408,0.7911074601712074,-0.7138863245957792,-0.1969203574538363,-0.7459416636622174,-0.9832208592055549,-0.6864777921164986,1.1212340659784759,0.517895951529268,-1.271290860508703,-1.725985800699291,-0.3174813450328795,2.2872787144399225
expAE03,NORCE_CISM4-MAR364-ERA-t1,/Volumes/CrucialX8/computing/data/antarctica/ismip6_hackathon/ComputedScalarsHelene/expAE03/shelfmelt/computed_shelfmelt_AIS_NORCE_CISM4-MAR364-ERA-t1_expAE03.nc,2.100192051762696,-0.7230283816522662,-1.8544258928126194,-1.3921480296632254,-1.0864640093630493,-0.0599182287194826,1.4032839978464589,-1.7692249434275409,0.64216828169398,-1.0125483550858299,-1.5908155651108267,0.5159475783175982,0.9239559608460817,0.10824869871964227,-0.17816295829028683,0.6595035688418556,-0.098261919301605,0.9678107542993464,-0.8256373334741554,-0.7247687286364624,-0.5318750168765347,1.1567820252148011,-1.3921478604238553,-0.699983549498348,-1.253543711705667,-1.7692247870967748,1.4032838886337182
expAE03,NORCE_CISM4-MAR364-JRA-t1,/Volumes/CrucialX8/computing/data/antarctica/ismip6_hackathon/ComputedScalarsHelene/expAE03/shelfmelt/computed_shelfmelt_AIS_NORCE_CISM4-MAR364-JRA-t1_expAE03.nc,2.2111098466114605,-0.7343305330755037,-1.8003701535247414,-1.3770005001857273,-1.0801345137162266,-0.08723950968153882,1.3257886010746858,-1.755134006298559,0.7385381507859679,-1.093414002234403,-1.5600480374067431,0.6846794338943709,0.9040649408270143,0.03968640594396211,-0.20099598341123381,0.711731764120451,-0.08909981527878608,1.0805411909417701,-0.7781481646760375,-0.7391435905096291,-0.6201798656630491,1.1989818626508955,-1.3770004662878037,-0.5485567310319726,-1.2390015656174884,-1.7551343138071873,1.3257888539641662
expAE03,NORCE_CISM5-MAR364-ERA-t1-local,/Volumes/CrucialX8/computing/data/antarctica/ismip6_hackathon/ComputedScalarsHelene/expAE03/shelfmelt/computed_shelfmelt_AIS_NORCE_CISM5-MAR364-ERA-t1-local_expAE03.nc,2.36668546614901,-1.5676983528858521,0.513888649045612,3.1015723688626444,-1.1957262250872533,-0.6050675782231922,2.355807769020738,-0.137520555916816,0.8480318447806843,-0.5157254728969944,-1.1733580177672907,0.6671041086536897,1.3583271504192465,0.9134964416540499,0.1380149892137985,0.838714498720764,0.3337177593887046,1.9352784622830295,-0.3235591360115069,-0.5214897313901004,-0.14853916334997708,1.1450171301196597,3.101572879212214,-1.0173621275557627,-1.1372324727612009,-0.13752087269752256,2.3558077930699644
expAE03,NORCE_CISM5-MAR364-ERA-t1-nonlocal,/Volumes/CrucialX8/computing/data/antarctica/ismip6_hackathon/ComputedScalarsHelene/expAE03/shelfmelt/computed_shelfmelt_AIS_NORCE_CISM5-MAR364-ERA-t1-nonlocal_expAE03.nc,2.0423129983652295,-1.5736305378821074,1.0789890092882568,2.417553657966348,-1.2158743205216682,-0.9523474084901733,2.5782061895398867,1.0050328273177316,-0.3736109715538354,-0.9813013025787054,-1.625218437106681,0.6712323834015052,1.315877661556072,0.9049982390834772,0.13291705574526114,0.9284270309953004,-0.0488789772362086,2.134009614569542,-0.45821451709118755,-0.7235659812953794,-0.2183031255980561,1.082068577983064,2.417553279103473,-1.2571821354395065,-1.4707350929473364,1.005032635571507,2.578205926179197
expAE03,NORCE_CISM5-MAR364-ERA-t1,/Volumes/CrucialX8/computing/data/antarctica/ismip6_hackathon/ComputedScalarsHelene/expAE03/shelfmelt/computed_shelfmelt_AIS_NORCE_CISM5-MAR364-ERA-t1_expAE03.nc,1.5814016206125054,-0.5313822678715907,-0.23307251532485473,2.28176254587923,-0.6215646044710301,-0.14399646606919658,2.6805837749504606,0.7089401904587138,0.5088678260422794,-0.4770956233608017,-0.8657944563316717,0.6019807374640589,1.0033667646345472,0.7250337226736963,0.042925093017090465,0.8020037370904244,0.270548454272559,2.084895883037993,-0.22742888220444413,-0.23304565268962074,-0.10073235760364452,1.1344994761333815,2.2817626726839877,-0.4619253575511184,-0.6948724601103742,0.708940334295205,2.6805838873758727
expAE03,PIK_PISM,/Volumes/CrucialX8/computing/data/antarctica/ismip6_hackathon/ComputedScalarsHelene/expAE03/shelfmelt/computed_shelfmelt_AIS_PIK_PISM_expAE03.nc,12.05837235198538,-0.012853211884847004,1.4718916458096594,-2.0055654252209614,-1.9078322968966974,1.246965615251836,-2.3541066288396237,0.017177646979146033,-4.491993832044095,-5.753441595471015,-0.6081976695537574,4.446257886936615,-2.207807909831131,4.162899165961646,10.115691355212657,2.456286570491251,4.973378255136755,13.437129656141327,-0.5198233804992789,-0.9608701046821615,-0.12485612430675186,3.214482954343632,-2.0055651809855384,0.31996632099730904,-0.9994869297287805,0.017177710464139295,-2.3541065513633175
expAE03,UCM_Yelmo,/Volumes/CrucialX8/computing/data/antarctica/ismip6_hackathon/ComputedScalarsHelene/expAE03/shelfmelt/computed_shelfmelt_AIS_UCM_Yelmo_expAE03.nc,-3.1190063582331966,-1.434926542353176,-0.6888082322622431,-1.6924105805362224,-0.9668437402931707,-1.076793178022378,-0.3690797381701296,-0.2168598408059439,-0.2632120272229037,-1.3691093809393644,-1.2297194132526168,-0.3356351046783612,-0.34606616609296337,-0.3416752910044889,0.10607529786735426,0.08054343143265502,0.170081428040729,-4.495830439206614,-0.8843872140549403,-0.8661546593860319,-0.8310119103263385,-2.276051672110449,-1.692410552331813,-1.2891336822407067,-1.0810368690934085,-0.2168593127768439,-0.3690795369328803
expAE03,UCSD_ISSM,/Volumes/CrucialX8/computing/data/antarctica/ismip6_hackathon/ComputedScalarsHelene/expAE03/shelfmelt/computed_shelfmelt_AIS_UCSD_ISSM_expAE03.nc,9.224755187755756,0.018244838797941698,1.3290651666566724,21.253194064123576,0.12926065687178379,0.00671532773954904,-0.7289778350630023,1.25479259676211,-0.30087676149148845,-0.8471067608785408,0.26599694812678293,0.3760402695618612,-2.05770660600656,-1.724084194726962,-0.4270177325994118,-0.887804179647607,-0.9059897278226916,8.72729816058853,0.3913936107533711,1.025349872702602,-0.3262410182335589,3.528152458193583,21.253193052288708,0.007115311594595497,0.18316040763379743,1.254794015159506,-0.7289798761441482
expAE03,ULB_fETISh-KoriBU1,/Volumes/CrucialX8/computing/data/antarctica/ismip6_hackathon/ComputedScalarsHelene/expAE03/shelfmelt/computed_shelfmelt_AIS_ULB_fETISh-KoriBU1_expAE03.nc,7.514430281401843,0.2085593753139724,1.8143905026350309,5.3047088234330815,-1.199445142997639,0.13201112053627445,1.295244455495192,-0.6562290431762223,-2.381115832049428,-0.9026730197589021,-1.4949069704061335,-0.03920461104531814,0.2584197453582704,-0.9779771606910224,-0.7659090034723919,0.36875447058819244,1.4040143990848715,2.4687560474915218,0.41835829474862374,0.7923269411528595,0.047264661815752174,0.9349882753873893,5.304708384622293,0.15881495027773845,-1.3512911777556185,-0.6562288003622125,1.2952437226442441
expAE03,ULB_fETISh-KoriBU2,/Volumes/CrucialX8/computing/data/antarctica/ismip6_hackathon/ComputedScalarsHelene/expAE03/shelfmelt/computed_shelfmelt_AIS_ULB_fETISh-KoriBU2_expAE03.nc,0.5670381816979551,-1.6279989438874498,1.2279355330560247,2.0995763117260857,-1.7625133715884305,-1.0259310282130913,-1.8375273934253853,-1.3203944972148616,-1.6474622672918384,-2.648327356156961,-2.1189261267671213,-0.2904363004046815,-0.0009368822534668864,-0.18250394650396418,-0.9694976189383375,-0.42081868309374026,-0.6884320362606968,1.7426865587260363,-1.7548902219954021,-1.2896894175338343,-1.6503258204251878,1.1707360715444037,2.099575968265423,-1.308723448430917,-1.89969465706011,-1.3203945039811167,-1.837528071083005
expAE03,UNN_Ua,/Volumes/CrucialX8/computing/data/antarctica/ismip6_hackathon/ComputedScalarsHelene/expAE03/shelfmelt/computed_shelfmelt_AIS_UNN_Ua_expAE03.nc,-2.2131693822228824,-1.8907591434359148,-0.8650684514347251,5.780309454423746,-1.6931417976957404,-1.1544944127266792,-1.130016405431367,0.19606916635372507,0.0022149347335829184,-1.320198709147916,-1.824067990666003,0.14808676276341104,-0.12637649590523603,0.9032544838661947,-0.38979698027539134,-0.2695544884198925,-0.3414760390589717,-0.13389276195135968,-1.0412324087896927,-1.176523193571117,-1.206748507684992,-0.1874082437978295,5.780308481670115,-1.677955331981384,-1.592979010471561,0.1960686161577332,-1.1300163419715412
expAE03,UTAS_ElmerIce,/Volumes/CrucialX8/computing/data/antarctica/ismip6_hackathon/ComputedScalarsHelene/expAE03/shelfmelt/computed_shelfmelt_AIS_UTAS_ElmerIce_expAE03.nc,-1.5057455886006252,-1.399378174041737,-0.37378858713815877,3.363911927792353,-1.6954026651652114,-0.972613297441212,-1.0505779622848337,-0.9984131799741771,0.020646375601450995,-0.5928570412824685,-1.8535394667921015,-0.6712742836800145,0.26561998701481615,0.43351221417743124,-0.4273202169993513,-0.47711846557956417,-0.42839994652582125,5.020631082782446,-1.447204513897013,-1.2635263981296063,-1.3764870583363398,-0.7408937403868059,3.363911740717878,-1.2573452324990693,-1.6159949429581837,-0.9984146321127731,-1.0505778155387544
expAE03,VUB_AISMPALEO,/Volumes/CrucialX8/computing/data/antarctica/ismip6_hackathon/ComputedScalarsHelene/expAE03/shelfmelt/computed_shelfmelt_AIS_VUB_AISMPALEO_expAE03.nc,-2.092092112280277,-1.1359432471837558,-0.6162560546278879,-4.4543994190501595,-1.5857622822018875,-1.4188114672143914,-0.6189259435596661,-0.561343174192293,-0.47087519623485763,-0.8837682172596395,-1.5631794020923224,-0.08199087526923021,0.26628973394024963,-0.20657437128675615,0.23333289783055136,-0.5403770232311751,-2.7346165661401693,,-1.9898177634982384,-1.611744466725718,-1.8432278480937336,-1.6852719656458182,-4.454399422772216,-1.3745970877154785,-1.5988889582269652,-0.5613431620269025,-0.6189259359525987
expAE03,VUW_PISM1,/Volumes/CrucialX8/computing/data/antarctica/ismip6_hackathon/ComputedScalarsHelene/expAE03/shelfmelt/computed_shelfmelt_AIS_VUW_PISM1_expAE03.nc,-5.4144161239604784,-3.3999270879884467,-6.412774042885497,-10.632403069085058,-5.59483712568248,7.733152238904139,-0.0374837222764306,2.1492102379833433,1.249047891685703,0.875750459818315,-3.8133264397058984,-3.8265638969889926,-0.7579186313146202,1.5127212443863414,-2.940061758156019,2.3291980895813325,2.1443034399220307,,-10.224251505545348,-6.261412667598082,-9.689471973074292,7.31682946002928,-10.632403425280343,-2.8353911832439658,-5.556943419825315,2.1492120777131376,-0.03748459616176447
expAE03,VUW_PISM1_s1,/Volumes/CrucialX8/computing/data/antarctica/ismip6_hackathon/ComputedScalarsHelene/expAE03/shelfmelt/computed_shelfmelt_AIS_VUW_PISM1_s1_expAE03.nc,-6.496053611305182,-3.5089964243985463,-6.503856824950173,-11.170539548678683,-2.041514970622039,7.463716807840998,-0.974445500685599,4.250573009093404,1.0779368144960921,1.3606742240019245,-3.718295693764631,-10.204225158852132,-0.8445116644430417,2.045417673222808,-3.856134528386555,2.46834850675623,2.2956829438143362,,-10.685114524450201,-6.354243367797986,-10.584690534765551,6.73342923444008,-11.170538731115633,-2.9275615495007155,-5.891389801314481,4.250573551820281,-0.9744452954386977
expAE03,VUW_PISM1_s2,/Volumes/CrucialX8/computing/data/antarctica/ismip6_hackathon/ComputedScalarsHelene/expAE03/shelfmelt/computed_shelfmelt_AIS_VUW_PISM1_s2_expAE03.nc,-6.1204599766243035,-3.497896489078607,-7.806326039713403,-8.975762644507316,-5.603787083942434,7.622898278425103,0.3035532909536869,1.4147721584588737,1.2772860221697933,1.2234688050307247,-3.915056730075408,-5.748080024787202,-0.5180735818042059,1.944923868814803,-2.901533697277471,2.0692733657057296,1.8032578507028647,,-10.150108016423156,-6.195250191279877,-9.583049747652966,7.260385216570924,-8.97576397448824,-2.9156814284545614,-5.600501808887869,1.4147742246060453,0.3035540001060646
expAE03,VUW_PISM1_s3,/Volumes/CrucialX8/computing/data/antarctica/ismip6_hackathon/ComputedScalarsHelene/expAE03/shelfmelt/computed_shelfmelt_AIS_VUW_PISM1_s3_expAE03.nc,-2.9677213425029656,-3.587697694636611,-6.403978001199752,-11.08542787156846,-5.930208014927096,7.562059269308165,-0.3882520581638289,2.3704955966717023,0.9712439463990084,0.875750459818315,-3.6373197423114707,-8.059435366006811,-0.7497874364041772,1.5538921554489487,-3.650990851823437,2.424353529286684,2.0603050785468566,,-10.12271812389976,-6.143936435851787,-9.937406839631032,6.256600780264938,-11.085429060116654,-3.0375334929550606,-6.018567032839495,2.3704949247373985,-0.38825082089658025
expAE03,VUW_PISM1_s4,/Volumes/CrucialX8/computing/data/antarctica/ismip6_hackathon/ComputedScalarsHelene/expAE03/shelfmelt/computed_shelfmelt_AIS_VUW_PISM1_s4_expAE03.nc,-5.998108780686149,-3.457058344599016,-7.826921881952783,-10.943523409301122,-5.802135314934125,7.777167803033328,-0.33602655870733855,3.3442873428791984,1.0955939446016316,0.875750459818315,-3.847204735785617,-4.902113530998547,-0.5563048567548208,1.931453394537738,-3.715834426221468,2.4796049418617034,2.1819343655860726,,-10.262288356282786,-6.2611873895461265,-9.730212091382805,7.586667158083321,-10.943522996715055,-2.843482674860457,-5.916575619484235,3.344287804793833,-0.33602748331892585
expAE03,VUW_PISM2,/Volumes/CrucialX8/computing/data/antarctica/ismip6_hackathon/ComputedScalarsHelene/expAE03/shelfmelt/computed_shelfmelt_AIS_VUW_PISM2_expAE03.nc,-3.780243604594091,-3.5501104756741837,-7.081742205339966,-10.432844858006966,-5.661601326466084,7.482170074584295,-0.9629516772186903,2.1365696720216434,1.7330436521180488,1.4455740864376785,-3.874455413029315,-7.803851876287306,-1.3322264911322375,1.1979752861979627,-3.4020983270730643,2.4739072108728166,1.8107855859622872,,0.12420966668243416,-1.375527494633877,-9.00349644346003,3.0567478575217737,-10.432845295927857,-3.1137819154752915,-5.9220907075774125,2.1365707400352,-0.9629518109887059
expAE03,VUW_PISM2_s1,/Volumes/CrucialX8/computing/data/antarctica/ismip6_hackathon/ComputedScalarsHelene/expAE03/shelfmelt/computed_shelfmelt_AIS_VUW_PISM2_s1_expAE03.nc,-3.594764862470221,-3.5429183395076453,-6.960235733715663,-10.445244942609317,-2.319842902723712,7.375570725517419,1.8883695696499707,3.984342118940088,0.9352282845941442,0.5050811515115834,-4.03983270963516,-4.2534150664562755,-1.653510667410858,0.7269034534576067,-3.5096164307834457,2.512046915718239,1.2400161877437785,,0.09384721104106397,-1.2098902035099464,-10.078791102790415,2.174730956401077,-10.44524362636899,-3.122953629434482,-5.97471450575174,3.9843448120851512,1.8883689305308735
expAE03,VUW_PISM2_s2,/Volumes/CrucialX8/computing/data/antarctica/ismip6_hackathon/ComputedScalarsHelene/expAE03/shelfmelt/computed_shelfmelt_AIS_VUW_PISM2_s2_expAE03.nc,-2.0417046160419563,-3.492014618327902,-6.936541847440443,-10.059783376146584,-5.432469066500039,7.474105682777214,0.14408063545051064,1.3494272655429285,1.87159024380199,1.1381871802283166,-3.727799720094078,-7.6813242724470765,-1.1249754082524621,1.566147113939449,-3.352537005407754,2.4345513219045687,1.313173952610125,,-9.625907455332015,-1.2824867518750978,-9.108212423077683,4.123568752265713,-10.059782733708847,-3.0688388217627445,-5.542376782147216,1.349427590016429,0.14407918815001253
expAE03,VUW_PISM2_s3,/Volumes/CrucialX8/computing/data/antarctica/ismip6_hackathon/ComputedScalarsHelene/expAE03/shelfmelt/computed_shelfmelt_AIS_VUW_PISM2_s3_expAE03.nc,-1.9651279632503424,-3.7443252666431306,-7.005371571716967,-10.438518171875643,-5.810320161618222,7.293498236318507,-0.7191332938552755,2.679114975607458,1.5249056363904163,1.1760259302978184,-3.7994789608322286,-7.242029584758226,-1.2442834458531227,1.363916650123914,-3.436854146521103,2.409757711095491,2.006071938379717,,-9.668122332542032,-6.05130331299574,-9.457308425329632,2.9160501183847614,-10.43851811979128,-3.2272825966505834,-6.012221026191398,2.679115754062039,-0.719132190144169
expAE03,VUW_PISM2_s4,/Volumes/CrucialX8/computing/data/antarctica/ismip6_hackathon/ComputedScalarsHelene/expAE03/shelfmelt/computed_shelfmelt_AIS_VUW_PISM2_s4_expAE03.nc,-4.295021075493761,-3.5841729616232225,-7.088140532417638,-9.11435132065606,-5.684446092267189,7.334522380604549,0.2985269953890004,2.819428738172384,1.3822468618255908,1.2220424138130106,-3.973335556117082,-8.653313407307774,-1.1984464727045836,1.3560137873223406,-3.330573821143231,2.442855867289028,1.8470176623737555,,-0.016020055765945784,-1.4215375177799068,-9.234409512152343,3.0019651647690537,-9.114351149177441,-3.13517114693533,-5.95874212009786,2.819427630444375,0.2985263697590206
expAE04,DC_ISSM,/Volumes/CrucialX8/computing/data/antarctica/ismip6_hackathon/ComputedScalarsHelene/expAE04/shelfmelt/computed_shelfmelt_AIS_DC_ISSM_expAE04.nc,-2.636973965558288,-1.6047695040612968,-1.6547468962700016,-0.41671562910291016,-2.5063289059988465,-1.3987241049765844,-1.5111561384448375,-1.5904900274239795,-1.0082754931043105,-2.396436726672489,-3.378963075973884,-0.7827775084325119,-0.37146724143607424,-0.5681671295595674,-0.7913437768640876,-0.4923070692783744,-0.6680055678386374,0.6441140736395865,-1.556828548993602,-1.5593167911560064,-1.4381391127790542,-1.3868962033265597,-0.4167153988983525,-1.6417293504085775,-2.9511033611456226,-1.5904907647492914,-1.5111562618024745
expAE04,DOE_MALI_4km,/Volumes/CrucialX8/computing/data/antarctica/ismip6_hackathon/ComputedScalarsHelene/expAE04/shelfmelt/computed_shelfmelt_AIS_DOE_MALI_4km_expAE04.nc,-0.5239659834596218,-1.884048830026797,-1.3964052634076616,0.9564890684773033,-3.134482405337126,-1.6164833100367035,-2.069830760692633,-2.7004844731027458,-1.5177578712258413,-2.648102543595736,-4.46656028644032,-0.5960555725434733,-0.6334983213573775,-0.19608357116449504,-1.1929739321689632,-1.14544926534343,-0.011118801262732791,-1.2691880557316937,-2.3779910213522877,-1.6895940866801693,-2.750871118063567,-2.13052210303612,0.9564898417447907,-2.117642675480458,-3.844231481695461,-2.700484067830306,-2.069830846045698
expAE04,DOE_MALI_8km_Ant95,/Volumes/CrucialX8/computing/data/antarctica/ismip6_hackathon/ComputedScalarsHelene/expAE04/shelfmelt/computed_shelfmelt_AIS_DOE_MALI_8km_Ant95_expAE04.nc,-1.239022853430357,-2.317086680813121,-2.861066397109214,1.5264591886458199,-2.8735671554620783,-1.6430032801749048,-1.981738354290247,-5.517455441450121,-1.8906342967034595,-3.9894519727264957,-4.17031821071051,-1.3473372356770463,-1.1470361114132377,-0.901479405358554,-1.5038926637330388,-1.219206936848162,-1.014923861172147,-3.2152948482035475,-2.413041136238668,-1.7282156876624315,-2.2850324752473474,-3.0121658432960547,1.5264599671895205,-2.126881630811781,-3.849015809334386,-5.517455319248429,-1.9817384075262598
expAE04,DOE_MALI_8km_AntMean,/Volumes/CrucialX8/computing/data/antarctica/ismip6_hackathon/ComputedScalarsHelene/expAE04/shelfmelt/computed_shelfmelt_AIS_DOE_MALI_8km_AntMean_expAE04.nc,-1.4636337064032974,-2.4999177293325694,-1.1701643188938622,3.747968071653583,-3.6561945082055143,-1.8180919133745084,-1.438495352016246,-3.3120640198217934,-1.1514199649330825,-2.5093118282417084,-3.543596186524187,-0.9516996775924262,-0.5945849405605355,-0.5035642407236116,-1.1383312191661967,-1.190712634225667,-0.2971870639534897,-3.014138514237308,-3.4229141077001284,-2.089370409567456,-4.086730014996393,-2.034227702891136,3.747969139401139,-2.3981838740270747,-4.741561936330289,-3.3120644029096873,-1.438495166541344
expAE04,IGE_ElmerIce,/Volumes/CrucialX8/computing/data/antarctica/ismip6_hackathon/ComputedScalarsHelene/expAE04/shelfmelt/computed_shelfmelt_AIS_IGE_ElmerIce_expAE04.nc,2.4737830675350407,-0.34226267360240903,1.6540664763663737,7.150723996507578,-0.5144396215581875,-0.33276380853614573,-5.54884903938223,-1.2761141362776485,-0.00742660971961584,-0.037876652694204704,-0.4378954663886423,-6.862748433328804,-0.5986749309133725,-0.14296578504986224,0.6336869093471134,-0.5326782388885531,1.3098089431499973,1.2714708482399653,-0.1162248904594474,-0.049036521200466865,-0.36585497031355585,0.7225429383019977,7.150723418636579,-0.3397210957472917,-0.5023083265425914,-1.2761134110113463,-5.548850348670731
expAE04,ILTS_SICOPOLIS,/Volumes/CrucialX8/computing/data/antarctica/ismip6_hackathon/ComputedScalarsHelene/expAE04/shelfmelt/computed_shelfmelt_AIS_ILTS_SICOPOLIS_expAE04.nc,-4.228453986240499,-2.1523573714492996,-0.509458331437445,0.17919672414241106,-3.9776546087634586,-1.5481519893442806,-2.06756290371231,-1.6377519424007456,-1.1405142055234005,-2.8192868223717857,-4.873595303034433,-1.8463519797607564,0.0750535051835719,-1.2973080535481936,-0.9113078826178236,-0.7395248571430515,-0.8476193280412212,0.7058748306887739,-2.7366695526362443,-2.400379819604212,-3.06076911427299,-3.0373639833933535,0.17919804588421684,-2.023305416621099,-4.328544227071843,-1.6377507398283928,-2.0675630912599328
expAE04,IMAU_UFEMISM1,/Volumes/CrucialX8/computing/data/antarctica/ismip6_hackathon/ComputedScalarsHelene/expAE04/shelfmelt/computed_shelfmelt_AIS_IMAU_UFEMISM1_expAE04.nc,1.1219490333169073,-0.36979174985644225,1.2885375907057957,,-1.275289467771119,-0.20013053135447928,0.04731139190437448,0.026226654736277957,-0.02382884973415117,0.19353323192400249,-0.1856709869263894,0.030010378211393227,0.021443709199339543,0.2097270802266223,0.5524944507315519,0.11327891326629996,0.43354352539253793,0.0,0.41649137546520354,-0.22156333956375973,-0.16643406867834604,0.34153078609693255,,-0.4699785640321029,-0.41467803516293344,0.02622666442481847,0.04731140065021692
expAE04,IMAU_UFEMISM2,/Volumes/CrucialX8/computing/data/antarctica/ismip6_hackathon/ComputedScalarsHelene/expAE04/shelfmelt/computed_shelfmelt_AIS_IMAU_UFEMISM2_expAE04.nc,1.2708226152596667,-0.44387334069080975,1.4963426260411756,,-0.9058926550527633,-0.2233616159002383,0.04364880377907212,0.045172220469752944,-0.020026889846667506,0.09534129830333682,-0.18009263695011835,0.029953314057309104,0.027253395116190342,0.22510028607035854,0.585754393781817,-0.10186296229025371,0.8195127983329495,0.06702083019134922,-0.5679146973597822,-0.09723161883908737,-0.1526960019095412,0.4534050554438903,,-0.5220425909472126,-0.23135908751558298,0.04517222442218925,0.04364879317699939
expAE04,IMAU_UFEMISM3,/Volumes/CrucialX8/computing/data/antarctica/ismip6_hackathon/ComputedScalarsHelene/expAE04/shelfmelt/computed_shelfmelt_AIS_IMAU_UFEMISM3_expAE04.nc,-0.4065194116484472,-0.469883595885205,0.8454564624304602,,-2.6249444803145723,-0.17914038784798747,0.00012626494845856262,0.041910851816188796,-0.10838947425237339,0.19642002365695396,-0.6740705713008903,0.050933420636637076,0.021708620346608257,0.21840615686926979,-0.3871334214930843,0.5103811711436296,-0.8816518173381354,0.5348419556648261,-0.6976694998166513,-0.6744732067639929,-0.2498011913190743,0.3248071669480078,,-0.43913314550935134,-1.1564136806416598,0.041910834451990855,0.0001262573771399489
expAE04,IMAU_UFEMISM4,/Volumes/CrucialX8/computing/data/antarctica/ismip6_hackathon/ComputedScalarsHelene/expAE04/shelfmelt/computed_shelfmelt_AIS_IMAU_UFEMISM4_expAE04.nc,-0.11747092777657309,-0.6626249467334153,0.9202112324547591,,-2.490899634304588,-0.195636543960848,0.009745495449487981,0.04479963805025805,-0.169812898447519,0.18358845262250797,-0.6465817446766227,0.02426934094261028,0.014973178497430881,0.20126660885139663,-0.37266784125150343,0.4596293635902862,-0.7444018248663227,0.5020516599326641,-0.6504315471589459,-0.5927192200930989,-0.24183820905749298,0.30272287911107376,,-0.49813229256465236,-1.1000292203895259,0.04479962436320145,0.009745497793587875
expAE04,LSCE_GRISLI2,/Volumes/CrucialX8/computing/data/antarctica/ismip6_hackathon/ComputedScalarsHelene/expAE04/shelfmelt/computed_shelfmelt_AIS_LSCE_GRISLI2_expAE04.nc,-4.721203043068158,-1.8810830092753772,-2.459785704928322,-1.2837032285538825,-3.4877731701923267,-0.9697007116238265,-2.0771020632045794,-1.5535270700041295,-1.07894695820969,-2.515992963700377,-3.8921069566204753,-1.3652196693671104,-1.351822090804994,-1.1318209375052257,-0.9455650965662263,-2.646880136269923,-1.5423494098799995,-5.367424526504513,-3.1570345238244215,-2.76361084829691,-2.442408066368193,-3.1375471511123303,-1.2837030448325528,-1.1601950585192542,-3.834564998958304,-1.5535269985816402,-2.0771017195179198
expAE04,LSCE_GRISLI,/Volumes/CrucialX8/computing/data/antarctica/ismip6_hackathon/ComputedScalarsHelene/expAE04/shelfmelt/computed_shelfmelt_AIS_LSCE_GRISLI_expAE04.nc,-4.008563852033085,-2.0209151151722957,-1.5600590611515477,-1.5591882397659962,-3.5779766798444497,-1.0009120722138627,-1.9130996945220984,-1.2928224930308954,-2.3830512921231097,-2.564031639888128,-3.981522590003328,-1.4404689747652841,-1.0052109793909292,-1.4860854255911722,-0.917195119617574,-2.1945899291100694,-1.5416444777101557,-4.673150493905151,-2.8926223300425002,-2.907220214893383,-2.357959658456167,-3.1171207313555014,-1.5591899591303306,-1.2105429853595289,-3.8792953888585844,-1.2928228557660155,-1.9130998354647937
expAE04,NCAR_CISM1,/Volumes/CrucialX8/computing/data/antarctica/ismip6_hackathon/ComputedScalarsHelene/expAE04/shelfmelt/computed_shelfmelt_AIS_NCAR_CISM1_expAE04.nc,2.1376025011712576,-1.7697458802511576,-1.6360549192257867,-4.364355735494696,-3.474467188229019,-1.6446715040009576,-1.946566617751604,-0.002686988211963461,-0.8112658271421589,-2.2007103218596296,-4.13354539222361,0.14973302212482986,0.6324828084357623,-1.3808724091983198,-0.291464388008142,0.3110465426264859,-1.2283786329769146,2.007057529151128,-1.6519148145984364,-1.916292180823345,-1.5735229883646253,0.42152869929830983,-4.364356521067446,-1.8991062708577866,-3.985509779033957,-0.0026869882056732982,-1.9465667005904863
expAE04,NCAR_CISM2,/Volumes/CrucialX8/computing/data/antarctica/ismip6_hackathon/ComputedScalarsHelene/expAE04/shelfmelt/computed_shelfmelt_AIS_NCAR_CISM2_expAE04.nc,0.19841980385245517,-2.4430446120740736,-0.911609173105906,-2.4839603287413112,-2.819234189421074,-1.1269557102859347,-1.797003444203968,-1.561380459438233,-1.0546836077704738,-2.3277417185676903,-5.424793566400922,-0.9001484200732612,-0.14806001173737027,-0.06319722741222789,-0.18767500919569047,0.6274170132088199,-0.3804655395292471,-0.6092396370138227,-1.3721420059155909,-1.9027948393866048,-1.9690863925168474,0.006997068483200586,-2.4839627143093352,-1.9174539594531357,-4.3988464127986395,-1.561378958749815,-1.797002925273505
expAE04,NORCE_CISM2-MAR364-ERA-t1,/Volumes/CrucialX8/computing/data/antarctica/ismip6_hackathon/ComputedScalarsHelene/expAE04/shelfmelt/computed_shelfmelt_AIS_NORCE_CISM2-MAR364-ERA-t1_expAE04.nc,0.982848476516573,-0.6639575447386012,-4.779530870077297,-9.649545990727388,-6.426157935759036,-0.9029751883700918,-4.444969032490951,-6.63812924506999,-2.6351285293096414,-2.344678753485099,-7.671748932707525,-0.9847146065600159,0.9634203443036834,-1.2608685927520016,-0.9496090123152348,-0.20296418927657056,-0.7241653106755401,-3.4205890984732363,-1.5949119320986815,-2.179034148382078,-1.5882299604097003,-0.997617750311016,-9.649546612766294,-0.873820029720838,-7.168942770219463,-6.638128972092149,-4.444969552385393
expAE04,NORCE_CISM3-MAR364-ERA-t1-local,/Volumes/CrucialX8/computing/data/antarctica/ismip6_hackathon/ComputedScalarsHelene/expAE04/shelfmelt/computed_shelfmelt_AIS_NORCE_CISM3-MAR364-ERA-t1-local_expAE04.nc,-0.4105259973730977,-1.6442265690332318,-0.6332267939597278,-1.3717759201583721,-2.9924736662739804,-1.0736979939392337,-0.8592473400110161,-1.469577776004369,-0.7675358937292884,-0.9525774353344709,-2.870446251854724,-0.4231613239754297,1.0482562128583894,-0.6249947941763967,-0.08977566687895111,1.370019015254704,-0.8695668083312849,-1.8931463783320224,-1.3282075589896296,-1.6804338939636825,-0.9894580347306117,-0.4851337728560523,-1.3717758011047505,-1.3269635664690147,-3.090814759870022,-1.4695778964451576,-0.8592474091940716
expAE04,NORCE_CISM3-MAR364-ERA-t1-nonlocal,/Volumes/CrucialX8/computing/data/antarctica/ismip6_hackathon/ComputedScalarsHelene/expAE04/shelfmelt/computed_shelfmelt_AIS_NORCE_CISM3-MAR364-ERA-t1-nonlocal_expAE04.nc,0.4696840789829637,-1.5386195337693565,-1.198646431206893,-2.4421131169065937,-2.3643569408898424,-1.3033842507069955,-0.9821159905702679,-2.0272700090112394,-1.1154298382589953,-1.3802753782957398,-3.2516125166440997,-0.4497428410198585,1.1086973097716901,-0.5990223650810975,0.014964371177397462,1.713005559507635,-0.662722411146281,-2.0479653738358277,-1.0384970532376157,-1.1517611392126126,-0.9358246959318155,0.024182714878823397,-2.442113294240514,-1.4248337111678637,-2.815343145346021,-2.0272702248365864,-0.982115996137138
expAE04,NORCE_CISM3-MAR364-ERA-t1,/Volumes/CrucialX8/computing/data/antarctica/ismip6_hackathon/ComputedScalarsHelene/expAE04/shelfmelt/computed_shelfmelt_AIS_NORCE_CISM3-MAR364-ERA-t1_expAE04.nc,0.8518906733348208,-0.5617756661266617,-3.152620946263461,-5.169706926246361,-3.4118440822646336,-0.6957215649059487,-0.8211422003422486,-4.307202603131849,-1.4907870901195848,-1.493989948284164,-5.151856734897537,-0.19957420710131046,1.31096019826188,-0.6844301685415601,-0.38176496364411827,0.8692203386366384,-0.3544842607464531,-1.7600330707805956,-1.650896092081453,-2.6764631342632663,-2.460619896602908,-0.3422084328913835,-5.169706368085461,-0.6952937802789585,-4.140550174579941,-4.307202816740535,-0.8211421535027217
expAE04,NORCE_CISM4-MAR364-ERA-t1-local,/Volumes/CrucialX8/computing/data/antarctica/ismip6_hackathon/ComputedScalarsHelene/expAE04/shelfmelt/computed_shelfmelt_AIS_NORCE_CISM4-MAR364-ERA-t1-local_expAE04.nc,1.187492384760615,-1.3880066154171007,0.18602416757970852,1.759361123698648,-2.811392042143517,-1.0476030463473087,2.6384719699311265,0.35488154251446913,0.05354505859242087,-0.9732071401818394,-2.6838227924993285,0.6960794247159307,1.0553000642702928,0.300665100796085,0.10968679887550592,1.214997348821278,-0.677587689232761,1.2814741065617743,-0.6939338288652626,-1.1266162979687264,-0.4730037737636379,0.63949168531824,1.7593612080222032,-1.2042863185768644,-2.841468672249679,0.3548817883061983,2.638471668061806
expAE04,NORCE_CISM4-MAR364-ERA-t1-nonlocal,/Volumes/CrucialX8/computing/data/antarctica/ismip6_hackathon/ComputedScalarsHelene/expAE04/shelfmelt/computed_shelfmelt_AIS_NORCE_CISM4-MAR364-ERA-t1-nonlocal_expAE04.nc,1.1458197403032313,-1.4647557330381087,0.09913808495183529,-0.01418371829239451,-2.3360010013125656,-1.3017193260538744,2.410254852308757,-0.04170385656857123,0.0875152442522551,-1.0423619367791694,-2.8994696786096377,0.7186459403987725,1.068100446551567,0.2717188887640283,0.03988515763406264,1.3521677184793277,-0.4643754308479353,1.471329966554549,-0.5463733013134511,-0.788201355909596,-0.4143759906739022,0.6891281036001651,-0.014183605072983774,-1.3326011263222401,-2.80179638771878,-0.04170388018415405,2.4102545208720283
expAE04,NORCE_CISM4-MAR364-ERA-t1,/Volumes/CrucialX8/computing/data/antarctica/ismip6_hackathon/ComputedScalarsHelene/expAE04/shelfmelt/computed_shelfmelt_AIS_NORCE_CISM4-MAR364-ERA-t1_expAE04.nc,1.3034017167571847,-0.5178641059999809,-0.9754776176551299,-0.44831609382734694,-1.927354591954077,-0.5016509096322004,1.676582643434906,-1.5310728897854151,-1.0185692627434655,-0.9579852019259443,-3.102185982345132,0.3417903005632703,1.0071569881043263,0.19915159131615368,-0.09246235816841897,0.9419176346209017,0.5195603226395014,1.0101034673774671,-1.3647360651753342,-1.888086031917081,-1.4002588220225194,0.7063709691211977,-0.4483161662767916,-0.526279544579064,-2.3777444483926375,-1.5310729207098053,1.676582728146927
expAE04,NORCE_CISM4-MAR364-JRA-t1,/Volumes/CrucialX8/computing/data/antarctica/ismip6_hackathon/ComputedScalarsHelene/expAE04/shelfmelt/computed_shelfmelt_AIS_NORCE_CISM4-MAR364-JRA-t1_expAE04.nc,1.3701523860840856,-0.5083544694117961,-0.9339475091837959,-0.433618311382701,-1.9217359431257481,-0.4384493065717676,1.6223515577021077,-1.4830318487398957,-0.958487673139631,-0.9692000721256799,-3.080199193772236,0.342384436489763,0.9916058093567953,0.12034282936263785,-0.09770722379387276,1.0055428546254024,0.15906367113188968,1.1313723251373524,-1.3090315796666543,-1.8958297203303989,-1.3949388510563638,0.7695075732183477,-0.4336183508859657,-0.49555311290301396,-2.3682737690188267,-1.4830313724257351,1.6223515208706853
expAE04,NORCE_CISM5-MAR364-ERA-t1-local,/Volumes/CrucialX8/computing/data/antarctica/ismip6_hackathon/ComputedScalarsHelene/expAE04/shelfmelt/computed_shelfmelt_AIS_NORCE_CISM5-MAR364-ERA-t1-local_expAE04.nc,1.9534258162792197,-1.1885779028422325,0.5843397662610481,2.8394201906125445,-2.1850097334643355,-0.8582098723878095,2.531590998586347,1.27960964588648,0.5129944628200049,-0.8173898322080015,-2.758277028831656,0.787604488268281,1.5049277312151914,0.9199941844462748,0.14255733526308845,1.2549423329742846,1.120160950058376,1.8022650380939917,-0.15536294226591973,-0.3856302288611344,-0.03771314624475419,1.4338564041254023,2.839420268652966,-1.1323395469568998,-2.5294150453050053,1.2796094435657017,2.531590856259686
expAE04,NORCE_CISM5-MAR364-ERA-t1-nonlocal,/Volumes/CrucialX8/computing/data/antarctica/ismip6_hackathon/ComputedScalarsHelene/expAE04/shelfmelt/computed_shelfmelt_AIS_NORCE_CISM5-MAR364-ERA-t1-nonlocal_expAE04.nc,1.9632189505275006,-1.2827617649521486,0.8279484179149952,2.386694672859067,-1.9464442324612454,-1.1674419255332982,2.6983842303982524,1.7562412257230888,0.8228617150651472,-0.8903825437857207,-2.3604076883608576,0.764554048609587,1.466127602847423,1.0736683326920065,0.12158667945095258,1.295461932996568,0.6359860502409347,1.9370696285803048,0.019479763778511572,-0.2141383866725186,0.1595460517038889,1.2011539370414428,2.3866949094405205,-1.237116268840087,-2.1664888271625067,1.7562410231868237,2.698384306489161
expAE04,NORCE_CISM5-MAR364-ERA-t1,/Volumes/CrucialX8/computing/data/antarctica/ismip6_hackathon/ComputedScalarsHelene/expAE04/shelfmelt/computed_shelfmelt_AIS_NORCE_CISM5-MAR364-ERA-t1_expAE04.nc,1.6820277559879746,-0.3916709831301175,0.10341258882896898,1.799686299669276,-1.1749899209807024,-0.29706004014599485,2.814611612040881,1.255803730477557,0.48095707195033377,-0.4258441309941532,-1.7766176119972865,0.7005314485502567,1.096279032702755,0.5501568952184845,0.10527600322070463,0.9652835584829688,1.020293176530626,1.8130313318989892,-0.48195512658183537,-1.0054597718351812,-0.21065139862418159,1.1146290656455755,1.7996861859548936,-0.34383891010517365,-1.3900131302154595,1.255803557965617,2.81461149510078
expAE04,PIK_PISM,/Volumes/CrucialX8/computing/data/antarctica/ismip6_hackathon/ComputedScalarsHelene/expAE04/shelfmelt/computed_shelfmelt_AIS_PIK_PISM_expAE04.nc,13.113645075334022,-0.4735230201406595,3.5287625640255698,7.5868661019765815,-0.5948425522718077,-0.35435695132495215,-3.759678259276372,-4.001190631620201,-4.565473827474753,-0.6950786655983743,-0.14767945937424787,-3.6569763653740424,-1.2845588487342052,0.27506895543729293,9.189285692393959,1.6762144773729748,3.073548951726628,6.513296247329168,-0.09162849404894002,0.05855679899120014,-0.7559070708621509,1.212861434731233,7.586865958861002,-0.24266975913497857,-0.5060013344333048,-4.00119105131073,-3.759678548816516
expAE04,UCM_Yelmo,/Volumes/CrucialX8/computing/data/antarctica/ismip6_hackathon/ComputedScalarsHelene/expAE04/shelfmelt/computed_shelfmelt_AIS_UCM_Yelmo_expAE04.nc,-2.3146928451502813,-1.3055157821591208,-0.6475843478780727,-1.1627882395346747,-1.7508243442516314,-1.2313707588672225,-0.6392365606068107,-0.09362826849559669,-0.3556757151013903,-2.1456351445399724,-2.3041296311319446,-0.32703028153065183,-0.968271867666763,-0.3217218476448185,-0.02582544341990678,-0.0751156885518881,-0.5076669525021285,-4.331819219155906,-1.205803919125647,-1.0986171974539305,-1.1414449852743447,-1.3801045902483984,-1.1627883192484934,-1.3192889663226135,-2.091639716788656,-0.09362781548870869,-0.6392365677922496
expAE04,UCSD_ISSM,/Volumes/CrucialX8/computing/data/antarctica/ismip6_hackathon/ComputedScalarsHelene/expAE04/shelfmelt/computed_shelfmelt_AIS_UCSD_ISSM_expAE04.nc,8.791239355074163,0.027100136880623155,3.001669830238242,19.018066273884713,0.07733940761628501,-0.020579308602297196,-0.549106562000377,6.284732421828172,0.11695606061726016,0.09922908156964767,0.1887188824797804,-1.094606660262704,0.15158534376391652,-0.17957881027389555,0.048880539060588646,-0.14097533985881844,-0.014072235802313593,9.400919618317829,0.8032534099671675,1.0667293391428132,0.14046280675806777,3.614676769478054,19.018062957567047,0.001080543998258604,0.11910414647041655,6.284731896977972,-0.5491061189050486
expAE04,ULB_fETISh-KoriBU1,/Volumes/CrucialX8/computing/data/antarctica/ismip6_hackathon/ComputedScalarsHelene/expAE04/shelfmelt/computed_shelfmelt_AIS_ULB_fETISh-KoriBU1_expAE04.nc,5.894504041026997,-0.15838262700448769,2.6280557341454602,8.29319826071126,-0.4388891453411943,-0.19806201766681963,0.4438409547085156,0.7584633779288761,0.3202757167975334,2.326108935777911,-0.4235295520297373,0.15132795096037177,0.41720286917391497,-0.8141353493998627,0.2422211303149986,0.24883719852467,1.5288158570088586,2.9193914316095175,0.550498173112373,0.6940310643778436,0.20202528531021113,1.842210513500921,8.293198822325072,-0.19477944478734116,-0.4796700185843714,0.7584634646740036,0.44384107543211293
expAE04,ULB_fETISh-KoriBU2,/Volumes/CrucialX8/computing/data/antarctica/ismip6_hackathon/ComputedScalarsHelene/expAE04/shelfmelt/computed_shelfmelt_AIS_ULB_fETISh-KoriBU2_expAE04.nc,-0.3593786315035028,-1.7365221745078165,0.6928617990832566,3.191910724169677,-2.2327318593543657,-1.464658990271777,-1.072668257726006,0.12133528717979125,-1.4871802524474882,-2.0695011671705688,-3.706044746881206,-0.3872419437518103,0.12980642168096868,0.06713208956954597,-0.9583310744422069,-0.8127133816696694,0.035653785392438575,1.5934050049418835,-0.9024077757713318,-0.7989037560378236,-1.0763138251041298,0.5926757380431544,3.191911008761359,-1.5873456189889323,-2.8963399117469413,0.12133589447402837,-1.0726682097057756
expAE04,UNN_Ua,/Volumes/CrucialX8/computing/data/antarctica/ismip6_hackathon/ComputedScalarsHelene/expAE04/shelfmelt/computed_shelfmelt_AIS_UNN_Ua_expAE04.nc,-2.0944792591122585,-1.4951681891914212,-0.7949980238162704,6.576108995382121,-3.390568058713731,-1.0503055677813715,-1.2015196717272731,0.17048365540820498,-1.0358071148453103,-1.4859180553172808,-3.369576691125774,-0.17477679094816967,0.14371403017350382,0.7093891554919924,-0.6232331146275953,-0.2617003978681255,-1.049979625518957,-0.6175930425083043,-1.649068005464219,-1.968289119239305,-1.3620724592189308,-0.5846279993242502,6.576109085164991,-1.448365418034935,-3.4152090984425274,0.17048422988082912,-1.2015197491637934
expAE04,UTAS_ElmerIce,/Volumes/CrucialX8/computing/data/antarctica/ismip6_hackathon/ComputedScalarsHelene/expAE04/shelfmelt/computed_shelfmelt_AIS_UTAS_ElmerIce_expAE04.nc,-1.7901644891433879,-1.4844442308745434,-1.0217724810695366,3.7325987641651777,-3.413913681702904,-1.1579744436383255,-1.6094721626005999,-0.9322445753228603,-1.1078574323589105,-1.6236222717325228,-2.904527511663324,-1.7956422600005344,-0.5969831634269918,0.5525305725851211,-0.45606168908898326,-0.5994548943596629,-0.08007430631173285,-5.416323367347619,-1.9927168979682701,-1.9781242290576477,-1.6321429082668217,-2.0045899423260263,3.732598422188219,-1.4388539038488009,-2.9391155540811735,-0.9322438382678833,-1.6094719889506877
expAE04,VUB_AISMPALEO,/Volumes/CrucialX8/computing/data/antarctica/ismip6_hackathon/ComputedScalarsHelene/expAE04/shelfmelt/computed_shelfmelt_AIS_VUB_AISMPALEO_expAE04.nc,-1.6642513454712455,-1.362685297217861,-1.2122886165873057,-2.2836552266554824,-3.5786819845834454,-1.8664613455828927,-0.16128209334685595,-0.9482803436390534,-0.8817037971497022,-1.0482247064697545,-3.1748566361566146,-0.10495504562865582,-0.24678232323310434,-0.05705738003882388,0.23980667811759057,-0.1135934919829027,0.3840777993124229,,-2.809557566283698,-3.69510595494354,-2.0097639590234735,-0.341267901715701,-2.283655166924186,-1.5257944947136397,-3.6485726838279273,-0.9482803986306277,-0.16128213111293588
expAE04,VUW_PISM1,/Volumes/CrucialX8/computing/data/antarctica/ismip6_hackathon/ComputedScalarsHelene/expAE04/shelfmelt/computed_shelfmelt_AIS_VUW_PISM1_expAE04.nc,-3.3672283477237688,-4.105262757870726,-3.882329716965751,-1.8443891416423952,8.427545956370611,-2.160175781847882,-9.479541570557245,4.939022754746478,-2.5116123477250447,1.46841714046994,3.0018112099277907,-13.204347795639931,0.7771977668699366,2.2487766619593588,0.3166494073755941,2.8075619334638713,-2.0583807067604347,,-8.207964114159916,0.4440747770272395,-4.0227895664242865,-8.724532928033584,-1.8443895482146502,-2.2762739891231463,5.123675170077021,4.939022411360355,-9.479542247730562
expAE04,VUW_PISM1_s1,/Volumes/CrucialX8/computing/data/antarctica/ismip6_hackathon/ComputedScalarsHelene/expAE04/shelfmelt/computed_shelfmelt_AIS_VUW_PISM1_s1_expAE04.nc,-3.6277281526865774,-4.152963908730345,-4.237148478427292,-2.1902914479857998,8.41770271546123,-2.212990145602438,-8.691020196185397,5.294615369356432,-2.6060819486042615,1.3968119239248047,2.839809196074544,-13.006642284882707,0.9440727325773319,3.256061626341605,0.3800993402372299,2.4861525625393295,-2.1157129472989755,,-8.314889823045542,0.3367490782134359,-3.803435592662181,-7.700921081666166,-2.1902904929709974,-2.3060732942402407,5.038035518725168,5.294612453333187,-8.691020651277139
expAE04,VUW_PISM1_s2,/Volumes/CrucialX8/computing/data/antarctica/ismip6_hackathon/ComputedScalarsHelene/expAE04/shelfmelt/computed_shelfmelt_AIS_VUW_PISM1_s2_expAE04.nc,-3.477858784265157,-4.076662242807274,-3.8604017216789597,-2.038014720910434,8.329407322052143,-2.1577790550721616,-10.602160086794115,3.388102007321063,-2.4583140243562474,1.4188987465851715,2.8459013630666483,-12.800146863834845,0.8584798725246787,2.569430586549206,1.690822970020305,2.613368640801643,-2.126952625770171,,-8.205024414778782,0.6299621628394281,-4.08028563711018,-7.580602084146545,-2.038014374373639,-2.2849712239637348,4.987014808538489,3.388101749478569,-10.60216036910764
expAE04,VUW_PISM1_s3,/Volumes/CrucialX8/computing/data/antarctica/ismip6_hackathon/ComputedScalarsHelene/expAE04/shelfmelt/computed_shelfmelt_AIS_VUW_PISM1_s3_expAE04.nc,-3.0305151406460524,-4.233309260355995,-4.13171815271404,-1.699851133243488,7.7390146616152435,-2.167243072042382,-10.996378562574343,4.897438748482767,-2.5103313125262403,1.46841714046994,2.915337606826876,-13.038769866882047,0.8743092974681277,3.456623273890687,1.5816294045676236,2.792850675917342,-2.0583807067604347,,-8.194481558342005,0.45870814271922633,-3.921569465770819,-8.724532928033584,-1.6998516839686335,-2.3421320411777846,4.777538960953647,4.897438435437532,-10.996378949773634
expAE04,VUW_PISM1_s4,/Volumes/CrucialX8/computing/data/antarctica/ismip6_hackathon/ComputedScalarsHelene/expAE04/shelfmelt/computed_shelfmelt_AIS_VUW_PISM1_s4_expAE04.nc,-3.6705284475649105,-4.095859887055959,-4.021281560547742,-1.905199721480889,8.40629403294151,-2.192297562555594,-10.038048925022014,4.958950794733198,-2.527284384794161,1.46841714046994,2.9418674480498677,-13.567961481483506,0.8164888166742692,2.5077351409469677,1.7443614290166416,2.452458516415703,-2.0583807067604347,,-8.172716058341702,0.3664779575402495,-3.9774341690680846,-8.724532928033584,-1.9051993709399646,-2.301591217732659,5.071145456877625,4.9589530650653,-10.038049485340409
expAE04,VUW_PISM2,/Volumes/CrucialX8/computing/data/antarctica/ismip6_hackathon/ComputedScalarsHelene/expAE04/shelfmelt/computed_shelfmelt_AIS_VUW_PISM2_expAE04.nc,-4.13033055233182,-3.9847738263935284,-2.9776145106048784,-3.743804744346651,6.625202311659389,-2.0904743388669305,-8.473353257324359,6.212545271813019,-2.482467895188777,4.455446957599108,2.91425112245709,-12.08481824331648,-0.10809299683528639,2.6658150468017245,0.0934705335293664,2.4935347766361096,-2.028280848320402,,-8.247070525307574,0.1667786541075138,-4.210380439088896,-7.5440792997815915,-3.7438053051513513,-2.335048349805205,4.051105054444274,6.2125461128937065,-8.47335218542699
expAE04,VUW_PISM2_s1,/Volumes/CrucialX8/computing/data/antarctica/ismip6_hackathon/ComputedScalarsHelene/expAE04/shelfmelt/computed_shelfmelt_AIS_VUW_PISM2_s1_expAE04.nc,-4.274412115840281,-4.001277021421562,-3.2392609696877734,-1.8740738258963106,6.41992893470975,-2.067907667936257,-7.451962413965502,5.942592718971275,-2.5250878793880265,5.496445819164165,2.538496152295,-13.510429169753746,-0.15626456541984624,2.794905643544873,-0.01098741587250629,2.18943655061999,-3.3342549366682324,,-8.625784109447775,-0.19852613465277535,-4.018356050799506,4.9538638089404925,-1.874073708794958,-2.311709799365566,3.7403034607574632,5.942593127153353,-7.451962380250715
expAE04,VUW_PISM2_s2,/Volumes/CrucialX8/computing/data/antarctica/ismip6_hackathon/ComputedScalarsHelene/expAE04/shelfmelt/computed_shelfmelt_AIS_VUW_PISM2_s2_expAE04.nc,-3.848070460477155,-3.9883675555880744,-3.4121430667712147,-2.5737643749411188,6.665358767877707,-2.0464469009697024,-7.633134074001939,4.609953255015281,-2.3558088420857857,3.9423658900854965,2.991785885083946,-10.06238679170576,-0.003667442363219031,2.9717777080282546,0.4082252924734586,2.8572639071980257,-2.4241713675524457,,-8.143589156572542,0.530627713187064,-4.136575821101173,-7.939866836587573,-2.5737645009811088,-2.322761449477044,4.1284448407135805,4.609953663518734,-7.63313478961641
expAE04,VUW_PISM2_s3,/Volumes/CrucialX8/computing/data/antarctica/ismip6_hackathon/ComputedScalarsHelene/expAE04/shelfmelt/computed_shelfmelt_AIS_VUW_PISM2_s3_expAE04.nc,-3.531243358912455,-4.139536559797304,-3.1502026450095517,-1.2495192375836925,6.155136784236935,-2.113003721098374,-8.365397903056566,5.932505518218678,-2.4491938821473003,4.596695989593085,2.5620718652375682,-11.74662754980126,0.04197806577322538,2.477294229236661,0.26477562415191125,1.5489641144344977,-2.5977671516432643,,-8.466969954682094,0.32626661892147535,-4.678020724859072,-8.25806530589106,-1.2495192065058305,-2.389888305417977,3.659008915669025,5.932506105562851,-8.365397931239581
expAE04,VUW_PISM2_s4,/Volumes/CrucialX8/computing/data/antarctica/ismip6_hackathon/ComputedScalarsHelene/expAE04/shelfmelt/computed_shelfmelt_AIS_VUW_PISM2_s4_expAE04.nc,-3.993107845610492,-3.9798379650936972,-2.971479666387398,-3.2245180468632846,6.408569199824608,-2.1285398433912865,-8.920429109898446,6.38940963474476,-2.5020655920114248,4.477654359681046,2.600961621941261,-11.883746686936462,-0.036558144058572495,2.7437074604198335,0.42956353344721565,1.8783593607003648,-2.5977671516432643,,-8.39863534539895,-0.00020575985672977026,-4.094430751854267,4.999974085662086,-3.2245174505411187,-2.351660407274893,3.7788615657698124,6.389409794784157,-8.920429255525203
expAE05,DC_ISSM,/Volumes/CrucialX8/computing/data/antarctica/ismip6_hackathon/ComputedScalarsHelene/expAE05/shelfmelt/computed_shelfmelt_AIS_DC_ISSM_expAE05.nc,-1.237219601085899,-0.9283805729863808,-1.167474880520353,0.19588094462546835,-0.9942725402183177,-1.3752746079831994,-1.191473062341113,-0.11497429621936917,-0.8250825880981818,-1.5818783544562351,-0.6895336211931535,-0.8575183581205161,-0.0884849298714685,-0.4777351044257765,-0.7276334049867286,-0.38158796761031444,-0.5648925990661873,-2.9917559428709852,-1.2146615087411043,-1.1846437756882375,-1.2955948734915412,0.39148829800291496,0.19588007862837564,-1.6277954914170316,-0.949731067917307,-0.11497422893828046,-1.1914734365311421
expAE05,DOE_MALI_4km,/Volumes/CrucialX8/computing/data/antarctica/ismip6_hackathon/ComputedScalarsHelene/expAE05/shelfmelt/computed_shelfmelt_AIS_DOE_MALI_4km_expAE05.nc,0.47132262822485105,-2.0041567934261257,-0.1116606489674119,-1.5293750986108314,-1.3830985889273264,-1.4256328693438935,-2.3729973488666065,0.5160744178960384,-1.1945025117376789,-2.6225101172414576,-1.3011366054938156,-0.9813269683403609,0.6411681205914475,-0.06601050391351437,-1.1155362143624292,-0.35062526118688064,-0.5651440319264311,-2.3582819810500926,-1.8355614682666541,-1.4627773220773745,-1.8702528399796066,-0.9324882393068497,-1.529375205857109,-2.092061522943207,-1.3123295894015943,0.5160741661160864,-2.372997318429687
expAE05,DOE_MALI_8km_Ant95,/Volumes/CrucialX8/computing/data/antarctica/ismip6_hackathon/ComputedScalarsHelene/expAE05/shelfmelt/computed_shelfmelt_AIS_DOE_MALI_8km_Ant95_expAE05.nc,-0.1667127376535098,-2.236269275706989,-0.7292658529003306,0.745396732873667,-1.5091829262125716,-1.4639352717457843,-2.0303821198948233,0.008787733247475948,-1.1331229272203514,-2.8390150876097495,-1.3693043956740945,-1.1893691759485323,-0.14199381163404068,-1.174966744525186,-1.2805914322303935,-0.39884518345233266,-0.8510355637938041,-3.9777469185412686,-2.303732238494624,-1.874813301232738,-1.715578184733067,-1.4870136536117333,0.7453969510940883,-2.100708676022665,-1.3611318605641873,0.008787848347054705,-2.030382291714238
expAE05,DOE_MALI_8km_AntMean,/Volumes/CrucialX8/computing/data/antarctica/ismip6_hackathon/ComputedScalarsHelene/expAE05/shelfmelt/computed_shelfmelt_AIS_DOE_MALI_8km_AntMean_expAE05.nc,0.2060532184858177,-2.3729185536587094,-0.32915769554748486,0.7441838660734703,-1.4558549860804417,-1.510261530977072,-0.5396072750890122,0.7434022337655875,-1.2468952791333283,-2.7102643454770154,-1.470241876236436,-0.9340309704923637,-1.3246211381172976,-0.4558975749847356,-1.0712761440330092,-0.3033797237742357,-0.5373300675348365,-2.8032198494485456,-2.129550413678081,-1.730563562617605,-2.063069886385466,-0.9439762253368964,0.7441838150978999,-2.241661081086913,-1.5461098357379646,0.7434024369232679,-0.539607217030758
expAE05,IGE_ElmerIce,/Volumes/CrucialX8/computing/data/antarctica/ismip6_hackathon/ComputedScalarsHelene/expAE05/shelfmelt/computed_shelfmelt_AIS_IGE_ElmerIce_expAE05.nc,-2.1354105286067346,-0.07234407740727167,-0.036949340215792326,-5.125684357666962,-0.1023908558481128,-0.5771462842495123,-8.9752416287058,2.329846325278571,-5.423194476188783,0.4171155792417225,0.2302418731089178,-7.527878773060003,-2.401058992152847,-0.8305639712540005,0.6705849818728542,-0.11195894679365481,-0.29175469323398673,8.350359818613414,-0.06876931310807555,0.6047575604889952,-0.41158753584155283,-1.5630565914439427,-5.125684294352167,-0.21771388846992012,0.06410876849102648,2.329847224132685,-8.975240897261934
expAE05,ILTS_SICOPOLIS,/Volumes/CrucialX8/computing/data/antarctica/ismip6_hackathon/ComputedScalarsHelene/expAE05/shelfmelt/computed_shelfmelt_AIS_ILTS_SICOPOLIS_expAE05.nc,-3.1689625826879126,-2.148469690381959,-0.44016950896187446,0.3654387512784343,-1.5199268541157798,-1.349452361275488,-2.152899513887287,-0.21905779820226723,-1.6375587781253182,-2.8264747305596574,-1.4011356817978964,-2.5129884562099427,-0.6187709914244826,-1.1009677083142924,-0.9891754964916917,-0.321690730645955,-0.40832961228971154,-4.1665722614301215,-1.9274712827930722,-1.7407886660746774,-1.9894619438945318,-0.7916710730216865,0.36543856549491416,-2.1404838383486453,-1.2677522757161832,-0.21905818764228702,-2.1528997497228204
expAE05,IMAU_UFEMISM1,/Volumes/CrucialX8/computing/data/antarctica/ismip6_hackathon/ComputedScalarsHelene/expAE05/shelfmelt/computed_shelfmelt_AIS_IMAU_UFEMISM1_expAE05.nc,-1.0024528896661546,-0.191009583511089,-0.9748557483584794,,-0.4185973267326335,-0.15378272669009885,0.09305479145727888,-0.030046035514968678,0.06457254240538726,-0.2663497381407989,0.025451762331259897,-0.02231845644609102,0.013084658423241306,-0.00011434507057292431,-0.30554062102529944,-0.17858011717147526,-0.3347215722106047,-2.685952828735863e-15,-0.05245773875818088,-0.22064817069959985,-0.10744212884352444,-0.30188911710560656,,-0.19222729080659884,-0.0818012101752647,-0.03004603957572724,0.09305479877488612
expAE05,IMAU_UFEMISM2,/Volumes/CrucialX8/computing/data/antarctica/ismip6_hackathon/ComputedScalarsHelene/expAE05/shelfmelt/computed_shelfmelt_AIS_IMAU_UFEMISM2_expAE05.nc,-0.9786356485084868,-0.2608017557770732,-0.03554590058813134,,-0.4419377944881333,-0.14925519817245025,0.1081287976385045,-0.058049425292681284,0.016437492149476818,-0.6169861510709626,-0.282935854053513,-0.030981009411273824,0.01487528110328007,-0.013309861568034348,-0.45418490721140614,-0.32352084822226246,-0.4852632560513863,0.12344052623581836,-0.08002696543039328,-0.34544586664291743,-0.05140016254793037,-1.2824597408107448,,-0.25839679577087904,-0.3789809187099067,-0.05804942333507601,0.10812879494284419
expAE05,IMAU_UFEMISM3,/Volumes/CrucialX8/computing/data/antarctica/ismip6_hackathon/ComputedScalarsHelene/expAE05/shelfmelt/computed_shelfmelt_AIS_IMAU_UFEMISM3_expAE05.nc,-1.0016920056163443,-0.2701143605333216,-0.02530004147583087,,-0.5302033690069072,-0.15047719982390817,0.05727022482550785,-0.05644776412221425,0.04981267117801075,-0.31363968753738947,-0.2813233009659325,0.06344305389770494,-0.016032497769898034,0.006109241414699873,-0.3154753674360027,-0.25470387465671573,-0.43334043496136676,0.3186352677676548,-0.1213162356892632,-0.4261917430294313,-0.14464552725199303,-1.7122743371873397,,-0.4152980624489533,-0.39256980957564575,-0.05644774979917275,0.05727022550271638
expAE05,IMAU_UFEMISM4,/Volumes/CrucialX8/computing/data/antarctica/ismip6_hackathon/ComputedScalarsHelene/expAE05/shelfmelt/computed_shelfmelt_AIS_IMAU_UFEMISM4_expAE05.nc,-0.8926808985538668,-0.43855393417389976,-0.42799420103752306,,-0.3879995961160254,-0.22945606719759332,0.055128710187574786,-0.05812891931560153,-0.03907491924766485,-0.519670529942667,-0.3623078497876302,0.051578751957699315,-0.007289373214736574,0.00960520262530136,-0.4195213005267805,-0.31524255340277896,-0.49725969861078867,0.1727135653963718,-0.1261280249873768,-0.5361980409855573,-0.153195203928349,-1.9719499593054781,,-0.5105101112189483,-0.5535318897546849,-0.05812892547117886,0.055128699634168866
expAE05,LSCE_GRISLI2,/Volumes/CrucialX8/computing/data/antarctica/ismip6_hackathon/ComputedScalarsHelene/expAE05/shelfmelt/computed_shelfmelt_AIS_LSCE_GRISLI2_expAE05.nc,-2.8700486707207196,-1.4490299432118614,-2.8926629382187787,-1.355055772744299,-1.2539060490973495,-1.694814623670621,-2.048166563146876,-0.18756113484499704,-1.536606393743134,-2.6114030073286862,-0.9362359650006504,-1.2652412937830801,-0.45984690714440024,-1.0585169444148788,-0.9529511474672363,-0.5268602385896801,-1.3780712319317217,-4.754397208758532,-1.8909534051972798,-1.7486078058982093,-1.5850013270095182,-1.6882052125840956,-1.355055767693587,-1.744618370482017,-1.2311208063895118,-0.1875604822945851,-2.048166817682426
expAE05,LSCE_GRISLI,/Volumes/CrucialX8/computing/data/antarctica/ismip6_hackathon/ComputedScalarsHelene/expAE05/shelfmelt/computed_shelfmelt_AIS_LSCE_GRISLI_expAE05.nc,-2.6659187876988906,-1.6875187759963763,-1.911982861584856,-1.9616136467415437,-1.2528254065902122,-1.7235620613673852,-1.9419999930498015,0.17902068952401518,-1.5834775742423988,-2.5250186065778566,-1.1977191859601453,-1.474734568623369,-0.31548034303049466,-0.8879193581245541,-0.895021406414378,-0.4723388697193537,-1.3675467108923427,-4.0358507007235795,-2.4004691611016975,-2.329118016402157,-1.7068749891820065,-1.6167316072442528,-1.9616137846509254,-1.8752005656382984,-1.2641512120553686,0.17902079366349177,-1.9420001468448058
expAE05,NCAR_CISM1,/Volumes/CrucialX8/computing/data/antarctica/ismip6_hackathon/ComputedScalarsHelene/expAE05/shelfmelt/computed_shelfmelt_AIS_NCAR_CISM1_expAE05.nc,1.1118709999216443,-1.937571314523792,-0.8018569856998203,-3.57748753579512,-1.3803280594271365,-1.4924186304305667,-2.1786409904568522,-0.0033230785500422896,-1.0274213510905197,-2.3348011376721707,-1.2596833878561529,0.2908391767792744,0.48941775432514656,-1.3331025057042925,-0.2310637251540486,0.23245381278940602,-0.6520054617038948,-0.39823800683210564,-1.4956635055977738,-1.6030273709052345,-1.4155602356039405,0.1280584572797676,-3.577487425143541,-1.9687046472133471,-1.233328698773752,-0.0033230783008406945,-2.1786409113907026
expAE05,NCAR_CISM2,/Volumes/CrucialX8/computing/data/antarctica/ismip6_hackathon/ComputedScalarsHelene/expAE05/shelfmelt/computed_shelfmelt_AIS_NCAR_CISM2_expAE05.nc,-0.5342425173140697,-2.34740146555471,1.0982596557104198,-3.5074630344363804,-1.9257750758245198,-1.1284793470157966,-3.531686359328601,-0.4497077532077203,-0.4756643230346107,-2.5345847285218666,-1.829982475777122,-0.3459334938131713,0.0493496071053392,-0.5785060631074233,-0.11854627485286251,0.34504490558559175,-0.5788258190732778,0.5979154653319081,-1.8329349672565005,-2.3431966083707056,-1.4672943373377914,-1.3479914319686959,-3.507462920578348,-1.9676512479152737,-1.8812118101062074,-0.44970723512759214,-3.5316860220452835
expAE05,NORCE_CISM2-MAR364-ERA-t1,/Volumes/CrucialX8/computing/data/antarctica/ismip6_hackathon/ComputedScalarsHelene/expAE05/shelfmelt/computed_shelfmelt_AIS_NORCE_CISM2-MAR364-ERA-t1_expAE05.nc,-0.6554977751928863,-0.6031346389566743,-3.1237320370680806,-6.020930131784922,-1.6404441143603883,-1.2213454111909865,-4.322344228856858,-3.9420874473245764,-0.7302744467849482,-2.6685271805363753,-0.4899441426871338,-1.0610688500064365,0.8396013399797603,-1.299336870463395,-0.6247031693736562,-0.08512847608226792,-1.1394012165182192,-1.0718477736529413,-1.503337305298635,-0.5468788057599681,-1.415565500586152,-0.5266423770475428,-6.020930556425064,-0.7902064998368947,-1.3944761173907203,-3.942087926817237,-4.322343517520727
expAE05,NORCE_CISM3-MAR364-ERA-t1-local,/Volumes/CrucialX8/computing/data/antarctica/ismip6_hackathon/ComputedScalarsHelene/expAE05/shelfmelt/computed_shelfmelt_AIS_NORCE_CISM3-MAR364-ERA-t1-local_expAE05.nc,0.16486643103539977,-2.0347487578958674,-1.3566085496798141,-1.2703513626585492,-1.1683713557118178,-0.9676765723105518,-1.239121870525738,-0.5993977668009605,-0.8688566870429826,-1.0490631544706783,-1.2206938291586402,-0.3524942268616815,0.9495077526669446,-0.6573717297260342,-0.1764001772678232,0.36247310606811056,-0.5855643728800606,-1.1985195885966262,-1.3093057781412374,-1.508956352107779,-1.0580172372367453,-0.3817814411144249,-1.2703515362062543,-1.6397423877205215,-1.0584655155246023,-0.5993979244596009,-1.2391222307193868
expAE05,NORCE_CISM3-MAR364-ERA-t1-nonlocal,/Volumes/CrucialX8/computing/data/antarctica/ismip6_hackathon/ComputedScalarsHelene/expAE05/shelfmelt/computed_shelfmelt_AIS_NORCE_CISM3-MAR364-ERA-t1-nonlocal_expAE05.nc,0.2508295001127112,-1.2633038596877326,-1.3832576566181247,-2.1081121733343924,-1.1847230459300242,-1.2879166749278976,-1.0943855815900614,-0.639002340988944,-1.2212580171133478,-1.21386647147038,-1.003688976361906,-0.3911801158549715,1.0904400617952685,-0.6636720631517137,0.011209033854237882,0.5613004915546922,-1.0784935130740365,-1.6119917610830403,-1.268965765403283,-1.4226075059232928,-1.0459801101801038,-0.6222139180939119,-2.1081117528336177,-1.6923992595642665,-1.1289682349701797,-0.6390023913163705,-1.0943856940184982
expAE05,NORCE_CISM3-MAR364-ERA-t1,/Volumes/CrucialX8/computing/data/antarctica/ismip6_hackathon/ComputedScalarsHelene/expAE05/shelfmelt/computed_shelfmelt_AIS_NORCE_CISM3-MAR364-ERA-t1_expAE05.nc,0.18814492064125865,-0.4334782619632771,-1.8318932654087785,-4.6743048061067505,-1.198019926936007,-0.952259469723324,-1.165059377883627,-1.8673691588485855,-0.3473206779421609,-1.6419471827098695,-0.42160655947253023,0.19444715156718573,1.1704031155130896,-0.9092262178916721,-0.4379304893878675,0.45880440800256306,-0.8054105685098814,-0.7795878747438216,-0.9297839571965834,-0.39955684468832064,-0.8116440618821534,-0.21982314759900823,-4.674303324932357,-0.5725450861258844,-0.9293153616583785,-1.8673693515730923,-1.1650601704044297
expAE05,NORCE_CISM4-MAR364-ERA-t1-local,/Volumes/CrucialX8/computing/data/antarctica/ismip6_hackathon/ComputedScalarsHelene/expAE05/shelfmelt/computed_shelfmelt_AIS_NORCE_CISM4-MAR364-ERA-t1-local_expAE05.nc,1.1959902446855604,-1.794332127692063,0.9098204894044835,1.8794598009816772,-1.095956645050725,-0.869678382798738,2.424931320105018,0.16593322028580726,-0.6264454628229705,-0.7598834711700033,-1.118455601272534,0.7385352996433044,1.0517924133642518,0.016837040827132554,0.021775839296811705,0.3654109080831115,-0.4631698412995211,0.16897656908421332,-0.8421525647796892,-1.0836605453411736,-0.6441184322879123,-0.014557539114421925,1.8794596482563017,-1.5356252320417254,-1.0298797962829704,0.16593280388995035,2.4249312335012165
expAE05,NORCE_CISM4-MAR364-ERA-t1-nonlocal,/Volumes/CrucialX8/computing/data/antarctica/ismip6_hackathon/ComputedScalarsHelene/expAE05/shelfmelt/computed_shelfmelt_AIS_NORCE_CISM4-MAR364-ERA-t1-nonlocal_expAE05.nc,1.0494144216191137,-1.1226972611166435,0.19294636734329762,0.4383950335569482,-1.1188630949325313,-1.2681304161913096,2.0575316878596706,0.10562389466782296,-0.7496150032183726,-1.0692658504619712,-0.813404819465174,0.6929664349856146,1.0486245357005315,-0.11469393008662143,0.045906960208830894,0.4407226110867951,-0.5076351564676735,0.1611191398730445,-0.9148530306614169,-0.9954789500990007,-0.7632195826484933,-0.15159520379884994,0.4383951192053779,-1.66873770544768,-1.045657119776553,0.10562397839814297,2.0575316249776785
expAE05,NORCE_CISM4-MAR364-ERA-t1,/Volumes/CrucialX8/computing/data/antarctica/ismip6_hackathon/ComputedScalarsHelene/expAE05/shelfmelt/computed_shelfmelt_AIS_NORCE_CISM4-MAR364-ERA-t1_expAE05.nc,0.972959674558781,-0.3542794899847721,-1.5958007252940156,-1.1967642538546084,-0.6324982125453418,-0.578271632298462,1.610201984640765,-0.6586401378900288,-0.3446528347791338,-0.8749254926346228,-0.37663737421896615,0.6151362822590289,0.8633037731518447,0.14253209062893202,-0.027336709599135034,0.45530642636953456,-0.10834394539859737,0.5469925427478899,-0.5536156078370831,-0.31131603210221126,-0.37798378312927694,0.25687476153903366,-1.1967644505429647,-0.40037193181449926,-0.6118957450632783,-0.6586400695824004,1.6102018009135466
expAE05,NORCE_CISM4-MAR364-JRA-t1,/Volumes/CrucialX8/computing/data/antarctica/ismip6_hackathon/ComputedScalarsHelene/expAE05/shelfmelt/computed_shelfmelt_AIS_NORCE_CISM4-MAR364-JRA-t1_expAE05.nc,1.0191905215305672,-0.3632812394954319,-1.584611323296568,-1.0724770828505266,-0.6732310895600722,-0.4013361867984988,1.4592989387749489,-0.6953884195097748,-0.181442247571872,-0.7946584855053891,-0.38056101484340665,0.5709022535785223,0.8450399866955747,0.07460144652955703,-0.04733069012079327,0.4918039586335968,-0.09072433605225616,0.6465858627688408,-0.4494420897165241,-0.39802294723500786,-0.45018606383439685,0.29027808424278034,-1.0724768976658767,-0.39750366634252754,-0.6092498916519491,-0.6953887021432608,1.4592984059839824
expAE05,NORCE_CISM5-MAR364-ERA-t1-local,/Volumes/CrucialX8/computing/data/antarctica/ismip6_hackathon/ComputedScalarsHelene/expAE05/shelfmelt/computed_shelfmelt_AIS_NORCE_CISM5-MAR364-ERA-t1-local_expAE05.nc,1.711125211156958,-1.369389123887514,1.4953939933029705,3.067662223480875,-0.9315428234545848,-0.6771058736483226,2.3012105348465557,1.184203908580663,-0.08067387377784874,-0.6329331834577956,-0.9639746393061226,0.8628432659636938,1.3060759604793353,0.8217451368531444,0.22266437081456414,0.4816152794554288,-0.18410638860313822,1.3125657430455546,-0.5414957176746102,-0.7305595635836037,-0.3175642737230939,0.30967078876375087,3.067662103131395,-1.4441291166272627,-0.8706889736309145,1.184204026164735,2.301210290424639
expAE05,NORCE_CISM5-MAR364-ERA-t1-nonlocal,/Volumes/CrucialX8/computing/data/antarctica/ismip6_hackathon/ComputedScalarsHelene/expAE05/shelfmelt/computed_shelfmelt_AIS_NORCE_CISM5-MAR364-ERA-t1-nonlocal_expAE05.nc,1.5153181157008486,-0.7184922969074798,0.8117249137344307,2.4732620697877454,-1.0009262487846433,-1.0528279288837363,2.5917718854845497,1.0172372393264904,-0.15549096261217477,-0.749926188247197,-0.7298793172664553,0.8747537368844477,1.341366630840658,0.8594735638300788,0.1744083479426023,0.5738279564379606,-0.8012412512368117,1.3737469257234602,-0.6041091398979184,-0.6861129456680781,-0.36034027631920873,-0.012067152013431004,2.4732625528730194,-1.5719847366257964,-0.9378001532605289,1.0172371487171028,2.5917719452680585
expAE05,NORCE_CISM5-MAR364-ERA-t1,/Volumes/CrucialX8/computing/data/antarctica/ismip6_hackathon/ComputedScalarsHelene/expAE05/shelfmelt/computed_shelfmelt_AIS_NORCE_CISM5-MAR364-ERA-t1_expAE05.nc,1.575683356445354,-0.207293455486939,-0.09067868875772733,2.3170996467288596,-0.38405002860672344,-0.3443824154384323,2.8229024732020296,0.6988343882123638,0.21711998499813845,-0.38004087782966534,-0.42909423474323116,0.7423576358580245,0.9655865410169426,0.6919869232615582,0.15107717166168022,0.6487495042110223,0.08021118434594388,1.5365027194700462,-0.16874749497650288,0.09363801844927822,0.02096196837846298,0.5063170603057976,2.3170991867377615,-0.21729806929444395,-0.4124270312638131,0.6988341893461008,2.822902394863429
expAE05,PIK_PISM,/Volumes/CrucialX8/computing/data/antarctica/ismip6_hackathon/ComputedScalarsHelene/expAE05/shelfmelt/computed_shelfmelt_AIS_PIK_PISM_expAE05.nc,8.669217531260415,-0.09981306240048449,-1.4379606836983534,-4.925573919174923,-2.0230734616846355,-0.540993711613474,-5.148942745795836,3.9206840285426843,-4.951949053495412,-0.19593596694336934,0.21860494834923128,0.43185249641274237,-5.39426591259207,-1.2065353211133392,5.86208856196381,-0.6267344117667168,-1.0523327523185397,18.47710176233597,-0.5522116910599681,-1.6805150215491818,0.30316535924330656,0.06514918607002462,-4.925574667395004,-0.36503136026229854,-0.475179981288275,3.920685148144493,-5.148941507395964
expAE05,UCM_Yelmo,/Volumes/CrucialX8/computing/data/antarctica/ismip6_hackathon/ComputedScalarsHelene/expAE05/shelfmelt/computed_shelfmelt_AIS_UCM_Yelmo_expAE05.nc,-2.518588632909375,-1.1612370496040683,-0.9146880546326788,-0.9708167788134112,-0.7869240795291117,-1.098946214567067,-0.6847399333246469,-0.38414729220263943,-0.6047875148887147,-1.5042757516096348,-0.7164214282344661,-0.20926926368169285,-0.2651665148364766,-0.46037013249803227,0.24070852577516888,-0.019113152009338108,0.0005352371688182034,-2.0504182538855824,-0.855455775785626,-1.242105361104941,-0.6389063378249951,-0.14146400023459682,-0.9708162216532861,-1.230690106868357,-0.8187603013106122,-0.3841467833839469,-0.6847399462726163
expAE05,UCSD_ISSM,/Volumes/CrucialX8/computing/data/antarctica/ismip6_hackathon/ComputedScalarsHelene/expAE05/shelfmelt/computed_shelfmelt_AIS_UCSD_ISSM_expAE05.nc,7.363192348066107,0.03892785477645272,2.5989858732398634,14.18380331865006,0.15037252690691463,-0.11682999021386808,-2.0315557164982216,1.8591687930613707,-0.8444401703091768,-0.3212971900764485,0.27932291744255855,-0.6898012903934085,-0.44383144709832933,-0.5597520318084459,-0.40865912155323236,-0.19938046220958122,0.01241400382814994,2.9991141188118995,0.4774827060195097,0.8777821466492244,-0.2561148636858177,1.4695326472407393,14.18380208037821,-0.09313340161315502,0.203220103275169,1.8591680496329657,-2.031555483263932
expAE05,ULB_fETISh-KoriBU1,/Volumes/CrucialX8/computing/data/antarctica/ismip6_hackathon/ComputedScalarsHelene/expAE05/shelfmelt/computed_shelfmelt_AIS_ULB_fETISh-KoriBU1_expAE05.nc,6.432085113825076,0.20591967992727866,2.577106731967041,5.141970231833562,-0.33268576875001565,-0.14304691511233975,-1.9936050505445664,-0.6232426455193112,-3.3681615257438136,1.3176175899911597,-0.008311211499484938,0.23664868105702386,0.07705080228341898,-1.0531215205642117,-0.638601929084913,-0.26483677358075197,-1.0539737662119646,2.4966724545330807,0.621040575886922,1.321876230337038,0.12082713583761184,-0.4446787061635562,5.141969419982648,0.027739173448231957,-0.2543370074078312,-0.6232432458328905,-1.9936037367987876
expAE05,ULB_fETISh-KoriBU2,/Volumes/CrucialX8/computing/data/antarctica/ismip6_hackathon/ComputedScalarsHelene/expAE05/shelfmelt/computed_shelfmelt_AIS_ULB_fETISh-KoriBU2_expAE05.nc,0.7395281866417043,-1.9462171125814516,0.300097466965771,1.962786188950444,-1.374118555672879,-1.3917859878968395,-2.016023997857337,-0.4706776611263379,-1.8719563667711672,-2.2732288714318307,-1.2614820486196043,-0.23531838721455112,0.09885766706370797,-0.30394332276995106,-0.7870162989849274,-0.3478301480703676,0.20893794618806263,-1.2404460717909669,-1.2393965791575932,-0.6665855027678909,-1.487963587701722,0.9261627152589782,1.96278788274142,-1.809300246519914,-1.2679222495265665,-0.4706778854625413,-2.0160238797053003
expAE05,UNN_Ua,/Volumes/CrucialX8/computing/data/antarctica/ismip6_hackathon/ComputedScalarsHelene/expAE05/shelfmelt/computed_shelfmelt_AIS_UNN_Ua_expAE05.nc,-0.8067873971568189,-1.7107603738807802,0.5798396822757139,7.78287170432843,-1.2876572011355218,-1.0104596626072428,-1.4584471130445538,0.24717611992233834,-0.5375949683622601,-1.1801252132605065,-1.2102675890508858,-0.17872737918494774,0.46443144007568504,0.8084057682597674,-0.5037124607372545,-0.25573171006047857,-0.1804141773672081,-1.3682570307186297,-1.0473481272250544,-1.094579277717763,-1.0867397701555332,-0.2396230121367542,7.7828717917068,-1.5018971243987806,-1.1656624136622022,0.24717508230315577,-1.4584465762815269
expAE05,UTAS_ElmerIce,/Volumes/CrucialX8/computing/data/antarctica/ismip6_hackathon/ComputedScalarsHelene/expAE05/shelfmelt/computed_shelfmelt_AIS_UTAS_ElmerIce_expAE05.nc,-0.7922067613283437,-0.5584802736536365,-0.4823510879653128,5.685588127148051,-1.4080486561744014,-1.2168706093693853,-1.240170757196199,0.6403121051352056,-0.6693597909119435,-1.3313445778205377,-1.1310033085433675,-1.6745199700514073,-0.056039459019061155,0.03109808345562115,-0.6230407874237169,-0.3274097978557392,-0.47880861521095874,0.6401273467054405,-1.408082507736082,-1.388639814004378,-1.2792663286863295,-0.37117911912743007,5.685589160582353,-0.7879379802747282,-1.2769838292923048,0.6403118607863965,-1.2401717029033286
expAE05,VUB_AISMPALEO,/Volumes/CrucialX8/computing/data/antarctica/ismip6_hackathon/ComputedScalarsHelene/expAE05/shelfmelt/computed_shelfmelt_AIS_VUB_AISMPALEO_expAE05.nc,-0.9834011768131443,-2.0799417290327584,-1.296754550458779,-1.7016422023445603,-1.0677294862800815,-2.69302192127239,-0.9625509210260654,-1.098384264532399,-0.621610704012165,-0.5932543770914422,-0.860091508291982,-0.16078463679822563,-0.18346179877123092,-0.8644463627082539,0.23765402544966457,-0.6178822875587009,-4.3337334957383185,,-1.9132516256232703,-2.1750531542330487,-1.5611561939384675,-2.4364409421048046,-1.7016422760409784,-2.6355461637955897,-1.0982926410020561,-1.0983842972934847,-0.9625509041518816
expAE05,VUW_PISM1,/Volumes/CrucialX8/computing/data/antarctica/ismip6_hackathon/ComputedScalarsHelene/expAE05/shelfmelt/computed_shelfmelt_AIS_VUW_PISM1_expAE05.nc,-11.829176325085118,-4.654993495818565,-10.84963797716335,-15.756829081280937,-7.827808152180069,-11.126767732835074,-6.452831187429634,0.1589732210576429,-7.006920905778815,-0.4500196071395721,-6.7271253954992005,-14.565437619224205,-2.1883625717189696,1.2883464263727977,-2.627293993219124,-6.073451153325721,-7.705165872214288,-13.720202686890126,-5.605672654604392,-5.784693016364427,-5.3242846782433055,-11.451934392601343,-15.756829482823216,-3.6398893998649675,-7.17543414184267,0.15897431111981675,-6.452832098366967
expAE05,VUW_PISM1_s1,/Volumes/CrucialX8/computing/data/antarctica/ismip6_hackathon/ComputedScalarsHelene/expAE05/shelfmelt/computed_shelfmelt_AIS_VUW_PISM1_s1_expAE05.nc,-13.123363582284245,-4.739001785113845,-10.54795585346237,-13.688854032406663,-7.885719491279492,-5.9246615906807465,-4.608404309544682,3.6436757109144757,-7.231115182601625,-0.2224722272054649,-6.791516738718057,-15.243730150218935,-2.6502420757345906,0.7333485413118468,-2.613185594916716,-6.1253024802023,-7.763323103284689,-51.11985187971144,-5.538772254828629,-5.782144366541216,-5.213921250794101,-11.735547909621824,-13.688854463703803,-3.6910868104374415,-7.238801659336654,3.643673268735249,-4.608404255749566
expAE05,VUW_PISM1_s2,/Volumes/CrucialX8/computing/data/antarctica/ismip6_hackathon/ComputedScalarsHelene/expAE05/shelfmelt/computed_shelfmelt_AIS_VUW_PISM1_s2_expAE05.nc,-10.932043618434399,-4.666279494400951,-9.82920447050836,-14.477838839237005,-7.794931282395291,-11.000585590817945,-5.981524153764056,1.0694355728934024,-7.322652507097283,-0.12490708796773964,-6.690007904806285,-14.658036909965992,-2.237482828252557,0.5895541414852792,-2.1509241328815905,-6.184419791431644,-7.764017261702541,-4.129322533832425,-5.6635291581300535,-5.837071245626724,-5.546506920967163,-11.777139593445407,-14.477838508210644,-3.6415534163628696,-7.142998658334815,1.0694357223425701,-5.9815227877138675
expAE05,VUW_PISM1_s3,/Volumes/CrucialX8/computing/data/antarctica/ismip6_hackathon/ComputedScalarsHelene/expAE05/shelfmelt/computed_shelfmelt_AIS_VUW_PISM1_s3_expAE05.nc,-11.86917371746502,-4.501893401940763,-9.967481587441235,-15.673427490981656,-7.676012050283722,-11.090271462082887,5.963222027708659,1.5605333599719238,-7.068496843890557,-0.5635573320911655,-6.809610652761888,-13.492354322524381,-2.7985311970186393,0.545506575016709,-2.1962476508203297,-6.039669020194841,-7.667089531768955,-14.937299523167882,-5.709013432903459,-5.8864450959182815,-5.385746611948717,-11.328419106986816,-15.6734270739464,-3.5473323415845903,-7.193993781506283,1.56053533145446,5.963221824799417
expAE05,VUW_PISM1_s4,/Volumes/CrucialX8/computing/data/antarctica/ismip6_hackathon/ComputedScalarsHelene/expAE05/shelfmelt/computed_shelfmelt_AIS_VUW_PISM1_s4_expAE05.nc,-11.795461867223235,-4.752507058683168,-10.652025720267861,-14.919506585010371,-7.902786764529237,-11.005503135027368,-5.355714186268575,0.4794487554358966,-7.193149037174347,-0.5585176224552244,-6.748883766228939,-13.449795087725617,-2.097616015657886,1.011740636509605,-2.1087004080180556,-6.069839011096631,-7.692405347617579,-36.103132920317634,-5.64187939791238,-5.897809638577451,-5.296289956796816,-11.431392877599432,-14.919505699371916,-3.694719916620393,-7.213939226090401,0.4794484334013873,-5.355715662460568
expAE05,VUW_PISM2,/Volumes/CrucialX8/computing/data/antarctica/ismip6_hackathon/ComputedScalarsHelene/expAE05/shelfmelt/computed_shelfmelt_AIS_VUW_PISM2_expAE05.nc,-17.39717361393427,-5.05892786500915,-9.782826690184649,-13.582079509146688,-7.4526143667797395,-10.813355574290751,-3.02495572456089,1.8057766210423516,-7.114172855055232,0.12326703753240809,-6.53710781131708,-13.78926637593557,-3.1543097856598203,0.7251224418998414,-2.5665235389146392,-5.771045959850184,-7.563017340220841,-2.350079438706185,-5.131670292176503,-5.050637612170874,-5.006590497053754,-11.448596037064407,-13.582079857020076,-3.771180709563525,-6.917760056564267,1.805777266904986,-3.0249536578153453
expAE05,VUW_PISM2_s1,/Volumes/CrucialX8/computing/data/antarctica/ismip6_hackathon/ComputedScalarsHelene/expAE05/shelfmelt/computed_shelfmelt_AIS_VUW_PISM2_s1_expAE05.nc,-17.959212418283695,-5.2001689048812265,-10.088215230617408,-14.769769378451297,-7.4754195616195,-10.963988302184532,-1.845631028527695,4.248224667088367,-7.049218527589346,0.38486417044701815,-6.610829898310035,-14.003877692265426,-3.0480185920601777,1.027428796046928,-2.5669961605937446,-5.781270192430939,-7.462638676366555,-33.3919511016408,-4.998053969696471,-5.063539570796799,-4.714245663788472,-11.14575770290362,-14.769771032348054,-3.847526015274228,-6.970376277940842,4.248224750631785,-1.8456306236055262
expAE05,VUW_PISM2_s2,/Volumes/CrucialX8/computing/data/antarctica/ismip6_hackathon/ComputedScalarsHelene/expAE05/shelfmelt/computed_shelfmelt_AIS_VUW_PISM2_s2_expAE05.nc,-15.414069597343154,-4.983426714629513,-10.143838653700321,-15.117280411560053,-7.475883081304371,-5.855298906672837,-3.5535487827485035,2.047746948625406,-7.240789000553157,-0.3315466123089661,-6.57647906465545,-13.498465338784872,-2.855352190239693,0.4490833072389204,-2.5536497583683135,-5.693383337681583,-7.486632997031678,-15.022096084437601,-5.180934038240878,-5.03803962123316,-5.117901602999159,-11.23213192166635,-15.117280267562647,-3.7261249380463917,-6.947227730066685,2.04774754500421,-3.553547911910938
expAE05,VUW_PISM2_s3,/Volumes/CrucialX8/computing/data/antarctica/ismip6_hackathon/ComputedScalarsHelene/expAE05/shelfmelt/computed_shelfmelt_AIS_VUW_PISM2_s3_expAE05.nc,-13.547188161142532,-4.931223032264799,-10.281526561471633,-15.507008473416043,-7.218201330512077,-5.923137140829306,-3.868422604844099,3.6025596681305068,-6.813448598676729,0.05633637015894655,-6.680232564518002,-12.844195777398316,-2.663550024014759,0.9611746628280047,-2.6071156055093785,-5.704284783709887,-7.404724729873898,-0.6980341351608133,-5.2122355018970215,-5.143834508372725,-5.028599913509857,-10.964576750881216,-15.507008831693927,-3.760947531496387,-6.909912085131421,3.6025589136427456,-3.8684223921149314
expAE05,VUW_PISM2_s4,/Volumes/CrucialX8/computing/data/antarctica/ismip6_hackathon/ComputedScalarsHelene/expAE05/shelfmelt/computed_shelfmelt_AIS_VUW_PISM2_s4_expAE05.nc,-15.701473463719818,-5.306802343315693,-10.102343514075917,-13.937052387987137,-7.534057202920685,-5.831529363166264,-2.913435778217208,3.706093355943519,-7.0438450301696705,0.05254042205305742,-6.5710476362186565,-14.326325963196998,-3.039028546658412,0.47360259482219513,-2.5701241931780228,-5.76049472298671,-7.546909237512057,-1.523628291837042,-5.156424455901302,-5.601358683856491,-5.1049965377276,-11.223716672000718,-13.937052062827373,-3.924686311265327,-6.962669254057428,3.7060946196067537,-2.9134356285205154
