Experiment,Model,Path,sector_1,sector_2,sector_3,sector_4,sector_5,sector_6,sector_7,sector_8,sector_9,sector_10,sector_11,sector_12,sector_13,sector_14,sector_15,sector_16,sector_17,sector_18,AIS,region_1,region_2,region_3,Amundsen,Ross,Filchner_Ronne
expAE02,DC_ISSM,/Volumes/CrucialX8/computing/data/antarctica/ismip6_hackathon/ComputedScalarsHelene/expAE02/shelfmelt/computed_shelfmelt_AIS_DC_ISSM_expAE02.nc,-0.2306645033222215,-0.09393343914096138,-0.06045856977719838,0.221162209894868,-0.20846152814799795,-0.07464077951231046,-0.08593601472261503,-0.1251204272530111,-0.11504707715277257,-0.1743325061994169,-0.20477277429962054,0.02184575078410393,0.07456730815154514,-0.04337109834512748,-0.06141581938895466,-0.057133641880619875,-0.1846282544501126,-0.46396312439662923,-0.17341505147146774,-0.13723548397186447,-0.16046754286009846,-0.2581970094453065,0.33979204094197546,-0.11433639186106245,-0.09934258089491066
expAE02,IGE_ElmerIce,/Volumes/CrucialX8/computing/data/antarctica/ismip6_hackathon/ComputedScalarsHelene/expAE02/shelfmelt/computed_shelfmelt_AIS_IGE_ElmerIce_expAE02.nc,0.5043914154597375,0.15962177780552272,0.21747880248833906,1.7155134205342137,-0.06800031029760167,-0.02187646874506058,-0.8721384918074384,-0.48387773864297,-0.1213882154074728,-0.11274847702271318,-0.0624414041440402,-0.3650863988994637,-0.03107287829762581,-0.23073078187797647,0.03071648546338346,-1.0320565304370102,-0.4026581768802324,-0.27727284533867613,0.03550920336868291,0.27644441506271744,-0.11472822587383946,-1.363834053311102,1.635413529328928,0.058015232537059536,-0.17588061297711355
expAE02,ILTS_SICOPOLIS,/Volumes/CrucialX8/computing/data/antarctica/ismip6_hackathon/ComputedScalarsHelene/expAE02/shelfmelt/computed_shelfmelt_AIS_ILTS_SICOPOLIS_expAE02.nc,-0.48490225808294674,-0.16244094296977993,-0.09053135539593904,-0.1727212313295552,-0.3600451680080671,-0.11031319710709078,-0.19255699954026384,-0.09959543289223582,-0.1681832957890101,-0.23189055585947352,-0.34191753982731465,-0.07754185433571065,0.13362173886897566,-0.10914292686911586,-0.0662096951697512,-0.07213102233249594,-0.22962909068299336,-0.9928209376122408,-0.2855849439015774,-0.25067601251309013,-0.2537633914721533,-0.46794885169364603,-1.08681118455891,-0.22421610718206086,-0.32091314661637727
expAE02,LSCE_GRISLI2,/Volumes/CrucialX8/computing/data/antarctica/ismip6_hackathon/ComputedScalarsHelene/expAE02/shelfmelt/computed_shelfmelt_AIS_LSCE_GRISLI2_expAE02.nc,-0.18512384535358004,-0.08071448659101148,-0.10554511517225329,0.0033256335837577033,-0.18087028546942135,-0.05431401526111277,-0.09679909328596095,-0.05843671267366474,-0.11835966685200594,-0.14085675952847473,-0.1702008464247543,-0.029859361707640683,0.01896024655830042,-0.04429639358179216,-0.05636694987298979,-0.07064364828165995,-0.15539128327462665,-0.34000238806989447,-0.1451939304564657,-0.12523009208992122,-0.12461395634016864,-0.19699132770107763,-0.21331185129472585,-0.18878467608772925,-0.18849667999956343
expAE02,LSCE_GRISLI,/Volumes/CrucialX8/computing/data/antarctica/ismip6_hackathon/ComputedScalarsHelene/expAE02/shelfmelt/computed_shelfmelt_AIS_LSCE_GRISLI_expAE02.nc,-0.1681152010092216,-0.08587304447520752,-0.09439771250216505,-0.14152793667938401,-0.192693853670246,-0.06533068780731,-0.08692916208184151,-0.009329017931120676,-0.12265793415420667,-0.1439701557880399,-0.1383173928940586,-0.02321622686041358,0.017860334519360033,-0.08266641609217912,-0.05672544964354599,-0.061626489312896986,-0.11895750152425418,-0.22482748794293705,-0.14772289932892357,-0.13842802031176957,-0.12474335122110569,-0.10570234049236703,-0.270336671001318,-0.1571103299979989,-0.14519865276079885
expAE02,NCAR_CISM1,/Volumes/CrucialX8/computing/data/antarctica/ismip6_hackathon/ComputedScalarsHelene/expAE02/shelfmelt/computed_shelfmelt_AIS_NCAR_CISM1_expAE02.nc,0.04033410822686179,-0.1474881385667282,-0.29955837530513163,-0.8984978783813818,-0.45501915839446083,-0.1733154006237231,-0.17718361817756018,-0.00019153764247712996,-0.2784819594054203,-0.2506436526042547,-0.48608592810045903,0.11589573510365553,0.09561681279430097,-0.2295855083778584,0.0031293185868359608,0.013627462339030783,-0.21967549665954028,-0.1386691722183646,-0.29494906710533086,-0.3344387406345054,-0.2942445020806626,-0.10125880758913619,-1.6513532001390299,-0.24822737781456744,-0.45955722360727547
expAE02,NCAR_CISM2,/Volumes/CrucialX8/computing/data/antarctica/ismip6_hackathon/ComputedScalarsHelene/expAE02/shelfmelt/computed_shelfmelt_AIS_NCAR_CISM2_expAE02.nc,-0.38092205477140184,-0.1718747888652894,-0.4445236822117121,-0.6040251114181612,-0.9201000985970156,-0.13217738564701043,-0.18653364101438807,-0.34810415824804986,-0.208974224997178,-0.3859224759084929,-0.8512956860283973,-0.028279954953732422,0.06338260530931941,-0.2789947795017813,-0.0523867059208975,0.04640810365244552,-0.3283079697182616,-0.6903655375650798,-0.6848495226810735,-0.7815839790817136,-0.5233904585836389,-0.65479888911314,-0.6855361921226455,-0.22200605495507064,-0.9134597397686006
expAE02,NORCE_CISM2-MAR364-ERA-t1,/Volumes/CrucialX8/computing/data/antarctica/ismip6_hackathon/ComputedScalarsHelene/expAE02/shelfmelt/computed_shelfmelt_AIS_NORCE_CISM2-MAR364-ERA-t1_expAE02.nc,-0.25879718906268356,-0.16596305188246435,-0.6919236092209878,-1.1890258961233608,-2.214184185737988,-0.3336742160801472,-0.5590626797712551,-1.1226842227156757,-1.0672771299512342,-0.2652723424264609,-1.4477348303015793,0.04787104049423946,0.1327658027466882,-0.48489224998464175,-0.057657424602203466,0.08666456966509423,-0.3942771380938036,-0.7951430620188553,-1.3291820518037243,-1.8194839994877186,-1.0059181068603398,-0.6223538133479669,-1.5694407135957176,-0.6364274748786499,-1.6616790039681915
expAE02,NORCE_CISM3-MAR364-ERA-t1-local,/Volumes/CrucialX8/computing/data/antarctica/ismip6_hackathon/ComputedScalarsHelene/expAE02/shelfmelt/computed_shelfmelt_AIS_NORCE_CISM3-MAR364-ERA-t1-local_expAE02.nc,-0.05141875766018214,-0.029843593751992206,-0.038416257339117355,-0.05059259899261809,-0.15575678347176625,-0.02693893648405192,-0.022957761632471263,-0.08014128153275892,-0.049503379171301626,-0.04436023077002292,-0.12130648840330296,0.004802317897625863,0.08557930355316652,-0.052530895119085805,-0.009455725142353474,0.010513148915371182,-0.0001032239416190045,-0.19854136226785535,-0.07479469928816079,-0.09924861822325295,-0.05844020227560896,-0.07610259450724877,-0.06750928173498094,-0.08733814366535819,-0.22559472431544114
expAE02,NORCE_CISM3-MAR364-ERA-t1-nonlocal,/Volumes/CrucialX8/computing/data/antarctica/ismip6_hackathon/ComputedScalarsHelene/expAE02/shelfmelt/computed_shelfmelt_AIS_NORCE_CISM3-MAR364-ERA-t1-nonlocal_expAE02.nc,-0.02035069172635212,-0.0453338091323094,-0.06870282367502922,-0.16832563363622577,-0.12876560798516878,-0.03925851854358856,-0.022182283852609397,-0.10749139257486007,-0.08150637491543461,-0.0568318990384243,-0.09300544028480234,0.009497957496820086,0.09572036575835802,-0.04532973779491099,0.007915430413637632,0.025758852415562174,-0.018615580573656587,-0.1900011561230265,-0.07183988777319894,-0.09638696335598412,-0.05420521469968531,-0.07890639468212904,-0.14257179329112984,-0.055327246144611514,-0.04141204099754964
expAE02,NORCE_CISM3-MAR364-ERA-t1,/Volumes/CrucialX8/computing/data/antarctica/ismip6_hackathon/ComputedScalarsHelene/expAE02/shelfmelt/computed_shelfmelt_AIS_NORCE_CISM3-MAR364-ERA-t1_expAE02.nc,-0.04421632053856858,-0.03741792485782269,-0.12436467573681215,-0.3771530373715874,-0.5727378459426655,-0.10718419451279636,-0.0857596212494125,-0.25176753850567435,-0.2744160349747261,-0.09294423087278822,-0.4106100686646643,0.04942577789381139,0.10906253317123649,-0.11797780963016441,0.0035663160057489846,-0.010246295738141481,-0.07656358630197202,-0.11374018297253138,-0.28068953582791856,-0.398244296867362,-0.2124825895194259,-0.10794781863650774,-0.51523627894842,-0.19632757497801642,-0.5585116274415652
expAE02,NORCE_CISM4-MAR364-ERA-t1-local,/Volumes/CrucialX8/computing/data/antarctica/ismip6_hackathon/ComputedScalarsHelene/expAE02/shelfmelt/computed_shelfmelt_AIS_NORCE_CISM4-MAR364-ERA-t1-local_expAE02.nc,0.024055172552524425,-0.0017165994810312418,-0.012529223966772342,0.027741467850853484,-0.02563679553730247,-0.0057125673653994555,0.029547293702681332,0.021619602788627228,-0.0010540038319084427,-0.011224462385646995,-0.0176419790803949,0.02291525528069819,0.028052062390071304,-0.01063811093852672,-0.00022489009022938142,0.008516387813613698,0.024831787316468422,-0.009302121757702064,0.0018501935830603639,-0.0011199088972098925,0.002070678840815264,0.011154345077406348,0.029310419546043867,-0.016113589203759958,-0.04862808279602618
expAE02,NORCE_CISM4-MAR364-ERA-t1-nonlocal,/Volumes/CrucialX8/computing/data/antarctica/ismip6_hackathon/ComputedScalarsHelene/expAE02/shelfmelt/computed_shelfmelt_AIS_NORCE_CISM4-MAR364-ERA-t1-nonlocal_expAE02.nc,0.020160431493910842,-0.005209582563968543,-0.006930738923501434,-0.059073982711552855,-0.01926540732882718,-0.011323563088953808,0.022952216507245125,0.013050993069044642,-0.010369865020038997,-0.01166102934010515,-0.01619400400946338,0.02529108393087691,0.03016389262706358,-0.007026053701806874,0.00032888192418303354,0.005405388456837362,-0.00391218144072214,-0.009487564713258859,-0.002308996796462952,-0.00415859871247258,0.0015812543332016024,-0.015106813830330114,-0.0352676445875755,-0.009186671659681522,-0.010758919612337894
expAE02,NORCE_CISM4-MAR364-ERA-t1,/Volumes/CrucialX8/computing/data/antarctica/ismip6_hackathon/ComputedScalarsHelene/expAE02/shelfmelt/computed_shelfmelt_AIS_NORCE_CISM4-MAR364-ERA-t1_expAE02.nc,0.020553831567243247,-0.003620183504774978,-0.012749948303283049,-0.024679300716896155,-0.05521040562277946,-0.023713688438039185,0.011463950130040798,0.007139060038046048,-0.04206407415115551,-0.016131396665202045,-0.03427039620499005,0.024121635940283326,0.028864642273134913,0.0035936740206034892,0.004593749851375301,0.012373349483342604,0.014528715582750387,0.027286863446821637,-0.019289701549398727,-0.03043155038545202,-0.01297890768258489,0.013283033059426484,-0.10834653153175361,-0.020806785649722596,-0.09350084965271852
expAE02,NORCE_CISM4-MAR364-JRA-t1,/Volumes/CrucialX8/computing/data/antarctica/ismip6_hackathon/ComputedScalarsHelene/expAE02/shelfmelt/computed_shelfmelt_AIS_NORCE_CISM4-MAR364-JRA-t1_expAE02.nc,0.020621956441676775,-0.006023674901687542,-0.018251858506599862,-0.03558427790267307,-0.054921704762388335,-0.01714084910526372,0.011011604628201832,0.007711769429614886,-0.04255579299334894,-0.011613767432655672,-0.03146412350737156,0.029646415102339216,0.029329272820119996,-0.0014189186075121152,0.003366686235429007,0.01328757172176732,0.026513179555462056,0.025799222558858033,-0.019356523940008565,-0.03214358604726609,-0.012937639648605281,0.018153580967390746,-0.11790689082723996,-0.01846262136601174,-0.09363060630021455
expAE02,NORCE_CISM5-MAR364-ERA-t1-local,/Volumes/CrucialX8/computing/data/antarctica/ismip6_hackathon/ComputedScalarsHelene/expAE02/shelfmelt/computed_shelfmelt_AIS_NORCE_CISM5-MAR364-ERA-t1-local_expAE02.nc,0.0248694736126763,-0.0012886219597822868,0.006799847245680233,0.01421554056185987,-0.010776024240695622,0.0006199230913761424,0.004221610975417219,0.006756097101064444,0.0058061014539142475,-0.009587354285342737,-0.005951377844815914,0.02493931144553612,0.015023949222406924,0.008122974115628108,-0.003255411115899085,0.025167841907033188,0.03988336378108907,0.005783082072285291,0.0031702695688133505,0.002153924706074277,-0.00039524235527937934,0.03180742470947728,0.07678197318476002,-0.009356515867560786,-0.02546544949891303
expAE02,NORCE_CISM5-MAR364-ERA-t1-nonlocal,/Volumes/CrucialX8/computing/data/antarctica/ismip6_hackathon/ComputedScalarsHelene/expAE02/shelfmelt/computed_shelfmelt_AIS_NORCE_CISM5-MAR364-ERA-t1-nonlocal_expAE02.nc,0.014775753023816113,-0.0041755304372859195,0.00759049044249759,0.0018347993680157895,-0.007493604909810377,-0.008496733162590258,0.0041104619032353,0.03133571746207556,0.0014098596676100587,-0.0024241058675482097,-0.0052032110367238454,0.024545774464959463,0.016886393282646052,0.0073961720050527945,-0.000378057719193527,0.014409998199207547,0.014556161415559599,-0.0044126526188390455,0.0034302608818982012,-0.0012854793623489416,0.005661150082195789,0.013782665765545453,0.0329705374987755,-0.013858796642797332,-0.00669136185186129
expAE02,NORCE_CISM5-MAR364-ERA-t1,/Volumes/CrucialX8/computing/data/antarctica/ismip6_hackathon/ComputedScalarsHelene/expAE02/shelfmelt/computed_shelfmelt_AIS_NORCE_CISM5-MAR364-ERA-t1_expAE02.nc,0.01467763711766982,-0.005032583518523134,0.006836362782312883,0.052932077638736766,-0.012297784840368295,-0.0063977449811851925,0.004792169196029007,0.03205569234297405,0.012084492002143565,0.00019908591371783305,-0.0153374711186419,0.02388654765882986,0.013363564668049811,0.010569181094517297,0.0015924830346941395,0.01158784364167131,0.02491970694033222,0.01597064988045743,-0.0005717871460486738,-0.0002611953327511275,-0.0006774527342667327,0.01985675192461214,-0.005916386725680581,-0.013929779374927988,-0.024788863233000204
expAE02,PIK_PISM,/Volumes/CrucialX8/computing/data/antarctica/ismip6_hackathon/ComputedScalarsHelene/expAE02/shelfmelt/computed_shelfmelt_AIS_PIK_PISM_expAE02.nc,0.6276538146850854,0.09966545888798864,0.43706272964137716,0.7960892939173012,-0.058837987270501824,-0.028926158398659058,-0.25117744889473265,-0.5419845007214784,-0.1419076932529525,-0.06678309523985404,-0.005723003072178934,0.27252459335943346,-0.09399263906403457,0.07988258758555866,0.44434379251784006,-0.22141954106083334,-0.22060063542731057,0.3748661783579536,0.09389547934700898,0.19645649059988168,-0.006705965221277477,0.33125083419876494,0.8906994525955193,-0.026474241896470907,-0.1287299208877667
expAE02,UCM_Yelmo,/Volumes/CrucialX8/computing/data/antarctica/ismip6_hackathon/ComputedScalarsHelene/expAE02/shelfmelt/computed_shelfmelt_AIS_UCM_Yelmo_expAE02.nc,-0.47239190430915273,-0.05596172310102254,-0.333973274561697,-0.3583297390879335,-0.06809746939711409,-0.033873705300053014,-0.03977087398544507,-0.09955965956966106,-0.02925746275155322,-0.0998146734958969,-0.04407253022257321,-0.04985896107384135,-0.0706619666817309,-0.024686875208491582,0.028206664091148206,0.027967867982938165,-0.037681843311722,-0.5237821465444171,-0.1151883434467246,-0.14942572050442635,-0.0708599175447977,-0.10301368759872262,-0.6763147530544138,-0.03558853173174689,-0.05630847998761823
expAE02,UCSD_ISSM,/Volumes/CrucialX8/computing/data/antarctica/ismip6_hackathon/ComputedScalarsHelene/expAE02/shelfmelt/computed_shelfmelt_AIS_UCSD_ISSM_expAE02.nc,0.21917805935508683,0.013322646030796897,-0.06613313116205022,1.2234699183162103,0.04758245561103394,0.004819460307189042,-0.04590098570292629,0.11674788249814283,0.022067121207879896,0.00864684587630703,0.04708193845784632,0.0015035198131401976,0.0027832923466576966,-0.024864536061189206,-0.012803954041966298,-0.052069602721838026,-0.029941680617375226,-0.16611067731388707,0.12040395324143718,0.306527095637902,0.01777658627268909,0.06192667727162002,1.2299794485084932,-0.0010078035113232874,-0.019218862374357104
expAE02,ULB_fETISh-KoriBU1,/Volumes/CrucialX8/computing/data/antarctica/ismip6_hackathon/ComputedScalarsHelene/expAE02/shelfmelt/computed_shelfmelt_AIS_ULB_fETISh-KoriBU1_expAE02.nc,-0.038634167482788084,0.02807266451480741,0.14045831682742355,0.29258253381495425,-0.10837804165936646,-0.008390460866208833,0.09935383356875355,-0.007260702788611295,-0.04776388597441006,0.13818189984710638,-0.08824943078211728,0.041539045183208126,0.019771637247092414,-0.11943067798013665,-0.010790339514195724,-0.061949544162842624,0.0741468410910488,-0.007751675356872351,0.003946005564944344,0.05885811325448495,-0.021546720860821378,0.11801567449524167,0.7166992624359075,-0.0006167651330182405,-0.10234741149936938
expAE02,ULB_fETISh-KoriBU2,/Volumes/CrucialX8/computing/data/antarctica/ismip6_hackathon/ComputedScalarsHelene/expAE02/shelfmelt/computed_shelfmelt_AIS_ULB_fETISh-KoriBU2_expAE02.nc,-0.16364711681568736,-0.060311306976016284,-0.007118163183807313,-0.11210289421152075,-0.16632620072124182,-0.04563161096048305,-0.03535993127475706,-0.05511069696977772,-0.11880916668294528,-0.0540251167607389,-0.16202685933505284,0.010113339427900488,0.015798614207287877,-0.05121207687019072,-0.02314854976457094,-0.0721192847057756,-0.08441288567972789,-0.17353583609083542,-0.11907920259344529,-0.09457093781662068,-0.10063767977557181,-0.08613697704605563,0.1574657842606716,-0.06906002059157217,-0.09719531487786293
expAE02,UNN_Ua,/Volumes/CrucialX8/computing/data/antarctica/ismip6_hackathon/ComputedScalarsHelene/expAE02/shelfmelt/computed_shelfmelt_AIS_UNN_Ua_expAE02.nc,-0.1743997211192096,-0.11910592856053387,-0.08224833460554876,0.5599609392401295,-0.3428930766073054,-0.06787608901978892,-0.13720931926216,-0.09608737657537691,-0.14282807903166606,-0.08699550628786284,-0.3290336446980394,0.05114962789203638,0.19137088627502885,0.05668460320848351,-0.05572397922123701,-0.004919569902646307,-0.07866036976318637,-0.29742517076021696,-0.17926747930529846,-0.1342913092187339,-0.20355321111258307,-0.1991681479336177,0.8764624810630783,-0.2083770783995845,-0.38643525888334995
expAE02,UTAS_ElmerIce,/Volumes/CrucialX8/computing/data/antarctica/ismip6_hackathon/ComputedScalarsHelene/expAE02/shelfmelt/computed_shelfmelt_AIS_UTAS_ElmerIce_expAE02.nc,-0.2606963858055013,-0.17397427376671493,-0.12790018014451676,1.6875322993343946,-0.6473834727737653,-0.11651082651282775,-0.11971813823008337,-0.1728495154105607,-0.22016857410589408,-0.08414882880601668,-0.6107499067126508,0.012816610261427719,0.20731074651288586,0.12274342583217812,-0.09326780080275304,-0.08464634315467176,-0.2832873175658926,-0.4045751861369288,-0.3352854320746993,-0.2632639943203958,-0.30842304124881403,-0.3807202489249473,1.4488757636520975,-0.33017722914809466,-0.7354828943924034
expAE02,VUB_AISMPALEO,/Volumes/CrucialX8/computing/data/antarctica/ismip6_hackathon/ComputedScalarsHelene/expAE02/shelfmelt/computed_shelfmelt_AIS_VUB_AISMPALEO_expAE02.nc,-0.22197676349287598,-0.024185830477852104,0.010746319034995941,0.43926221295988854,-0.12609169448643068,-0.02996663656012538,-0.05250333396930124,-0.013050123462506193,-0.016988569474399903,-0.042699520753397245,-0.10605394300680512,-0.0015377915893021645,-0.0003645475297346223,-0.018020443274802532,0.012024626002955136,-0.026879690412433987,-0.07780713555443738,0.6066580548313579,-0.06683659229998917,-0.0829718488574463,-0.05432047637880685,-0.055948716724716706,0.4192414472281317,-0.05411187049562406,-0.14463893853347903
expAE02,VUW_PISM1,/Volumes/CrucialX8/computing/data/antarctica/ismip6_hackathon/ComputedScalarsHelene/expAE02/shelfmelt/computed_shelfmelt_AIS_VUW_PISM1_expAE02.nc,-0.6633034229525563,-0.13778207645818746,-0.731829289214123,-0.6046274754458885,-0.629456368225557,-0.2528683703488755,-0.5466762614769103,0.3415760471977227,-0.23571029469594929,0.5118042581671005,-0.7630724355199481,-1.1989796388112608,-0.05887396173027287,0.5465522522443315,0.07267232969102588,-0.7367765575915203,-1.2221309922491403,-1.1215711055417954,-0.6402245954643481,-0.5820478376932433,-0.3311046587738101,-1.518441309702207,-0.8117160521496332,-0.13926906835838854,-0.7576048722838868
expAE02,VUW_PISM1_s1,/Volumes/CrucialX8/computing/data/antarctica/ismip6_hackathon/ComputedScalarsHelene/expAE02/shelfmelt/computed_shelfmelt_AIS_VUW_PISM1_s1_expAE02.nc,-0.6823343258373439,-0.15675494537187434,-0.8506811472198558,-0.5812547824946814,-0.6313316610893343,-0.2736532028352097,-0.6500757310669618,0.18885461771272682,-0.25048516740425275,-0.5774585600817587,-0.7729805390598363,-1.121404870233465,-0.04028643198122073,0.5626343150746681,0.04659639523405512,-0.7751601237446343,-1.0317516795278336,-1.137772637954375,-0.5515245902348153,-0.6014645154591272,-0.3624795133704105,-0.45149680792125024,-0.8368849945292207,-0.1695939936632183,-0.7661957975959555
expAE02,VUW_PISM1_s2,/Volumes/CrucialX8/computing/data/antarctica/ismip6_hackathon/ComputedScalarsHelene/expAE02/shelfmelt/computed_shelfmelt_AIS_VUW_PISM1_s2_expAE02.nc,-0.6707983348004272,-0.1390964395612126,-0.720628491949566,-0.5730909235183252,-0.6496315606198795,-0.2599147803883314,-0.8949189602146644,0.2175267887090171,-0.25591599016574984,0.43085448704740903,-0.6422988826121386,-0.9949132036870539,-0.0725381573142666,0.5087373756314794,0.06530580819008164,-0.8479866787660886,-1.183910951658578,-1.2036013289229959,-0.6488185573061784,-0.5885573340573802,-0.3508979631365662,-1.4928131406875202,-0.9854312983941087,-0.13585620149920535,-0.6200480741770176
expAE02,VUW_PISM1_s3,/Volumes/CrucialX8/computing/data/antarctica/ismip6_hackathon/ComputedScalarsHelene/expAE02/shelfmelt/computed_shelfmelt_AIS_VUW_PISM1_s3_expAE02.nc,-0.5793725416434459,-0.20748676480519745,-0.756349363330618,-0.540389354174273,-0.6892025573862604,-0.2791226031934826,-0.5580341277681751,0.3102678380443624,-0.2338453341307567,-0.4308558240738276,-0.7895382414812875,-1.008619372538846,-0.044160690839438244,0.5232425821981568,0.05398981063036806,-0.7539460130011728,-1.1121443551375922,-1.1001163942032188,-0.6518496696211895,-0.641347119273121,-0.3453440910609161,-0.39623613070499347,-0.9020752162146384,-0.1732245001276736,-0.776653742194948
expAE02,VUW_PISM1_s4,/Volumes/CrucialX8/computing/data/antarctica/ismip6_hackathon/ComputedScalarsHelene/expAE02/shelfmelt/computed_shelfmelt_AIS_VUW_PISM1_s4_expAE02.nc,-0.6808398794580425,-0.13476482010885432,-0.7233405156394156,-0.5791466903093656,-0.652558923734742,-0.2593344141146744,-0.5233913532949532,0.2862592920666105,-0.23196027911766026,0.5225093647430219,-0.7613322386756025,-1.0165687318584498,-0.05417807302362093,0.5627050368988418,0.06598792749171911,-0.7419849095114486,-1.0468914359978487,-1.0817749860001733,-0.639128625767633,-0.5941741298632186,-0.33598160548448064,-0.42008819479449977,-0.9065309158462029,-0.1275298798371361,-0.7581555170247971
expAE02,VUW_PISM2,/Volumes/CrucialX8/computing/data/antarctica/ismip6_hackathon/ComputedScalarsHelene/expAE02/shelfmelt/computed_shelfmelt_AIS_VUW_PISM2_expAE02.nc,-0.821324969915775,-0.13135341488044794,-0.7196216902057393,-0.7898079133878579,-0.548629462033716,-0.2539060459442912,-0.4923238641112685,0.23109340999293426,-0.20459170617333355,0.4409040366566643,-0.651183509243473,-0.6681251900980891,-0.03417919115563123,0.49885811842429256,0.06328283181474875,-0.7985909713063073,-1.064545997479149,-1.1218301772371744,-0.4567073049470257,-0.541481396366081,-0.27483947038768075,-0.3364131923819433,-0.9138595351493484,-0.10747857915001335,-0.6497546246030441
expAE02,VUW_PISM2_s1,/Volumes/CrucialX8/computing/data/antarctica/ismip6_hackathon/ComputedScalarsHelene/expAE02/shelfmelt/computed_shelfmelt_AIS_VUW_PISM2_s1_expAE02.nc,-0.8883302037277452,-0.13735184411937068,-0.711709345666093,-0.6686711414726618,-0.5702227725265576,-0.25078652427550674,-0.4487585281884928,0.261697934404858,-0.21901269863857964,0.43202329038607556,-0.6529879155891907,-0.5674195756807158,-0.017092117352117464,0.5811006429580345,0.041642858754605994,-0.7167506785394024,-1.0783135229992344,-1.186291516737335,-0.46520495672248807,-0.5511525404155271,-0.2688143237256634,-0.3482491952738389,-0.8410110137543487,-0.11218430346783836,-0.6514681711503303
expAE02,VUW_PISM2_s2,/Volumes/CrucialX8/computing/data/antarctica/ismip6_hackathon/ComputedScalarsHelene/expAE02/shelfmelt/computed_shelfmelt_AIS_VUW_PISM2_s2_expAE02.nc,-0.7937612243963404,-0.13370868317658924,-0.6736938517295088,-0.6073254428474846,-0.5440755833124136,-0.2503363907755596,-0.47510306051896,0.29058271894960863,-0.19663445879721864,0.5594499191053598,-0.6548258213751159,-1.137361784863396,-0.037051417837505485,0.41525866547335555,0.07415709660016917,-0.7331837095672861,-1.3632879378433214,-1.1030595682660445,-0.5451710665559165,-0.5240844053962098,-0.27451132716837834,-0.283422557176911,-0.7270652218850571,-0.10127482291190176,-0.6461187819866758
expAE02,VUW_PISM2_s3,/Volumes/CrucialX8/computing/data/antarctica/ismip6_hackathon/ComputedScalarsHelene/expAE02/shelfmelt/computed_shelfmelt_AIS_VUW_PISM2_s3_expAE02.nc,-0.6329913109353973,-0.20524584283828867,-0.6944503700538109,-0.8419558873541917,-0.6114067797360703,-0.2763405030162631,-0.4259112980575789,0.30727258308424754,-0.19801284386218332,0.40323392061506036,-0.6638178704000408,-0.701157277766659,-0.042837077230815035,0.40555258014596773,0.05133781006035054,-0.7961071917786835,-1.1307196675154563,-1.088997250591294,-0.5667912286231902,-0.6006273582424194,-0.28356471185762033,-0.36042979292853317,-1.0159580907159675,-0.17279725576909266,-0.668267570078609
expAE02,VUW_PISM2_s4,/Volumes/CrucialX8/computing/data/antarctica/ismip6_hackathon/ComputedScalarsHelene/expAE02/shelfmelt/computed_shelfmelt_AIS_VUW_PISM2_s4_expAE02.nc,-0.8356475549301744,-0.13360599227594638,-0.7703135032745446,-0.7571339690434107,-0.5433062468012984,-0.24600412185354886,-0.5399639782428196,0.23552617606423842,-0.2036091284001118,0.39811752444161697,-0.6511859744465986,-0.5976953355304839,-0.019315395084957443,0.37639722680225207,0.055222335256593535,-0.675034858417507,-1.161772295233675,-1.1160084124390406,-0.4516711218534182,-0.5397767900301224,-0.2739716588747656,-0.3141419979134594,-0.8585411685406092,-0.10248535508325923,-0.6500262418096427
expAE03,DC_ISSM,/Volumes/CrucialX8/computing/data/antarctica/ismip6_hackathon/ComputedScalarsHelene/expAE03/shelfmelt/computed_shelfmelt_AIS_DC_ISSM_expAE03.nc,-0.18777270227528398,-0.20391598887246004,-0.24322475856587777,0.2157601919426062,-0.2253406620482461,-0.16905739773366435,-0.06061766867058055,-0.04458798126351382,-0.14710909115219395,-0.14357619616453204,-0.22382936029379963,-0.01880903987341758,0.05620210080526461,0.030923698070458278,-0.04738825010359815,-0.007734534560819072,-0.0505905860382583,-0.13065506299735163,-0.16591174853146828,-0.17494833497390283,-0.14996561306830228,-0.11818457727675968,0.9547772962297973,-0.175115770451652,-0.21921994914931098
expAE03,IGE_ElmerIce,/Volumes/CrucialX8/computing/data/antarctica/ismip6_hackathon/ComputedScalarsHelene/expAE03/shelfmelt/computed_shelfmelt_AIS_IGE_ElmerIce_expAE03.nc,-0.0828320072096217,0.005755483873744138,0.23022686972557183,2.140592548961422,-0.15953909794519472,-0.7128502662292848,-1.3375065384133373,-0.3316426760717557,-0.9353040068808944,0.029664602301634924,-0.1520787817307665,0.9332788564213851,-0.0732739701498896,0.012393141980330813,-0.3456160379077461,0.3338481785257474,0.6565682490841027,-1.1222311226568538,-0.04047425722773623,0.362747049453909,-0.3572807201896764,-0.5340855470819731,2.3116789969444067,-0.33118604389304585,-0.6474786453396818
expAE03,ILTS_SICOPOLIS,/Volumes/CrucialX8/computing/data/antarctica/ismip6_hackathon/ComputedScalarsHelene/expAE03/shelfmelt/computed_shelfmelt_AIS_ILTS_SICOPOLIS_expAE03.nc,-1.167104002678086,-0.3737722039982011,0.014406047065469108,-0.9215640167828587,-0.3587033961976079,-0.25403328146243526,-0.08628138796923901,-0.0013454148844237457,-0.24980310169364128,-0.21752123286535652,-0.3329294353107775,-0.049958223819575986,0.16279749204978278,0.06437030889760365,-0.06321588983692622,-0.009085015876849584,-0.05998021929627816,-0.8006445031362439,-0.3441136368284122,-0.39183245599045347,-0.23368782295109292,-0.4314109541501722,-2.5761575958828837,-0.3535663844150786,-0.47658576311212053
expAE03,LSCE_GRISLI2,/Volumes/CrucialX8/computing/data/antarctica/ismip6_hackathon/ComputedScalarsHelene/expAE03/shelfmelt/computed_shelfmelt_AIS_LSCE_GRISLI2_expAE03.nc,-0.38043718498709234,-0.18909610469771504,-0.17287233836535232,-0.24319502400094373,-0.1666260957351187,-0.13084816202860478,-0.0374698217623641,-0.061418275079271056,-0.1534782616762604,-0.1830296153821402,-0.1599133905466908,-0.012942640780288991,0.03439174087244104,0.0036555434793377195,-0.053375933134931344,-0.023404067847734376,-0.0767969291350746,-0.595905479226396,-0.13688812213227272,-0.11216019686788464,-0.11752264556301273,-0.4646024450625845,-0.7533676000908853,-0.18652626057749352,-0.20292891512686295
expAE03,LSCE_GRISLI,/Volumes/CrucialX8/computing/data/antarctica/ismip6_hackathon/ComputedScalarsHelene/expAE03/shelfmelt/computed_shelfmelt_AIS_LSCE_GRISLI_expAE03.nc,-0.27324696971990303,-0.2259000590644904,-0.1289512166674845,-0.43581716512171065,-0.17214208486701763,-0.15715219487842347,-0.03351911762128784,-0.019052573122417593,-0.17977635922210589,-0.18605045455893215,-0.16286332215257565,-0.006801808568374902,0.03828496908754059,0.00557970364148988,-0.048520721038608994,-0.023298788185107222,-0.07782957885646452,-0.5123533440257992,-0.15815481722097394,-0.1640121241731829,-0.11736686363285506,-0.38733583217325496,-1.305566711330672,-0.2289004915044829,-0.21066082390695975
expAE03,NCAR_CISM1,/Volumes/CrucialX8/computing/data/antarctica/ismip6_hackathon/ComputedScalarsHelene/expAE03/shelfmelt/computed_shelfmelt_AIS_NCAR_CISM1_expAE03.nc,0.06906621406659974,-0.3762315328868626,-0.3921933207564532,-1.6931956475986407,-0.44911430616994946,-0.35554422614040065,-0.20039954881047442,-0.0016984413735851318,-0.3818194304121294,-0.2626198710265292,-0.47833966001453876,0.07509659639422576,0.09724327690171812,-0.07769194707063284,-0.008813522725517553,0.06690738056148937,-0.07544216554311096,0.6500526720095525,-0.2007887985891712,-0.3498261919377401,-0.19932895099293363,0.32455881805941655,-1.0040508292998176,-0.5299832105395703,-0.5492342872438192
expAE03,NCAR_CISM2,/Volumes/CrucialX8/computing/data/antarctica/ismip6_hackathon/ComputedScalarsHelene/expAE03/shelfmelt/computed_shelfmelt_AIS_NCAR_CISM2_expAE03.nc,0.7007051064718471,-0.25700569508552684,0.10832630844114388,-0.6641525805048087,-0.6192211251459285,-0.34416707579504524,-0.2280466894900215,-0.30051868945341376,-0.10575744584140878,-0.3159159063352359,-0.546848525012833,-0.010177940518160677,0.10154520391733302,0.006892246137237934,-0.12754851472443002,0.20746600587279979,-0.12351932307666191,-0.8345422457250293,-0.3326540738896485,-0.261612186031023,-0.43342983560420234,0.3680726933593689,-0.9151079930839296,-0.31110451413087725,-0.8707416743188259
expAE03,NORCE_CISM2-MAR364-ERA-t1,/Volumes/CrucialX8/computing/data/antarctica/ismip6_hackathon/ComputedScalarsHelene/expAE03/shelfmelt/computed_shelfmelt_AIS_NORCE_CISM2-MAR364-ERA-t1_expAE03.nc,0.03012001551750576,-0.8544296574757312,-1.2753644621501623,-1.917086680942349,-1.3771142660849267,-1.2527200452574982,-0.4456910807817961,-0.7565671969919944,-0.7109729363066004,-0.26964089159926574,-1.061684867186332,-0.06564727394660236,0.16726628337112626,-0.12227904788600683,-0.07912615044264187,0.19978572775961875,-0.004463485760861308,-0.4493941707020528,-0.6170038156285294,-0.9239430310857435,-0.5269179642060599,-0.2259135818161493,-0.8289335262056818,-1.4253778825782513,-1.9105509427202458
expAE03,NORCE_CISM3-MAR364-ERA-t1-local,/Volumes/CrucialX8/computing/data/antarctica/ismip6_hackathon/ComputedScalarsHelene/expAE03/shelfmelt/computed_shelfmelt_AIS_NORCE_CISM3-MAR364-ERA-t1-local_expAE03.nc,0.06432922065494304,-0.05224447436884441,-0.13510188358289393,-0.1370645822476399,-0.12139293757421205,-0.07814564485101777,-0.020896087758532675,-0.059922533820158705,-0.10538463199256082,-0.05495971188445975,-0.0973716105507462,0.001673949120427204,0.08686370144226296,-0.009639807434214893,-0.00692432039077983,0.0410773034305891,0.024069642831728973,-0.11865108797968449,-0.04017378699414578,-0.07341378188231532,-0.04268254660400134,-0.05953548272263165,-0.06931277489821108,-0.17911946042553165,-0.22146904734159023
expAE03,NORCE_CISM3-MAR364-ERA-t1-nonlocal,/Volumes/CrucialX8/computing/data/antarctica/ismip6_hackathon/ComputedScalarsHelene/expAE03/shelfmelt/computed_shelfmelt_AIS_NORCE_CISM3-MAR364-ERA-t1-nonlocal_expAE03.nc,0.11135939363680342,-0.05747329963441447,-0.13614531960491966,-0.17161123604408068,-0.1365117757442161,-0.05404411372492303,-0.0073757748611455315,-0.07099918954562282,-0.09919930990843193,-0.043132393638696725,-0.10552914153881143,0.0033369512049443023,0.0958441105487606,-0.015286716945160359,0.00823912172503246,0.04542202950399435,0.009690835877548029,-0.19179183189284593,-0.031941590217221066,-0.0694771436027424,-0.036491596004345,-0.06628235111776079,-0.07355305321601235,-0.17288198788456635,-0.12318563711402863
expAE03,NORCE_CISM3-MAR364-ERA-t1,/Volumes/CrucialX8/computing/data/antarctica/ismip6_hackathon/ComputedScalarsHelene/expAE03/shelfmelt/computed_shelfmelt_AIS_NORCE_CISM3-MAR364-ERA-t1_expAE03.nc,0.150665539642956,-0.20647846983969873,-0.1487529624633004,-0.6151830427619791,-0.3725849629709048,-0.354101037226343,-0.014961774578103437,-0.16603555500848582,0.0014530772489371735,-0.0699919708245925,-0.2603101916491945,0.015232927979324767,0.10575151426366067,-0.03498363864710226,0.01079318442207193,0.07543507058760912,0.033529027630283974,-0.03583253423881272,-0.12220186697486429,-0.2377014570337868,-0.09283206486769269,-0.006392051090520601,-0.47525891621533756,-0.2025454437214418,-0.7724520811417674
expAE03,NORCE_CISM4-MAR364-ERA-t1-local,/Volumes/CrucialX8/computing/data/antarctica/ismip6_hackathon/ComputedScalarsHelene/expAE03/shelfmelt/computed_shelfmelt_AIS_NORCE_CISM4-MAR364-ERA-t1-local_expAE03.nc,0.024485115839413388,-0.006009768552197578,-0.021541276801507525,0.029267134201938064,-0.017685447014673297,-0.020455470288359274,0.030195554483926194,0.02301135921884033,-0.041950941064546984,-0.011340765091478262,-0.012236816659529727,0.0237961925205833,0.027350429557973698,0.005776297173832566,-0.0006098314773096605,0.012529973332749997,0.02902686771922334,-0.008563973110504566,0.009046664450730518,0.0032177820337548693,0.0028394891423745502,-0.004574779027873718,0.00376196691440861,-0.0327305503212394,-0.041120938252035666
expAE03,NORCE_CISM4-MAR364-ERA-t1-nonlocal,/Volumes/CrucialX8/computing/data/antarctica/ismip6_hackathon/ComputedScalarsHelene/expAE03/shelfmelt/computed_shelfmelt_AIS_NORCE_CISM4-MAR364-ERA-t1-nonlocal_expAE03.nc,0.04325154492788371,-0.007076679852167374,-0.02057379501240976,-0.047635208792876665,-0.02094487647573047,-0.014094826272299025,0.027881298897258443,0.016206893610542235,-0.01954365991251268,-0.0048633053893534055,-0.01607142610462482,0.02523231234398273,0.02906432033892515,0.004502633027387196,0.0003195723818947612,0.012094760815529671,0.004243893200157795,0.013063016624113688,0.005590853022744209,-0.0027866399246833373,0.004001412708723541,0.0033236699589509547,-0.03023502745858761,-0.03911517078461796,-0.02277362277970979
expAE03,NORCE_CISM4-MAR364-ERA-t1,/Volumes/CrucialX8/computing/data/antarctica/ismip6_hackathon/ComputedScalarsHelene/expAE03/shelfmelt/computed_shelfmelt_AIS_NORCE_CISM4-MAR364-ERA-t1_expAE03.nc,0.03634029472087463,-0.026105490864574053,-0.03985990290136489,-0.06988201464304028,-0.03176243462262607,-0.027494963220744628,0.022312074186066795,0.00829120316048873,-0.11710414854226425,-0.0052407775673329465,-0.011288328144646198,0.021423503305322715,0.02904709691339315,0.00715443286674591,0.0019217834971941433,0.016992695708445856,0.02162550172945304,0.08711262799795151,-0.003297125521616061,-0.01960863618794323,-0.003547652843908157,0.030065166969065374,-0.13343410370734987,-0.043779285744202714,-0.10056703750778359
expAE03,NORCE_CISM4-MAR364-JRA-t1,/Volumes/CrucialX8/computing/data/antarctica/ismip6_hackathon/ComputedScalarsHelene/expAE03/shelfmelt/computed_shelfmelt_AIS_NORCE_CISM4-MAR364-JRA-t1_expAE03.nc,0.04109614560742036,-0.01932088825745952,-0.03679151620271011,-0.08152707520437108,-0.030091901832887687,-0.02213725767016371,0.02196402065550987,0.007883254792987043,-0.113000003843129,-0.0016346502124180151,-0.007475655234242318,0.02181707398054583,0.029379710507418874,0.002995107494226521,0.0017638125724621975,0.01801221784401398,0.021970481497653484,0.08848329011578022,-0.0012720371272608236,-0.014786947577455328,-0.0027994933363461594,0.0308554391732012,-0.13534741291129915,-0.05597485875345297,-0.10514701654205452
expAE03,NORCE_CISM5-MAR364-ERA-t1-local,/Volumes/CrucialX8/computing/data/antarctica/ismip6_hackathon/ComputedScalarsHelene/expAE03/shelfmelt/computed_shelfmelt_AIS_NORCE_CISM5-MAR364-ERA-t1-local_expAE03.nc,0.03711704939937422,-0.00494806712809779,0.013742728550122488,0.0557705824831463,-0.0023716209839539683,-0.018260954057720498,0.005117098105027294,0.015638578753370345,0.009472412652678494,-0.0042184813102760805,-0.004412665042230278,0.025544606148766913,0.011977680636636708,0.009685077089839247,-0.0002589323413425791,0.01410472206950219,0.03853442078389064,0.03992728241239028,0.010277098288795378,0.01321911633181934,0.002186187018890666,0.037260722241253416,0.04041691690871219,-0.020885613682072125,-0.01770088312909595
expAE03,NORCE_CISM5-MAR364-ERA-t1-nonlocal,/Volumes/CrucialX8/computing/data/antarctica/ismip6_hackathon/ComputedScalarsHelene/expAE03/shelfmelt/computed_shelfmelt_AIS_NORCE_CISM5-MAR364-ERA-t1-nonlocal_expAE03.nc,0.01333386140114599,-0.012455693271575296,0.0136163407191896,0.028865727826483407,-0.0032183225217055165,-0.018165904623474817,0.005522834065626817,0.02337740625688877,0.007233965927315792,-0.0009383633873532408,-0.006900206456794785,0.02445647274389777,0.016018118213494494,0.009686733272053303,0.00101424857333987,0.015538544999782713,0.016153857976259935,0.04152352362955515,0.006981491614272976,0.0030933708236887854,0.004521280370690555,0.028053101795351608,0.04496946628582747,-0.020194196888726965,-0.010434937993658307
expAE03,NORCE_CISM5-MAR364-ERA-t1,/Volumes/CrucialX8/computing/data/antarctica/ismip6_hackathon/ComputedScalarsHelene/expAE03/shelfmelt/computed_shelfmelt_AIS_NORCE_CISM5-MAR364-ERA-t1_expAE03.nc,0.006511409386784586,-0.010074644216804297,0.015577914147834774,0.054199098739280055,-0.007598547595039175,-0.055227666061326126,0.005310640213121195,0.021254934443384582,0.055293587254907954,-0.000563423790695709,-0.009513409814677423,0.02531605797790464,0.013833041641361397,0.011050385368147739,0.0021282501419701136,0.021581530845760664,0.03828546088389322,0.034879945666963584,0.010330037836993041,0.005805521768411703,0.006647122374143329,0.036797498870988925,0.007709328886753623,-0.02592105606292621,-0.02535830213939167
expAE03,PIK_PISM,/Volumes/CrucialX8/computing/data/antarctica/ismip6_hackathon/ComputedScalarsHelene/expAE03/shelfmelt/computed_shelfmelt_AIS_PIK_PISM_expAE03.nc,0.7571386461343498,-0.4146008882004314,0.2288027046181158,1.089468772893158,-0.20534214909360976,0.5443703696929342,0.06671263042306547,-0.050021938750159256,0.21201072427071377,0.29292249470273934,-0.09395264031359907,0.3455621402573327,-0.016412735835903844,0.06923945360252232,0.40709307825517077,0.2977358905072708,0.41082411598682206,0.3595852882603412,0.1493249139618425,0.0990883164623173,0.17294666754593246,0.2594777910550262,1.194213801889871,0.08055495207604801,-0.5199668273235767
expAE03,UCM_Yelmo,/Volumes/CrucialX8/computing/data/antarctica/ismip6_hackathon/ComputedScalarsHelene/expAE03/shelfmelt/computed_shelfmelt_AIS_UCM_Yelmo_expAE03.nc,-0.6400002665476909,-0.11310659287451835,-0.4214307962166105,-0.7454577665464833,-0.05836820180950614,-0.040836237028171254,-0.003410717045607206,-0.08505995545965059,-0.07527111699141231,-0.05851299503909203,-0.03338976317500385,-0.004647042183003339,-0.01611150681801697,-0.09263601187608722,0.021803752351338426,0.01940359270580361,-0.06697296483561535,-0.8710140402526705,-0.1853684523585058,-0.276181012235942,-0.05700879817087011,0.257635090889041,-0.8333536568869577,-0.01760454747637305,-0.01866985564354884
expAE03,UCSD_ISSM,/Volumes/CrucialX8/computing/data/antarctica/ismip6_hackathon/ComputedScalarsHelene/expAE03/shelfmelt/computed_shelfmelt_AIS_UCSD_ISSM_expAE03.nc,0.7224004361336884,-0.0033338468915867295,0.0036356431974367,1.285050080177994,0.05577947933592474,-0.006290278495482467,-0.06393434310342028,0.06969187449228503,-0.024368318408069606,-0.03534746460808703,0.05194099368376546,-0.011149821924478498,0.00444559861848129,-0.007183723036677164,-0.019663838984498645,0.005697345397421637,-0.00789537516192737,0.6321102742143925,0.09937102808926165,0.27007100359752445,-0.01886857866377839,0.2378815172041043,1.7975274740238705,-0.057316158576140336,-0.04289759211307104
expAE03,ULB_fETISh-KoriBU1,/Volumes/CrucialX8/computing/data/antarctica/ismip6_hackathon/ComputedScalarsHelene/expAE03/shelfmelt/computed_shelfmelt_AIS_ULB_fETISh-KoriBU1_expAE03.nc,0.5037271252727786,-0.023407679040479218,0.1311659360689805,0.5699386706953569,-0.19555940135655733,-0.03508356900929152,-0.03541296467434757,-0.04075516373858851,-0.3415468516301269,0.06386749860798913,-0.175479846826078,-0.03466006848208503,0.01483120803155124,-0.030459067489307462,-0.028678529898512994,0.09042709723493308,0.10285113224106258,0.23553186785037739,0.005857662121945217,0.10223333621997371,-0.0993605527608954,0.1600953685035184,0.7152924774726785,0.06496644623291595,-0.23100130125249563
expAE03,ULB_fETISh-KoriBU2,/Volumes/CrucialX8/computing/data/antarctica/ismip6_hackathon/ComputedScalarsHelene/expAE03/shelfmelt/computed_shelfmelt_AIS_ULB_fETISh-KoriBU2_expAE03.nc,0.1598343428750446,-0.12840366068280173,0.1728328930229978,0.31719357013982874,-0.15112392360169868,-0.10539562705417714,-0.0439779609954995,-0.03604875270149638,-0.16993999822699657,-0.07316611709744465,-0.1463492471666848,-0.015389600744433135,0.01593104251176266,0.02144867029820352,-0.02961575574846758,-0.011748745264333456,0.0074850712747901345,0.19942241150515777,-0.06077726186567292,-0.013777773452609166,-0.09163985705248265,0.086401148625922,-0.3415094075370837,-0.2014793756535761,-0.16158055263300408
expAE03,UNN_Ua,/Volumes/CrucialX8/computing/data/antarctica/ismip6_hackathon/ComputedScalarsHelene/expAE03/shelfmelt/computed_shelfmelt_AIS_UNN_Ua_expAE03.nc,-0.23841504403626768,-0.30554788337418787,-0.11290916003348317,1.1924041790037472,-0.2820925015063844,-0.21856069858145907,-0.10189731753699466,-0.0044361909286783074,-0.2462855044622192,-0.11707530052959306,-0.27347987816399777,0.0018127375319325206,0.14029685325564212,0.10178743944205657,-0.05527514246873155,-0.018634237387811288,-0.0022566447243954502,-0.3237635809298351,-0.12723155756416482,-0.034274687956663885,-0.1936842819432366,-0.20957468897976977,0.5711224891622877,-0.29109837801400573,-0.40113954066324775
expAE03,UTAS_ElmerIce,/Volumes/CrucialX8/computing/data/antarctica/ismip6_hackathon/ComputedScalarsHelene/expAE03/shelfmelt/computed_shelfmelt_AIS_UTAS_ElmerIce_expAE03.nc,-0.3332213181349083,-0.45134326939521807,-0.12256755334169211,1.6254144695371375,-0.5363547888992108,-0.35575607071112736,-0.28015833815198143,-0.026729955236333813,-0.32766368427421255,-0.06549576208165087,-0.4801386057256417,-0.0011196381878132988,0.21566848009940362,0.1637868275129547,-0.1039460409108231,0.006694804660909487,-0.00968891448510445,-0.4196128029973272,-0.38316383794488806,-0.267703433974507,-0.3292855537400423,-0.2750192627920458,1.4999366304026496,-0.5177603130442306,-0.5811167902401063
expAE03,VUB_AISMPALEO,/Volumes/CrucialX8/computing/data/antarctica/ismip6_hackathon/ComputedScalarsHelene/expAE03/shelfmelt/computed_shelfmelt_AIS_VUB_AISMPALEO_expAE03.nc,-0.19256701813471935,-0.05312597966309686,-0.058726004648090996,-0.5309857151164448,-0.09186021604622198,-0.06616653780105464,-0.06086079885829347,-0.04409640592106716,-0.03780422663767072,-0.013532075902151934,-0.0858740690652915,-0.022109374688837943,-0.026194382892700204,-0.008790302063848815,0.012644219313406594,-0.0022603439181036987,-0.12094246611889384,-0.1384186995039513,-0.05515671163664802,-0.06488210777408458,-0.048160193137611426,-0.057793585274307946,-0.5309857151164445,-0.08009444385728806,-0.22976487507316828
expAE03,VUW_PISM1,/Volumes/CrucialX8/computing/data/antarctica/ismip6_hackathon/ComputedScalarsHelene/expAE03/shelfmelt/computed_shelfmelt_AIS_VUW_PISM1_expAE03.nc,0.3484185860209643,0.10050543970172099,-0.9793982030890647,-1.014554451187236,-0.6577523701770508,-0.6526567311362853,-0.8636536755143063,-0.07065350877379806,-0.29414757756199184,0.2936808707702195,-0.8646946976012302,-0.3586674802658598,-0.09645092969923802,0.2818841520585199,-0.5498614533782357,-0.2129246506259038,-0.2045720027769361,-2.4158926241113026,-0.5003472942220543,-0.463338790335152,-0.291223451222149,-1.8273349459438428,-0.653939996112161,-0.4796276133834153,-0.7557665899289505
expAE03,VUW_PISM1_s1,/Volumes/CrucialX8/computing/data/antarctica/ismip6_hackathon/ComputedScalarsHelene/expAE03/shelfmelt/computed_shelfmelt_AIS_VUW_PISM1_s1_expAE03.nc,0.18369715591991698,0.07674428911320486,-1.0185590696642781,-1.0300701978190347,-0.6618499371107462,-0.6394926725569419,-0.8980071559027185,-0.13350205537266913,-0.3235985137369808,0.2916017539279676,-0.8691897221476073,-0.2193976005520634,-0.14341537799133053,0.28734743279013725,-0.5692659567194868,-0.16355681056606836,-0.1396455659751345,-2.084927658373982,-0.5474663989885541,-0.480668128402876,-0.3530509351026936,0.0891283966112032,-0.6469714082125737,-0.4973302349929058,-0.7668580970410671
expAE03,VUW_PISM1_s2,/Volumes/CrucialX8/computing/data/antarctica/ismip6_hackathon/ComputedScalarsHelene/expAE03/shelfmelt/computed_shelfmelt_AIS_VUW_PISM1_s2_expAE03.nc,0.31088711110342526,0.12139059656148465,-1.1812333066195664,-0.8186553637157985,-0.6914171373091303,-0.8160747023997311,-0.8960695317531691,-0.11175811151209936,-0.2735163184680185,0.2713204645576033,-0.8887241191559659,-0.6347417790391798,-0.10084479858413792,0.26625087589671625,-0.5332417984237378,-0.13647557605041918,-0.21489386223887474,-2.4391071611841983,-0.49366574183411516,-0.4739096478519773,-0.2845094052719591,-1.1879444737002218,-0.5199622475966041,-0.609883912920425,-0.7786417703705661
expAE03,VUW_PISM1_s3,/Volumes/CrucialX8/computing/data/antarctica/ismip6_hackathon/ComputedScalarsHelene/expAE03/shelfmelt/computed_shelfmelt_AIS_VUW_PISM1_s3_expAE03.nc,0.3802282863067905,-0.5605115628788514,-0.9764088610912821,-0.9607356052723115,-0.7179852342731946,-0.6764475356292146,-1.0525815046459368,-0.10061406727254418,-0.3311816393905268,0.2936808707702195,-0.9112272275631359,-0.5168538482719535,-0.10391230500928214,0.2950562844251422,-0.5379600518541661,-0.22841748025052336,-0.2718308322659295,-2.511459024210164,-0.5982894824058336,-0.5165198585999737,-0.32161569369391674,-1.861098448417963,-0.8073741420431473,-0.5261455125850443,-0.8025688326755295
expAE03,VUW_PISM1_s4,/Volumes/CrucialX8/computing/data/antarctica/ismip6_hackathon/ComputedScalarsHelene/expAE03/shelfmelt/computed_shelfmelt_AIS_VUW_PISM1_s4_expAE03.nc,0.378185139589613,0.08472464040833472,-1.1800730181650017,-0.9885160390999679,-0.6645270402956356,-0.6851747831996878,-0.892118698732068,-0.07026302158043363,-0.29172496394350533,0.2936808707702195,-0.8718620338120711,-0.12423857197644225,-0.09740292440156739,0.28533864864344727,-0.5567477842987755,-0.1727578660494398,-0.2114797828449403,-2.448207093694145,-0.5022025486388032,-0.46719899286399946,-0.2931804396343277,-1.8051853092540955,-0.5275137121686582,-0.5205385408513488,-0.7615348493523952
expAE03,VUW_PISM2,/Volumes/CrucialX8/computing/data/antarctica/ismip6_hackathon/ComputedScalarsHelene/expAE03/shelfmelt/computed_shelfmelt_AIS_VUW_PISM2_expAE03.nc,0.4139091425454646,0.14409824751728795,-1.0689109313373542,-0.8769073356313126,-0.6248707720088986,-0.5975850835904275,-0.7265227166860748,-0.1759277599580107,-0.24042466725014544,0.287636226339054,-0.8429954356210452,-0.2954298563426538,-0.031017098986403868,0.1989718610194262,-0.4825462356147783,-0.10605825219485412,-0.2236755908977983,-2.2373001652414564,-0.47680891834631467,-0.4272089272962567,-0.2806128596803259,-1.5800185199330885,-1.9002348217874845,-0.4884378341332409,-0.7177763435873179
expAE03,VUW_PISM2_s1,/Volumes/CrucialX8/computing/data/antarctica/ismip6_hackathon/ComputedScalarsHelene/expAE03/shelfmelt/computed_shelfmelt_AIS_VUW_PISM2_s1_expAE03.nc,0.4842331031809386,0.13976693935671824,-1.043062612193057,-0.8772767295026611,-0.6361270210675837,-0.6233184237899543,-0.9123611031699295,-0.03483669685476953,-0.30524698254927796,0.32457932424635044,-0.8363500532602468,-0.28038794571868986,-0.04807677794096982,0.20860811299516047,-0.48552312764246564,-0.12202719642533028,-0.27392679487423205,-1.8402768691238511,-0.5001898626016398,-0.41573265176953456,-0.29385926439304333,-0.09564766998799268,-1.768651305384621,-0.49331159416560616,-0.7202503558754797
expAE03,VUW_PISM2_s2,/Volumes/CrucialX8/computing/data/antarctica/ismip6_hackathon/ComputedScalarsHelene/expAE03/shelfmelt/computed_shelfmelt_AIS_VUW_PISM2_s2_expAE03.nc,0.526017308625603,0.16943269103846703,-1.0366081242565004,-0.9281314445692925,-0.6386326041910572,-0.5743236199609746,-1.0733443312821371,-0.12064190131680919,-0.2475203871505669,0.2795531844719968,-0.8459769481454109,-0.2933664801521911,-0.04086157173726285,0.22420725283565723,-0.46940904643359715,-0.1484698816209767,-0.2969447306337104,-1.7581653859216784,-0.4611231234777131,-0.4216268052025698,-0.2776565281297282,0.07738274303227477,-1.6344475508066756,-0.4739856433865515,-0.7272452850191228
expAE03,VUW_PISM2_s3,/Volumes/CrucialX8/computing/data/antarctica/ismip6_hackathon/ComputedScalarsHelene/expAE03/shelfmelt/computed_shelfmelt_AIS_VUW_PISM2_s3_expAE03.nc,0.471606186041057,0.0830305170179173,-1.0521002944442555,-0.765393433063172,-0.7030555312888651,-0.6092999496905591,-0.7520797018631544,-0.10507981215771145,-0.2749860343805176,0.2719512458965781,-0.8788898799023279,-0.3135021646690281,-0.055468949630487374,0.20755336722935952,-0.4768467017471567,-0.14491680152148703,-0.1935326839349915,-2.5462895910332186,-0.5255889872350983,-0.47252604966439593,-0.3901005170735433,-0.0586727622488703,-1.1234375746993068,-0.5132010635735926,-0.7702818390783273
expAE03,VUW_PISM2_s4,/Volumes/CrucialX8/computing/data/antarctica/ismip6_hackathon/ComputedScalarsHelene/expAE03/shelfmelt/computed_shelfmelt_AIS_VUW_PISM2_s4_expAE03.nc,0.41747738141079704,0.1543408724521096,-1.0692273993569064,-0.9587675209870046,-0.6177999360189842,-0.6285142888580455,-1.0319747004772917,-0.05416394475280706,-0.2626062293985588,0.2631264815951907,-0.835921925674643,-0.360728021891439,-0.05927375139501512,0.1827881328699833,-0.4775206879896401,-0.1729420962002174,-0.24698469328841938,-2.4568400020896863,-0.47250210722791974,-0.42534172497133693,-0.2887093408469168,-0.05673535825968501,-1.989176214069941,-0.49464535124623227,-0.7142922590374537
expAE04,DC_ISSM,/Volumes/CrucialX8/computing/data/antarctica/ismip6_hackathon/ComputedScalarsHelene/expAE04/shelfmelt/computed_shelfmelt_AIS_DC_ISSM_expAE04.nc,-0.3930946490857493,-0.12132239108204536,-0.13396513536787302,0.2161936240727662,-0.2663074684321868,-0.08275581385575262,-0.060942040733164754,-0.11320456868701578,-0.14429462719625313,-0.43017665369613073,-0.34265244215685986,-0.04823684351578482,-0.029021502370848218,-0.025899715245722044,-0.09470249386297824,-0.015388884677322003,-0.023077364225396718,-0.4071563907578074,-0.21390919968745892,-0.159392691506837,-0.21599696623179504,-0.22784536899645247,0.8672801226146255,-0.2226672820039034,-0.3464296773040676
expAE04,IGE_ElmerIce,/Volumes/CrucialX8/computing/data/antarctica/ismip6_hackathon/ComputedScalarsHelene/expAE04/shelfmelt/computed_shelfmelt_AIS_IGE_ElmerIce_expAE04.nc,0.5668315169592664,0.017057769657493893,0.3318274829455846,1.7418265362579914,-0.3317298229298704,-0.16111358298615833,-0.6655630229193484,-0.43535757367686223,0.10204777412707622,0.046453966241354006,-0.32765204842711393,-0.6661950873824235,-0.0792640186224271,0.019741901345704527,0.29267216336440166,0.5276627614546099,0.6208279719475088,0.15920917758027953,0.07311551121997473,0.1765836840468218,-0.07728484718762973,0.16609649922366487,1.795499655998309,-0.22234244323474284,-0.459285012424151
expAE04,ILTS_SICOPOLIS,/Volumes/CrucialX8/computing/data/antarctica/ismip6_hackathon/ComputedScalarsHelene/expAE04/shelfmelt/computed_shelfmelt_AIS_ILTS_SICOPOLIS_expAE04.nc,-0.8950343851759426,-0.20685771640439712,-0.17642919653134004,-0.5475545978498273,-0.6710040121584231,-0.12447858520688378,-0.13810888526170284,-0.09220692182246759,-0.21923354250766736,-0.6177761975789091,-0.6733751135728365,-0.11763919774631898,0.010463498793663817,-0.07787514048272359,-0.12678244143345685,-0.01686759817817124,-0.09365415868232077,-1.189505342007966,-0.4307345123629208,-0.3879706918314175,-0.36266979191571413,-0.682287950048343,-1.5407168918829646,-0.39444914427816974,-1.0627240677612486
expAE04,LSCE_GRISLI2,/Volumes/CrucialX8/computing/data/antarctica/ismip6_hackathon/ComputedScalarsHelene/expAE04/shelfmelt/computed_shelfmelt_AIS_LSCE_GRISLI2_expAE04.nc,-0.35822010901025186,-0.09683745017140448,-0.14881783309045227,-0.05558938844062056,-0.45366800287397,-0.06092059392607521,-0.08144930662920827,-0.10047910958167428,-0.19959130737137482,-0.24074092699937974,-0.4161843358303901,-0.04140233816732877,-0.06994239661676921,-0.0618812826424186,-0.06898389241092605,-0.08384499782103694,-0.13980298908808536,-0.5655850541970071,-0.2703459261581569,-0.23784840706974097,-0.1758173864320105,-0.41034503676787837,-0.5026971583185336,-0.19971501435125538,-0.42442634605982754
expAE04,LSCE_GRISLI,/Volumes/CrucialX8/computing/data/antarctica/ismip6_hackathon/ComputedScalarsHelene/expAE04/shelfmelt/computed_shelfmelt_AIS_LSCE_GRISLI_expAE04.nc,-0.33900973456616096,-0.10224730924160547,-0.13306048399179043,-0.1944774814520691,-0.45884922344007517,-0.06992633849349678,-0.08191734059329789,-0.07602761670255187,-0.21481908293769086,-0.2435708321008814,-0.4256672428584017,-0.04566532681527435,-0.03157481842272358,-0.06912202273403523,-0.10671639681326328,-0.09276614051966398,-0.12354350980851346,-0.6687789949177274,-0.25926896481528866,-0.2195881467269118,-0.17261270110917779,-0.278741470852219,-0.4989513938077643,-0.2253382038258887,-0.5826346875645328
expAE04,NCAR_CISM1,/Volumes/CrucialX8/computing/data/antarctica/ismip6_hackathon/ComputedScalarsHelene/expAE04/shelfmelt/computed_shelfmelt_AIS_NCAR_CISM1_expAE04.nc,0.2475007392451002,-0.1963938199711931,-0.3601703763431757,-1.0146351160648752,-0.6934303189604252,-0.19184699607461492,-0.13220789460843801,-0.0004155546424498492,-0.28579045780598,-0.5934265346634457,-0.9288225487826451,0.0712026605584439,0.10889454767793558,-0.20923656550793235,-0.056096688059332656,0.08418006155854493,-0.23846552310945576,0.3570641759127865,-0.2976525078763622,-0.3560152523349537,-0.32235736567191253,0.10411778593308685,-1.1643651247701374,-0.5289842470522962,-0.9039320749755118
expAE04,NCAR_CISM2,/Volumes/CrucialX8/computing/data/antarctica/ismip6_hackathon/ComputedScalarsHelene/expAE04/shelfmelt/computed_shelfmelt_AIS_NCAR_CISM2_expAE04.nc,-0.024524008938030195,-0.24011340371663537,-0.4131255885150117,-0.6333198100384507,-1.6154628873738677,-0.17053042616626324,-0.08816080168876822,-0.3314070962181199,-0.3510509326820792,-0.6360394996918868,-1.3044275495606494,-0.030196690101627816,0.049966392213375455,-0.11416639264730455,-0.11729424025997903,0.26406097988886923,-0.4546526013283566,0.09165717584431698,-0.5659163249203703,-0.8608379479906159,-0.4295490435640599,0.030120070632525753,0.44627491084106397,-0.43570868005658436,-1.6108435761218343
expAE04,NORCE_CISM2-MAR364-ERA-t1,/Volumes/CrucialX8/computing/data/antarctica/ismip6_hackathon/ComputedScalarsHelene/expAE04/shelfmelt/computed_shelfmelt_AIS_NORCE_CISM2-MAR364-ERA-t1_expAE04.nc,0.14351513991468734,-0.22320543501301543,-0.7907749526310768,-1.7627187143877396,-6.158991587532036,-0.40544939006453445,-0.4235155770139396,-1.035325111698073,-1.532736555060982,-0.7027727681137121,-3.389963043422623,-0.08542813687796219,0.20218853770121958,-0.3902386250680462,-0.15997534695738475,0.2565835210935215,-0.2002406157601162,-0.4123119900472342,-1.191663027799311,-2.5494875488400552,-0.7593297092173984,-0.2334198484341764,-1.519882001455465,-1.2805189125708543,-5.076949066938022
expAE04,NORCE_CISM3-MAR364-ERA-t1-local,/Volumes/CrucialX8/computing/data/antarctica/ismip6_hackathon/ComputedScalarsHelene/expAE04/shelfmelt/computed_shelfmelt_AIS_NORCE_CISM3-MAR364-ERA-t1-local_expAE04.nc,-0.030200022858806824,-0.03923751736956772,-0.06077067170976258,-0.11356368271175005,-0.24925811006252935,-0.03664385602180217,-0.014982380596065,-0.07151511996949483,-0.045709419120133016,-0.09992878215616392,-0.2641035165208078,0.0013865228447568559,0.10132349509267727,-0.04922097351806065,-0.011576767286028994,0.04409968975413166,0.11983786903001359,-0.07682605189231118,-0.0741327410595663,-0.11837321799265346,-0.0556048797975241,-0.04755586045817009,0.08363740610465537,-0.10437313486529443,-0.34884107578356205
expAE04,NORCE_CISM3-MAR364-ERA-t1-nonlocal,/Volumes/CrucialX8/computing/data/antarctica/ismip6_hackathon/ComputedScalarsHelene/expAE04/shelfmelt/computed_shelfmelt_AIS_NORCE_CISM3-MAR364-ERA-t1-nonlocal_expAE04.nc,0.004639260405898127,-0.06464730873389228,-0.09830654614091913,-0.24308017152179556,-0.1416616052172061,-0.053139690123974924,-0.016088187813473986,-0.10434862228158556,-0.07967759407804265,-0.14020619344806437,-0.16377804314305833,-0.0015099223141352286,0.1097038511694386,-0.04444459229506362,-0.002555274275888225,0.06185622977268779,0.05334817636359997,-0.03954985562092145,-0.06112814166368927,-0.09610229447913343,-0.050365742286802684,-0.02589418590310924,0.011462682260380164,-0.09836129522867545,-0.3497473818119009
expAE04,NORCE_CISM3-MAR364-ERA-t1,/Volumes/CrucialX8/computing/data/antarctica/ismip6_hackathon/ComputedScalarsHelene/expAE04/shelfmelt/computed_shelfmelt_AIS_NORCE_CISM3-MAR364-ERA-t1_expAE04.nc,0.049510556300603525,-0.05873036753311173,-0.17143214453435723,-0.4908246020864675,-1.308151649884101,-0.1283239671652157,-0.05818649131222145,-0.2487077979692294,-0.21508732684072107,-0.19403513278594875,-1.0881255920975026,0.019622627042453475,0.11838510254681742,-0.09652198034477685,-0.013923839441545377,0.08006274975399896,0.02191517396792096,-0.04906548335259436,-0.26538214854647074,-0.493379497850098,-0.18360039515861537,-0.03661476968119215,-0.4794653325193594,-0.3319015864643813,0.15931489317081216
expAE04,NORCE_CISM4-MAR364-ERA-t1-local,/Volumes/CrucialX8/computing/data/antarctica/ismip6_hackathon/ComputedScalarsHelene/expAE04/shelfmelt/computed_shelfmelt_AIS_NORCE_CISM4-MAR364-ERA-t1-local_expAE04.nc,0.026320356666550186,-0.004396707807596758,-0.012132378018928254,0.030512001990223143,-0.0354590034941953,-0.007845612416300298,0.03576732698965787,0.01993641767621336,0.006203880014126875,-0.030718848830092897,-0.0472792728148032,0.018079223961542358,0.033765659988290425,-0.002141793627766779,-0.0034380201383893486,0.014818803691852823,0.06572804405046123,0.03723920018290706,0.005751803069883085,-0.00275860905610692,0.0011954430637333494,0.033276184962021095,0.0165376049260728,-0.026727778259416572,-0.07833891946136909
expAE04,NORCE_CISM4-MAR364-ERA-t1-nonlocal,/Volumes/CrucialX8/computing/data/antarctica/ismip6_hackathon/ComputedScalarsHelene/expAE04/shelfmelt/computed_shelfmelt_AIS_NORCE_CISM4-MAR364-ERA-t1-nonlocal_expAE04.nc,0.027651780185733048,-0.008227290185124298,-0.011976298305220984,-0.055612486513180626,-0.015558944820355344,-0.011915736149012847,0.028415141805834803,0.013334214623229333,-0.0120032244088598,-0.046393900721081835,-0.03884171928482387,0.020924982123108633,0.03519540889483822,-0.007322740499212013,-0.0072927032665545295,0.010495043242741186,0.03134617002725745,0.028483350760776606,0.0017476963195725906,-0.002580343340676257,-0.0017907938787320443,0.022358595118791486,-0.04922517542614749,-0.027103868565526136,-0.10653917912842784
expAE04,NORCE_CISM4-MAR364-ERA-t1,/Volumes/CrucialX8/computing/data/antarctica/ismip6_hackathon/ComputedScalarsHelene/expAE04/shelfmelt/computed_shelfmelt_AIS_NORCE_CISM4-MAR364-ERA-t1_expAE04.nc,0.03099284747723027,-0.004948544867347552,-0.016658237634256418,-0.05272884421542785,-0.12860889159265135,-0.027218557494197465,0.0182698548706126,0.0029136418123062655,-0.07983163694741519,-0.05442492606198311,-0.10648597721445983,0.0159715816261732,0.034008355913278596,0.003856186561427312,-0.0015317137755699387,0.02158412507469396,0.08125215886205181,0.08026087440000611,-0.020495200983903616,-0.045749145986291775,-0.018757573179422726,0.0850137929776387,-0.18086232808883665,-0.062148076395824925,-0.13094644264704514
expAE04,NORCE_CISM4-MAR364-JRA-t1,/Volumes/CrucialX8/computing/data/antarctica/ismip6_hackathon/ComputedScalarsHelene/expAE04/shelfmelt/computed_shelfmelt_AIS_NORCE_CISM4-MAR364-JRA-t1_expAE04.nc,0.03097274212958868,-0.007065516460059885,-0.021496427958826864,-0.06792552777817526,-0.12462245960313537,-0.023475204339402977,0.01781073611677168,0.0014974448371683144,-0.0798164337360448,-0.04296265616257771,-0.11429226629112116,0.01787310229162239,0.0349786092575811,0.00022217035935242352,-0.002561941524234213,0.02223189815313062,0.08620133310234793,0.0826332498440393,-0.02037205866700091,-0.0462944254740468,-0.019102648092385162,0.09009756796170777,-0.18637701815264646,-0.05153586035257929,-0.14216357918872313
expAE04,NORCE_CISM5-MAR364-ERA-t1-local,/Volumes/CrucialX8/computing/data/antarctica/ismip6_hackathon/ComputedScalarsHelene/expAE04/shelfmelt/computed_shelfmelt_AIS_NORCE_CISM5-MAR364-ERA-t1-local_expAE04.nc,0.03190893351249521,8.277335075137539e-05,0.006228100644543556,0.027201008385009447,-0.011323399731461785,-0.004151123187081437,0.004617562395699137,0.00909617360197508,0.009182132440943222,-0.018937214066992333,-0.02240957005533468,0.020582467325725724,0.013352125878403643,0.007099171447599157,-0.0048405405172810955,0.015236129870182625,0.06424369183301261,0.04037922570443193,0.008359295031742455,0.006178942525933241,0.0005073216960057997,0.052029416250018126,0.05134639006417073,-0.01566067318322277,-0.02948953583291307
expAE04,NORCE_CISM5-MAR364-ERA-t1-nonlocal,/Volumes/CrucialX8/computing/data/antarctica/ismip6_hackathon/ComputedScalarsHelene/expAE04/shelfmelt/computed_shelfmelt_AIS_NORCE_CISM5-MAR364-ERA-t1-nonlocal_expAE04.nc,0.019065197090608,-0.003929446035755986,0.006760293087162717,-0.007746890847773795,2.1919246541324267e-05,-0.012609325510506648,0.0051987719908282845,0.02686220533219442,-0.0018350802806136636,-0.004972483803093959,-0.016583074414102048,0.02045710962608737,0.020303475120449586,0.006870306840139435,-0.002514636745969712,0.019013535179638143,0.04554514570308485,0.04324538424350369,0.009292268292555158,0.00414746650880219,0.0052459239373030715,0.042304852362145325,0.02830345787399499,-0.02384840911644889,-0.044416637497127626
expAE04,NORCE_CISM5-MAR364-ERA-t1,/Volumes/CrucialX8/computing/data/antarctica/ismip6_hackathon/ComputedScalarsHelene/expAE04/shelfmelt/computed_shelfmelt_AIS_NORCE_CISM5-MAR364-ERA-t1_expAE04.nc,0.007382183874815144,-0.005730005809842105,0.008430193936760661,0.04726289711616769,-0.012888656362990553,-0.018837328611943004,0.004961719491137143,0.024513667041585856,0.047254942358190194,-0.001974589307840175,-0.03118022530535048,0.020920379072038503,0.015106881913948133,0.009503616892614048,0.0010295222967191117,0.024694075366774603,0.060618743952426946,0.038834194818450254,0.012409569910942057,0.0012110541293732721,0.009986771391319128,0.04766214257067481,0.007432199004811027,-0.026119465472405963,-0.009787414007350795
expAE04,PIK_PISM,/Volumes/CrucialX8/computing/data/antarctica/ismip6_hackathon/ComputedScalarsHelene/expAE04/shelfmelt/computed_shelfmelt_AIS_PIK_PISM_expAE04.nc,0.6169844727036212,0.017457588531276935,0.4405599752699308,1.0076228406259018,-0.29515407721557796,-0.15171249280995724,-0.3569555725763257,-0.4489561108413329,-0.00410807481479436,0.17086496214911123,-0.1859667106299729,-1.0360254706937986,-0.00759509061004697,0.08511994818413571,0.6183864039275975,0.5400978740922929,0.29723251927720934,0.4137747774715586,0.06314105129399072,0.1555965014067453,-0.06718196160979245,0.40670905833484694,0.8319791406550869,-0.11101084471380707,-0.3869957562346966
expAE04,UCM_Yelmo,/Volumes/CrucialX8/computing/data/antarctica/ismip6_hackathon/ComputedScalarsHelene/expAE04/shelfmelt/computed_shelfmelt_AIS_UCM_Yelmo_expAE04.nc,-0.894942982023338,-0.0817038820013446,-0.6053467533212469,-0.5864354049941378,-0.15464359084780288,-0.03739329224288571,-0.05486830429690581,-0.17423838068888106,-0.019986120362800286,-0.6728001773853939,-0.08972705657195634,-0.0016789747746884034,-0.38355425952028016,-0.06862039396192762,-0.08458231330411067,0.03072311447452654,-0.7452865333604212,-1.7577256106096564,-0.30523463498117953,-0.27799305839090027,-0.18699179733724297,-0.9998196121827205,-1.7891494402096029,-0.2175059232441714,-0.544445083284275
expAE04,UCSD_ISSM,/Volumes/CrucialX8/computing/data/antarctica/ismip6_hackathon/ComputedScalarsHelene/expAE04/shelfmelt/computed_shelfmelt_AIS_UCSD_ISSM_expAE04.nc,0.6660958669196257,0.01031183212411834,0.1322727973261995,1.2673011048990648,0.019032269602297154,0.0012508273818918562,0.0034713158986079684,0.201392567810139,0.008472066815682675,0.004029364978250943,0.02887023076469246,-0.0016712967404895517,-0.0004125282778938387,-0.02187108361027229,0.006885899286313925,-0.015003049209266001,-0.009569457263515786,0.49286328208287633,0.1318656792436455,0.28856392399024705,0.01871849933834207,0.19641623507131523,1.3262459811530585,-0.0390411140682769,-0.15816516734439592
expAE04,ULB_fETISh-KoriBU1,/Volumes/CrucialX8/computing/data/antarctica/ismip6_hackathon/ComputedScalarsHelene/expAE04/shelfmelt/computed_shelfmelt_AIS_ULB_fETISh-KoriBU1_expAE04.nc,0.40646434201170345,-0.007324130463849408,0.1704318103259325,0.5077474012865684,-0.1465172448210012,-0.03526153372114591,0.03334961578166032,0.05769918752420311,0.032929040416018907,0.22186864497518727,-0.13552300024485053,0.0077415334591245735,0.025370922496555443,-0.04207344648927466,0.028173093240293184,0.07338697414816206,0.11077127739798877,0.21348000716647036,0.08035040882750613,0.09249063414655406,0.03567496937262274,0.16203652866866947,0.75496261830984,-0.08413839723842653,-0.13285304710464246
expAE04,ULB_fETISh-KoriBU2,/Volumes/CrucialX8/computing/data/antarctica/ismip6_hackathon/ComputedScalarsHelene/expAE04/shelfmelt/computed_shelfmelt_AIS_ULB_fETISh-KoriBU2_expAE04.nc,-0.0019091716287064908,-0.07754683689296152,0.032951455235508104,0.16819560134905043,-0.25676290478035013,-0.05323599065945957,-0.019952608270574032,0.013514788673182454,-0.1373375804739259,-0.20314277184949023,-0.28113534453439515,-0.0008353704523385921,0.011759537754289985,-0.01829091500450644,-0.05429665880609538,3.6622513874852436e-05,0.01930193513085894,0.06139608907857769,-0.06369254939287286,-0.08031458649068407,-0.08855994103092549,0.037820154434985806,0.431734941633487,-0.19696499181349342,-0.44386168511401103
expAE04,UNN_Ua,/Volumes/CrucialX8/computing/data/antarctica/ismip6_hackathon/ComputedScalarsHelene/expAE04/shelfmelt/computed_shelfmelt_AIS_UNN_Ua_expAE04.nc,-0.3171245048152699,-0.14429816664613584,-0.12716401053726678,0.8871110365876048,-0.699183811427614,-0.08622698680726597,-0.09246601777602165,0.0020292377116601923,-0.2481059093782233,-0.30876934760130564,-0.708347510353513,0.002261668213574458,0.11310504508324509,0.0601915023931211,-0.0775933081430408,-0.03148184841712587,-0.029386957442044663,-0.6407554102182025,-0.24771182180663798,-0.23375526171523686,-0.2501128092323986,-0.38723380475043173,0.6152419036305492,-0.2879425235317202,-0.7823097991539805
expAE04,UTAS_ElmerIce,/Volumes/CrucialX8/computing/data/antarctica/ismip6_hackathon/ComputedScalarsHelene/expAE04/shelfmelt/computed_shelfmelt_AIS_UTAS_ElmerIce_expAE04.nc,-0.39350095992403067,-0.22819351589043635,-0.23014470066601733,1.4150545001119996,-1.2760595255412035,-0.14077909299519217,-0.07105571355361628,-0.11710669662665651,-0.3550084463283504,-0.45670521162997196,-1.2201253377051793,-0.022221578071942305,0.005665744677455065,0.052638190822509756,-0.158797577193596,-0.11653270957143046,-0.3039259756851804,-0.854563882212863,-0.4901442377355598,-0.46319394918527235,-0.3956484879339015,-0.5793399478595356,0.9743239165305781,-0.5753048294873513,-1.4157414126499777
expAE04,VUB_AISMPALEO,/Volumes/CrucialX8/computing/data/antarctica/ismip6_hackathon/ComputedScalarsHelene/expAE04/shelfmelt/computed_shelfmelt_AIS_VUB_AISMPALEO_expAE04.nc,0.028453029692454015,-0.03914559972628651,-0.08507317258825084,0.1898640533232452,-0.30777611673737054,-0.04377659620043028,-0.0465969948041098,-0.05907150419119744,-0.07556653624016549,-0.09352210591374777,-0.28018544787223565,-0.013602724110660387,-0.002747298519149677,-0.002077291130003059,0.012273072866564712,-0.03464138231355561,-0.09064520972848832,-0.3274353812893329,-0.12046785231648788,-0.16831798631447412,-0.08910911660823767,-0.07399689150131458,0.17153599063150196,-0.11622921895340907,-0.442476624462292
expAE04,VUW_PISM1,/Volumes/CrucialX8/computing/data/antarctica/ismip6_hackathon/ComputedScalarsHelene/expAE04/shelfmelt/computed_shelfmelt_AIS_VUW_PISM1_expAE04.nc,-0.38144406101523687,-0.35374745253609174,-0.7222503310206588,-0.41347578863395884,0.3614942355700155,-0.3442608938678524,-0.7728601620844737,0.4881644253015347,-0.6325448477131622,0.3389875609224434,0.30840120536132964,-1.911760455560051,0.14637829122935153,0.3095986973969487,0.007801948079091292,-0.16385017779931466,-0.20813702661202643,-1.1544648438564702,0.08218344107955666,-0.17077748366559597,-0.1110511121674076,-0.24552346366031008,-0.5359244456631216,-0.3256010248173744,0.25739322576001
expAE04,VUW_PISM1_s1,/Volumes/CrucialX8/computing/data/antarctica/ismip6_hackathon/ComputedScalarsHelene/expAE04/shelfmelt/computed_shelfmelt_AIS_VUW_PISM1_s1_expAE04.nc,-0.466489234775161,-0.36047041857354556,-0.8479674509538923,-0.4137846924916604,0.2664888271252912,-0.3944731859703263,-0.8791252872186612,0.399326932955828,-0.6656279080312247,0.329878991178406,0.27579699157763593,-1.918433096582175,0.181528291953787,0.43585400290504706,0.01688400909377863,-0.20219769135464444,-0.20707425556976528,-1.1198783396537397,0.05320068148401924,-0.23585787474978837,-0.06476495756293632,-0.23120917907371175,-0.46034877214847736,-0.349906507582001,0.22495253973599816
expAE04,VUW_PISM1_s2,/Volumes/CrucialX8/computing/data/antarctica/ismip6_hackathon/ComputedScalarsHelene/expAE04/shelfmelt/computed_shelfmelt_AIS_VUW_PISM1_s2_expAE04.nc,-0.39665906752630564,-0.36128512210572256,-0.6246830356083014,-0.4055052952830469,0.477715580857599,-0.4090488665354941,-0.8144616957967221,0.3771842099522269,-0.6139552508987328,0.31016969093796465,0.2691852630781286,-1.4348406664933009,0.1507003144681447,0.29944778361249647,0.021244793752133395,-0.11451870815644966,-0.09305293366257938,-1.1091242929109566,0.11995061942447394,-0.1085878434226033,-0.09970942839224572,-0.2023725185665911,-0.5131329612494602,-0.3415276428225785,0.21463445622969002
expAE04,VUW_PISM1_s3,/Volumes/CrucialX8/computing/data/antarctica/ismip6_hackathon/ComputedScalarsHelene/expAE04/shelfmelt/computed_shelfmelt_AIS_VUW_PISM1_s3_expAE04.nc,-0.37533923593861585,-0.3896022078918252,-0.7037376975301961,-0.41090341965135035,0.1933202375798051,-0.39518384071099255,-0.8534123148823107,0.42148158644625555,-0.5403881659496814,0.3389875609224434,0.2985360546105089,-1.248940744480016,0.16008517132058242,0.4264332852655594,-0.011950007168219812,0.018238448701297927,-0.20813702661202643,-1.1381042855088386,0.07115812424189993,-0.2367405687530555,-0.09877070994838155,-0.23459535935795361,-0.4272150120059264,-0.38338658505125145,0.23909751199863694
expAE04,VUW_PISM1_s4,/Volumes/CrucialX8/computing/data/antarctica/ismip6_hackathon/ComputedScalarsHelene/expAE04/shelfmelt/computed_shelfmelt_AIS_VUW_PISM1_s4_expAE04.nc,-0.4106122678764972,-0.37000278713623236,-0.767570111332526,-0.44056359202948636,0.34923425036690525,-0.36939788915372773,-0.8122371383637359,0.5044815616461287,-0.6337881484492173,0.3389875609224434,0.2967006994819057,-1.600486196987947,0.13910223413817002,0.3559958072842251,0.01960655475115536,-0.0452879402802438,-0.20813702661202643,-1.1146826680016768,0.08730585605488228,-0.1921805321342409,-0.11117610876790995,-0.19980808750073442,-0.6380851053285554,-0.3433605463239399,0.24902515820679394
expAE04,VUW_PISM2,/Volumes/CrucialX8/computing/data/antarctica/ismip6_hackathon/ComputedScalarsHelene/expAE04/shelfmelt/computed_shelfmelt_AIS_VUW_PISM2_expAE04.nc,-0.5201367879212847,-0.33307565413177176,-0.6660462716654334,-0.6791255429432594,-0.015677617215853257,-0.41428000998327796,-0.7638552223380518,0.4428548012504494,-0.5515326837366207,0.6313796176485275,0.39191720702206756,-1.0320486867682133,0.00581313869159894,0.35724475339908224,-0.03884695494095036,-0.30217117262669946,-0.25558351626547726,-1.0998003438196098,-0.007657452907807172,-0.34031594448312985,0.004099392252045253,-0.17580360460811795,-0.7210467194575965,-0.3099207709854464,0.3008495729033731
expAE04,VUW_PISM2_s1,/Volumes/CrucialX8/computing/data/antarctica/ismip6_hackathon/ComputedScalarsHelene/expAE04/shelfmelt/computed_shelfmelt_AIS_VUW_PISM2_s1_expAE04.nc,-0.5466126119272134,-0.33173644759438153,-0.6892646568928834,-0.6062658194451016,-0.13233240918388134,-0.4209819937543929,-0.8596872770526169,0.4308949180496717,-0.6259491771274743,0.658193034284474,0.3610906455621117,-1.066659133500752,0.003208870205263281,0.44085624106886323,-0.06503621584097707,-0.30747739103412897,-0.348623949180871,-1.1081146732135865,-0.04814421824491144,-0.3937601997540139,0.013500622928687922,-0.17817851378094307,-0.7771614877412447,-0.3031938252909696,0.26514495430918106
expAE04,VUW_PISM2_s2,/Volumes/CrucialX8/computing/data/antarctica/ismip6_hackathon/ComputedScalarsHelene/expAE04/shelfmelt/computed_shelfmelt_AIS_VUW_PISM2_s2_expAE04.nc,-0.48121585891050445,-0.3392267973993927,-0.6441211375045607,-0.5075229500140568,0.07012364902342094,-0.41912090690268267,-0.7400553280475546,0.4063559564276926,-0.5739977376869373,0.5943509481775829,0.4027456355204262,-1.1459278859517699,0.027603488970024292,0.3581921716836818,-0.05252384173134694,-0.2622551428807167,-0.27112091993114157,-1.0754846324636103,0.033093652057915146,-0.2957203646147075,-0.0051867696225222915,-0.14613273291886997,-0.778724980743025,-0.3116936915365927,0.3041494156188391
expAE04,VUW_PISM2_s3,/Volumes/CrucialX8/computing/data/antarctica/ismip6_hackathon/ComputedScalarsHelene/expAE04/shelfmelt/computed_shelfmelt_AIS_VUW_PISM2_s3_expAE04.nc,-0.42771490955188673,-0.369786495822388,-0.6806422967640363,-0.6442875920127717,-0.05780112855671904,-0.42522888823656035,-0.9294045412755644,0.41098370408374696,-0.556047200529961,0.6260970538879864,0.35319664958307984,-1.0979976975899208,0.02623469634671094,0.3835188368810297,-0.08845981911172729,-0.31722231795154626,-0.271505292172778,-1.0628077134632847,-0.024442181002335084,-0.3576335643346378,-0.006012106128225669,-0.23819333886111826,-0.6870120603868166,-0.3501989346245205,0.24376404413973107
expAE04,VUW_PISM2_s4,/Volumes/CrucialX8/computing/data/antarctica/ismip6_hackathon/ComputedScalarsHelene/expAE04/shelfmelt/computed_shelfmelt_AIS_VUW_PISM2_s4_expAE04.nc,-0.4921016070833091,-0.33382579940374724,-0.6680043345158923,-0.6408139675411142,-0.031472621660639355,-0.4191363435704747,-0.915664401027707,0.4138541057114644,-0.606872571187842,0.3013210761277248,0.37054569907202994,-1.2563458072640088,0.01702177288965423,0.4316824679115733,-0.05014783401354328,-0.017297337915478495,-0.271505292172778,-1.0882888766267182,-0.007932235594873216,-0.34224988730793715,0.31989065848097786,-0.18212583398837334,-0.8959329876150117,-0.30389298738749915,0.2748615476912084
expAE05,DC_ISSM,/Volumes/CrucialX8/computing/data/antarctica/ismip6_hackathon/ComputedScalarsHelene/expAE05/shelfmelt/computed_shelfmelt_AIS_DC_ISSM_expAE05.nc,-0.1900382149059759,-0.15166920769493686,-0.1493270223549562,0.3297747140132159,-0.05512686433342245,-0.12044751147150361,-0.026592123112656796,0.14682319784653683,-0.07248829186218364,-0.09854623592448876,-0.04967025495473123,-0.008311510250275003,0.03180022108265701,0.024241663239665895,-0.0268194685641878,-0.02408728225548442,-0.0903369824431269,-0.061121293514345976,-0.07308858591449216,-0.06187496041049234,-0.05696322441144816,-0.04826408102147656,0.8704881373331059,-0.21982329005248996,-0.15390607569386294
expAE05,IGE_ElmerIce,/Volumes/CrucialX8/computing/data/antarctica/ismip6_hackathon/ComputedScalarsHelene/expAE05/shelfmelt/computed_shelfmelt_AIS_IGE_ElmerIce_expAE05.nc,-0.4450568795495462,-0.010849294906771667,-0.073401810505904,1.0552547933219432,0.11235801145450736,-0.38791604178839945,-0.3780704351212574,0.6802139131572742,-0.8082330631166323,0.29124609825739955,0.09900811966949943,-0.11521527219953218,-0.3350553362066607,-0.20768525205584398,0.2942696465649432,-0.09534058539713802,-0.12112318930785004,1.1408716456128993,0.031577432912729186,0.43125820921631663,-0.27387815868918597,-0.6040879743702778,2.3272719697022617,-0.19172859641430084,-0.1750630069050918
expAE05,ILTS_SICOPOLIS,/Volumes/CrucialX8/computing/data/antarctica/ismip6_hackathon/ComputedScalarsHelene/expAE05/shelfmelt/computed_shelfmelt_AIS_ILTS_SICOPOLIS_expAE05.nc,-0.6529281568950007,-0.2894829698200442,-0.07259785481620484,-0.05732420181032083,-0.07449577947906832,-0.17890835154393306,-0.05314120495256175,0.2125394359569762,-0.10627617351911844,-0.1852187366409614,-0.06729797981988654,0.004061100206508156,0.1306213511432176,0.0416042509468878,-0.036721946166940175,-0.02757939850174966,-0.10796647363911882,-0.5069983324188218,-0.12949864577321496,-0.13779610888633254,-0.07683308778638281,-0.09108412012288203,-1.6141902962390748,-0.4126872744909248,-0.3107458383059567
expAE05,LSCE_GRISLI2,/Volumes/CrucialX8/computing/data/antarctica/ismip6_hackathon/ComputedScalarsHelene/expAE05/shelfmelt/computed_shelfmelt_AIS_LSCE_GRISLI2_expAE05.nc,-0.20208467089907073,-0.15619032358107807,-0.22340733460257217,-0.08035479701134252,-0.05504413991441052,-0.10071131238623579,-0.05132219222592835,0.05414655660348916,-0.10562027148072839,-0.11749853980590456,-0.05158548505608257,-0.02915967413066873,0.022760890727663435,-0.0019286072643918684,-0.02713049647196155,-0.03903482396006372,-0.13295172657142038,-0.32461282448448414,-0.07449267564539289,-0.05419716137756567,-0.05108986169125031,-0.16295341308096356,-0.5145683770618272,-0.29676690710707804,-0.10068583946408352
expAE05,LSCE_GRISLI,/Volumes/CrucialX8/computing/data/antarctica/ismip6_hackathon/ComputedScalarsHelene/expAE05/shelfmelt/computed_shelfmelt_AIS_LSCE_GRISLI_expAE05.nc,-0.1850179597334257,-0.19810624369527738,-0.1758437736037407,-0.17122909888462035,-0.05903687817053514,-0.12582327187837444,-0.04894102651441701,0.06169744402298509,-0.1166358152084267,-0.11110759100031138,-0.05383637069246659,-0.028086934211632456,0.04200763666135483,-0.0011080995446696718,-0.02409009575354574,-0.0348792774756766,-0.12366635354046626,-0.2774507574071642,-0.09814070131784008,-0.09483406637893974,-0.05676441126262993,-0.1486629825299241,-0.6598022849642526,-0.19343595338437738,-0.10734883995786576
expAE05,NCAR_CISM1,/Volumes/CrucialX8/computing/data/antarctica/ismip6_hackathon/ComputedScalarsHelene/expAE05/shelfmelt/computed_shelfmelt_AIS_NCAR_CISM1_expAE05.nc,0.1571653655263321,-0.26728657613840445,-0.2542014843525138,-1.321003011728529,-0.09997688095645534,-0.24001299817944308,-0.1058696587643159,0.00010196154644901955,-0.24439475229893515,-0.1519551877418265,-0.1031809876069818,0.16815032698160054,0.11511958369285442,-0.07702006248098235,0.00260336130109437,0.013716321747555701,-0.13824811480216725,0.11935485055587713,-0.13320036293618936,-0.1650510549743538,-0.1316016861924672,0.0404500485415652,-1.005796584165121,-0.5813105339126504,-0.36691714012009324
expAE05,NCAR_CISM2,/Volumes/CrucialX8/computing/data/antarctica/ismip6_hackathon/ComputedScalarsHelene/expAE05/shelfmelt/computed_shelfmelt_AIS_NCAR_CISM2_expAE05.nc,0.08546910863453427,-0.3496659472801762,0.2253028799188579,-0.9737919342365393,-0.2998490412719057,-0.4342018822372777,-0.09744370114906731,0.1941565860177901,-0.3248537635477349,-0.31299657283510957,-0.26934713974205926,0.06221680599279944,0.1054288760681145,-0.15600386523046172,0.004290408546110125,0.10727141871201695,-0.16872294667665183,0.03139964844253518,-0.3023029746703979,-0.21596030677609912,-0.2800261710656095,-0.06328201508800713,0.09188993307806737,-0.46984195327904243,-0.6661257433353012
expAE05,NORCE_CISM2-MAR364-ERA-t1,/Volumes/CrucialX8/computing/data/antarctica/ismip6_hackathon/ComputedScalarsHelene/expAE05/shelfmelt/computed_shelfmelt_AIS_NORCE_CISM2-MAR364-ERA-t1_expAE05.nc,0.09886457242897195,-0.5479427134823263,-0.6220293807953332,-0.9419665552314738,-0.10737438546869038,-0.8021447196735272,-0.2592860664695996,-0.052442602367132884,-0.6323218761683385,-0.1591926015086452,-0.08827693833632089,0.09386875798708247,0.17939855451087727,-0.13582905554003638,-0.013769789526042742,0.10629059919235262,-0.18801606515534078,-0.07089616884774952,-0.29519006587804847,-0.37855469802874353,-0.21462061282481582,-0.012446604942681017,-1.3980956681680317,-0.8991231239604862,-0.7219160847424679
expAE05,NORCE_CISM3-MAR364-ERA-t1-local,/Volumes/CrucialX8/computing/data/antarctica/ismip6_hackathon/ComputedScalarsHelene/expAE05/shelfmelt/computed_shelfmelt_AIS_NORCE_CISM3-MAR364-ERA-t1-local_expAE05.nc,0.0021141763853169404,-0.07196577813663724,-0.09285937840786634,-0.09786210392685862,-0.049247933850074595,-0.05854197057901027,0.0006375977561689783,-0.002821026217299946,-0.14382632930533662,-0.03051585156271662,-0.03910297105022005,0.02290579002649002,0.09725535108623645,-0.013744159205749382,0.0020253133700564446,0.030105548491027177,0.0066321522588480425,-0.06541663756363547,-0.04025270962964109,-0.05257706600274023,-0.03411394367197637,-0.03905160947981262,0.08144110472952981,-0.10236676050437099,-0.13926331089692368
expAE05,NORCE_CISM3-MAR364-ERA-t1-nonlocal,/Volumes/CrucialX8/computing/data/antarctica/ismip6_hackathon/ComputedScalarsHelene/expAE05/shelfmelt/computed_shelfmelt_AIS_NORCE_CISM3-MAR364-ERA-t1-nonlocal_expAE05.nc,-0.004779037351166915,-0.059778350326811586,-0.09712689004257824,-0.1730840247520189,-0.026262632333348794,-0.03482059774557407,0.015823300338181454,-0.005062961769280588,-0.08167839772731336,-0.03784377300365957,-0.020738257821061805,0.026515617486975,0.10552834565732516,-0.016663503570890525,0.00318519723919522,0.022078862751194528,-0.05046012496043667,-0.1321233616424565,-0.025888494182985278,-0.04255590718361177,-0.015527381173344235,-0.057936522199393395,-1.7546018389380524e-05,-0.2842377495350181,-0.11077514898489366
expAE05,NORCE_CISM3-MAR364-ERA-t1,/Volumes/CrucialX8/computing/data/antarctica/ismip6_hackathon/ComputedScalarsHelene/expAE05/shelfmelt/computed_shelfmelt_AIS_NORCE_CISM3-MAR364-ERA-t1_expAE05.nc,0.014052901035539689,-0.12160198547589751,-0.10061829028197322,-0.3715202295195851,-0.04245711805613418,-0.29612538692203055,0.022685491940135638,-0.013921151914554251,-0.11074354865998515,-0.0510158784827873,-0.0376632400453284,0.05796360386851231,0.11846060726852542,-0.03580739679959774,0.006025808325148055,0.0515535399478196,-0.06209779250538934,0.0009851777777265813,-0.05965076615250825,-0.08607773660963841,-0.04317741502737352,-0.06828895368434917,-0.5010926655607402,-0.4264943148832214,-0.3266428654256357
expAE05,NORCE_CISM4-MAR364-ERA-t1-local,/Volumes/CrucialX8/computing/data/antarctica/ismip6_hackathon/ComputedScalarsHelene/expAE05/shelfmelt/computed_shelfmelt_AIS_NORCE_CISM4-MAR364-ERA-t1-local_expAE05.nc,0.025941060296972497,-0.008143247257570374,-0.002972560723150483,0.03532914694057432,-0.009594584851756875,-0.014378198575293821,0.04491285057692299,0.021503278204304924,-0.02808313595075501,-0.006429029510254137,-0.007997299038937155,0.020163816772268018,0.03063791862630768,0.004765676734414401,0.001425224090714339,0.010734431572411747,0.01670455693609904,-0.029371469775669498,0.006026035160308564,0.005245622695881538,0.0013690174199223366,0.001876735240774266,-0.013269019434196283,-0.04501213151500931,-0.0319744164966993
expAE05,NORCE_CISM4-MAR364-ERA-t1-nonlocal,/Volumes/CrucialX8/computing/data/antarctica/ismip6_hackathon/ComputedScalarsHelene/expAE05/shelfmelt/computed_shelfmelt_AIS_NORCE_CISM4-MAR364-ERA-t1-nonlocal_expAE05.nc,0.025028139549719358,-0.008801930646575376,-0.009165555612598436,-0.02458558898301212,-0.005722172692336992,-0.010906869560804635,0.03727587101323987,0.019754486819932474,-0.012507883292592989,-0.006087730087665709,-0.003951022125497567,0.026947445357243666,0.032169459762737836,0.002713803568998488,0.00025001213477597074,0.009084925296978734,-0.014534116784763872,-0.013105250568546306,0.005371130578525084,0.0014944214351268331,0.0058172255314998325,-0.013969726775182552,-0.09136678342821175,-0.05814167414147341,-0.02127409216240818
expAE05,NORCE_CISM4-MAR364-ERA-t1,/Volumes/CrucialX8/computing/data/antarctica/ismip6_hackathon/ComputedScalarsHelene/expAE05/shelfmelt/computed_shelfmelt_AIS_NORCE_CISM4-MAR364-ERA-t1_expAE05.nc,0.025478512587570973,-0.018850952952000313,-0.0270151528509269,-0.02474024717881687,-0.008060114371240665,-0.02894019182970939,0.03237356774173759,0.011278476433378717,-0.05031034683990315,-0.006765757409129214,-0.009724139908995236,0.024450665025437322,0.03128732939198006,0.007081839902310129,0.001703557129686917,0.01384551883743253,-0.014732243043936645,0.02537773839758565,-0.002275788697445248,-0.004117427884701701,-0.00991423856126468,-0.01609794887651369,-0.23707573349934513,-0.05935540135222947,-0.06564491109247611
expAE05,NORCE_CISM4-MAR364-JRA-t1,/Volumes/CrucialX8/computing/data/antarctica/ismip6_hackathon/ComputedScalarsHelene/expAE05/shelfmelt/computed_shelfmelt_AIS_NORCE_CISM4-MAR364-JRA-t1_expAE05.nc,0.02601808285296154,-0.017090933599674882,-0.02382724863657855,-0.02591106071730344,-0.008285506044882538,-0.030089060264654757,0.031857177348963844,0.011452815948137164,-0.05903618567927846,-0.005862706519478083,-0.008220513297486605,0.025172980853499345,0.031702367108222065,0.0007375691638769992,0.001722593251900613,0.014961985701276877,-0.009064681119675462,0.028639720166839647,-0.0036569441909327163,-0.0032689780110424574,-0.012404440188624792,-0.013694240628446992,-0.24380673335719014,-0.06979687526621409,-0.05882274206844321
expAE05,NORCE_CISM5-MAR364-ERA-t1-local,/Volumes/CrucialX8/computing/data/antarctica/ismip6_hackathon/ComputedScalarsHelene/expAE05/shelfmelt/computed_shelfmelt_AIS_NORCE_CISM5-MAR364-ERA-t1-local_expAE05.nc,0.026362722548277994,-0.004311163592230924,0.014251488037819745,0.07140323899824427,-0.003394442448776865,-0.01092440526907412,0.005390941547181349,0.01458827769676768,-0.004412344778195326,-0.0027451022242661726,-0.0009751636911799677,0.022618815600963814,0.009297930634934419,0.009630065329875332,0.0013094950845259738,0.012138007342761126,0.01806614557003134,0.04013059310170497,0.011892755560617835,0.013609750523696692,0.0010174168797526667,0.02344915363310674,0.03596127342871874,-0.01566217510758975,-0.014587267353524454
expAE05,NORCE_CISM5-MAR364-ERA-t1-nonlocal,/Volumes/CrucialX8/computing/data/antarctica/ismip6_hackathon/ComputedScalarsHelene/expAE05/shelfmelt/computed_shelfmelt_AIS_NORCE_CISM5-MAR364-ERA-t1-nonlocal_expAE05.nc,0.011531605012404252,-0.010563095494432326,0.015963515414675267,0.02635423779117676,-0.0025238245085745003,-0.01956028901087899,0.005554731718722205,0.01806113601223066,0.0006899613420242225,-0.002402796021920118,-0.0007015131902101501,0.023486453779015613,0.018450587052994304,0.008505405202592652,0.0012497347282130209,0.010320263997367657,-0.029070356106304006,0.025891399869754174,0.007691596785005738,0.004547957017648142,0.004274646788916637,-0.01608711132246441,0.008267432328981236,-0.01753873224463795,-0.010056955849447796
expAE05,NORCE_CISM5-MAR364-ERA-t1,/Volumes/CrucialX8/computing/data/antarctica/ismip6_hackathon/ComputedScalarsHelene/expAE05/shelfmelt/computed_shelfmelt_AIS_NORCE_CISM5-MAR364-ERA-t1_expAE05.nc,0.00883078368219134,-0.009296698214003779,0.014421620178870885,0.05513995605026928,-0.0010493389986567297,-0.04085127117282311,0.005439984962405711,0.02109237903846229,0.0117024526182435,-0.00027781089252077807,-0.0014408157019324321,0.023302972754142174,0.014315304991631105,0.01000062096572752,0.0018892885317497378,0.016538289658909838,-0.01229440378921394,0.033617088643659636,0.010071942148261914,0.007140011804082606,0.0021720690275821852,-0.0028782961425233636,0.013311200297985215,-0.02109559597702069,-0.014002756507460301
expAE05,PIK_PISM,/Volumes/CrucialX8/computing/data/antarctica/ismip6_hackathon/ComputedScalarsHelene/expAE05/shelfmelt/computed_shelfmelt_AIS_PIK_PISM_expAE05.nc,0.617193118625299,-0.11255391032002154,0.9733873678910319,0.4310536494849183,0.07307995372304879,-0.1487832945893951,-0.16510371487238484,0.2116367544116149,0.04623237578492989,-0.014149064996254512,0.06683760966865628,0.10389801274917809,-0.029609341529661527,-0.15137760053410548,0.20316898956615087,-0.10364603031420305,0.02645020868189016,0.2181803858040651,0.10845091836363657,0.24318209468405338,0.05568204313852715,-0.014816941696782215,1.202464480220112,-0.06431050015144502,-0.21560960293500187
expAE05,UCM_Yelmo,/Volumes/CrucialX8/computing/data/antarctica/ismip6_hackathon/ComputedScalarsHelene/expAE05/shelfmelt/computed_shelfmelt_AIS_UCM_Yelmo_expAE05.nc,-0.3945796898761539,-0.05378056229073888,-0.39050964462272436,-0.27993803796669303,-0.033411148631196076,-0.029566768954031333,0.07134148269530889,-0.008110006209161552,-0.0564294779957043,-0.0455722019132128,-0.040412396152743134,0.039308551802209074,0.051676637617848006,0.008706269064695876,0.0003586939655764454,-0.007114502154464568,0.3957820065543438,-0.19027013765070025,-0.16110234668168916,-0.15428985999941214,-0.05058416998293655,0.09618488343530544,-1.2010742010103614,-0.09635909283726057,-0.04823149249842262
expAE05,UCSD_ISSM,/Volumes/CrucialX8/computing/data/antarctica/ismip6_hackathon/ComputedScalarsHelene/expAE05/shelfmelt/computed_shelfmelt_AIS_UCSD_ISSM_expAE05.nc,0.5966291296132804,0.0007707734242779207,0.03144207125704257,0.5570558809270136,0.05611610851364552,-0.018212437707571943,-0.044515289674910474,0.04699847199109419,-0.03883348206103768,-0.004264596879666106,0.05789955865382177,-0.0003408775497149748,0.0025698094208308265,-0.004322403189613255,0.0051620801434222735,-0.0028025929437591073,0.000877069591737487,0.3616301346465254,0.05728134225159082,0.20146241106928503,-0.012406392340185882,0.11254197239696345,1.5277899509819755,-0.387182428410449,-0.022755948383243546
expAE05,ULB_fETISh-KoriBU1,/Volumes/CrucialX8/computing/data/antarctica/ismip6_hackathon/ComputedScalarsHelene/expAE05/shelfmelt/computed_shelfmelt_AIS_ULB_fETISh-KoriBU1_expAE05.nc,0.44791692568770325,0.007403027011326779,0.1953626036597574,0.4282735264145337,0.012165782424905118,-0.06371627680670602,-0.06592176731497396,0.03132200405392137,-0.15215230350543746,0.15452751526154554,0.011024924973451465,0.06186966601922511,0.030989851485775953,-0.049346909102228984,0.012773678639946204,0.05860348837740201,-0.06421461101589446,0.2136265229364495,0.0844879548916336,0.1798415316259294,-0.002856048754769358,0.0009370629422259802,0.7752309881773816,-0.061561658937129726,-0.058214151414405974
expAE05,ULB_fETISh-KoriBU2,/Volumes/CrucialX8/computing/data/antarctica/ismip6_hackathon/ComputedScalarsHelene/expAE05/shelfmelt/computed_shelfmelt_AIS_ULB_fETISh-KoriBU2_expAE05.nc,0.04530729906732511,-0.10003402782285789,0.016700526428916063,0.22501354243901206,-0.020964788619573377,-0.05499461227210915,-0.016435257698648426,0.06754913068970465,-0.09579231920673154,-0.027552365484636965,-0.01848685781377442,0.016036145259556173,0.024141185693269066,0.012530330536451306,-0.003870509858418629,-0.022949275089088353,0.01855028059319986,-0.08621866944149664,0.0015261905981649448,0.04916488187988577,-0.027465127336768924,0.062429714907302564,0.09899332772860969,-0.2641124721303235,-0.12152030647563583
expAE05,UNN_Ua,/Volumes/CrucialX8/computing/data/antarctica/ismip6_hackathon/ComputedScalarsHelene/expAE05/shelfmelt/computed_shelfmelt_AIS_UNN_Ua_expAE05.nc,-0.10538914668158583,-0.2269750236707062,0.06892600462834009,0.8636723478938507,-0.1113871323025698,-0.17990484115018993,-0.07109671969562592,0.2795439527661867,-0.21289597970413454,-0.12599282154281946,-0.10036105831810858,-0.04027894433471389,0.12170427212544505,0.07423650319284067,-0.018829828464752695,-0.018553693495708498,-0.032342009080297066,-0.14290681186679322,-0.04794732442273225,0.04589795034385824,-0.12647862439805926,-0.09785918351610376,0.7923923908695907,-0.38747707626396755,-0.2643053654857026
expAE05,UTAS_ElmerIce,/Volumes/CrucialX8/computing/data/antarctica/ismip6_hackathon/ComputedScalarsHelene/expAE05/shelfmelt/computed_shelfmelt_AIS_UTAS_ElmerIce_expAE05.nc,-0.23306198652558696,-0.27034697889555925,-0.17513714964327476,1.4756350578755075,-0.1161980009109536,-0.24967496643584858,0.11945594212122546,0.4929906752006353,-0.17923210076805773,-0.058981398207242575,-0.10368289951917578,0.06776178200531884,0.11778847629237513,0.08224328962335148,0.002621336669952401,-0.011940577404846418,-0.09785130224869362,-0.1497503920094383,-0.12232072898856661,0.013237299946873615,-0.11889162236865791,0.017028679815356218,1.258751891780375,-0.46745378695018147,-0.47322839487678703
expAE05,VUB_AISMPALEO,/Volumes/CrucialX8/computing/data/antarctica/ismip6_hackathon/ComputedScalarsHelene/expAE05/shelfmelt/computed_shelfmelt_AIS_VUB_AISMPALEO_expAE05.nc,-0.08764295167568256,-0.059677504422394834,-0.09485242267037569,-0.5734113643230054,-0.02560489005716493,-0.07849051704379695,-0.044461957388066096,-0.06056166221767194,-0.016560421622510507,-0.024034477033828702,-0.021065025855108697,-0.0036160984997903444,0.010218067460359238,-0.029418476443327478,0.01255918883634324,-0.0017445887166133017,-0.13106652014660236,1.1613163913028457,-0.036150047226565805,-0.046901659807150296,-0.029059860613838504,-0.07284406422422691,-0.5494664232631583,-0.12839358807932302,-0.11725735853630309
expAE05,VUW_PISM1,/Volumes/CrucialX8/computing/data/antarctica/ismip6_hackathon/ComputedScalarsHelene/expAE05/shelfmelt/computed_shelfmelt_AIS_VUW_PISM1_expAE05.nc,-1.0125032367591285,-0.4770058663577501,-1.5208251686816847,-2.106063639431477,-0.5302388230621473,-0.3311208538699661,0.6079707898807816,-0.10392687895660169,-0.7558140968931624,0.10379767098802634,-0.5111306564062242,-1.2375087117257,-0.6717787203565927,0.045503969707708425,-0.3360505461940039,-0.6850860244739113,-1.1301618204758874,-3.5819096673607462,-0.5507676432784954,-0.45322502431814604,-0.2932494457201108,-1.5017765649569104,-0.7682012256584736,-0.47603358007758734,-0.7013639903047799
expAE05,VUW_PISM1_s1,/Volumes/CrucialX8/computing/data/antarctica/ismip6_hackathon/ComputedScalarsHelene/expAE05/shelfmelt/computed_shelfmelt_AIS_VUW_PISM1_s1_expAE05.nc,-1.1109982171247479,0.1163420780059653,-1.5755545734644998,-2.2571191319589077,-0.5367648505795722,-0.36333913158367376,0.32602403135821256,-0.2156307363507266,-0.7827495760830785,0.12788594151430888,-0.5149411154369476,-1.4973850494423373,-0.7340256818781931,0.056855256074424265,-0.3375531280697843,-0.5945871940811895,-1.1482353556108813,-3.817684020881761,-0.5895567599632591,-0.4891677354408285,-0.31985664991228785,-1.568611357624182,-1.2224138586432765,-0.044901086590273365,-0.6833407567593726
expAE05,VUW_PISM1_s2,/Volumes/CrucialX8/computing/data/antarctica/ismip6_hackathon/ComputedScalarsHelene/expAE05/shelfmelt/computed_shelfmelt_AIS_VUW_PISM1_s2_expAE05.nc,-0.7465788981106551,-0.4889200841459102,-1.5200305195819037,-2.0004548771005632,-0.5247014915165633,-0.3255638904779805,0.8643895292713735,-0.17353616334114697,-0.7756306682781255,0.057656363002289546,-0.5056721808634463,-1.4240774155442188,-0.6974267984227107,0.05400883189111516,-0.3417933766954697,-0.6408705159000512,-1.1406270001568686,-2.7560429969228126,-0.5621869642253747,-0.47090837451382395,-0.3053777350089893,-1.600102033085079,-0.7389956501461215,-0.4830299905572556,-0.6786120192871696
expAE05,VUW_PISM1_s3,/Volumes/CrucialX8/computing/data/antarctica/ismip6_hackathon/ComputedScalarsHelene/expAE05/shelfmelt/computed_shelfmelt_AIS_VUW_PISM1_s3_expAE05.nc,-0.5857576657856689,-0.4706199115623246,-1.4641158310948055,-2.2887959466071526,-0.560881954234511,-0.3320900739300745,0.6641515553523287,-0.20650550192767292,-0.7715193248349007,0.09257701302380672,-0.5245610782636422,-1.1853368015007648,-0.6338602652567612,0.06516510192237146,-0.34825507990403437,-0.6851344292547425,-1.130521436918003,-2.715891912684569,-0.6158140167782781,-0.5173138790567958,-0.3234948751958917,-1.5015220977280355,-0.9462410939626693,-0.46417833436903466,-0.7052460108571346
expAE05,VUW_PISM1_s4,/Volumes/CrucialX8/computing/data/antarctica/ismip6_hackathon/ComputedScalarsHelene/expAE05/shelfmelt/computed_shelfmelt_AIS_VUW_PISM1_s4_expAE05.nc,-0.9860879801428983,-0.4985656186121717,-1.5906263837650905,-2.2276599631256637,-0.5342419645717023,-0.33123446946587676,0.7926937317305093,-0.10954272400483256,-0.7648427050194727,0.09392760378116222,-0.5109679932597152,-1.3865205599152737,-0.6998203821294328,0.07505035617104971,-0.335738445606272,-0.6859816412866456,-1.1252416465908077,-2.663525711121497,-0.5611759695793207,-0.4661021958323892,-0.28836961425977053,-1.497225994643374,-0.7916665714230451,-0.4930550078444508,-0.7085092240517565
expAE05,VUW_PISM2,/Volumes/CrucialX8/computing/data/antarctica/ismip6_hackathon/ComputedScalarsHelene/expAE05/shelfmelt/computed_shelfmelt_AIS_VUW_PISM2_expAE05.nc,-1.6562887947979055,0.27753650103780936,-1.5271997336817535,-2.122599433968272,-0.4915273046624906,-0.2065804096166987,0.8323243234041027,-0.06244284918221732,-0.7774708151674387,0.07812209561071232,-0.4844495645841877,-1.1924078885111298,-0.629916928194718,0.14733464186367157,-0.33041861411805895,-0.5247367754972652,-1.043415657747969,-3.571786135642559,-0.5026940132404851,-0.426132341211254,-0.24381738756761495,-1.473467382030103,-1.3781173069949144,0.12089195950128528,-0.6121072673894845
expAE05,VUW_PISM2_s1,/Volumes/CrucialX8/computing/data/antarctica/ismip6_hackathon/ComputedScalarsHelene/expAE05/shelfmelt/computed_shelfmelt_AIS_VUW_PISM2_s1_expAE05.nc,-1.571664591573379,0.2536416262063427,-1.5258077100845353,-2.1334281991309494,-0.5026510190717188,-0.2131988046841517,0.10327683394087783,-0.15973407002519568,-0.7775317494260664,0.09592516138905566,-0.48619555366527445,-1.1036123294718638,-0.6089933621374044,0.08247155806093781,-0.3325686954784327,-0.5207309479570037,-0.9080755256085814,-3.612266555045139,-0.5228851459344289,-0.4560740653320129,-0.24728615442374402,-1.432014764155554,-1.316032498086471,0.1003472934851769,-0.6188878309551591
expAE05,VUW_PISM2_s2,/Volumes/CrucialX8/computing/data/antarctica/ismip6_hackathon/ComputedScalarsHelene/expAE05/shelfmelt/computed_shelfmelt_AIS_VUW_PISM2_s2_expAE05.nc,-1.2270327617749333,-0.5451409632351983,-1.5138532956480144,-1.8355793945609622,-0.49988222665361426,-0.19838573514336388,0.560429511340518,0.012009063711430068,-0.7701408934915269,0.08224742585392697,-0.4857002299442329,-1.296851484927073,-0.6474943829309425,0.12442047605225837,-0.3220127960521527,-0.5987013781387533,-1.0663778783466826,-3.4468113104847777,-0.5059321308573128,-0.43145874537033635,-0.23077795553048286,-1.499671046249196,-1.3073987346892704,-0.527666745565543,-0.6107744020691672
expAE05,VUW_PISM2_s3,/Volumes/CrucialX8/computing/data/antarctica/ismip6_hackathon/ComputedScalarsHelene/expAE05/shelfmelt/computed_shelfmelt_AIS_VUW_PISM2_s3_expAE05.nc,-1.1892200086130382,-0.5299099873440536,-1.5611770620556427,-2.2156719559866835,-0.5041623060439787,-0.20308382884125348,0.751663627964433,-0.144185431347589,-0.7336651817516773,0.06509614233180333,-0.49987462256453774,-1.0966668164861473,-0.5419781577701277,0.12428588702177734,-0.33595031624185223,-0.6017707678014866,-1.031636126384586,-3.4619675129750895,-0.5468137918222257,-0.4623083506536081,-0.2618713968759162,-1.4227290556013337,-1.1889702077096973,-0.5105058268864415,-0.6168567685701642
expAE05,VUW_PISM2_s4,/Volumes/CrucialX8/computing/data/antarctica/ismip6_hackathon/ComputedScalarsHelene/expAE05/shelfmelt/computed_shelfmelt_AIS_VUW_PISM2_s4_expAE05.nc,-1.696761295013973,0.2848339548331609,-1.5540083890237253,-2.091055893968991,-0.4932231888413755,-0.1987022218431263,0.6624095447523395,-0.15016970433474452,-0.7617056844645989,0.07713910076806135,-0.4811637883957421,-1.1852719811802956,-0.6154655433736334,0.08714166807908197,-0.3277453087613462,-0.6054550906094402,-1.0696882981860991,-3.4183494312632106,-0.49864437943604767,-0.4121281075289531,-0.25021444492766537,-1.477243271811763,-1.3082483884132783,0.12576934949179208,-0.6148195566890748
