Experiment,Model,Path,sector_1,sector_2,sector_3,sector_4,sector_5,sector_6,sector_7,sector_8,sector_9,sector_10,sector_11,sector_12,sector_13,sector_14,sector_15,sector_16,sector_17,sector_18,AIS,region_1,region_2,region_3,Amundsen,Ross,FilchnerRonne,Aurora,Wilkes
expAE02,DC_ISSM,/Volumes/CrucialX8/computing/data/antarctica/ismip6_hackathon/ComputedScalarsHelene/expAE02/shelfmelt/computed_shelfmelt_AIS_DC_ISSM_expAE02.nc,-1.7417523283988112,-1.3105273163889342,-2.122684683113734,-4.0982135750611555,-1.9495290020571305,-0.8533898113767453,-1.880457931954223,-2.7303799999418725,-0.6699324530088426,-2.0754265720467444,-1.9362235117110966,-0.6237721277085406,0.20456478644896148,-1.454214162203594,-0.02243556175828454,-0.5146732462558341,-0.754461430504128,-3.038247170173303,-0.4858686211672514,-0.9247666184597199,-1.3598319608188207,-1.0563050410197254,-4.098214262765161,-1.1014948851118331,-1.9547989566688635,-2.730379856876712,-1.880458287247622
expAE02,DOE_MALI_4km,/Volumes/CrucialX8/computing/data/antarctica/ismip6_hackathon/ComputedScalarsHelene/expAE02/shelfmelt/computed_shelfmelt_AIS_DOE_MALI_4km_expAE02.nc,1.5604729982296626,-1.5192528335921343,-0.010430229715719719,-13.927201304497366,-2.405721143694107,-1.0197377554490208,-4.585594331773921,-4.457078485205299,-1.0184644700107475,-2.63512027248279,-2.3532543015029432,-0.15895381865510938,-1.1431271809412298,0.2059963398874629,-0.35905871875851547,-0.5132015631691049,-0.7867230616013763,-1.1555319985823695,-7.18202033435503,-7.948009370154233,-1.6707633442177388,-1.6246298335626683,-13.927202614459564,-1.3104222397741754,-2.4033113467089455,-4.4570791940594106,-4.585593997852506
expAE02,DOE_MALI_8km_Ant95,/Volumes/CrucialX8/computing/data/antarctica/ismip6_hackathon/ComputedScalarsHelene/expAE02/shelfmelt/computed_shelfmelt_AIS_DOE_MALI_8km_Ant95_expAE02.nc,0.41656643454267117,-1.4946852233505474,0.6996534918687543,-18.780481690372135,-2.5067636425534348,-1.0558651543428925,-7.064100041761577,-6.435394898078933,-1.1293401987783138,-2.210061437238239,-2.4591818972581185,0.20944199321491075,-3.7511966979712454,0.18928128489660256,-0.18952686138557517,-0.45644296309208254,-1.1200043676998703,-2.2996592862986747,-2.4434573919431433,-9.365142393870727,-1.72413533868247,-1.2181696857750834,-18.780484090757977,-1.3057152774005993,-2.465944940444553,-6.4353935386657675,-7.064099186486162
expAE02,DOE_MALI_8km_AntMean,/Volumes/CrucialX8/computing/data/antarctica/ismip6_hackathon/ComputedScalarsHelene/expAE02/shelfmelt/computed_shelfmelt_AIS_DOE_MALI_8km_AntMean_expAE02.nc,0.806156570961134,-1.4830132021814642,0.4867739194003313,-11.98149518073474,-2.633011356667226,-0.963682178336045,-5.068833170229601,-7.218221400145225,-1.0089436090685924,-3.0842828398773996,-2.553056070502249,0.042680231698278615,-2.443796755769755,0.444972274819079,-0.39715655407050177,-0.44935659040698717,-0.8387119772465019,-2.7016697692131375,-2.051158653564296,-5.869836565482986,-1.9162360735046375,-1.3513477971769547,-11.981497818509418,-1.2617901198785868,-2.7112975554291214,-7.218222478482055,-5.068832170368696
expAE02,IGE_ElmerIce,/Volumes/CrucialX8/computing/data/antarctica/ismip6_hackathon/ComputedScalarsHelene/expAE02/shelfmelt/computed_shelfmelt_AIS_IGE_ElmerIce_expAE02.nc,1.1320966702047786,-0.4772935859438858,1.007119266985978,6.772888877867006,-0.9429019550988511,-0.2630165673787267,-0.8370588787146804,-0.6942417317697736,-0.5255755646614801,-0.5314367377693823,-0.4195854547725757,-3.9371523813897555,-0.8607331435259962,-0.7534041775791303,0.3413355328174179,-2.1811689648922696,-1.0974701480133238,-2.275443831184071,0.304028150006463,0.017952602372168336,-0.3913571300827461,-4.874458258802808,6.772889352108563,-0.19192382977460554,-0.6901221734418992,-0.6942440822151443,-0.8370580779536887
expAE02,ILTS_SICOPOLIS,/Volumes/CrucialX8/computing/data/antarctica/ismip6_hackathon/ComputedScalarsHelene/expAE02/shelfmelt/computed_shelfmelt_AIS_ILTS_SICOPOLIS_expAE02.nc,-8.504844300613488,-5.2568224168616045,-0.5620421850047821,-9.784117491443332,-2.725713822286777,-1.0454259074441117,-3.152742001737092,-1.9793624667260836,-0.746463378905085,-3.286176344391259,-2.645922477227863,-1.0807074182304395,0.6109016157514535,-2.046523745576101,-0.3637958809877686,-0.4449798614347722,-0.961090913973448,-8.410884040999685,-6.865829746526513,-6.8412255465340035,-1.756467631181315,-1.8209756953910432,-9.784119905937878,-1.5738177702972842,-2.7092889706548133,-1.979362116351151,-3.1527420657205383
expAE02,IMAU_UFEMISM1,/Volumes/CrucialX8/computing/data/antarctica/ismip6_hackathon/ComputedScalarsHelene/expAE02/shelfmelt/computed_shelfmelt_AIS_IMAU_UFEMISM1_expAE02.nc,-1.197793094329411,-0.49861175338584385,-0.8541936973036639,-3.5063724988692155,-1.3603235122113144,0.08376891728962216,-0.03712398211342152,-0.0708872231829637,-0.13129844181442213,-1.0867820798516752,-0.39982078298419377,-0.013617416264140599,0.004831559968054695,-0.09889481355901608,-0.5456895079743763,-0.5080400963720968,-0.7942537915939065,-0.01777415149360326,-0.7020483091765519,-2.3959566063597806,-0.3299175716466871,0.272272382566948,-3.506372107063501,-0.2217700441034574,-0.6538888494907855,-0.07088722907363201,-0.037123958838708115
expAE02,IMAU_UFEMISM2,/Volumes/CrucialX8/computing/data/antarctica/ismip6_hackathon/ComputedScalarsHelene/expAE02/shelfmelt/computed_shelfmelt_AIS_IMAU_UFEMISM2_expAE02.nc,-3.0604024301666612,-0.5761441864886823,-0.432621034415539,-2.41268399643468,-1.3269912382172064,0.007929618215404666,0.000896859526948679,-0.06506623761975328,-0.1174247008786567,-0.04497984704633751,-0.38770075458874165,-0.021563579142233606,0.02561267131517578,-0.11279459530925623,-0.12481104304396073,-0.30453766263440474,-0.4010237499510293,0.6505541644473274,-0.7140535347838408,-2.5025272497018736,-0.335707438085008,-0.7852026004276533,-2.4126836612235563,-0.35165480595121573,-0.6039107152175905,-0.06506623282244059,0.000896865706001615
expAE02,IMAU_UFEMISM3,/Volumes/CrucialX8/computing/data/antarctica/ismip6_hackathon/ComputedScalarsHelene/expAE02/shelfmelt/computed_shelfmelt_AIS_IMAU_UFEMISM3_expAE02.nc,-6.606468005976411,-0.5945463047016928,-0.8470368823419829,-3.8604155611715196,-1.422252492587897,0.04147749951985802,-0.008475305054286023,-0.09264775452567472,-0.145130258997078,-0.9759371971873638,-0.4367344014019333,-0.0030896106943560098,-0.0656133891211747,-0.10474646210589816,-0.5887765767099598,-0.5858781332656342,-1.0236572789437688,0.012085499819110206,-0.7554930450550499,-2.520795220308691,-0.3664211641810454,-1.4938935994255,-3.860415459371956,-0.30405719581969115,-0.669735099230339,-0.09264772080714251,-0.008475313108202001
expAE02,IMAU_UFEMISM4,/Volumes/CrucialX8/computing/data/antarctica/ismip6_hackathon/ComputedScalarsHelene/expAE02/shelfmelt/computed_shelfmelt_AIS_IMAU_UFEMISM4_expAE02.nc,-3.4793603407724083,-0.5903355050840573,-0.39457260401864325,-3.2553122969678596,-1.2355344832064978,0.02621249799748493,-0.015810682354082978,-0.06559725547754428,-0.14198267455793684,0.052782701340156,-0.3837791423816813,0.015670551168707223,0.02888880735213576,-0.061802582683967516,-0.1590633772164174,-0.31141081885451705,-0.5194277630601292,0.0020213396030962557,-0.7190260444919698,-2.369111035270479,-0.3510127644226342,-1.1908133089650152,-3.255312353962437,-0.3228282697726419,-0.5863616657987765,-0.06559725560085758,-0.015810683534863257
expAE02,LSCE_GRISLI2,/Volumes/CrucialX8/computing/data/antarctica/ismip6_hackathon/ComputedScalarsHelene/expAE02/shelfmelt/computed_shelfmelt_AIS_LSCE_GRISLI2_expAE02.nc,-3.8532749015002334,-2.65469226118641,-1.5230257963708924,-5.375836358511798,-2.00586508519595,-1.1753538747381014,-2.8622027415211218,-0.7874114234141398,-0.8940684187886654,-3.7662768947611696,-1.9027938526585668,-1.858588161983139,-0.8723765433345871,-0.6132368518112967,-0.6184989146086883,-0.8364087466864725,-1.697737833681341,-5.019084860492819,-2.1851874490165075,-2.0542448910294864,-1.8042042059506036,-1.952953405641174,-5.3758322853799,-1.2997842785745741,-1.9802262753448288,-0.7874110484666277,-2.862202305407541
expAE02,LSCE_GRISLI,/Volumes/CrucialX8/computing/data/antarctica/ismip6_hackathon/ComputedScalarsHelene/expAE02/shelfmelt/computed_shelfmelt_AIS_LSCE_GRISLI_expAE02.nc,-4.023915849953465,-5.448201041024955,-1.01625227105054,-11.432784117159173,-2.424835649920227,-1.0111335688478764,-3.9143105363464876,-2.1446626123214205,-1.0937524345819183,-3.906822004716787,-1.900357076449751,-1.3785842833616675,-2.40310650252499,-4.878078228165833,-3.746718642499916,-0.8016598151964685,-1.717755998928352,-12.155930548459473,-2.2484880883979024,-2.145050272435154,-1.856223881461717,-1.7236371927989476,-11.432780798879133,-1.120194012705305,-1.994535495388507,-2.144662652651232,-3.9143101535071922
expAE02,NCAR_CISM1,/Volumes/CrucialX8/computing/data/antarctica/ismip6_hackathon/ComputedScalarsHelene/expAE02/shelfmelt/computed_shelfmelt_AIS_NCAR_CISM1_expAE02.nc,3.182987196389554,-1.5272879858790684,-1.5074461333008546,-6.598771486837441,-2.4301207620484524,-1.023253823706952,-3.097585873306545,-1.5656022600462496,-0.8303473793057892,-1.748171680733098,-2.453526664785481,0.7183607540813381,0.9113071746770203,-1.1121152688684752,0.287224790559065,0.5619881830044243,-1.086834393271118,2.2554582345703045,-0.759038781815752,-0.9863368531342829,-1.6593395709960221,0.5854994450481894,-6.59877123770059,-1.2961686213735115,-2.447546431359405,-1.5656023078651295,-3.097586133989744
expAE02,NCAR_CISM2,/Volumes/CrucialX8/computing/data/antarctica/ismip6_hackathon/ComputedScalarsHelene/expAE02/shelfmelt/computed_shelfmelt_AIS_NCAR_CISM2_expAE02.nc,2.8508673876250272,-0.900192772275695,1.8042551619330083,-1.659528759864635,-3.085806326642299,-0.8723445028672865,-1.6589016215827757,-2.496490968148425,-0.7740251964136196,-0.803914256686578,-2.8229051997503385,-0.27908431252149324,-0.18111113355652986,-0.6439423206274424,0.7130108054254292,0.8105191085483661,-0.15877942051582705,1.955854498513114,0.34532831820724885,-0.5045352863285926,-2.3817852873683645,1.256421077289939,-1.659528316536294,-1.271836244088525,-2.5852451612254677,-2.4964911850799147,-1.6589015506583848
expAE02,NORCE_CISM2-MAR364-ERA-t1,/Volumes/CrucialX8/computing/data/antarctica/ismip6_hackathon/ComputedScalarsHelene/expAE02/shelfmelt/computed_shelfmelt_AIS_NORCE_CISM2-MAR364-ERA-t1_expAE02.nc,2.120152666915434,-1.7214898947832076,-4.809966726957024,-4.540777455903033,-3.682553656138486,-0.6521509577725189,-4.385421479505247,-3.2894261757659162,-1.9822541859701754,-2.143872152990726,-4.243221236985061,-0.19967602234500292,1.0119747715893923,-1.477756760865642,-0.33625008954838154,1.0136569026449265,-0.9845434083720139,0.6124132756781995,-3.3178444421404096,-0.9210714823706159,-2.9356017445703566,-0.7741398320211923,-4.5407776292996935,-0.9508908331217216,-3.639363165627449,-3.289426441488626,-4.385420875062128
expAE02,NORCE_CISM3-MAR364-ERA-t1-local,/Volumes/CrucialX8/computing/data/antarctica/ismip6_hackathon/ComputedScalarsHelene/expAE02/shelfmelt/computed_shelfmelt_AIS_NORCE_CISM3-MAR364-ERA-t1-local_expAE02.nc,1.2769439940129022,-1.3625568956144356,-1.2706794358258433,-0.7706481001852543,-2.0015212242239766,-0.5097985694530365,-0.9478717327338795,-2.7904719159527014,-0.6926855354477777,-0.7757386003759628,-2.316702902589866,-0.001697557129863414,1.1186440829539346,-0.4389035360327034,0.4864683836392424,0.5258507496921416,-0.21741130004478548,0.4664951967953779,-0.3997979793016815,-0.9591323216163978,-1.3325303788069767,-0.39144694839590377,-0.7706482206891714,-1.0680656435244036,-2.129459515700903,-2.790471534187253,-0.9478716430804974
expAE02,NORCE_CISM3-MAR364-ERA-t1-nonlocal,/Volumes/CrucialX8/computing/data/antarctica/ismip6_hackathon/ComputedScalarsHelene/expAE02/shelfmelt/computed_shelfmelt_AIS_NORCE_CISM3-MAR364-ERA-t1-nonlocal_expAE02.nc,1.6727446547280156,-1.3899350398079875,-1.2351762908630963,-2.1690987027541624,-1.7326175659704717,-0.6389951292312412,-1.04161886017779,-3.697205940360721,-0.847405308777688,-0.8974498469030787,-1.8883677568522392,-0.12090444615994822,1.2400523312641365,-0.7944975989464114,0.47345235593252033,1.0089113547167214,-0.2627916287875689,-1.0101806484390448,-0.5074897908689082,-0.7194711104529663,-1.1955825747691122,-0.0773219246604846,-2.1690988834136213,-0.8327320821606166,-1.7301085800362195,-3.697206606340117,-1.041618179727985
expAE02,NORCE_CISM3-MAR364-ERA-t1,/Volumes/CrucialX8/computing/data/antarctica/ismip6_hackathon/ComputedScalarsHelene/expAE02/shelfmelt/computed_shelfmelt_AIS_NORCE_CISM3-MAR364-ERA-t1_expAE02.nc,1.878733081168873,-1.5906240087875623,-2.717107825075474,-2.9760211600214017,-2.819060369243351,-0.3968814782419112,-0.44651547596958885,-4.63180017015628,-1.1348733168562273,-0.9749995463631258,-3.605335410912981,0.4480370874582804,1.2735261798290907,-0.4964391210035086,-0.026570263835750785,0.8387319578087259,-0.773630878961562,1.0380791400621958,-2.2513157603040783,-0.8847574354909433,-2.1328664137313016,-0.7851362076306163,-2.9760219933833554,-0.7844481531951171,-3.1000247165724883,-4.631800109389513,-0.44651476444763727
expAE02,NORCE_CISM4-MAR364-ERA-t1-local,/Volumes/CrucialX8/computing/data/antarctica/ismip6_hackathon/ComputedScalarsHelene/expAE02/shelfmelt/computed_shelfmelt_AIS_NORCE_CISM4-MAR364-ERA-t1-local_expAE02.nc,2.0233130164330184,-1.1886406159378677,0.32508753862436235,2.3825828909703652,-1.8880414851022733,-0.6318847863116268,2.7549234378135243,0.21940879372613242,-0.2501142113428476,-0.4149892486614086,-2.144998556139212,0.795176685986573,1.046651472697108,0.05513157083364906,0.5636536173517442,0.5249688011055007,0.10270389828895321,0.8469854218248098,-1.0914761716625807,-0.5425380328639489,-0.9309974315894536,0.5418016635289367,2.3825829452246223,-0.8195260995706997,-1.9926026474049605,0.21940848029970716,2.7549233488550273
expAE02,NORCE_CISM4-MAR364-ERA-t1-nonlocal,/Volumes/CrucialX8/computing/data/antarctica/ismip6_hackathon/ComputedScalarsHelene/expAE02/shelfmelt/computed_shelfmelt_AIS_NORCE_CISM4-MAR364-ERA-t1-nonlocal_expAE02.nc,1.740929815741249,-1.2493965098990643,0.048520987612870936,0.31324493105893847,-1.5977262872536584,-0.6770511606521297,2.3426492157128873,-0.4092267272285408,-0.5609833045915247,-0.5463899726317023,-1.8154923117791064,0.8429767630691464,1.069596359521686,0.3058084827871945,0.4236231351426146,0.6396778192283368,-0.05800699779724816,1.3781897396359664,0.09691848644082324,-0.17950801542958672,-0.847791280905184,0.5499020160770227,0.31324456829216096,-0.737582777636717,-1.6025392747974139,-0.4092268897798004,2.3426486950886547
expAE02,NORCE_CISM4-MAR364-ERA-t1,/Volumes/CrucialX8/computing/data/antarctica/ismip6_hackathon/ComputedScalarsHelene/expAE02/shelfmelt/computed_shelfmelt_AIS_NORCE_CISM4-MAR364-ERA-t1_expAE02.nc,1.8051976961264284,-1.3378402359850385,-1.4422882860420483,-0.4303366032212743,-2.117020247326364,-0.19127504006307294,1.5851786132434529,-1.7980212189125098,-0.7005085644966735,-0.49766988704278314,-2.695924871274925,0.550777908381683,1.0119898274156738,-0.002235856244821033,0.19158793856073686,1.008238746919328,0.589065000359883,1.4426860963343233,-1.3820058895787648,-0.54034877170186,-1.3736764541425592,1.1758993489729013,-0.4303366200513592,-0.6083544740085343,-2.347273217941333,-1.7980214759896773,1.585178792129879
expAE02,NORCE_CISM4-MAR364-JRA-t1,/Volumes/CrucialX8/computing/data/antarctica/ismip6_hackathon/ComputedScalarsHelene/expAE02/shelfmelt/computed_shelfmelt_AIS_NORCE_CISM4-MAR364-JRA-t1_expAE02.nc,1.877188272668908,-1.4169887747616716,-1.3286676814068068,-0.8378367284732224,-2.1051446043799444,-0.2655307500319135,2.0227440189153687,-1.858496988424454,-0.6891343819533162,-0.3794227368078982,-2.7048718604719317,0.510977507739262,0.9889620590016373,-0.06281713999414662,0.16388627415975932,1.0736184526281503,0.5501012349878173,1.553140810697125,-1.4006575017767489,-0.45251416267234035,-1.3911168650387316,1.2381424108258505,-0.8378361394499265,-0.5617502776451206,-2.3463415536445544,-1.8584975008047886,2.022743737129325
expAE02,NORCE_CISM5-MAR364-ERA-t1-local,/Volumes/CrucialX8/computing/data/antarctica/ismip6_hackathon/ComputedScalarsHelene/expAE02/shelfmelt/computed_shelfmelt_AIS_NORCE_CISM5-MAR364-ERA-t1-local_expAE02.nc,1.9177311039444804,-1.1252242731513387,1.1520435556412358,2.673730628784008,-1.6561358206466439,-0.2072160873191513,2.322400032495787,0.4015956714324611,0.11517551727796782,-0.024845584954684252,-1.7505937352895815,0.9487266468683906,1.4004147225083619,0.8262782160042411,0.5389125350158354,0.9005210150241082,0.825370908637483,1.5839785697202349,0.31376604948735265,-0.30837767158558727,-0.4671337815214476,1.089165799689227,2.6737311190351423,-0.8192784719302295,-1.695222170674152,0.4015960775030676,2.3223999832544338
expAE02,NORCE_CISM5-MAR364-ERA-t1-nonlocal,/Volumes/CrucialX8/computing/data/antarctica/ismip6_hackathon/ComputedScalarsHelene/expAE02/shelfmelt/computed_shelfmelt_AIS_NORCE_CISM5-MAR364-ERA-t1-nonlocal_expAE02.nc,1.9102631371200653,-1.3528166382406126,0.9178039221090686,2.502615826807724,-1.4022139782073841,-0.5702384819335842,2.594351189683488,2.6738614311415696,-0.5835352646905649,-0.11948944948723672,-1.45759728933377,0.9024994779889826,1.4444470662805542,0.8342749628879353,0.4944152029772053,0.7905687743288252,0.42302249646619317,1.6072127005062062,0.4536647915378831,0.027433290347418815,-0.3268341004244695,0.8064316724380207,2.5026157054561367,-0.7081550048884038,-1.6241991215180098,2.6738615131218992,2.5943510061818977
expAE02,NORCE_CISM5-MAR364-ERA-t1,/Volumes/CrucialX8/computing/data/antarctica/ismip6_hackathon/ComputedScalarsHelene/expAE02/shelfmelt/computed_shelfmelt_AIS_NORCE_CISM5-MAR364-ERA-t1_expAE02.nc,1.8428838237699832,-1.174993879149545,-0.26579696576770795,1.5291385634761596,-1.4404659528278634,-0.18699272638534614,2.9553858118045984,1.6748526697647987,0.138787386546666,-0.1645318013498278,-1.645295993774103,0.8705423807969126,1.141638309521577,0.5765360328927097,0.20845254300404836,1.0476111288376682,0.29488093464565734,1.9502402708413809,0.4354062735685218,0.02139145606967796,-0.40913589556732477,1.326559635174252,1.5291382550640313,-0.4253070009257309,-1.5228994129546445,1.6748527080401194,2.955385972535972
expAE02,PIK_PISM,/Volumes/CrucialX8/computing/data/antarctica/ismip6_hackathon/ComputedScalarsHelene/expAE02/shelfmelt/computed_shelfmelt_AIS_PIK_PISM_expAE02.nc,13.90419617893345,-0.38262767336807935,4.302961405021557,11.903162924916943,-1.3730910642396665,-0.36150915952836526,-6.864751897618035,-2.7033905659217687,-4.234418052432783,1.2881942153236476,-0.7291899446270138,-0.03549943567354541,-0.025166059079639425,6.128190955220807,7.490557461312969,-2.3208273950091467,-0.9030654917541989,5.080374132284928,-0.05768118723211613,-1.2408374102043815,-0.6193147592911141,-4.312473138527384,11.903162354493322,-0.39111262320736984,-0.9533250176200241,-2.703393193709541,-6.864751630916491
expAE02,UCM_Yelmo,/Volumes/CrucialX8/computing/data/antarctica/ismip6_hackathon/ComputedScalarsHelene/expAE02/shelfmelt/computed_shelfmelt_AIS_UCM_Yelmo_expAE02.nc,-2.61475648010257,-0.6998454239269654,-0.42394411257905107,-0.9005162694787483,-1.3238334278022963,-0.696084207399291,-0.44330746803264987,-0.009596385977630018,-0.1312424813854527,-1.5692679271138164,-1.1170367103823704,-0.9132949822545606,-0.4217932983467123,-0.4403010600427404,-0.0818812744206372,-0.05059982234048066,-2.1925074122706123,-4.057006484158648,-0.9000014755167456,-0.9927487013151297,-0.6842491362582246,-0.8323874693959792,-0.9005163623685899,-0.683800996799451,-1.2429009977189174,-0.00959649028464149,-0.4433073887286896
expAE02,UCSD_ISSM,/Volumes/CrucialX8/computing/data/antarctica/ismip6_hackathon/ComputedScalarsHelene/expAE02/shelfmelt/computed_shelfmelt_AIS_UCSD_ISSM_expAE02.nc,11.95458334515852,-0.24516566284571717,4.732579584858161,18.01428188925775,-1.209575240531234,-0.04507781961390499,-0.5017939910634004,9.514763632220196,-0.039681794809553805,-0.3152365047994743,-0.12247212690921327,-0.8836278625319351,-1.8242803237963567,-0.3622717308341312,-0.09454922407500144,-0.4882632654484591,-0.2557020584523171,10.274670534929973,0.5558061422714173,0.6959642169949776,0.0010514092688349574,3.420232363479866,18.014281947123383,-0.1631709778209167,-0.44228440829246507,9.514763188190509,-0.5017929405576824
expAE02,ULB_fETISh-KoriBU1,/Volumes/CrucialX8/computing/data/antarctica/ismip6_hackathon/ComputedScalarsHelene/expAE02/shelfmelt/computed_shelfmelt_AIS_ULB_fETISh-KoriBU1_expAE02.nc,4.919671688706841,-0.20527040673370045,1.9648298320524733,10.018948406381082,-0.763932841522871,-0.17774070794141444,1.5432002502556283,0.22737236722554233,-0.25459021215401245,2.3510136933707737,-0.6423684343551264,0.024142033380247563,0.34850061612753536,-1.7486509351887989,2.190119376616268,-3.588840876464422,0.028284370373238277,3.307509111990696,0.3547898627075894,1.5343015905923623,-0.003742548615315311,-1.2810287524035826,10.01894903713411,-0.19111960088391,-0.7194010796951298,0.22737291519236802,1.5432009335918186
expAE02,ULB_fETISh-KoriBU2,/Volumes/CrucialX8/computing/data/antarctica/ismip6_hackathon/ComputedScalarsHelene/expAE02/shelfmelt/computed_shelfmelt_AIS_ULB_fETISh-KoriBU2_expAE02.nc,1.3119553617167146,-4.282328468275089,2.310663405998879,-2.828622834944891,-2.1725052596870986,-1.2248536804577461,-1.1501099389683382,-0.9365828178335098,-1.9204525334169533,-2.1181230985580903,-1.8026948773624687,-0.14544221680880698,0.5815841711195504,-0.6080859519877748,-0.660527981354333,-0.6894516747357007,-1.557224250423995,1.33598104174088,-1.8082477528123597,-5.102995720880271,-0.32921225679790433,0.6149863114957168,-2.8286215953191665,-1.5196739439420173,-1.807245720213519,-0.9365830737082677,-1.1501099386047837
expAE02,UNN_Ua,/Volumes/CrucialX8/computing/data/antarctica/ismip6_hackathon/ComputedScalarsHelene/expAE02/shelfmelt/computed_shelfmelt_AIS_UNN_Ua_expAE02.nc,0.23979334341266956,-1.3968721297086377,-0.8305043879327982,-0.8322671458349937,-2.1226392086783186,-0.75615449963914,-1.4624638119523379,1.9995527919685543,-0.6473490160063342,-1.5269591757530678,-2.4403875889221736,0.34589033911220424,0.6800088886215607,0.8489798730127434,-0.16549700566346526,-0.2867154744823054,-0.8951911635441028,-0.02453153272466224,-0.695102358912818,-1.333830464522185,-1.451467395681136,-0.5773373633406658,-0.8322649315462378,-1.1334726778467001,-2.2596974295492176,1.999553618244601,-1.4624633360821555
expAE02,UTAS_ElmerIce,/Volumes/CrucialX8/computing/data/antarctica/ismip6_hackathon/ComputedScalarsHelene/expAE02/shelfmelt/computed_shelfmelt_AIS_UTAS_ElmerIce_expAE02.nc,-1.813190985352886,-1.1269509852838722,-0.6690686980386404,0.8570922512245609,-2.2555040075857695,-0.6817191913068799,-1.7716798192975007,-2.136769694465176,-0.722564135151226,-1.442414124099098,-2.281488154684898,-1.2112447816689005,-0.9084181598461738,0.5828746217548222,0.3421817192404577,-0.3226906371614595,-1.264579871620625,-2.823415168178829,-1.6859519626898702,-1.6368853256607547,-1.5700093548476435,-1.7313790791045855,0.8570907773902974,-1.0167255927066337,-2.1422075946368966,-2.136767679154552,-1.7716799509210404
expAE02,VUB_AISMPALEO,/Volumes/CrucialX8/computing/data/antarctica/ismip6_hackathon/ComputedScalarsHelene/expAE02/shelfmelt/computed_shelfmelt_AIS_VUB_AISMPALEO_expAE02.nc,-2.2518393533936876,-1.6385048742092625,-0.06852367429657624,2.766639005540118,-3.485280803462894,-1.2482898712472403,-0.4288046056595496,-0.5491855631877343,-1.5464853173409008,-0.02203533362730914,-3.134085804028368,-0.0678392146758445,-0.0888163155889295,-0.2642243774843075,0.21158140315489135,-0.7412954947176531,-1.8791878422053099,1.4128662487882,-1.9190842672261361,-2.4200815978820494,-1.5456962364858695,-1.268164584694412,2.766639101336615,-1.4905327087117697,-3.3732632099461064,-0.5491855577713779,-0.42880462195730584
expAE02,VUW_PISM1,/Volumes/CrucialX8/computing/data/antarctica/ismip6_hackathon/ComputedScalarsHelene/expAE02/shelfmelt/computed_shelfmelt_AIS_VUW_PISM1_expAE02.nc,-3.9087992152018565,-1.8847192939911341,-3.0892983047067357,-4.45017348744949,-4.557968553898927,-1.252633108837184,-9.93284222764558,8.880588412036602,0.277573999693586,3.377683277713242,-6.742685548629993,-9.924062415221895,1.0643652891498645,3.0435949417146935,0.374755866517853,-6.932719491085575,-9.54716070770474,-21.737564513538466,-6.036501894700766,-6.962181152619404,-3.7811412500221717,-19.377853885219956,-4.450172873138438,-1.3558714043374054,-4.694618421284156,8.880588072165864,-9.932843510312384
expAE02,VUW_PISM1_s1,/Volumes/CrucialX8/computing/data/antarctica/ismip6_hackathon/ComputedScalarsHelene/expAE02/shelfmelt/computed_shelfmelt_AIS_VUW_PISM1_s1_expAE02.nc,5.194819495491496,-1.1130511764443665,-4.7228630914316705,-5.126176081974881,3.453814766459967,-0.6920514063893766,-10.330583548866313,-18.73138802861057,-3.356486320365914,-6.351781654554425,4.512048955035918,-133.67410758086538,-1.850668056037701,-3.8565142241075945,,,,-15.39951379763537,0.6822610417604544,0.2855891531329615,0.03244860569763863,0.02608056546533044,-5.1261755002268625,-0.8593497065366682,4.0540764632487365,-18.73138859296775,-10.330583560450751
expAE02,VUW_PISM1_s2,/Volumes/CrucialX8/computing/data/antarctica/ismip6_hackathon/ComputedScalarsHelene/expAE02/shelfmelt/computed_shelfmelt_AIS_VUW_PISM1_s2_expAE02.nc,-3.503105113893044,-1.876951142741902,-4.581884882726566,-4.541698637318142,-4.5951863316901385,-1.2222193238503016,-8.871952634701977,7.363715304960234,0.20178526123327956,3.1000268908847475,-6.750604116678339,-11.759434119237156,0.520982974192215,3.102054224819905,0.3545898140105508,-7.198169733502096,-9.624805020688413,-20.49190032230421,-6.1477206783878025,-7.007416914263974,-3.95418243438575,-18.370986608997132,-4.5416978201665295,-1.378078267900564,-4.723692391694634,7.363715189957606,-8.87195473547095
expAE02,VUW_PISM1_s3,/Volumes/CrucialX8/computing/data/antarctica/ismip6_hackathon/ComputedScalarsHelene/expAE02/shelfmelt/computed_shelfmelt_AIS_VUW_PISM1_s3_expAE02.nc,-3.2387265876518185,-2.0709136935936563,-3.5714226773818663,-4.020132813085009,-4.6635853611062075,-1.324289624303801,-9.057548636272855,3.171857385783401,0.2664163846191512,-5.272558586646904,-6.826086897303551,-10.80456511622559,0.766691342368738,3.4678279770889677,0.3207477199660942,-7.128061630079565,-9.695760300032715,-19.97015696803941,-6.243164839560141,-6.9810430000522885,-3.891832661131259,-18.883182949483547,-4.020134923116704,-1.4911801498842105,-4.778268692512924,3.1718562679997806,-9.057549470812802
expAE02,VUW_PISM1_s4,/Volumes/CrucialX8/computing/data/antarctica/ismip6_hackathon/ComputedScalarsHelene/expAE02/shelfmelt/computed_shelfmelt_AIS_VUW_PISM1_s4_expAE02.nc,-4.06202936714584,-1.8769032955432765,-3.4531458713573357,-4.677832469135957,-4.579234930556828,-1.2594182046502773,-9.766217306067709,6.613356216789317,0.29232080224048307,3.352930763439085,-6.7503419669795495,-9.74089699461554,0.6919314249939972,4.019705092398076,0.34442182497778173,-7.068694458778202,-9.414671218862035,-23.782007404253314,-6.101720932591114,-7.047019568439941,-3.8280445065035646,-19.33698487652079,-4.677832481446728,-1.3657490337643887,-4.71939741020954,6.613353403746043,-9.766217711098516
expAE02,VUW_PISM2,/Volumes/CrucialX8/computing/data/antarctica/ismip6_hackathon/ComputedScalarsHelene/expAE02/shelfmelt/computed_shelfmelt_AIS_VUW_PISM2_expAE02.nc,-6.3398375105321705,-1.83578077843511,-2.7317517319230955,-7.129073212750516,-6.9097840853547705,-1.243266492623568,-5.764596364979173,9.52776006211596,0.3293486318241854,3.364677905335198,-6.655187627079856,-5.079948985881835,-0.5833206068134098,3.2620851794191124,0.30028806940710817,-6.621879797494848,-9.777443315295972,-21.55406213295352,-6.099435329684644,-6.962578944165022,-3.7666967507294284,-18.313326773411948,-7.129072000232291,-1.3840536568556994,-6.852169132496056,9.527759740798771,-5.764597306401086
expAE02,VUW_PISM2_s1,/Volumes/CrucialX8/computing/data/antarctica/ismip6_hackathon/ComputedScalarsHelene/expAE02/shelfmelt/computed_shelfmelt_AIS_VUW_PISM2_s1_expAE02.nc,-6.728676975028598,-1.0734420540945528,-2.9820858459542645,-6.591165057863581,-6.920939835045445,-1.2490404571809788,-6.224140146302371,10.622363127439236,0.24515716325783288,3.6948631236272185,-6.674146794844111,-5.348836148324676,-0.5317339286406764,2.6171928503183963,0.3594183301914353,-6.348882962396353,-10.250041279880648,-20.755901393659002,-6.002684286318441,-6.969841436123945,-3.5782188099828147,-18.154874324049313,-6.591165036049773,-1.391712726646371,-6.868216100905538,10.622363081561772,-6.224138751995261
expAE02,VUW_PISM2_s2,/Volumes/CrucialX8/computing/data/antarctica/ismip6_hackathon/ComputedScalarsHelene/expAE02/shelfmelt/computed_shelfmelt_AIS_VUW_PISM2_s2_expAE02.nc,-5.7991440568695545,-1.8304160525619864,-3.088543481864871,-5.979067451818079,-6.8648289768216095,-1.2134000516250234,-6.68176299597739,5.843329484952747,0.3986749851259761,3.6930939002063243,-6.63941822053302,-7.341420290995625,-0.3545045302642045,4.283195725368134,0.3615403226637248,-6.798986352616055,-12.868626214550027,-21.210070754209276,-6.120398908055764,-6.910396914451441,-3.868033732717114,-19.247096939123196,-5.979066195946544,-1.3713706555560201,-6.818755933742363,5.843331673584643,-6.681763057543002
expAE02,VUW_PISM2_s3,/Volumes/CrucialX8/computing/data/antarctica/ismip6_hackathon/ComputedScalarsHelene/expAE02/shelfmelt/computed_shelfmelt_AIS_VUW_PISM2_s3_expAE02.nc,-5.573387845561664,-2.0553661712599363,-2.881065825813696,-5.280042746284874,-6.9675636294543075,-1.2948279519614072,-6.16090410616442,7.876865285183772,0.3021866273298457,3.362999261268532,-6.703072900446177,-8.441500224526894,-0.3370132730937039,3.641974623343817,0.27807032501756135,-6.882297185946891,-10.769864293753518,-16.980586087928444,-6.0953606845599175,-7.011286055410942,-3.7480140111751847,-18.17943883485934,-5.280042000051758,-1.5372058956067967,-6.901915483363933,7.876866998601699,-6.1609040710965015
expAE02,VUW_PISM2_s4,/Volumes/CrucialX8/computing/data/antarctica/ismip6_hackathon/ComputedScalarsHelene/expAE02/shelfmelt/computed_shelfmelt_AIS_VUW_PISM2_s4_expAE02.nc,-5.911129923877802,-1.8516903396194824,-2.2471396865208035,-8.800780035713743,-6.924457215177775,-1.2580114426288178,-3.7832268887001277,12.251178352697771,0.30005510977633065,3.1708910168295277,-6.660699738551665,-8.177231567868668,-0.45275647138775366,2.6684388019879073,0.2654991995992426,-6.6516477750094385,-10.844802324844057,-21.305234392657596,-6.099312010970397,-1.4125295481454856,-3.7704071771956738,-18.5255979313566,-8.800782108346244,-1.3978029140708286,-6.863810762714171,12.251179040193058,-3.783226493236665
expAE03,DC_ISSM,/Volumes/CrucialX8/computing/data/antarctica/ismip6_hackathon/ComputedScalarsHelene/expAE03/shelfmelt/computed_shelfmelt_AIS_DC_ISSM_expAE03.nc,-2.151108175238642,-1.9345236121151457,-2.4300924799455075,-2.876115024137846,-1.6511323995531262,-1.2222745530739454,-3.3107400281265384,-1.8056581779440677,-1.0355034551221367,-1.6578792318061946,-2.242413862022908,-0.33998257512535046,0.07200956557525218,-0.45998795354020583,-1.0510287616212937,-0.585476220869579,-0.5067658434127709,-4.011263159762565,-1.5652218967907308,-1.6195260147646815,-1.5201556233315054,0.6385965192399057,-2.876114285267608,-1.6082525549157285,-1.9222834851636605,-1.8056587145719352,-3.310740162086656
expAE03,DOE_MALI_4km,/Volumes/CrucialX8/computing/data/antarctica/ismip6_hackathon/ComputedScalarsHelene/expAE03/shelfmelt/computed_shelfmelt_AIS_DOE_MALI_4km_expAE03.nc,-0.9414669173844743,-10.719532058040802,-0.8762792469676883,-22.270395468393005,-1.7922665021471422,-1.4600208506772012,-6.773562100923392,-2.7699376290021434,-1.2153906275592394,-1.9817016050262533,-2.398943872634482,-0.1078826528101775,0.7495518414739921,0.30799608747879725,-1.563948311748117,-0.6266776241200438,-0.4299641632197564,-3.993395611450268,-5.020839263356946,-10.013210901619722,-2.0046048881037954,-1.694753605611817,-22.270399038094823,-2.034630943391342,-2.179621024284063,-2.769936444215382,-6.773562442289988
expAE03,DOE_MALI_8km_Ant95,/Volumes/CrucialX8/computing/data/antarctica/ismip6_hackathon/ComputedScalarsHelene/expAE03/shelfmelt/computed_shelfmelt_AIS_DOE_MALI_8km_Ant95_expAE03.nc,-2.065898593228634,-6.459722620959649,-2.0960720933337775,-26.508950516179766,-1.5734297720923474,-1.3245794878570072,-7.119381898032334,-3.678084578226736,-0.7260040502882692,-2.6316597348547273,-2.591484902818184,-0.11227673132005167,-0.8419138329242877,-0.8157507730413238,-1.608772285070382,-0.669421990493815,-1.121453425849937,-5.824160998069601,-5.683064701293022,-6.925872934728666,-1.9736328714191202,-2.3487070022279655,-26.508948325337734,-1.873823412739584,-2.4428691582880946,-3.6780851139438067,-7.119381103397771
expAE03,DOE_MALI_8km_AntMean,/Volumes/CrucialX8/computing/data/antarctica/ismip6_hackathon/ComputedScalarsHelene/expAE03/shelfmelt/computed_shelfmelt_AIS_DOE_MALI_8km_AntMean_expAE03.nc,-1.1878854374321017,-3.3253274258557255,-0.9377300616861257,-19.414389081619674,-2.278042924967645,-1.7339339754703906,-7.12413337410371,-3.6088453913817666,-1.3156392625891282,-2.1512397114502235,-2.715573104077211,0.143765469289586,-0.3057697204242902,-0.2875090830035196,-1.1587525554793126,-0.4546652352674858,-0.8869358217543666,-4.511051131176838,-4.696177144294708,-5.668429622137905,-2.4610237921113898,-1.7196094201822905,-19.414390110220083,-2.349358611544517,-2.419205627996141,-3.608845647068298,-7.124133782036708
expAE03,IGE_ElmerIce,/Volumes/CrucialX8/computing/data/antarctica/ismip6_hackathon/ComputedScalarsHelene/expAE03/shelfmelt/computed_shelfmelt_AIS_IGE_ElmerIce_expAE03.nc,0.6313797211348278,-0.07207362874740975,0.9236868853560205,8.573690821723352,-1.5020732595702624,-0.3014108273892373,0.6259909876122869,-0.9324232311307412,1.526493217245073,-0.3994202737996515,-1.585863717493269,6.110586077998341,-2.2828457723400897,-0.1843429284469531,-1.085125905286647,1.8155961518886432,2.1521252047397303,-6.3198271708611795,0.8056384324366697,0.6536115207252853,0.17980843918200184,0.8137537099506853,8.573691663272552,-0.3310125563382056,-1.4832204463969463,-0.932423690248136,0.6259933698925977
expAE03,ILTS_SICOPOLIS,/Volumes/CrucialX8/computing/data/antarctica/ismip6_hackathon/ComputedScalarsHelene/expAE03/shelfmelt/computed_shelfmelt_AIS_ILTS_SICOPOLIS_expAE03.nc,-31.20940991923581,-11.154893645652457,-0.9657061170342374,-23.163339413493645,-2.4770566093796855,-1.3074577299915457,-7.995031652888436,-1.2152279723766188,-1.4172423054323238,-2.885642969637768,-2.582096569601428,-4.110733391854387,0.3655448836810917,-1.8385747467526485,-1.2439564267176237,-0.4864894219241842,-0.5265230233496356,-5.677546015833011,-16.142426824713333,-20.5851606962905,-2.1567643760036876,-0.09384108585706885,-23.163343344269848,-2.020949836175189,-2.3068344399741334,-1.2152281412436636,-7.995030792737367
expAE03,IMAU_UFEMISM1,/Volumes/CrucialX8/computing/data/antarctica/ismip6_hackathon/ComputedScalarsHelene/expAE03/shelfmelt/computed_shelfmelt_AIS_IMAU_UFEMISM1_expAE03.nc,0.17602764838153898,0.10925440193934943,-0.04356643656722614,-1.8909283671407118,-1.0472300074257366,0.08866679597625869,0.015351226602157722,0.005258692869525669,0.15071522590389427,0.24391624660873984,-0.37303176378327985,0.09337752072192314,0.021312023677095657,-0.011215177878699259,0.3384827723182384,-0.032812561687126734,0.06701321421331849,-0.35086104463274065,0.08415387547793265,-0.015224516223508733,-0.02815555529265998,0.10218029509071903,-1.8909282833139445,0.23164781224854342,-0.4967834138636956,0.005258716179076431,0.015351227818708457
expAE03,IMAU_UFEMISM2,/Volumes/CrucialX8/computing/data/antarctica/ismip6_hackathon/ComputedScalarsHelene/expAE03/shelfmelt/computed_shelfmelt_AIS_IMAU_UFEMISM2_expAE03.nc,0.3312289843108325,1.301309168391476,-1.5773703929156948,-2.073693203254616,-1.2582428748332264,0.07713531406372848,0.03277219174867968,0.01701767627827952,0.11046109780364893,0.28055521586091736,-0.5630665023216874,0.10895853269961846,0.020420332525619825,-0.03272669029848521,0.3666766645917833,-0.12710883736527778,-0.11953299063875972,-0.12509726096765447,0.08750057092694047,-0.041123418965786085,0.0506961365399779,0.14997901004201958,-2.0736933618821576,0.07402650643827868,-0.7472722632929005,0.017017700652650528,0.03277218759885542
expAE03,IMAU_UFEMISM3,/Volumes/CrucialX8/computing/data/antarctica/ismip6_hackathon/ComputedScalarsHelene/expAE03/shelfmelt/computed_shelfmelt_AIS_IMAU_UFEMISM3_expAE03.nc,-0.15089885767072164,-0.2846979588380616,-1.4210560861054127,-2.00939061202667,-1.2358185348172444,0.06852129381189367,0.0031536539607226605,-0.005022382062698755,0.022213331286208227,-0.17626584804326734,-0.5518002540966704,0.055795806037066305,0.020344632052248967,-0.029031842442691996,0.2959577968388634,0.0007268493420757305,-0.23333150058812324,-0.18332057959313108,0.015109342142826387,-0.3487044253276015,0.06549117210832239,0.1774517309940976,-2.009390769615107,-0.04642599687429849,-0.7337871835025356,-0.005022355218582686,0.003153650281015108
expAE03,IMAU_UFEMISM4,/Volumes/CrucialX8/computing/data/antarctica/ismip6_hackathon/ComputedScalarsHelene/expAE03/shelfmelt/computed_shelfmelt_AIS_IMAU_UFEMISM4_expAE03.nc,-0.2526843235976449,-0.17318999417621117,-1.023201330280279,-1.5986276541959388,-0.9353011374980205,0.08438018704331707,0.006849240382965742,0.005154381098480515,0.047769313580585615,-0.03686340674120708,-0.37943228691207664,0.03709084977469902,0.016270528081533696,-0.01960550276590599,-0.04586861200455217,0.0033024962946576197,-0.20711483207525894,-0.1387779311047969,-0.013123535301090894,-0.4002287442367025,0.03542985677551569,-0.3431226449715648,-1.5986276612003434,0.0427918466204526,-0.5207950578919385,0.005154342492608127,0.006849242374541452
expAE03,LSCE_GRISLI2,/Volumes/CrucialX8/computing/data/antarctica/ismip6_hackathon/ComputedScalarsHelene/expAE03/shelfmelt/computed_shelfmelt_AIS_LSCE_GRISLI2_expAE03.nc,-5.475467644868722,-4.908105326943231,-2.2609347381423888,-23.33441535907042,-2.5630658440544947,-1.6401337588889664,-3.967759224611431,-0.9623154479685052,-1.6974901644354707,-3.475517919160078,-2.6327375068754,-1.5480158967357163,-1.998734737812585,-0.4163995069254649,-9.214407818034672,-0.4636063344868234,-1.0178674330380812,-7.998306188073407,-2.721421104497624,-2.935098535397236,-2.276490034351111,-4.992801791531789,-23.334410239856318,-2.097603481830364,-2.197340320835571,-0.9623152261286139,-3.9677585591646363
expAE03,LSCE_GRISLI,/Volumes/CrucialX8/computing/data/antarctica/ismip6_hackathon/ComputedScalarsHelene/expAE03/shelfmelt/computed_shelfmelt_AIS_LSCE_GRISLI_expAE03.nc,-3.9279441962892996,-2.9597875202314903,-1.7565976155850382,-18.995626288458084,-2.0440233382606445,-1.7502949203163065,-0.7615303082219773,-1.0248561345307845,-1.8324585231747328,-4.033816890122765,-2.641696546503711,-1.8717956988363929,-2.831195136567871,-5.520764348012403,-3.889998303718693,-0.4551345178155073,-0.7464792187750866,-7.628498541269378,-2.8996606777418057,-9.922379769149021,-2.3926900248357086,-4.012085386754214,-18.99562782951927,-2.164497045316244,-2.250453664869361,-1.02485689519398,-0.7615298209636192
expAE03,NCAR_CISM1,/Volumes/CrucialX8/computing/data/antarctica/ismip6_hackathon/ComputedScalarsHelene/expAE03/shelfmelt/computed_shelfmelt_AIS_NCAR_CISM1_expAE03.nc,0.8542282892363993,-2.168171449068322,-1.064233734598285,-9.05509090732555,-1.931209581315886,-1.576274500671321,-3.083453623817423,-3.533834335782939,-0.9003560080119746,-1.887099166728908,-2.599510778674264,0.36594385508241745,-0.05066403348818671,-0.6514935973810771,-0.334485614272674,0.33565528969389746,-0.569366227981716,-0.1572900899960299,-1.5422176535318712,-1.656573025742163,-1.544168978418142,1.099660911522889,-9.055089976270636,-1.9273501884036297,-2.260655671925568,-3.533835143654746,-3.083453943447095
expAE03,NCAR_CISM2,/Volumes/CrucialX8/computing/data/antarctica/ismip6_hackathon/ComputedScalarsHelene/expAE03/shelfmelt/computed_shelfmelt_AIS_NCAR_CISM2_expAE03.nc,-5.8980406969851735,-9.108647445428737,-1.9582603615978948,-22.433544004147763,-1.360930206818363,-1.0637456288193108,-0.9717137064221646,-2.6856475432821245,0.9701987244861545,-1.2740840669078635,-2.0164477435065127,1.755776056772338,0.09156579664574416,-0.08992825665065762,0.11266737972631402,0.3263345189862341,-0.0009347642321841931,-4.098275283296367,-5.703510340536338,-10.581202721575853,-1.0253414772990679,0.7401279055407852,-22.433542419475778,-1.4000435781477272,-1.8358547834343506,-2.68564721774265,-0.9717137162960974
expAE03,NORCE_CISM2-MAR364-ERA-t1,/Volumes/CrucialX8/computing/data/antarctica/ismip6_hackathon/ComputedScalarsHelene/expAE03/shelfmelt/computed_shelfmelt_AIS_NORCE_CISM2-MAR364-ERA-t1_expAE03.nc,0.24190834082425106,-4.637695256287609,-6.34344651069839,-9.691938614952683,-2.9128161727875668,-0.45262936974689083,-2.635521886362989,-5.107357380181178,1.618901618220196,-2.307850782261089,-4.020474273412885,0.1356622077606695,0.6331765072482425,-0.8481391770135516,-0.9372373306437902,0.4459314351509349,-0.5278049404716632,-2.764787277870953,-0.9650863999339121,-1.994175615032824,-1.7351616956152096,-1.220778604417101,-9.691934852797587,-1.6747733216230443,-3.2860550198641234,-5.1073566487765625,-2.6355219848807403
expAE03,NORCE_CISM3-MAR364-ERA-t1-local,/Volumes/CrucialX8/computing/data/antarctica/ismip6_hackathon/ComputedScalarsHelene/expAE03/shelfmelt/computed_shelfmelt_AIS_NORCE_CISM3-MAR364-ERA-t1-local_expAE03.nc,-0.07791045047858791,-1.794011740538492,-1.3456687857448681,-5.249557286413573,-1.3336813780985404,-0.8443885812468093,-0.639870651845083,-3.1579781671590244,-0.2869746299116631,-1.1270214977145274,-1.7583980887834905,0.33708482496174774,1.0300194606906083,-0.6123041822784305,-0.16283782177744066,0.5698168500563905,-0.3823029933121276,-1.4656735894680981,-1.0638540876220755,-1.3835283757946382,-0.8651011075905863,-0.48959641125076514,-5.2495561044609715,-1.2592706923863064,-1.4883281203580463,-3.157977158733548,-0.6398708090280039
expAE03,NORCE_CISM3-MAR364-ERA-t1-nonlocal,/Volumes/CrucialX8/computing/data/antarctica/ismip6_hackathon/ComputedScalarsHelene/expAE03/shelfmelt/computed_shelfmelt_AIS_NORCE_CISM3-MAR364-ERA-t1-nonlocal_expAE03.nc,0.7180353584617913,-1.6848097731637672,-1.5828731313607944,-7.454068031389742,-1.4555511907629217,-1.1204733472618935,-1.6650821454416258,-4.48195321570288,-1.331796881945042,-1.5899871116987585,-2.0452592118966404,-0.13276687170954116,1.0930651279698302,-0.5993181925951161,-0.0008093674699198861,0.8449710336652908,-0.7744352571224651,-2.435973180608567,-1.077092713230332,-1.1962100081299196,-1.0458407550176698,-0.8814015510248874,-7.454068558455791,-1.3222190450327016,-1.8239805353301648,-4.481952451602357,-1.6650828614137936
expAE03,NORCE_CISM3-MAR364-ERA-t1,/Volumes/CrucialX8/computing/data/antarctica/ismip6_hackathon/ComputedScalarsHelene/expAE03/shelfmelt/computed_shelfmelt_AIS_NORCE_CISM3-MAR364-ERA-t1_expAE03.nc,0.4213966294722651,-5.062021377438317,-3.956201982261849,-9.694910156262118,-1.9691071982616446,-0.18879778628313115,-0.3406920243251772,-5.246626342735896,1.4041738204051368,-1.8837775794718228,-3.368192284155281,0.7670866805005536,1.0650013707108452,-0.4944816928518825,-0.6270343042392206,0.7624905189059983,-0.35913720918410585,-1.1592672015252736,-1.3569129683809331,-2.6825340807131433,-0.9141329069836264,-0.46213880969665544,-9.69490951663947,-1.2826462064786819,-2.537065105476231,-5.246627470357584,-0.3406923324559701
expAE03,NORCE_CISM4-MAR364-ERA-t1-local,/Volumes/CrucialX8/computing/data/antarctica/ismip6_hackathon/ComputedScalarsHelene/expAE03/shelfmelt/computed_shelfmelt_AIS_NORCE_CISM4-MAR364-ERA-t1-local_expAE03.nc,1.7451709512274536,-1.6052108123438327,0.9586634060740122,-0.5465094956754903,-1.2491302942310822,-0.8408760798815695,2.4590068495973156,-0.8322112254663638,0.47824553474544373,-0.7893762044565027,-1.589082500330104,0.7211589156913659,0.8906129303539347,0.3239211757434195,0.1472368570998388,0.7734162337301906,-0.29341790635031484,1.3501155633206663,-0.5768634598686222,-0.8433913949740415,-0.3897322060570847,0.6973831899856192,-0.5465103690177937,-1.1629994738464555,-1.3675517165448823,-0.8322108772069692,2.4590069683512947
expAE03,NORCE_CISM4-MAR364-ERA-t1-nonlocal,/Volumes/CrucialX8/computing/data/antarctica/ismip6_hackathon/ComputedScalarsHelene/expAE03/shelfmelt/computed_shelfmelt_AIS_NORCE_CISM4-MAR364-ERA-t1-nonlocal_expAE03.nc,1.2023258504384584,-1.6643673929512222,0.9854749089299619,-0.5864956931747987,-1.3714184866215025,-1.159681639237876,2.287278692818375,-1.425951121723953,-0.7732994656194911,-1.0758117468602362,-1.9938509940922229,0.7646627769293052,0.8601320368549216,0.10665208795257186,0.05548607847000686,0.7911074601712074,-0.6995453650979009,0.004255816783881539,-0.7292535044969153,-0.8531942574925573,-0.6864777921164986,1.0962423602972913,-0.5864964765824254,-1.271290860508703,-1.725985800699291,-1.4259507110043144,2.2872787144399225
expAE03,NORCE_CISM4-MAR364-ERA-t1,/Volumes/CrucialX8/computing/data/antarctica/ismip6_hackathon/ComputedScalarsHelene/expAE03/shelfmelt/computed_shelfmelt_AIS_NORCE_CISM4-MAR364-ERA-t1_expAE03.nc,2.5615543338116953,-1.9640953622560104,-1.7418284193879554,-8.633404774418551,-1.6212555000157032,-0.00047596541710670515,1.4032839978464589,-1.9393289494790444,0.7442720405950984,-1.0560611776725626,-2.123996151849388,0.5159475783175982,0.9003707535166254,0.10824869871964227,-0.10731436308724596,0.6595035688418556,-0.098261919301605,1.5731694977785777,-0.06773702929566339,-1.1853094702738805,-0.48347808844793416,1.060943519992842,-8.633404628028138,-1.0143347810747245,-1.605736820014548,-1.9393296094802954,1.4032838886337182
expAE03,NORCE_CISM4-MAR364-JRA-t1,/Volumes/CrucialX8/computing/data/antarctica/ismip6_hackathon/ComputedScalarsHelene/expAE03/shelfmelt/computed_shelfmelt_AIS_NORCE_CISM4-MAR364-JRA-t1_expAE03.nc,2.586624732095383,-2.041602620542437,-1.6788390137854554,-7.173768755492414,-1.6114495798378927,-0.0899093232940753,1.3257886010746858,-1.9522204526200841,0.8435250962205258,-1.153561897234333,-2.1846517049670418,0.6846794338943709,0.8215995100049811,0.03968640594396211,-0.1378879919485776,0.711731764120451,-0.08909981527878608,1.6877605993558338,-0.8780084796025576,-0.8017625247500302,-0.6201798656630491,1.1082910728790827,-7.173767808505094,-0.8999198835778968,-1.654570438518633,-1.9522204512989942,1.3257888539641662
expAE03,NORCE_CISM5-MAR364-ERA-t1-local,/Volumes/CrucialX8/computing/data/antarctica/ismip6_hackathon/ComputedScalarsHelene/expAE03/shelfmelt/computed_shelfmelt_AIS_NORCE_CISM5-MAR364-ERA-t1-local_expAE03.nc,2.0629554472715923,-1.594145357118613,0.513888649045612,2.8966100617405095,-1.1317893259156167,-0.6050675782231922,2.3462114539432712,-0.6070629875556595,0.8480318447806843,-0.47507462898345487,-1.1960181276959534,0.6671041086536897,1.3276634546407429,0.9134964416540499,0.15521034996691596,0.838714498720764,0.3746076461888439,1.9993476031067314,-0.3092244417894956,-0.4808162234054003,-0.14853916334997708,0.7568614827650909,2.896610448184148,-1.0173621275557627,-1.1190080478381952,-0.6070622785087973,2.3462116440934024
expAE03,NORCE_CISM5-MAR364-ERA-t1-nonlocal,/Volumes/CrucialX8/computing/data/antarctica/ismip6_hackathon/ComputedScalarsHelene/expAE03/shelfmelt/computed_shelfmelt_AIS_NORCE_CISM5-MAR364-ERA-t1-nonlocal_expAE03.nc,1.964462160502452,-1.7485371866909878,1.7747443902831397,1.8753075194826252,-1.2138391258976666,-0.9523474084901733,2.5782061895398867,1.0127718850050957,-1.0705933318486407,-0.8815261901116909,-1.6153505614839876,0.6712323834015052,1.315877661556072,0.9049982390834772,0.13291705574526114,0.9284270309953004,-0.21963160868317977,1.6627360017498305,-0.414497878042269,-0.5723968794359044,-0.2183031255980561,0.5679879784618314,1.8753082115496547,-1.2571821354395065,-1.4707350929473364,1.0127716419902155,2.578205926179197
expAE03,NORCE_CISM5-MAR364-ERA-t1,/Volumes/CrucialX8/computing/data/antarctica/ismip6_hackathon/ComputedScalarsHelene/expAE03/shelfmelt/computed_shelfmelt_AIS_NORCE_CISM5-MAR364-ERA-t1_expAE03.nc,1.9997737675318152,-1.8181980903025439,-0.28126078298715074,3.5009909682286295,-1.1461558568171277,-0.1188084918242942,2.6805837749504606,0.15941268689290045,0.5154013114948346,-1.0006461392976882,-1.6712377994903376,0.6019807374640589,1.0102765166990704,0.7250337226736963,0.25415935461318706,0.8020037370904244,0.15575370043852177,1.915768990528108,-0.438566582754643,-0.8320624044499989,-0.08778127693783944,0.8953038804558214,3.500991416038641,-0.6535466827897556,-1.328271321576648,0.15941225167404305,2.6805838873758727
expAE03,PIK_PISM,/Volumes/CrucialX8/computing/data/antarctica/ismip6_hackathon/ComputedScalarsHelene/expAE03/shelfmelt/computed_shelfmelt_AIS_PIK_PISM_expAE03.nc,18.418967535936023,-0.012853211884847004,1.4718916458096594,20.72155572219608,-2.8240154462116305,1.246965615251836,-2.6666774404515436,2.5582370934797325,6.824564871984492,-5.753441595471015,-2.178653597219207,9.428373452044234,2.7116706675206217,7.080050957781209,16.987583976364427,2.456286570491251,4.973378255136755,8.03385550348275,-1.7644567721738476,-2.037148450533981,-0.5434558364173139,3.214482954343632,20.721554099401146,0.31996632099730904,-2.4435446308055333,2.5582360274848597,-2.666672009226623
expAE03,UCM_Yelmo,/Volumes/CrucialX8/computing/data/antarctica/ismip6_hackathon/ComputedScalarsHelene/expAE03/shelfmelt/computed_shelfmelt_AIS_UCM_Yelmo_expAE03.nc,-3.1190063582331966,-1.434926542353176,-0.6888082322622431,-1.6924105805362224,-1.1773960590327839,-1.076793178022378,-0.3690797381701296,-0.2168598408059439,-0.2632120272229037,-1.3691093809393644,-1.2297194132526168,-0.3356351046783612,-0.34606616609296337,-0.3416752910044889,0.10607529786735426,0.08054343143265502,0.170081428040729,-5.45628432284072,-0.8843872140549403,-0.8661546593860319,-0.8310119103263385,-2.276051672110449,-1.692410552331813,-1.2891336822407067,-1.0810368690934085,-0.2168593127768439,-0.3690795369328803
expAE03,UCSD_ISSM,/Volumes/CrucialX8/computing/data/antarctica/ismip6_hackathon/ComputedScalarsHelene/expAE03/shelfmelt/computed_shelfmelt_AIS_UCSD_ISSM_expAE03.nc,12.321080383492355,-1.0390977185191494,-1.569710975869338,24.88490056348794,-2.0127866548690925,-0.01434448785345721,1.2501300446903443,4.50081442320638,-1.1462039371060544,-1.7515647290441612,-0.3496875100682473,0.3461886621502668,-3.8463354733450714,-2.4318211054407115,-2.142170084537275,-0.9278209967625175,-0.6400299526153965,11.106308300057487,-0.7784290348807756,-0.9432094551115586,-1.0197097744584598,3.972936912816375,24.884898672786854,-0.5570160798553612,-1.4570565209027602,4.500814532879605,1.2501284993474275
expAE03,ULB_fETISh-KoriBU1,/Volumes/CrucialX8/computing/data/antarctica/ismip6_hackathon/ComputedScalarsHelene/expAE03/shelfmelt/computed_shelfmelt_AIS_ULB_fETISh-KoriBU1_expAE03.nc,5.581048039754313,0.702154008546034,1.8143905026350309,10.468313454012879,-1.2108759193173437,0.25797088920954825,3.647684761554329,-0.6562290431762223,-2.381115832049428,-0.9026730197589021,-1.4681152506434638,-0.03920461104531814,0.2584197453582704,-0.9779771606910224,-0.7659090034723919,0.36875447058819244,1.4040143990848715,3.4159159477646313,0.5507949349278252,1.957031057711763,0.22156587280646978,0.9349882753873893,10.46831419082487,0.4279144173507949,-1.3258685381020918,-0.6562288003622125,3.6476841816152277
expAE03,ULB_fETISh-KoriBU2,/Volumes/CrucialX8/computing/data/antarctica/ismip6_hackathon/ComputedScalarsHelene/expAE03/shelfmelt/computed_shelfmelt_AIS_ULB_fETISh-KoriBU2_expAE03.nc,2.6714337859558936,-7.402084255180487,1.2279355330560247,-8.80629859476037,-6.264863352755164,-1.0259310282130913,-3.8405658306898918,-0.7747379874657696,-1.6474622672918384,-2.5769335688198813,-2.160121059446693,-0.2904363004046815,0.021325813837741348,-0.18250394650396418,-0.6518532911189903,-0.42081868309374026,-0.6065262376919969,1.4212570415073777,-2.8600700799568077,-3.914852801048198,-1.6503258204251878,0.13620893086595287,-8.806295846703726,-1.308723448430917,-1.89969465706011,-0.7747380641224613,-3.840565374158917
expAE03,UNN_Ua,/Volumes/CrucialX8/computing/data/antarctica/ismip6_hackathon/ComputedScalarsHelene/expAE03/shelfmelt/computed_shelfmelt_AIS_UNN_Ua_expAE03.nc,-1.6115291481073015,-2.0619005787480917,-0.5602070801543046,-4.779030538843948,-1.7006749534719399,-1.1006967865135469,-1.0077286662739704,0.4975524927138757,0.0022149347335829184,-1.3702133442663245,-1.9507903926641772,0.19438709292643286,0.009225271840575644,0.9032544838661947,-0.34784699491419246,-0.25884711917096004,-0.31439455280266726,0.593593897632958,-1.2322576059228716,-3.5661734614653096,-1.206748507684992,-0.21161541683043406,-4.779030048574295,-1.6215775541490927,-1.6178707129412744,0.4975521203333706,-1.0077289807602003
expAE03,UTAS_ElmerIce,/Volumes/CrucialX8/computing/data/antarctica/ismip6_hackathon/ComputedScalarsHelene/expAE03/shelfmelt/computed_shelfmelt_AIS_UTAS_ElmerIce_expAE03.nc,-1.5049095349525494,-1.449733203655171,-0.37378858713815877,-3.854859772737804,-1.6064669296767242,-0.972613297441212,-0.9989740065433503,-1.2953731222328564,0.020646375601450995,-0.5896167499073437,-1.8423326999706777,-0.6712742836800145,-0.7659855489834344,0.43351221417743124,-0.2830388585008716,-0.47711846557956417,-0.42839994652582125,-1.7287492104550983,-1.447204513897013,-1.2544440411608502,-1.3764870583363398,-0.7408937403868059,-3.8548590044860305,-1.2481959745458706,-1.6011768791522232,-1.2953719789690528,-0.9989741790829898
expAE03,VUB_AISMPALEO,/Volumes/CrucialX8/computing/data/antarctica/ismip6_hackathon/ComputedScalarsHelene/expAE03/shelfmelt/computed_shelfmelt_AIS_VUB_AISMPALEO_expAE03.nc,-2.092092112280277,-1.6084560297090933,-0.6162560546278879,-24.29517637086602,-3.675960930811163,-1.4188114672143914,-0.6189259435596661,-0.561343174192293,-2.955579313112562,-0.8837682172596395,-3.77972536415926,-0.08199087526923021,-1.7233078633510321,-0.20657437128675615,0.23095416581788247,-0.5403770232311751,-2.7346165661401693,-30.10258033782035,-2.4498193020093275,-2.876710891977523,-1.9563160205446435,-1.6852719656458182,-24.29517694821929,-1.541850858749863,-3.7183894074519115,-0.5613431620269025,-0.6189259359525987
expAE03,VUW_PISM1,/Volumes/CrucialX8/computing/data/antarctica/ismip6_hackathon/ComputedScalarsHelene/expAE03/shelfmelt/computed_shelfmelt_AIS_VUW_PISM1_expAE03.nc,-4.707214607682467,-3.3999270879884467,-6.412774042885497,-9.938101136705122,-5.59483712568248,7.733152238904139,5.210108153003386,5.452215297751785,1.249047891685703,0.875750459818315,-3.8133264397058984,0.2994692548450737,-0.7579186313146202,2.7340106121714873,-2.940061758156019,2.3291980895813325,2.1443034399220307,-16.66405791778985,-10.224251505545348,-6.261412667598082,-9.689471973074292,7.31682946002928,-9.938106198773411,-2.8353911832439658,-5.556943419825315,5.4522114035593106,5.210108915107547
expAE03,VUW_PISM1_s1,/Volumes/CrucialX8/computing/data/antarctica/ismip6_hackathon/ComputedScalarsHelene/expAE03/shelfmelt/computed_shelfmelt_AIS_VUW_PISM1_s1_expAE03.nc,-5.502132015388597,-3.5089964243985463,-6.503856824950173,-10.625922798489611,-1.503948654217261,7.463716807840998,-0.974445500685599,10.210659846529325,1.0779368144960921,1.3606742240019245,-3.718295693764631,-10.204225158852132,-0.8445116644430417,1.9365257138978667,-3.856134528386555,2.46834850675623,2.2956829438143362,-8.411214434229485,-10.685114524450201,-6.354243367797986,-10.584690534765551,6.73342923444008,-10.625921955409801,-2.9275615495007155,-5.891389801314481,10.210660084944312,-0.9744452954386977
expAE03,VUW_PISM1_s2,/Volumes/CrucialX8/computing/data/antarctica/ismip6_hackathon/ComputedScalarsHelene/expAE03/shelfmelt/computed_shelfmelt_AIS_VUW_PISM1_s2_expAE03.nc,-1.6810184812574605,-3.497896489078607,-7.806326039713403,-3.4933019255300266,-5.603787083942434,7.622898278425103,1.9332038247137362,5.665651397862149,1.2772860221697933,1.2234688050307247,-3.915056730075408,-5.748080024787202,-0.5180735818042059,2.845267306201853,-2.901533697277471,2.0692733657057296,1.8032578507028647,-16.883469814453655,-10.150108016423156,-6.195250191279877,-9.583049747652966,7.260385216570924,-3.493306129276739,-2.9156814284545614,-5.600501808887869,5.6656532249741005,1.933201837214213
expAE03,VUW_PISM1_s3,/Volumes/CrucialX8/computing/data/antarctica/ismip6_hackathon/ComputedScalarsHelene/expAE03/shelfmelt/computed_shelfmelt_AIS_VUW_PISM1_s3_expAE03.nc,-2.502077594212171,-3.587697694636611,-6.403978001199752,-5.560514469614191,-5.930208014927096,7.562059269308165,5.911811680258658,2.3704955966717023,0.9712439463990084,0.875750459818315,-3.6373197423114707,-8.059435366006811,-0.7497874364041772,2.6552427101433747,-3.650990851823437,2.424353529286684,2.0603050785468566,-17.380118060508646,-10.12271812389976,-6.143936435851787,-9.937406839631032,6.256600780264938,-5.560515404180364,-3.0375334929550606,-6.018567032839495,2.3704949247373985,5.911811521452037
expAE03,VUW_PISM1_s4,/Volumes/CrucialX8/computing/data/antarctica/ismip6_hackathon/ComputedScalarsHelene/expAE03/shelfmelt/computed_shelfmelt_AIS_VUW_PISM1_s4_expAE03.nc,-5.816628846073058,-3.457058344599016,-7.826921881952783,-11.70941664735296,-5.802135314934125,7.777167803033328,3.9020454440403007,7.826906021014569,1.0955939446016316,0.875750459818315,-3.847204735785617,-4.902113530998547,-0.5563048567548208,2.7619233301081323,-3.715834426221468,2.4796049418617034,2.1819343655860726,-16.908819009980114,-10.262288356282786,-6.2611873895461265,-9.730212091382805,7.586667158083321,-11.709412316326251,-2.843482674860457,-5.916575619484235,7.826906635090182,3.902044773429914
expAE03,VUW_PISM2,/Volumes/CrucialX8/computing/data/antarctica/ismip6_hackathon/ComputedScalarsHelene/expAE03/shelfmelt/computed_shelfmelt_AIS_VUW_PISM2_expAE03.nc,-3.770195870317721,-3.5501104756741837,-7.081742205339966,-17.786296295506062,-5.661601326466084,7.482170074584295,6.449459763750472,5.559427401457622,1.7330436521180488,1.4455740864376785,-3.874455413029315,-7.803851876287306,-1.3322264911322375,0.9956798742872737,-3.4020983270730643,2.4739072108728166,1.8107855859622872,-15.53351527017254,2.8650578347017124,-0.5527061736170076,-9.00349644346003,3.0567478575217737,-17.786296421563257,-3.1137819154752915,-5.9220907075774125,5.55942898696555,6.449458277998495
expAE03,VUW_PISM2_s1,/Volumes/CrucialX8/computing/data/antarctica/ismip6_hackathon/ComputedScalarsHelene/expAE03/shelfmelt/computed_shelfmelt_AIS_VUW_PISM2_s1_expAE03.nc,-0.5926591682806723,-3.5429183395076453,-6.960235733715663,-16.630459288469616,-1.8737299288175446,7.375570725517419,7.1864225511047835,14.489304119285944,0.9352282845941442,0.5050811515115834,-4.03983270963516,-4.2534150664562755,-1.653510667410858,0.7082772032136431,-3.5096164307834457,2.512046915718239,1.2400161877437785,-18.784948305420578,2.7587610536631537,-0.6070101062883317,-10.078791102790415,2.174730956401077,-16.630463147065576,-3.122953629434482,-5.97471450575174,14.489304205475054,7.18642194830603
expAE03,VUW_PISM2_s2,/Volumes/CrucialX8/computing/data/antarctica/ismip6_hackathon/ComputedScalarsHelene/expAE03/shelfmelt/computed_shelfmelt_AIS_VUW_PISM2_s2_expAE03.nc,-1.1156099612712076,-3.492014618327902,-6.936541847440443,-18.632816826002482,-5.432469066500039,7.474105682777214,6.048927121921647,5.451895798960432,1.87159024380199,1.1381871802283166,-3.727799720094078,-7.6813242724470765,-1.1249754082524621,1.8166914118678097,-3.352537005407754,2.4345513219045687,1.313173952610125,-17.91482899064222,-9.625907455332015,-0.24534028258056395,-9.108212423077683,4.123568752265713,-18.632814874021697,-3.0688388217627445,-5.542376782147216,5.451895441481565,6.048925170878995
expAE03,VUW_PISM2_s3,/Volumes/CrucialX8/computing/data/antarctica/ismip6_hackathon/ComputedScalarsHelene/expAE03/shelfmelt/computed_shelfmelt_AIS_VUW_PISM2_s3_expAE03.nc,-0.5029337911968348,-3.7443252666431306,-7.005371571716967,-15.511809522211529,-5.810320161618222,7.293498236318507,5.4794750560067556,3.2244037641466257,1.5249056363904163,1.1760259302978184,-3.7994789608322286,-7.242029584758226,-1.2442834458531227,1.51025019133216,-3.436854146521103,2.409757711095491,2.006071938379717,-17.57155407534634,-9.668122332542032,-6.05130331299574,-9.457308425329632,2.9160501183847614,-15.511814345977768,-3.2272825966505834,-6.012221026191398,3.2244058208424775,5.479473470076389
expAE03,VUW_PISM2_s4,/Volumes/CrucialX8/computing/data/antarctica/ismip6_hackathon/ComputedScalarsHelene/expAE03/shelfmelt/computed_shelfmelt_AIS_VUW_PISM2_s4_expAE03.nc,-2.9403467637134675,-3.5841729616232225,-7.088140532417638,-16.48618467528705,-5.684446092267189,7.334522380604549,5.708941107501875,11.545082093279738,1.3822468618255908,1.2220424138130106,-3.973335556117082,-8.653313407307774,-1.1984464727045836,0.8292071253159694,-3.330573821143231,2.442855867289028,1.8470176623737555,-16.969497638133486,2.464870539263247,-0.7692765775350239,-9.234409512152343,3.0019651647690537,-16.486187041793215,-3.13517114693533,-5.95874212009786,11.545083430629308,5.70893954646991
expAE04,DC_ISSM,/Volumes/CrucialX8/computing/data/antarctica/ismip6_hackathon/ComputedScalarsHelene/expAE04/shelfmelt/computed_shelfmelt_AIS_DC_ISSM_expAE04.nc,-2.856514173041103,-1.9682256356141465,-0.8143008515587038,2.7025323648834068,-2.4551302109829507,-1.3987241049765844,-1.9893116492987648,-2.363611005363479,-2.0211830841444343,-3.0419332279033684,-3.480421554578168,-0.537361902449641,-0.38991668028692317,0.611452459213174,-0.7913437768640876,-1.0020654031395206,-0.6680055678386374,-4.840883144515914,-1.5229513866719175,-2.443357657424011,-1.1111224585984116,-0.3478108023024271,2.702530320611288,-1.7060366073033402,-2.8742352633766837,-2.3636103636225645,-1.989311615905489
expAE04,DOE_MALI_4km,/Volumes/CrucialX8/computing/data/antarctica/ismip6_hackathon/ComputedScalarsHelene/expAE04/shelfmelt/computed_shelfmelt_AIS_DOE_MALI_4km_expAE04.nc,-0.5239659834596218,-2.53494676062357,-1.4651617625462796,-19.599901534192483,-2.8018040867874277,-1.6164833100367035,-9.400325454035134,-4.512934196256062,-1.5770625584481408,-3.151104606805225,-4.151353078885704,-0.5960555725434733,-2.157471369460925,-0.19608357116449504,-1.1929739321689632,-1.14544926534343,-0.011118801262732791,-4.760664175040873,-2.560324180897516,-16.550125034251792,-2.750871118063567,-2.13052210303612,-19.599902866068312,-2.14731801419798,-3.5032538939688473,-4.512934120433657,-9.40032634543347
expAE04,DOE_MALI_8km_Ant95,/Volumes/CrucialX8/computing/data/antarctica/ismip6_hackathon/ComputedScalarsHelene/expAE04/shelfmelt/computed_shelfmelt_AIS_DOE_MALI_8km_Ant95_expAE04.nc,-1.239022853430357,-23.212848275972796,-3.1035010145442516,-31.891314499452392,-2.0752191949770094,-1.6430032801749048,-16.502822574486522,-8.757445316681622,-1.8906342967034595,-5.102866088520075,-4.229999310244237,-1.3473372356770463,-1.1470361114132377,-0.901479405358554,-1.5038926637330388,-1.219206936848162,-1.014923861172147,-7.08967336460333,-21.108782167733295,-21.992919342714487,-2.2850324752473474,-3.0121658432960547,-31.891316604166725,-2.2593309050289614,-3.767639866748845,-8.757445805060057,-16.502823555484802
expAE04,DOE_MALI_8km_AntMean,/Volumes/CrucialX8/computing/data/antarctica/ismip6_hackathon/ComputedScalarsHelene/expAE04/shelfmelt/computed_shelfmelt_AIS_DOE_MALI_8km_AntMean_expAE04.nc,-1.4636337064032974,-11.73220290205299,-1.268792917633598,-22.674147909689474,-3.4639856049744395,-1.8180919133745084,-12.937884823624735,-7.405538669693115,-1.3442521958665061,-3.134191356061339,-3.3495114940886808,-0.9516996775924262,-0.5945849405605355,-0.5035642407236116,-1.1383312191661967,-1.190712634225667,-0.2971870639534897,-5.077522409592143,-3.4650000965229797,-18.164925367828914,-4.086730014996393,-2.034227702891136,-22.674151658974083,-2.2863960596069517,-4.551899671899142,-7.405538098542747,-12.937883677923143
expAE04,IGE_ElmerIce,/Volumes/CrucialX8/computing/data/antarctica/ismip6_hackathon/ComputedScalarsHelene/expAE04/shelfmelt/computed_shelfmelt_AIS_IGE_ElmerIce_expAE04.nc,2.4737830675350407,-0.5781867814960566,2.0631537485884857,8.306241869198974,-1.340995910874783,-0.37746767738852094,-1.2506121100258643,0.3460768269162262,0.2784337966931134,0.4322979962206257,-1.4003042137330066,-6.862748433328804,0.6437937421293594,-0.14296578504986224,0.6336869093471134,-0.5326782388885531,1.3098089431499973,0.6130040134371137,0.02550845499471066,-0.3679361508576582,-0.039654337171386445,0.7225429383019977,8.306242864490924,-0.45492899800360576,-1.4148881485567881,0.3460762292500892,-1.2506123187095284
expAE04,ILTS_SICOPOLIS,/Volumes/CrucialX8/computing/data/antarctica/ismip6_hackathon/ComputedScalarsHelene/expAE04/shelfmelt/computed_shelfmelt_AIS_ILTS_SICOPOLIS_expAE04.nc,-18.276436863979498,-8.694929778115828,-0.509458331437445,-10.90953545580335,-4.583958783765908,-1.5481519893442806,-7.697795890880052,-1.9563231584463008,-3.3003165209673444,-3.2027137839175035,-5.1979540650473695,-5.707712801135862,0.0750535051835719,-3.311075028979678,-0.9113078826178236,-0.7395248571430515,-0.8476193280412212,-10.642171368677612,-3.085110021820718,-14.581221101895807,-3.06076911427299,-3.0373639833933535,-10.909533024196442,-2.093330728531991,-4.464673210175901,-1.9563238565147163,-7.697792663767874
expAE04,IMAU_UFEMISM1,/Volumes/CrucialX8/computing/data/antarctica/ismip6_hackathon/ComputedScalarsHelene/expAE04/shelfmelt/computed_shelfmelt_AIS_IMAU_UFEMISM1_expAE04.nc,0.1769592076528764,0.3770286662942596,0.8607672102258166,1.1359574891639594,-1.275289467771119,-0.20013053135447928,0.12258151702895949,0.14409692872588287,-0.02382884973415117,0.14132894964272025,-0.1856709869263894,0.016004130256208737,0.02352146040886298,0.06604372674247541,0.3348788678678227,0.11327891326629996,0.43354352539253793,-0.04306546308238597,0.4006145093941986,1.1240114827021463,-0.16643406867834604,0.381543329414302,1.1359574748249643,-0.4699785640321029,-0.41467803516293344,0.14409692798241797,0.12258152359554424
expAE04,IMAU_UFEMISM2,/Volumes/CrucialX8/computing/data/antarctica/ismip6_hackathon/ComputedScalarsHelene/expAE04/shelfmelt/computed_shelfmelt_AIS_IMAU_UFEMISM2_expAE04.nc,0.09622417816413109,0.4553280923256836,0.47223371049282614,-4.155512501273293,-0.9058926550527633,-0.2233616159002383,0.07790219582411752,0.1663973015911468,-0.020026889846667506,0.20480459098358225,-0.18009263695011835,0.016344097586514613,0.007173813186534539,0.04248411035555913,0.2216431364571298,-0.10186296229025371,0.8195127983329495,-0.7460474261647492,-0.5679146973597822,1.287645076603042,-0.1526960019095412,-0.042312569300262726,-4.155512744037146,-0.5220425909472126,-0.23135908751558298,0.16639730103901368,0.07790219489745161
expAE04,IMAU_UFEMISM3,/Volumes/CrucialX8/computing/data/antarctica/ismip6_hackathon/ComputedScalarsHelene/expAE04/shelfmelt/computed_shelfmelt_AIS_IMAU_UFEMISM3_expAE04.nc,-0.7966181119834648,0.43776394197594404,0.894823733428891,-0.16856461095878705,-2.6249444803145723,-0.17914038784798747,0.0776147035427536,0.14582487769621807,-0.10838947425237339,0.12223210795349793,-0.6740705713008903,0.05171646576990066,0.008740484375442233,0.11984385291835863,-0.3871334214930843,0.37033695442988906,-0.8816518173381354,-0.5098718185202344,-0.6976694998166513,1.2671788645994435,-0.2498011913190743,0.1395546403187637,-0.16856457662995372,-0.43913314550935134,-1.1564136806416598,0.14582488168482752,0.07761470037517944
expAE04,IMAU_UFEMISM4,/Volumes/CrucialX8/computing/data/antarctica/ismip6_hackathon/ComputedScalarsHelene/expAE04/shelfmelt/computed_shelfmelt_AIS_IMAU_UFEMISM4_expAE04.nc,-0.6655051997404857,0.3657884231675901,0.785674284030691,0.1412079656192784,-2.490899634304588,-0.195636543960848,0.058655392684465485,0.17239458420501877,-0.169812898447519,0.2325219327281073,-0.6465817446766227,0.040281018226578945,0.012253076711958417,0.12438436380699945,-0.37266784125150343,0.29509927583884465,-0.7444018248663227,-0.3819810409548088,-0.6504315471589459,-0.5927192200930989,-0.24183820905749298,0.20669099281892833,0.1412079815994845,-0.49813229256465236,-1.1000292203895259,0.17239457249829698,0.058655390990790784
expAE04,LSCE_GRISLI2,/Volumes/CrucialX8/computing/data/antarctica/ismip6_hackathon/ComputedScalarsHelene/expAE04/shelfmelt/computed_shelfmelt_AIS_LSCE_GRISLI2_expAE04.nc,-5.149313310223949,-3.071704298455874,-2.459785704928322,-9.950567308844931,-3.4877731701923267,-0.9697007116238265,-5.131035219562669,-1.5535270700041295,-1.07894695820969,-2.515992963700377,-5.876145012672405,-2.5225976005861863,-7.978173196357279,-1.1318209375052257,-0.9455650965662263,-6.543746984455053,-1.5423494098799995,-8.306535898620059,-3.6780615715650544,-4.21088092073567,-2.442408066368193,-3.1375471511123303,-9.950561444673369,-1.1601950585192542,-3.834564998958304,-1.5535269985816402,-5.131033757549243
expAE04,LSCE_GRISLI,/Volumes/CrucialX8/computing/data/antarctica/ismip6_hackathon/ComputedScalarsHelene/expAE04/shelfmelt/computed_shelfmelt_AIS_LSCE_GRISLI_expAE04.nc,-12.99322393702056,-2.829524310753376,-1.5600590611515477,-10.15579735621774,-4.883401900730211,-1.0009120722138627,-6.747822234431435,-1.5399643168051025,-2.3830512921231097,-2.564031639888128,-4.892427652623162,-4.489946630511101,-1.8765592364882,-5.528031179333155,-0.917195119617574,-4.778685846459851,-1.5416444777101557,-12.608333733157433,-2.8926223300425002,-3.3460221103657783,-2.357959658456167,-3.1171207313555014,-10.15580148252181,-1.2105429853595289,-4.413201213886278,-1.5399643085571277,-6.747817948742309
expAE04,NCAR_CISM1,/Volumes/CrucialX8/computing/data/antarctica/ismip6_hackathon/ComputedScalarsHelene/expAE04/shelfmelt/computed_shelfmelt_AIS_NCAR_CISM1_expAE04.nc,1.4579019796790709,-2.291641224536991,-1.3191403331363034,-10.818482165129986,-3.2056885988755806,-1.6446715040009576,-4.059095199267825,-5.84898826930125,-0.768820628598716,-2.6906152203583975,-4.367599959651914,-1.569788083302372,-0.40937844650482536,-1.3352846548107382,-0.2687646117841429,-1.1337757208749775,-1.2283786329769146,2.3976258604691476,-1.8515237560863103,-2.0961209431454044,-1.6342942445223025,0.2080893174713836,-10.81848096947375,-1.9873062124760263,-3.712171907097458,-5.848987331744127,-4.059096021189861
expAE04,NCAR_CISM2,/Volumes/CrucialX8/computing/data/antarctica/ismip6_hackathon/ComputedScalarsHelene/expAE04/shelfmelt/computed_shelfmelt_AIS_NCAR_CISM2_expAE04.nc,-3.020104939146684,-2.400867392454124,-0.911609173105906,-10.223816722053371,-2.6577485503917533,-1.1269557102859347,-1.4865437121395573,-4.746974461515073,-1.0546836077704738,-2.34734029806679,-5.400309015089736,0.01089603681267004,-0.304768496121282,-0.06319722741222789,-0.18767500919569047,0.20909547781455906,-0.8411918206802604,0.3999357053774242,-1.377884623541945,-1.828639132463917,-1.9690863925168474,0.23920626060612182,-10.223817837926113,-1.8835810661825203,-4.3988464127986395,-4.7469746792072005,-1.486544042060256
expAE04,NORCE_CISM2-MAR364-ERA-t1,/Volumes/CrucialX8/computing/data/antarctica/ismip6_hackathon/ComputedScalarsHelene/expAE04/shelfmelt/computed_shelfmelt_AIS_NORCE_CISM2-MAR364-ERA-t1_expAE04.nc,-1.8814112043159703,-2.289731631534944,-4.863985989741632,-11.152392720614571,-6.573973648768355,-0.8777279867974084,-17.669489690669387,-11.857179938996307,-2.6351285293096414,-3.0853837487383107,-30.31822340545078,-4.315273050653204,-0.35816849924222804,-7.730545523819796,-1.019949030034235,-3.5564220858676237,-0.7241653106755401,-2.865663718933795,-4.915394245032413,-1.057735252309115,-17.593806922050838,-0.997617750311016,-11.152397669150695,-1.6125569142605258,-7.892312149718991,-11.857182026699991,-17.669489400543302
expAE04,NORCE_CISM3-MAR364-ERA-t1-local,/Volumes/CrucialX8/computing/data/antarctica/ismip6_hackathon/ComputedScalarsHelene/expAE04/shelfmelt/computed_shelfmelt_AIS_NORCE_CISM3-MAR364-ERA-t1-local_expAE04.nc,-0.3076073301762512,-1.8631637803346388,-0.8238016734101605,-4.188537651870716,-2.6252456045124424,-1.0736979939392337,-1.5750647978276655,-4.148678447562151,-0.9048033413070886,-1.2393276795893406,-4.031710477125383,-1.0818010434126029,-0.3818032811734282,-0.5961253997293166,-0.054415479491781715,1.370019015254704,-0.8695668083312849,-1.9257155927738925,-1.2960884060132107,-1.706913680969513,-0.9217712368077895,-0.411298066522781,-4.1885381477170345,-1.3466369712820339,-3.4413375451632033,-4.148678107852119,-1.5750648116790833
expAE04,NORCE_CISM3-MAR364-ERA-t1-nonlocal,/Volumes/CrucialX8/computing/data/antarctica/ismip6_hackathon/ComputedScalarsHelene/expAE04/shelfmelt/computed_shelfmelt_AIS_NORCE_CISM3-MAR364-ERA-t1-nonlocal_expAE04.nc,0.4696840789829637,-1.7118719905254736,-1.3629778618022135,-6.276390691733223,-2.2787928495402063,-1.3033842507069955,-1.99684516165342,-5.7428822482726005,-1.1450060858927227,-1.6455931015376835,-3.0621573186978157,-1.2359780877361741,-0.32791169920819474,-0.5990223650810975,0.02663541360259325,1.713005559507635,-0.662722411146281,-1.207478411201456,-1.288476735252499,-1.3276209692192111,-0.9754871363336788,0.024182714878823397,-6.276389325737451,-1.4792124294060756,-2.648420280483565,-5.742881485482419,-1.9968449701224902
expAE04,NORCE_CISM3-MAR364-ERA-t1,/Volumes/CrucialX8/computing/data/antarctica/ismip6_hackathon/ComputedScalarsHelene/expAE04/shelfmelt/computed_shelfmelt_AIS_NORCE_CISM3-MAR364-ERA-t1_expAE04.nc,-1.0536923471532784,-16.922872921508677,-3.044941410233574,-13.329141395159034,-5.503387790696475,-0.6838089684818154,-2.319869605109048,-10.704847192063784,-1.4907870901195848,-1.6927106654656168,-8.496419158584398,-0.6809312942846635,0.2590693710004839,-0.5631226210082234,-0.3315081243716853,0.8692203386366384,-0.3544842607464531,-0.12910549038572405,-0.8121852996442609,-3.079802761041453,-2.460619896602908,-0.2702835964897079,-13.329139340067734,-0.853890570391298,-6.37281782898811,-10.704843781236246,-2.31986904790295
expAE04,NORCE_CISM4-MAR364-ERA-t1-local,/Volumes/CrucialX8/computing/data/antarctica/ismip6_hackathon/ComputedScalarsHelene/expAE04/shelfmelt/computed_shelfmelt_AIS_NORCE_CISM4-MAR364-ERA-t1-local_expAE04.nc,1.187492384760615,-1.6783347225595167,0.4195385474734361,0.13751466190949024,-2.499317349299801,-1.0476030463473087,2.7337851708269683,-0.7078685703366947,-0.4258703990370698,-1.1733124572397848,-3.686971769308254,0.28362771908849504,0.6600370023286506,0.300665100796085,0.12725289878072688,1.214997348821278,-0.677587689232761,1.4394840932507031,-0.6923104082744755,-1.1703224193451938,-0.3800377902280818,0.63949168531824,0.1375136304943343,-1.2212378468274085,-3.18977825165783,-0.7078686849984432,2.733785302358629
expAE04,NORCE_CISM4-MAR364-ERA-t1-nonlocal,/Volumes/CrucialX8/computing/data/antarctica/ismip6_hackathon/ComputedScalarsHelene/expAE04/shelfmelt/computed_shelfmelt_AIS_NORCE_CISM4-MAR364-ERA-t1-nonlocal_expAE04.nc,1.1458197403032313,-1.5718257112478318,0.23813328435263426,-2.499223316501462,-2.2110161892080242,-1.3017193260538744,2.650194020946855,-1.3312927453201624,-1.1222532361248474,-1.0941745314006317,-2.931085263795982,0.32227692721204715,0.7450117105507714,0.2717188887640283,0.06706020413708758,1.3521677184793277,-0.4643754308479353,1.59528899256516,-0.7519155106615472,-0.9447295919609937,-0.4587649497675419,0.6891281036001651,-2.499223364343772,-1.4086223482103173,-2.5305212053564397,-1.3312922473103637,2.650193702799085
expAE04,NORCE_CISM4-MAR364-ERA-t1,/Volumes/CrucialX8/computing/data/antarctica/ismip6_hackathon/ComputedScalarsHelene/expAE04/shelfmelt/computed_shelfmelt_AIS_NORCE_CISM4-MAR364-ERA-t1_expAE04.nc,-0.9151353419005241,-11.44473412354159,-0.7575600507835292,-9.635511231365438,-3.182577755676011,-0.3416380387349218,1.6964084917628783,-1.3619167333523485,-0.993483463784747,-1.1342378923109586,-5.711327073060211,0.38182883444889293,0.8245363118690474,0.2478443208962835,0.10204359004723074,0.9419176346209017,0.5195603226395014,1.3394612517885254,-0.5322074544593649,-3.2888325425436253,-1.4002588220225194,0.7313667630590475,-9.635510283801167,-1.139705136318333,-4.359646829808827,-1.3619167050899428,1.6964094560215521
expAE04,NORCE_CISM4-MAR364-JRA-t1,/Volumes/CrucialX8/computing/data/antarctica/ismip6_hackathon/ComputedScalarsHelene/expAE04/shelfmelt/computed_shelfmelt_AIS_NORCE_CISM4-MAR364-JRA-t1_expAE04.nc,-0.2841162844565259,-11.854673386934632,-0.7438774249729265,-9.242465078671223,-3.145890590668449,-0.3882120024669169,1.6382930645436824,-1.642968170315756,-0.9201630983262472,-1.1311951515448766,-5.743688097395696,0.3553738358941585,0.6545701527183843,0.17110090785237042,0.05588370725784175,1.0055428546254024,0.15906367113188968,1.468274295809676,-0.31184801924121164,-3.1523053369953775,-1.3949388510563638,0.7832271980929214,-9.24246448196449,-0.9141667927564212,-4.357129658878231,-1.6429678546279138,1.6382935129707228
expAE04,NORCE_CISM5-MAR364-ERA-t1-local,/Volumes/CrucialX8/computing/data/antarctica/ismip6_hackathon/ComputedScalarsHelene/expAE04/shelfmelt/computed_shelfmelt_AIS_NORCE_CISM5-MAR364-ERA-t1-local_expAE04.nc,1.719111680506006,-1.5051498027557173,0.6011479596067528,1.071151591806009,-1.9099084329807576,-0.8582098723878095,2.6465631059723043,-0.055421087877061126,0.5129944628200049,-1.0940330701651089,-2.7224431752800946,0.787604488268281,1.3029990770705902,0.9199941844462748,0.15491366089419856,1.2549423329742846,1.120160950058376,1.347983055949944,-0.18164087031102483,-0.48917595488887056,0.04320626485919998,1.4338564041254023,1.0711524519192066,-1.1383783607066056,-2.3461306621066207,-0.05542075411091396,2.646563073115609
expAE04,NORCE_CISM5-MAR364-ERA-t1-nonlocal,/Volumes/CrucialX8/computing/data/antarctica/ismip6_hackathon/ComputedScalarsHelene/expAE04/shelfmelt/computed_shelfmelt_AIS_NORCE_CISM5-MAR364-ERA-t1-nonlocal_expAE04.nc,1.6120243726704513,-3.4248424468717413,1.1045908059670866,1.9572176277742912,-1.864096015608344,-1.1674419255332982,2.769145144328782,1.6643694048717594,-1.0049294513757037,-1.100014270997422,-2.1970487534214724,0.764554048609587,1.115708168229687,1.0736683326920065,0.13702307028451455,1.295461932996568,0.6055236471296824,1.552662586437577,-0.2638318935108481,-0.42606551322917063,0.13308346404056248,1.2011539370414428,1.9572172080537396,-1.4112658217678855,-2.0052829963830954,1.6643691916277499,2.769145046403872
expAE04,NORCE_CISM5-MAR364-ERA-t1,/Volumes/CrucialX8/computing/data/antarctica/ismip6_hackathon/ComputedScalarsHelene/expAE04/shelfmelt/computed_shelfmelt_AIS_NORCE_CISM5-MAR364-ERA-t1_expAE04.nc,0.776979262539633,-6.9663089954278306,-0.07850995121098148,-0.6153758383298662,1.595217900841118,-0.3370303240305621,2.7480165738385445,1.0107621079373263,0.42070029755885097,-0.5178627168421173,-3.8453738944837426,0.7005314485502567,1.04334756104078,0.5501568952184845,-0.1494719908439368,0.910742986652672,1.020293176530626,1.5025335935701127,-0.23884629870218754,-1.7205871780294384,-0.08948774215365596,1.4366110966064638,-0.6153761969933242,-0.711878141837734,-3.013552358691774,1.010761512501106,2.7480165748405105
expAE04,PIK_PISM,/Volumes/CrucialX8/computing/data/antarctica/ismip6_hackathon/ComputedScalarsHelene/expAE04/shelfmelt/computed_shelfmelt_AIS_PIK_PISM_expAE04.nc,14.983488560421426,-0.9188428871329153,5.31465372107573,10.786149502331634,-4.162279965793658,-0.35435695132495215,-1.6564211265205095,2.9923311623382105,-3.8328909489292684,1.327972592447729,-2.315937162895432,2.823085171781469,2.1956293924907255,4.281824139823543,12.985981799674734,1.6762144773729748,3.073548951726628,9.588937118830634,-0.34698275891212527,-0.5570361791981293,-1.3135918431198546,1.212861434731233,10.786148980026512,-0.24266975913497857,-2.7238347331751127,2.9923291085488124,-1.6564219729109837
expAE04,UCM_Yelmo,/Volumes/CrucialX8/computing/data/antarctica/ismip6_hackathon/ComputedScalarsHelene/expAE04/shelfmelt/computed_shelfmelt_AIS_UCM_Yelmo_expAE04.nc,-2.3146928451502813,-1.4030158498943748,-0.6475843478780727,-1.1627882395346747,-1.722559376921164,-1.2313707588672225,-0.6392365606068107,-0.09362826849559669,-0.3556757151013903,-2.1456351445399724,-2.3741456791028765,-0.9767547180451666,-0.968271867666763,-0.3217218476448185,-0.02582544341990678,-0.0751156885518881,-0.5076669525021285,-1.085741093566119,-1.205803919125647,-1.6776985947152179,-1.1414449852743447,-0.44071284483433715,-1.1627883192484934,-1.3192889663226135,-2.091639716788656,-0.09362781548870869,-0.6392365677922496
expAE04,UCSD_ISSM,/Volumes/CrucialX8/computing/data/antarctica/ismip6_hackathon/ComputedScalarsHelene/expAE04/shelfmelt/computed_shelfmelt_AIS_UCSD_ISSM_expAE04.nc,11.567581530729196,-0.6728862097651072,3.645174334905221,22.87290959252109,-1.1493302804175536,-0.008146980541817964,-0.3956794148709033,9.305608050084665,0.09256633895024291,-0.29257734659231316,-0.09845035189758167,-0.23034008576288878,-4.061373244835165,-0.08805024424909469,-0.3630836318867803,-0.11422756690925451,-0.032190743686079326,11.976724625784689,0.5796387283336384,0.8894571381706209,-0.08813429945522433,4.286122873344617,22.872909714885466,-0.3625402999091688,-0.7494707203890778,9.305607665383445,-0.3956798666495551
expAE04,ULB_fETISh-KoriBU1,/Volumes/CrucialX8/computing/data/antarctica/ismip6_hackathon/ComputedScalarsHelene/expAE04/shelfmelt/computed_shelfmelt_AIS_ULB_fETISh-KoriBU1_expAE04.nc,5.226715530542879,0.05011742624672766,2.9241449887596893,10.678194067417317,-0.5984793073956904,-0.18964370115345053,3.4148313905639895,3.308100916732303,0.7792516471058075,2.400454544045926,-0.7432197220348153,0.15132795096037177,0.42779518723229326,-0.8141353493998627,2.692200196127404,0.24883719852467,1.5288158570088586,3.4355028597062955,1.2395620349612695,2.101844509293969,0.8357417746949889,1.842210513500921,10.678194126376326,-0.24103102731070908,-0.6457995909495358,3.3081000130074116,3.4148314164024667
expAE04,ULB_fETISh-KoriBU2,/Volumes/CrucialX8/computing/data/antarctica/ismip6_hackathon/ComputedScalarsHelene/expAE04/shelfmelt/computed_shelfmelt_AIS_ULB_fETISh-KoriBU2_expAE04.nc,2.9821411657141423,-4.416341533193984,0.758008987486054,1.8550194578593455,-2.305775334272317,-1.464658990271777,0.055807522968786216,4.083151605317873,-1.6595249628082023,-1.5343999983604686,-3.3950134433844763,0.21007745653854304,0.8738940780835858,3.399640963858756,2.091681739124427,0.6367296796830317,0.31903821500851604,1.1822126762578558,1.593950407120822,-0.00040621538980900596,-0.9146593298454926,0.5942899853378338,1.8550212354148705,-1.7782765324225296,-2.791359544092372,4.083150713186119,0.05580804693398811
expAE04,UNN_Ua,/Volumes/CrucialX8/computing/data/antarctica/ismip6_hackathon/ComputedScalarsHelene/expAE04/shelfmelt/computed_shelfmelt_AIS_UNN_Ua_expAE04.nc,-1.87596619320954,-2.3455560762458756,0.35573491769896126,-5.257338479261769,-3.5425347116044357,-1.1469143021995625,0.3136070625739453,-0.9319282249441425,-1.2771507487239724,-2.0729749376859177,-4.709543713821521,-0.1602322044619,-7.210679111079234,0.7093891554919924,-0.5834901834564343,-0.9511412231224219,-1.0826321025515728,2.2434681216657153,-1.5304607461961242,-2.153122908940108,-0.9723304564242348,-0.5642242523108019,-5.257336773278148,-1.5662305234642144,-3.812643117276905,-0.9319280681602535,0.31360711089065596
expAE04,UTAS_ElmerIce,/Volumes/CrucialX8/computing/data/antarctica/ismip6_hackathon/ComputedScalarsHelene/expAE04/shelfmelt/computed_shelfmelt_AIS_UTAS_ElmerIce_expAE04.nc,-1.8716634240328007,-2.179250732202558,-1.0217724810695366,-0.14464318320237624,-2.9738365546805277,-1.1959150088134693,-4.695634912058022,-3.1443932779318793,-1.1993075308149166,-1.925821825236448,-4.50926446183669,-1.7956422600005344,-2.155436204151446,0.5525305725851211,-0.45606168908898326,-0.625477919628862,-0.08007430631173285,-4.318669625590273,-2.1239067340996076,-2.16052526671065,-1.6524782197728864,-2.0045899423260263,-0.1446437277583783,-1.6261753863367312,-3.7096562004193174,-3.1443929492976554,-4.695636486324933
expAE04,VUB_AISMPALEO,/Volumes/CrucialX8/computing/data/antarctica/ismip6_hackathon/ComputedScalarsHelene/expAE04/shelfmelt/computed_shelfmelt_AIS_VUB_AISMPALEO_expAE04.nc,-15.397979821524917,-2.0680976179931303,-9.277643315346644,-21.82498692247981,-8.38376269010418,-1.892186619071765,-4.134974950170466,-5.600392545660892,-6.617012925227488,-1.0482247064697545,-8.579451715518463,-0.10495504562865582,-3.274311181423176,-0.05705738003882388,0.24516970400564875,-0.1135934919829027,0.3840777993124229,-24.939857484522815,-3.4627302162359133,-4.675009050663631,-2.487890433975525,-0.341267901715701,-21.82498767048509,-1.9079184363818267,-8.454612411854344,-5.6003925329307265,-4.134975086488343
expAE04,VUW_PISM1,/Volumes/CrucialX8/computing/data/antarctica/ismip6_hackathon/ComputedScalarsHelene/expAE04/shelfmelt/computed_shelfmelt_AIS_VUW_PISM1_expAE04.nc,-10.601036003259999,-4.105262757870726,-3.768461186054907,-5.788570845524507,8.427545956370611,-2.160175781847882,-1.7350594526054266,15.154875855576709,-2.5116123477250447,1.46841714046994,3.0018112099277907,-13.204347795639931,1.8388850290730856,4.8556787933856835,0.3166494073755941,2.8075619334638713,-2.0583807067604347,-13.004605149525585,-8.207964114159916,0.4440747770272395,-4.0227895664242865,-8.724532928033584,-5.788572156410254,-2.2762739891231463,5.123675170077021,15.15487338795279,-1.7350590213804615
expAE04,VUW_PISM1_s1,/Volumes/CrucialX8/computing/data/antarctica/ismip6_hackathon/ComputedScalarsHelene/expAE04/shelfmelt/computed_shelfmelt_AIS_VUW_PISM1_s1_expAE04.nc,-10.794510425669692,-4.152963908730345,-4.1093844183996175,-6.9052474409736675,8.41770271546123,-2.212990145602438,-2.4103740610706446,13.561222320296345,-2.6060819486042615,1.3968119239248047,2.839809196074544,-13.006642284882707,0.9337583844469375,2.1651123032203294,0.3800993402372299,2.4861525625393295,-2.1157129472989755,-12.716862605662325,-8.314889823045542,0.3367490782134359,-3.803435592662181,-7.700921081666166,-6.905246812302945,-2.3060732942402407,5.038035518725168,13.561222581126728,-2.4103748937124827
expAE04,VUW_PISM1_s2,/Volumes/CrucialX8/computing/data/antarctica/ismip6_hackathon/ComputedScalarsHelene/expAE04/shelfmelt/computed_shelfmelt_AIS_VUW_PISM1_s2_expAE04.nc,-10.779734984904891,-4.076662242807274,-3.7768112770524542,-4.989568280570971,8.329407322052143,-2.1577790550721616,0.007954252613082247,13.018467239643066,-2.4583140243562474,1.4188987465851715,2.8459013630666483,-12.800146863834845,1.2972183575528868,6.16523693663311,1.690822970020305,2.613368640801643,-2.126952625770171,-13.212174731199127,-8.205024414778782,0.6299621628394281,-4.08028563711018,-7.580602084146545,-4.989569603179596,-2.2849712239637348,4.987014808538489,13.018465364908508,0.007953078563833316
expAE04,VUW_PISM1_s3,/Volumes/CrucialX8/computing/data/antarctica/ismip6_hackathon/ComputedScalarsHelene/expAE04/shelfmelt/computed_shelfmelt_AIS_VUW_PISM1_s3_expAE04.nc,-11.847004437655805,-4.233309260355995,-3.9951773100382937,-4.169795336903707,7.7390146616152435,-2.167243072042382,-2.548854145038163,12.490118858353977,-2.5103313125262403,1.46841714046994,2.915337606826876,-13.038769866882047,1.4531549342033152,3.610656539891915,1.5816294045676236,2.792850675917342,-2.0583807067604347,-8.689468198678703,-8.194481558342005,0.45870814271922633,-3.921569465770819,-8.724532928033584,-4.169792739560524,-2.3421320411777846,4.777538960953647,12.490118750178187,-2.5488535286353766
expAE04,VUW_PISM1_s4,/Volumes/CrucialX8/computing/data/antarctica/ismip6_hackathon/ComputedScalarsHelene/expAE04/shelfmelt/computed_shelfmelt_AIS_VUW_PISM1_s4_expAE04.nc,-9.291840344535732,-4.095859887055959,-3.9146970624270523,-7.468516517222454,8.40629403294151,-2.192297562555594,-0.618626193053295,14.87683145404771,-2.527284384794161,1.46841714046994,2.9418674480498677,-13.567961481483506,1.497384557353115,2.6585032968366313,1.7443614290166416,2.452458516415703,-2.0583807067604347,-12.513251875547233,-8.172716058341702,0.3664779575402495,-3.9774341690680846,-8.724532928033584,-7.468518180719119,-2.301591217732659,5.071145456877625,14.876830442344257,-0.6186263193290067
expAE04,VUW_PISM2,/Volumes/CrucialX8/computing/data/antarctica/ismip6_hackathon/ComputedScalarsHelene/expAE04/shelfmelt/computed_shelfmelt_AIS_VUW_PISM2_expAE04.nc,-6.907742731744889,-3.9847738263935284,-2.3712442617498475,-11.08714502568288,6.625202311659389,-2.0904743388669305,-4.720185159758888,15.788721718700064,-2.482467895188777,4.455446957599108,2.91425112245709,-12.08481824331648,0.1109411272620564,2.1117782386781156,0.0934705335293664,2.4935347766361096,-2.028280848320402,-10.258805253134557,-8.247070525307574,0.1667786541075138,-4.210380439088896,-7.5440792997815915,-11.087143163990095,-2.335048349805205,4.051105054444274,15.788721883957063,-4.720186927848584
expAE04,VUW_PISM2_s1,/Volumes/CrucialX8/computing/data/antarctica/ismip6_hackathon/ComputedScalarsHelene/expAE04/shelfmelt/computed_shelfmelt_AIS_VUW_PISM2_s1_expAE04.nc,-6.97025581421526,-4.001277021421562,-2.2572559804334453,-10.310078521624327,6.41992893470975,-2.067907667936257,-5.0590788007102,13.14521382940385,-2.5250878793880265,5.496445819164165,2.538496152295,-13.510429169753746,0.23524363637198586,1.6740073556217734,-0.01098741587250629,2.18943655061999,-3.3342549366682324,-10.618845168429985,-8.625784109447775,-0.19852613465277535,-4.018356050799506,-3.5484811689189524,-10.3100783624371,-2.311709799365566,3.7403034607574632,13.145214457766926,-5.059076727448765
expAE04,VUW_PISM2_s2,/Volumes/CrucialX8/computing/data/antarctica/ismip6_hackathon/ComputedScalarsHelene/expAE04/shelfmelt/computed_shelfmelt_AIS_VUW_PISM2_s2_expAE04.nc,-7.596987353716418,-3.9883675555880744,-2.34331874136965,-11.491007224823854,6.665358767877707,-2.0464469009697024,-4.318520507848898,14.810746543395595,-2.3558088420857857,3.9423658900854965,2.991785885083946,-10.06238679170576,0.18532277660896934,2.885528104279172,0.4082252924734586,2.8572639071980257,-2.4241713675524457,-10.915856747226027,-8.143589156572542,0.530627713187064,-4.136575821101173,-7.939866836587573,-11.491009498381395,-2.322761449477044,4.1284448407135805,14.810743240508533,-4.318523133237274
expAE04,VUW_PISM2_s3,/Volumes/CrucialX8/computing/data/antarctica/ismip6_hackathon/ComputedScalarsHelene/expAE04/shelfmelt/computed_shelfmelt_AIS_VUW_PISM2_s3_expAE04.nc,-5.957820417183147,-4.139536559797304,-2.9038300874947716,-5.227314132051024,6.155136784236935,-2.113003721098374,-2.9621711799497525,9.298881309635775,-2.4491938821473003,4.596695989593085,2.5620718652375682,-11.74662754980126,0.19296081249128072,2.18023171190719,0.26477562415191125,1.5489641144344977,-2.5977671516432643,-7.367542446765654,-8.466969954682094,0.32626661892147535,-4.678020724859072,-8.25806530589106,-5.227314085120028,-2.389888305417977,3.659008915669025,9.298881561205793,-2.96217270536928
expAE04,VUW_PISM2_s4,/Volumes/CrucialX8/computing/data/antarctica/ismip6_hackathon/ComputedScalarsHelene/expAE04/shelfmelt/computed_shelfmelt_AIS_VUW_PISM2_s4_expAE04.nc,-6.949028486761335,-3.9798379650936972,-2.2322311373156065,-10.471151450775615,6.408569199824608,-2.1285398433912865,-5.249694508050368,12.907794455843895,-2.5020655920114248,4.477654359681046,2.600961621941261,-11.883746686936462,0.15344961636604548,2.0720953306606695,0.42956353344721565,1.8783593607003648,-2.5977671516432643,-10.840441408327322,-8.39863534539895,3.756208709606639,-4.094430751854267,-3.478474441710828,-10.471150296923483,-2.351660407274893,3.7788615657698124,12.907794554299084,-5.249695455405625
expAE05,DC_ISSM,/Volumes/CrucialX8/computing/data/antarctica/ismip6_hackathon/ComputedScalarsHelene/expAE05/shelfmelt/computed_shelfmelt_AIS_DC_ISSM_expAE05.nc,-1.5461832906432855,-2.0116683529748434,-1.953002991734401,-1.4243937193166971,-1.215033649308893,-1.4218602210417468,-8.116846334535314,-0.9129613703972481,-0.8881240006164663,-2.222859710045923,-1.1977813023389414,-1.067372281194563,0.320870551831562,-1.0088667915685186,-0.7652432990166056,-0.42096357574736376,-0.6444717199729755,-3.072253025780025,-1.4620657529785719,-1.854703872664608,-1.3340513478711116,-0.3657861392040773,-1.4243933648566625,-1.7098259822868513,-1.164241458233347,-0.9129615479823627,-8.116846261115448
expAE05,DOE_MALI_4km,/Volumes/CrucialX8/computing/data/antarctica/ismip6_hackathon/ComputedScalarsHelene/expAE05/shelfmelt/computed_shelfmelt_AIS_DOE_MALI_4km_expAE05.nc,0.47132262822485105,-14.398620453243318,-0.1116606489674119,-19.17911300550803,-1.3683404792961946,-1.4256328693438935,-10.637946293495276,-1.925113210422765,-1.2499855386218357,-3.0206595219704324,-1.3502716502525942,-0.9217982568054417,0.6411681205914475,-0.06601050391351437,-1.1838614843431952,-0.35062526118688064,-0.5651440319264311,-1.9967254406663555,-2.4043497563231035,-12.61756016422666,-2.204306499177572,-0.9324882393068497,-19.179113458288896,-2.1129392629663943,-1.4085074136233984,-1.9251138042744262,-10.637945929180542
expAE05,DOE_MALI_8km_Ant95,/Volumes/CrucialX8/computing/data/antarctica/ismip6_hackathon/ComputedScalarsHelene/expAE05/shelfmelt/computed_shelfmelt_AIS_DOE_MALI_8km_Ant95_expAE05.nc,-0.1667127376535098,-14.320416011238123,-0.7292658529003306,-25.29440812885349,-1.503317078448867,-1.4639352717457843,-11.557839405562689,-2.5144580339362292,-1.1790971262637626,-2.9754965888870384,-1.4793603923107552,-1.1893691759485323,-0.14199381163404068,-1.174966744525186,-1.2805914322303935,-0.39884518345233266,-0.8510355637938041,-3.5948618496972538,-4.216016528729751,-4.758859731143952,-1.715578184733067,-1.4870136536117333,-25.294408082862525,-2.13966834686233,-1.5595203564761446,-2.5144583403010987,-11.557839819460394
expAE05,DOE_MALI_8km_AntMean,/Volumes/CrucialX8/computing/data/antarctica/ismip6_hackathon/ComputedScalarsHelene/expAE05/shelfmelt/computed_shelfmelt_AIS_DOE_MALI_8km_AntMean_expAE05.nc,0.2060532184858177,-9.505354718076745,-0.32915769554748486,-18.16214752202243,-1.530519727280785,-1.510261530977072,-10.361153088745194,-2.0603971264386995,-1.2911273230923799,-3.3744276229946326,-1.4088529928698224,-0.6639837834295221,-1.0114945214899596,-0.4558975749847356,-1.1352411867866343,-0.3033797237742357,-0.5373300675348365,-2.470697306390827,-3.43087217962335,-7.151629711812699,-2.350540324665732,-0.9439762253368964,-18.16214990564039,-2.0694056330205526,-1.551997358757018,-2.060395936839811,-10.361153198797933
expAE05,IGE_ElmerIce,/Volumes/CrucialX8/computing/data/antarctica/ismip6_hackathon/ComputedScalarsHelene/expAE05/shelfmelt/computed_shelfmelt_AIS_IGE_ElmerIce_expAE05.nc,-2.1354105286067346,-0.4198814977906795,-0.036949340215792326,11.854547805959681,-0.793433715592188,-0.5771462842495123,-0.9309001710542439,2.7596749668005165,-5.423194476188783,0.4171155792417225,-0.5464741266914519,-7.527878773060003,-2.401058992152847,-0.8305639712540005,0.6705849818728542,-0.11195894679365481,-0.29175469323398673,8.350359818613414,-0.06876931310807555,0.6935265139886679,-0.41158753584155283,-1.5630565914439427,11.854547132663612,-0.5422782261102215,-0.7161210405229981,2.759674564811136,-0.9308976743873885
expAE05,ILTS_SICOPOLIS,/Volumes/CrucialX8/computing/data/antarctica/ismip6_hackathon/ComputedScalarsHelene/expAE05/shelfmelt/computed_shelfmelt_AIS_ILTS_SICOPOLIS_expAE05.nc,-31.74891087850881,-14.198640968302279,-0.44016950896187446,-12.394345638867009,-1.6818386895668427,-1.349452361275488,-10.561280773118455,-1.074907957888687,-2.678339290457915,-3.5741209721137093,-1.5107928388353642,-4.6906367890104566,-1.2237604974255447,-1.5739992915939043,-1.6999532138718072,-0.321690730645955,-0.40832961228971154,-3.621349554664059,-3.218209884935904,-4.715734387393237,-2.4468095498746534,-0.7916710730216865,-12.394347883155966,-2.0776859069113645,-1.649129662569278,-1.0749088642114693,-10.561278497288399
expAE05,IMAU_UFEMISM1,/Volumes/CrucialX8/computing/data/antarctica/ismip6_hackathon/ComputedScalarsHelene/expAE05/shelfmelt/computed_shelfmelt_AIS_IMAU_UFEMISM1_expAE05.nc,0.4897213109318243,0.7582012216391976,-0.9748557483584794,-0.7128162041023922,-0.41305814185055123,-0.15378272669009885,0.04801758585675356,-0.03193477010263583,0.06457254240538726,-0.2663497381407989,0.04850011259951098,-0.02231845644609102,0.017619590252766847,0.000772011416467766,-0.30554062102529944,-0.17858011717147526,-0.3347215722106047,-0.4889145605307449,0.3218944855078074,0.7512401261125169,-0.10744212884352444,-0.01791652950030259,-0.7128162729126131,-0.1679481174518228,-0.04841725738920344,-0.03193477595489294,0.04801759259926494
expAE05,IMAU_UFEMISM2,/Volumes/CrucialX8/computing/data/antarctica/ismip6_hackathon/ComputedScalarsHelene/expAE05/shelfmelt/computed_shelfmelt_AIS_IMAU_UFEMISM2_expAE05.nc,0.4377959811658387,0.7404604491044268,-0.03554590058813134,-0.6580287682529846,-0.48537405333420214,-0.14925519817245025,0.059137675086353474,-0.058049425292681284,0.016437492149476818,-0.6169861510709626,-0.282935854053513,-0.030981009411273824,0.027153215689324998,-0.013309861568034348,-0.45418490721140614,-0.32352084822226246,-0.4852632560513863,-0.11300173645957093,-0.05808991403587532,0.04219136419724312,-0.05140016254793037,-1.2824597408107448,-0.6580287144958059,-0.25839679577087904,-0.3789809187099067,-0.05804942333507601,0.059137685477301555
expAE05,IMAU_UFEMISM3,/Volumes/CrucialX8/computing/data/antarctica/ismip6_hackathon/ComputedScalarsHelene/expAE05/shelfmelt/computed_shelfmelt_AIS_IMAU_UFEMISM3_expAE05.nc,-0.2895370810329061,-0.48712159986244075,-0.02530004147583087,-0.8089868757464265,-0.5542683224580247,-0.15047719982390817,0.017069815136785398,-0.05644776412221425,0.04981267117801075,-0.31363968753738947,-0.2813233009659325,0.06344305389770494,-0.016032497769898034,0.006109241414699873,-0.3154753674360027,-0.25470387465671573,-0.43334043496136676,-0.11253599478647561,0.08287693246503824,-0.1480765327654905,-0.14464552725199303,-1.7122743371873397,-0.808986865391908,-0.4152980624489533,-0.39256980957564575,-0.05644774979917275,0.01706982300785062
expAE05,IMAU_UFEMISM4,/Volumes/CrucialX8/computing/data/antarctica/ismip6_hackathon/ComputedScalarsHelene/expAE05/shelfmelt/computed_shelfmelt_AIS_IMAU_UFEMISM4_expAE05.nc,-0.4093007265230857,-0.6931469723136967,-0.42799420103752306,-0.8957909541925444,-0.4771162845964281,-0.22945606719759332,0.01432859409342737,-0.05812891931560153,-0.03907491924766485,-0.519670529942667,-0.3623078497876302,0.04861329185079541,0.02028232130227947,0.00960520262530136,-0.4195213005267805,-0.31524255340277896,-0.49725969861078867,0.04698530883970945,0.09025429495681092,-0.038786211066304865,-0.153195203928349,-1.9719499593054781,-0.8957908323284273,-0.5105101112189483,-0.5535318897546849,-0.05812892547117886,0.014328593529497315
expAE05,LSCE_GRISLI2,/Volumes/CrucialX8/computing/data/antarctica/ismip6_hackathon/ComputedScalarsHelene/expAE05/shelfmelt/computed_shelfmelt_AIS_LSCE_GRISLI2_expAE05.nc,-2.8700486707207196,-3.753890131335061,-2.8926629382187787,-9.798509504033959,-1.3661733859232452,-1.694814623670621,-4.935054784042354,-0.7083782848978908,-1.536606393743134,-4.052730935869744,-1.3141213439776824,-3.385498007277084,-0.45984690714440024,-9.581481433420315,-5.894845549366625,-0.5268602385896801,-1.3780712319317217,-4.754397208758532,-1.8909534051972798,-2.087251276299713,-1.646628995252903,-1.6882052125840956,-9.798504213400712,-2.0993909881233974,-1.2593413526333719,-0.708377835588184,-4.9350563556605795
expAE05,LSCE_GRISLI,/Volumes/CrucialX8/computing/data/antarctica/ismip6_hackathon/ComputedScalarsHelene/expAE05/shelfmelt/computed_shelfmelt_AIS_LSCE_GRISLI_expAE05.nc,-2.6659187876988906,-2.6320882791296674,-1.911982861584856,-13.65567569778841,-1.410112453687871,-1.7235620613673852,-11.083775867811433,-1.1937690257234843,-1.5834775742423988,-4.1833016773368925,-1.3512786655575617,-4.227046564569944,-1.5868526370105034,-4.5757941927282175,-3.5050830160042494,-0.4723388697193537,-1.3675467108923427,-4.0358507007235795,-2.5195013826576824,-3.5755114908891574,-1.726709409012125,-1.6167316072442528,-13.65567483041611,-2.1025551989456215,-1.3324279513837074,-1.1937683760769788,-11.083780395381982
expAE05,NCAR_CISM1,/Volumes/CrucialX8/computing/data/antarctica/ismip6_hackathon/ComputedScalarsHelene/expAE05/shelfmelt/computed_shelfmelt_AIS_NCAR_CISM1_expAE05.nc,1.1118709999216443,-2.3339317574089975,-0.40460466494428715,-10.903625289130346,-1.3583427128008676,-1.4924186304305667,-4.439423377437441,-1.8783675275022,-1.0255544642709342,-2.545603338384642,-1.4667820666212492,-0.35781277459593586,0.5447528520082616,-1.2964743946468023,-0.2310637251540486,0.23245381278940602,-0.6520054617038948,-0.39823800683210564,-1.494631564916837,-1.6783801403962855,-1.4011904565736413,-0.008734271262164306,-10.903624773342578,-1.9806697958104356,-1.4219575359598964,-1.878367137436678,-4.4394243966272295
expAE05,NCAR_CISM2,/Volumes/CrucialX8/computing/data/antarctica/ismip6_hackathon/ComputedScalarsHelene/expAE05/shelfmelt/computed_shelfmelt_AIS_NCAR_CISM2_expAE05.nc,-7.8153840982630385,-11.5259833115317,1.99953312206988,-13.711975633954992,-1.7216693831624479,-1.0860281458954795,-4.924743802052419,-1.1016905572890874,-0.3178380884248133,-2.382438870911832,-1.7840017385542595,0.42663726594006013,0.010641434215458379,-0.4306040014710226,-0.11854627485286251,0.21809647280599775,-0.6484736450419266,1.1581512680671542,-1.7675500122297594,-7.995546537410757,-1.309084317790865,-1.7314267867053665,-13.711976109609541,-1.4926592650296295,-1.6948817322869463,-1.1016907231410311,-4.924745179019322
expAE05,NORCE_CISM2-MAR364-ERA-t1,/Volumes/CrucialX8/computing/data/antarctica/ismip6_hackathon/ComputedScalarsHelene/expAE05/shelfmelt/computed_shelfmelt_AIS_NORCE_CISM2-MAR364-ERA-t1_expAE05.nc,-3.1543801556724613,-15.40889189209669,-1.8689612428586893,-22.043057972268244,-1.483443888648095,-1.2213454111909865,-12.226890543570313,-4.80897038028133,-0.6738257337208449,-3.145021277738115,-1.6951115708500062,-1.0736706598205803,-0.3012113944375403,-1.299336870463395,-0.6247031693736562,-0.44955293342902225,-1.1271739829073333,-4.147024535038696,-1.7052140262875826,-2.7845295072590712,-1.3097257375566143,-0.7733044151180746,-22.043062029394907,-1.2629354471769458,-1.6101478537028688,-4.808971110062734,-12.22688965775205
expAE05,NORCE_CISM3-MAR364-ERA-t1-local,/Volumes/CrucialX8/computing/data/antarctica/ismip6_hackathon/ComputedScalarsHelene/expAE05/shelfmelt/computed_shelfmelt_AIS_NORCE_CISM3-MAR364-ERA-t1-local_expAE05.nc,0.19530832557746391,-5.457173760326395,-0.9982371093509261,-4.162447603698903,-0.9772232894406923,-0.9514443800125192,-1.7802652192747441,-2.447754384460076,-0.611290438866539,-1.4191003760565755,-1.2936091877669225,-0.21355413970834958,0.7594490963658624,-0.7051323191177294,-0.18432273525281095,0.36247310606811056,-0.5943340685505965,-0.37347453980662504,-1.2526496297266552,-1.358104975075027,-1.0453081871726764,-0.3817814411144249,-4.16244658810815,-1.4433047736293183,-1.070601256480389,-2.4477550327550173,-1.7802644429016397
expAE05,NORCE_CISM3-MAR364-ERA-t1-nonlocal,/Volumes/CrucialX8/computing/data/antarctica/ismip6_hackathon/ComputedScalarsHelene/expAE05/shelfmelt/computed_shelfmelt_AIS_NORCE_CISM3-MAR364-ERA-t1-nonlocal_expAE05.nc,0.31116200987509,-2.107482772102813,-1.0482317274432535,-6.0504176243293735,-1.0597447394404274,-1.2879166749278976,-2.3651767844396527,-3.5058989909686744,-1.2999307548306742,-1.7735128316707622,-1.148486455027614,-0.31674149373686245,0.6722302026141667,-0.6592028541224906,0.011209033854237882,0.5613004915546922,-1.0699233043420833,-1.2642421246423403,-1.3024199551276663,-1.4945861479662366,-1.0459801101801038,-0.6222139180939119,-6.050416975005268,-1.7513293386800535,-1.1216230408893577,-3.5058989473368154,-2.3651774439817768
expAE05,NORCE_CISM3-MAR364-ERA-t1,/Volumes/CrucialX8/computing/data/antarctica/ismip6_hackathon/ComputedScalarsHelene/expAE05/shelfmelt/computed_shelfmelt_AIS_NORCE_CISM3-MAR364-ERA-t1_expAE05.nc,0.228375652501275,-16.804151535561253,-1.0805372206613075,-15.450190425588467,-1.243768588508999,-0.952259469723324,-1.2259877931623135,-3.752249730720239,-0.347037396657508,-2.3383490892917687,-1.267309064967248,0.19444715156718573,0.30265646719766615,-0.7853869896640888,-0.45881409153402397,0.45880440800256306,-0.8100503374649104,0.17821151119030088,-1.1306452661217152,-2.660815490197578,-0.8386878140722533,-0.21982314759900823,-15.45019019347356,-0.8718175727070785,-1.1020584486910647,-3.752250950287353,-1.2259876191481842
expAE05,NORCE_CISM4-MAR364-ERA-t1-local,/Volumes/CrucialX8/computing/data/antarctica/ismip6_hackathon/ComputedScalarsHelene/expAE05/shelfmelt/computed_shelfmelt_AIS_NORCE_CISM4-MAR364-ERA-t1-local_expAE05.nc,1.2249826812137674,-3.9213400847142985,1.0692098753377133,-0.38078479046255076,-0.9604815166700611,-0.8567577101008559,2.3533953275001513,-0.3711113521261691,-0.6264454628229705,-0.970453386752534,-1.1121052242303957,0.7385352996433044,0.8628858547333937,0.03282302067761056,0.023715420291197553,0.3654109080831115,-0.5457066328147673,0.16897656908421332,-0.792163890458693,-0.9493473954157841,-0.6303637886395204,-0.014557539114421925,-0.3807840995498335,-1.345405741866759,-0.9795817311592319,-0.37111146225113334,2.3533952231504673
expAE05,NORCE_CISM4-MAR364-ERA-t1-nonlocal,/Volumes/CrucialX8/computing/data/antarctica/ismip6_hackathon/ComputedScalarsHelene/expAE05/shelfmelt/computed_shelfmelt_AIS_NORCE_CISM4-MAR364-ERA-t1-nonlocal_expAE05.nc,1.0494144216191137,-6.190674707879655,0.4505208798494791,-1.696720904636658,-1.0191215196479853,-1.2681304161913096,2.932583280270943,-0.7813186726968944,-0.8054768512443466,-1.056922228189697,-1.1273901150202956,0.6929664349856146,0.859782299972737,-0.11849128724793534,0.045906960208830894,0.4407226110867951,-0.5076351564676735,0.1611191398730445,-0.9457178808287279,-1.1479325332818195,-0.7632195826484933,-0.15159520379884994,-1.6967208597874208,-1.7177761312851554,-1.0746732781775918,-0.7813171876363354,2.932583205106713
expAE05,NORCE_CISM4-MAR364-ERA-t1,/Volumes/CrucialX8/computing/data/antarctica/ismip6_hackathon/ComputedScalarsHelene/expAE05/shelfmelt/computed_shelfmelt_AIS_NORCE_CISM4-MAR364-ERA-t1_expAE05.nc,1.0064589246606386,-13.707512799675925,-1.2515628208271012,-7.832445913220813,-1.0096919225442633,-0.578271632298462,2.614342722409659,-1.5195971956141587,-0.32964111215772096,-1.1745973740451374,-1.1539966850118422,0.752958559152263,0.6336942978083255,0.14253209062893202,-0.10916499609964436,0.45530642636953456,-0.10834394539859737,0.8221506708737254,-0.6995132044007515,-2.207090888280213,-0.41815213546353824,0.25687476153903366,-7.8324475728856005,-0.7141359701015815,-1.027540545968138,-1.5195972176227182,2.6143432866291225
expAE05,NORCE_CISM4-MAR364-JRA-t1,/Volumes/CrucialX8/computing/data/antarctica/ismip6_hackathon/ComputedScalarsHelene/expAE05/shelfmelt/computed_shelfmelt_AIS_NORCE_CISM4-MAR364-JRA-t1_expAE05.nc,1.0531468203777516,-14.670840391358993,-1.1947094432035703,-7.928685667875815,-1.0036814366141407,-0.30657551565449137,2.013050310443809,-1.3070456716356498,-0.12872776206911185,-1.196808450747826,-0.9718480088610488,0.6620768939858576,0.6182463706787056,0.07460144652955703,-0.13412721413585005,0.4918039586335968,-0.09072433605225616,0.9272518940743151,-0.7334314176154129,-2.2674704146588756,-0.4406027729970914,0.29027808424278034,-7.928685667509157,-0.9521191689624537,-0.8350989621408118,-1.3070446633171446,2.0130503845595147
expAE05,NORCE_CISM5-MAR364-ERA-t1-local,/Volumes/CrucialX8/computing/data/antarctica/ismip6_hackathon/ComputedScalarsHelene/expAE05/shelfmelt/computed_shelfmelt_AIS_NORCE_CISM5-MAR364-ERA-t1-local_expAE05.nc,1.581742955903772,-3.491674184925607,1.590769616963401,2.4364565862882253,-0.8402266853659368,-0.6693576128771959,2.3012105348465557,-0.32399447482487354,-0.08067387377784874,-0.6334131847379867,-0.9288351060645077,0.8628432659636938,1.3180646294521117,0.7555467587878897,0.22266437081456414,0.4816152794554288,-0.18410638860313822,1.3349563132043576,-0.5253751801355517,-0.705323098224103,-0.31291362632401487,0.30967078876375087,2.4364562261118015,-1.279774168806901,-0.8360269530988167,-0.32399401790445737,2.301210290424639
expAE05,NORCE_CISM5-MAR364-ERA-t1-nonlocal,/Volumes/CrucialX8/computing/data/antarctica/ismip6_hackathon/ComputedScalarsHelene/expAE05/shelfmelt/computed_shelfmelt_AIS_NORCE_CISM5-MAR364-ERA-t1-nonlocal_expAE05.nc,1.5609357924997633,-4.71969257016201,0.8117249137344307,1.6409385471665203,-0.9362650976350118,-1.0528279288837363,2.5917718854845497,0.8156448431823167,-1.3799696597990732,-0.7009299534681257,-0.9494066238401784,0.8747537368844477,1.260744517452006,0.8952174826244106,0.1744083479426023,0.5738279564379606,-0.8012412512368117,1.3359609035524675,-0.633522570925479,-0.8636835959464695,-0.36034027631920873,-0.012067152013431004,1.640939237478304,-1.6469823276320414,-0.961500404697206,0.8156451311986705,2.5917719452680585
expAE05,NORCE_CISM5-MAR364-ERA-t1,/Volumes/CrucialX8/computing/data/antarctica/ismip6_hackathon/ComputedScalarsHelene/expAE05/shelfmelt/computed_shelfmelt_AIS_NORCE_CISM5-MAR364-ERA-t1_expAE05.nc,1.9196781266024194,-9.059394314480219,-0.28431639560344557,-0.24868224092354296,-0.7412187321834018,-0.27906813535580377,2.7400226532032135,1.0940643592875094,0.18668480989543612,-0.6410488424646674,-0.8469848962971787,0.7423576358580245,0.9165833435729605,0.6919869232615582,0.06119972312141031,0.6487495042110223,0.08021118434594388,1.5694667017983859,-0.31533664308607934,-1.592258709074592,-0.04408220447277422,0.5063170603057976,-0.24868464509941646,-0.7231404067011336,-0.7925756575666081,1.0940639756196147,2.740022509116955
expAE05,PIK_PISM,/Volumes/CrucialX8/computing/data/antarctica/ismip6_hackathon/ComputedScalarsHelene/expAE05/shelfmelt/computed_shelfmelt_AIS_PIK_PISM_expAE05.nc,8.563091565924609,-0.5234756590542573,-1.4379606836983534,-2.29918748326277,-2.40941084348324,-0.540993711613474,2.4386257124182578,9.785627488300864,8.281792705625058,-0.19593596694336934,-0.9292409489850861,0.43185249641274237,-5.39426591259207,6.98184974901285,11.778430674025174,-0.6267344117667168,-1.0523327523185397,12.909631607330084,-1.5957616171733973,-3.6037692282796137,-0.24265617297814135,0.06514918607002462,-2.2991887644648727,-0.36503136026229854,-1.6111043688098072,9.785628472453276,2.438624544665057
expAE05,UCM_Yelmo,/Volumes/CrucialX8/computing/data/antarctica/ismip6_hackathon/ComputedScalarsHelene/expAE05/shelfmelt/computed_shelfmelt_AIS_UCM_Yelmo_expAE05.nc,-2.518588632909375,-1.3242500299876756,-0.9146880546326788,-0.9708167788134112,-0.8986803944571768,-1.098946214567067,-0.6847399333246469,-0.38414729220263943,-4.140904778539877,-1.5042757516096348,-0.8387718884679218,-0.5067257803414575,-0.2651665148364766,-0.46037013249803227,0.6023459209997495,-0.019113152009338108,-0.24076565820822982,-2.071037943193417,-0.855455775785626,-1.7417010951843004,-0.6389063378249951,-0.14146400023459682,-0.9708162216532861,-1.230690106868357,-0.8704766557115371,-0.3841467833839469,-0.6847399462726163
expAE05,UCSD_ISSM,/Volumes/CrucialX8/computing/data/antarctica/ismip6_hackathon/ComputedScalarsHelene/expAE05/shelfmelt/computed_shelfmelt_AIS_UCSD_ISSM_expAE05.nc,10.782615730740424,-2.1887499419962513,2.1555860737991956,23.834869581036298,-1.092225529324934,0.00937896595269988,-0.6994443553039602,5.249984752285176,-2.519451372777242,-2.96751258232392,-0.17266583091490117,-0.28377322735554955,-3.848350969884148,-2.470848710779215,-1.4537406279569254,-0.4427658971205577,-0.8270158593160051,8.43245506414226,-0.6051176479932856,-0.3209328337266646,-1.1013527894989759,2.921528262895224,23.834868994681585,-1.0093789891970064,-0.7208926034827503,5.249987340187186,-0.6994438930360722
expAE05,ULB_fETISh-KoriBU1,/Volumes/CrucialX8/computing/data/antarctica/ismip6_hackathon/ComputedScalarsHelene/expAE05/shelfmelt/computed_shelfmelt_AIS_ULB_fETISh-KoriBU1_expAE05.nc,6.782347038317304,-0.26960065964839974,2.577106731967041,11.05533261140398,-0.6773593670647209,-0.2755033276255928,4.169501353562007,-1.2689908295736423,-3.3681615257438136,1.1704781298377736,-0.5988169967392931,0.748744137549845,0.07705080228341898,-1.0531215205642117,0.05703435974730198,-0.26483677358075197,-1.0539737662119646,3.298216667599351,0.6440562623909778,1.115448824176506,0.2245377812451692,-0.4446787061635562,11.055333078457842,-0.217361861550728,-0.6369942143638365,-1.2689908463630273,4.169502718249829
expAE05,ULB_fETISh-KoriBU2,/Volumes/CrucialX8/computing/data/antarctica/ismip6_hackathon/ComputedScalarsHelene/expAE05/shelfmelt/computed_shelfmelt_AIS_ULB_fETISh-KoriBU2_expAE05.nc,3.01261222855233,-4.169401967086914,0.300097466965771,-2.721909529371839,-1.2438194654375705,-1.3917859878968395,-5.404222521032747,-0.7883986412255659,-1.9788855250678212,-3.0507949732737023,-1.2667250653091378,0.1285468696667177,-0.10235653577034365,-0.33346896109629,-1.0404802526512702,-0.33666755499361845,-0.7158922399594152,-1.2404460717909669,-2.1652964295073494,-2.4671930370005573,-1.487963587701722,0.12827971609517363,-2.7219087340394914,-1.8842207323810225,-1.2809568207166424,-0.7883986927569748,-5.4042229982079775
expAE05,UNN_Ua,/Volumes/CrucialX8/computing/data/antarctica/ismip6_hackathon/ComputedScalarsHelene/expAE05/shelfmelt/computed_shelfmelt_AIS_UNN_Ua_expAE05.nc,-0.7338323549423804,-1.72752791626856,0.8971446494129429,-4.501868183272734,-1.1335100158222167,-1.0167795310717,-1.4374049918257077,0.3295480535148574,-0.41027486586194595,-1.7194516725854943,-1.243229628605767,-0.013345458512187047,0.40824431027030617,0.8084057682597674,-0.5006720415018311,-0.25988441961167275,-0.1804141773672081,0.3774186071243486,-1.010523762621677,-0.9295393222448878,-1.0641353426306939,-0.2396230121367542,-4.501871677967955,-1.3804635586177114,-1.1780457907892545,0.32954802472660205,-1.4374052852388202
expAE05,UTAS_ElmerIce,/Volumes/CrucialX8/computing/data/antarctica/ismip6_hackathon/ComputedScalarsHelene/expAE05/shelfmelt/computed_shelfmelt_AIS_UTAS_ElmerIce_expAE05.nc,-0.7535106305740373,-1.2215162476650177,-0.4823510879653128,5.685588127148051,-1.0710008841876073,-1.2083838638003117,-1.0311405088647847,-1.055204000196376,-0.6201224964939591,-1.7592277119378728,-1.3410198620657994,-1.6329509650115583,-0.6819009402288998,0.03109808345562115,-0.6214038823007177,-0.2921923064197346,-0.47880861521095874,-1.1422709613038866,-1.3724626525965178,-1.2212497753227476,-1.2792663286863295,-0.3686875446901523,5.685589160582353,-1.1493632188333298,-1.1953497614877395,-1.0552046175576812,-1.0311410325055785
expAE05,VUB_AISMPALEO,/Volumes/CrucialX8/computing/data/antarctica/ismip6_hackathon/ComputedScalarsHelene/expAE05/shelfmelt/computed_shelfmelt_AIS_VUB_AISMPALEO_expAE05.nc,-14.48830192143512,-2.8284900698164455,-1.296754550458779,-21.720826673148245,-2.5185400373190596,-2.69302192127239,-0.9625509210260654,-1.2111035045768919,-2.733814586811114,-0.5932543770914422,-1.9431048385552359,-0.16078463679822563,-0.18346179877123092,-0.8644463627082539,0.23863399235161495,-0.6178822875587009,-4.3337334957383185,-28.319126428569994,-3.050045957186722,-4.000874528104575,-2.1433370462628085,-2.4364409421048046,-21.720826189037354,-2.787526861263762,-2.2997220097297744,-1.2111035000317187,-0.9625509041518816
expAE05,VUW_PISM1,/Volumes/CrucialX8/computing/data/antarctica/ismip6_hackathon/ComputedScalarsHelene/expAE05/shelfmelt/computed_shelfmelt_AIS_VUW_PISM1_expAE05.nc,-9.023759771784086,-4.654993495818565,-10.84963797716335,-3.0630547974500146,-7.827808152180069,-11.126767732835074,-3.799012495703124,12.808728853804176,-7.006920905778815,-0.4500196071395721,-6.7271253954992005,-14.565437619224205,-1.4430988927380222,1.993653402586788,-2.627293993219124,-6.073451153325721,-7.705165872214288,-19.277762460637835,-5.605672654604392,-5.784693016364427,-5.3242846782433055,-11.451934392601343,-3.063053811261934,-3.6398893998649675,-7.17543414184267,12.808728187167542,-3.7990124114331607
expAE05,VUW_PISM1_s1,/Volumes/CrucialX8/computing/data/antarctica/ismip6_hackathon/ComputedScalarsHelene/expAE05/shelfmelt/computed_shelfmelt_AIS_VUW_PISM1_s1_expAE05.nc,-8.591332120595794,-4.739001785113845,-10.54795585346237,-4.090995766311664,-7.885719491279492,-5.9246615906807465,3.763824228423463,13.316457067175563,-7.231115182601625,-0.2224722272054649,-6.791516738718057,-15.243730150218935,-2.5867538563572605,2.1333311827828134,-2.613185594916716,-6.1253024802023,-7.763323103284689,-27.295550667116494,-5.538772254828629,-5.782144366541216,-5.213921250794101,-11.735547909621824,-4.090994450289191,-3.6910868104374415,-7.238801659336654,13.31645430652613,3.7638249925402185
expAE05,VUW_PISM1_s2,/Volumes/CrucialX8/computing/data/antarctica/ismip6_hackathon/ComputedScalarsHelene/expAE05/shelfmelt/computed_shelfmelt_AIS_VUW_PISM1_s2_expAE05.nc,-6.289214559123529,-4.666279494400951,-9.82920447050836,-5.655459950146287,-7.794931282395291,-11.000585590817945,6.192875248206114,9.130922574578658,-7.322652507097283,-0.12490708796773964,-6.690007904806285,-14.658036909965992,-2.1702582302419255,2.9450835246492515,-2.1509241328815905,-6.184419791431644,-7.764017261702541,-19.539099020119906,-5.6635291581300535,-5.837071245626724,-5.546506920967163,-11.777139593445407,-5.655460702063287,-3.6415534163628696,-7.142998658334815,9.130918931305327,6.192871329281054
expAE05,VUW_PISM1_s3,/Volumes/CrucialX8/computing/data/antarctica/ismip6_hackathon/ComputedScalarsHelene/expAE05/shelfmelt/computed_shelfmelt_AIS_VUW_PISM1_s3_expAE05.nc,-9.33187990246789,-4.501893401940763,-9.967481587441235,-5.848653078179339,-7.676012050283722,-11.090271462082887,5.963222027708659,14.941922011648685,-7.068496843890557,-0.5635573320911655,-6.809610652761888,-13.492354322524381,-2.7985311970186393,0.545506575016709,-2.1962476508203297,-6.039669020194841,-7.667089531768955,-19.298878313658534,-5.709013432903459,-5.8864450959182815,-5.385746611948717,-11.328419106986816,-5.848651786322929,-3.5473323415845903,-7.193993781506283,14.94192558515303,5.963221824799417
expAE05,VUW_PISM1_s4,/Volumes/CrucialX8/computing/data/antarctica/ismip6_hackathon/ComputedScalarsHelene/expAE05/shelfmelt/computed_shelfmelt_AIS_VUW_PISM1_s4_expAE05.nc,-7.056216566531887,-4.752507058683168,-10.652025720267861,-3.6973654614091167,-7.902786764529237,-11.005503135027368,6.253753623189866,12.427315713212028,-7.193149037174347,-0.5585176224552244,-6.748883766228939,-13.449795087725617,-1.7734848331973438,2.091465301742884,-2.1087004080180556,-6.069839011096631,-7.692405347617579,-19.074355245295845,-5.64187939791238,-5.897809638577451,-5.296289956796816,-11.431392877599432,-3.6973653674021847,-3.694719916620393,-7.213939226090401,12.427318351594831,6.2537562566741265
expAE05,VUW_PISM2,/Volumes/CrucialX8/computing/data/antarctica/ismip6_hackathon/ComputedScalarsHelene/expAE05/shelfmelt/computed_shelfmelt_AIS_VUW_PISM2_expAE05.nc,-8.697064810455288,-5.05892786500915,-9.782826690184649,-14.893730867699652,-7.4526143667797395,-10.813355574290751,4.083279868830193,3.7344535178846705,-7.114172855055232,0.12326703753240809,-6.53710781131708,-13.78926637593557,-3.1543097856598203,2.1144757130708047,-2.5665235389146392,-5.771045959850184,-7.563017340220841,-25.510903842441465,-5.131670292176503,-5.050637612170874,-5.006590497053754,-11.448596037064407,-14.89372884595047,-3.771180709563525,-6.917760056564267,3.73445316355145,4.08328088188393
expAE05,VUW_PISM2_s1,/Volumes/CrucialX8/computing/data/antarctica/ismip6_hackathon/ComputedScalarsHelene/expAE05/shelfmelt/computed_shelfmelt_AIS_VUW_PISM2_s1_expAE05.nc,-9.310715546518658,-5.2001689048812265,-10.088215230617408,-13.363939739898562,-7.4754195616195,-10.963988302184532,3.8984861059748006,17.700767952480618,-7.049218527589346,0.38486417044701815,-6.610829898310035,-14.003877692265426,-3.0480185920601777,0.8228449577936416,-2.5669961605937446,-5.781270192430939,-7.462638676366555,-25.695483910868855,-4.998053969696471,-5.063539570796799,-4.714245663788472,-11.14575770290362,-13.363939194768662,-3.847526015274228,-6.970376277940842,17.700766136489136,3.8984872210564028
expAE05,VUW_PISM2_s2,/Volumes/CrucialX8/computing/data/antarctica/ismip6_hackathon/ComputedScalarsHelene/expAE05/shelfmelt/computed_shelfmelt_AIS_VUW_PISM2_s2_expAE05.nc,-7.805756896041849,-4.983426714629513,-10.143838653700321,-17.6477598116173,-7.475883081304371,-5.855298906672837,6.360791302909412,5.995584814818262,-7.240789000553157,-0.3315466123089661,-6.57647906465545,-13.498465338784872,-2.855352190239693,1.6677461894172199,-2.5536497583683135,-5.693383337681583,-7.486632997031678,-24.46360395276488,-5.180934038240878,-5.03803962123316,-5.117901602999159,-11.23213192166635,-17.647760861886795,-3.7261249380463917,-6.947227730066685,5.99558413236543,6.360790478021361
expAE05,VUW_PISM2_s3,/Volumes/CrucialX8/computing/data/antarctica/ismip6_hackathon/ComputedScalarsHelene/expAE05/shelfmelt/computed_shelfmelt_AIS_VUW_PISM2_s3_expAE05.nc,-7.69398171582187,-4.931223032264799,-10.281526561471633,-7.183256551644483,-7.218201330512077,-5.923137140829306,5.905552043425704,5.730262193750345,-6.813448598676729,0.05633637015894655,-6.680232564518002,-12.844195777398316,-2.663550024014759,2.098371550077159,-2.6071156055093785,-5.704284783709887,-7.404724729873898,-24.513820994904183,-5.2122355018970215,-5.143834508372725,-5.028599913509857,-10.964576750881216,-7.183255436620129,-3.760947531496387,-6.909912085131421,5.7302641519322215,5.905549986748799
expAE05,VUW_PISM2_s4,/Volumes/CrucialX8/computing/data/antarctica/ismip6_hackathon/ComputedScalarsHelene/expAE05/shelfmelt/computed_shelfmelt_AIS_VUW_PISM2_s4_expAE05.nc,-8.409036777048392,-5.306802343315693,-10.102343514075917,-16.71184216135473,-7.534057202920685,-5.831529363166264,4.627890871548789,15.415026898914281,-7.0438450301696705,0.05254042205305742,-6.5710476362186565,-14.326325963196998,-3.039028546658412,1.7748253408911516,-2.5701241931780228,-5.76049472298671,-7.546909237512057,-24.311472177620995,-5.156424455901302,0.6007084431254697,-5.1049965377276,-11.223716672000718,-16.711842807763222,-3.924686311265327,-6.962669254057428,15.415022977638724,4.627892241974784
